{
	"eft":"SMEFT",
	"basis":"Warsaw",
	"scale":1000,
	"values":{
		"dd_1111":-2.6254138710717105e-13,
		"dd_1122":-5.250827742143421e-13,
		"dd_1133":-5.250827742143421e-13,
		"dd_2222":-2.6254138710717105e-13,
		"dd_2233":-5.250827742143421e-13,
		"dd_3333":-2.6254138710717105e-13,
		"eB_11":5.047651980338301e-18,
		"eB_12":{
			"Re":-1.1270439431933395e-19,
			"Im":3.0001584796098273e-20
		},
		"eB_13":{
			"Re":-2.9080795620357294e-19,
			"Im":3.764199229221107e-19
		},
		"eB_21":{
			"Re":-2.3304004508377296e-17,
			"Im":-6.203458805392823e-18
		},
		"eB_22":1.3499515370578026e-13,
		"eB_23":{
			"Re":4.337665235399606e-16,
			"Im":-4.975963457310688e-16
		},
		"eB_31":{
			"Re":-1.011243408252087e-15,
			"Im":-1.308946876003874e-15
		},
		"eB_32":{
			"Re":7.294839567233227e-15,
			"Im":8.368293342986075e-15
		},
		"eB_33":4.959957900729786e-13,
		"ed_1111":-1.1931653981613817e-12,
		"ed_1122":-1.1931653981613817e-12,
		"ed_1133":-1.1931653981613817e-12,
		"ed_1211":{
			"Re":-8.615438907164042e-15,
			"Im":2.2962852495673675e-15
		},
		"ed_1222":{
			"Re":-8.615438907164042e-15,
			"Im":2.2962852495673675e-15
		},
		"ed_1233":{
			"Re":-8.615438907164042e-15,
			"Im":2.2962852495673675e-15
		},
		"ed_1311":{
			"Re":-2.1813637271364774e-14,
			"Im":2.9207150714254913e-14
		},
		"ed_1322":{
			"Re":-2.1813637271364774e-14,
			"Im":2.9207150714254913e-14
		},
		"ed_1333":{
			"Re":-2.1813637271364774e-14,
			"Im":2.9207150714254913e-14
		},
		"ed_2211":4.8171331508076834e-11,
		"ed_2222":4.8171331508076834e-11,
		"ed_2233":4.8171331508076834e-11,
		"ed_2311":{
			"Re":1.604561434149993e-13,
			"Im":-1.8380309369893364e-13
		},
		"ed_2322":{
			"Re":1.604561434149993e-13,
			"Im":-1.8380309369893364e-13
		},
		"ed_2333":{
			"Re":1.604561434149993e-13,
			"Im":-1.8380309369893364e-13
		},
		"ed_3311":9.231009482341812e-12,
		"ed_3322":9.231009482341812e-12,
		"ed_3333":9.231009482341812e-12,
		"ee_1111":-1.3329501057919535e-12,
		"ee_1112":{
			"Re":-8.330227306875643e-15,
			"Im":2.2224167187309358e-14
		},
		"ee_1113":{
			"Re":-3.8791740323920216e-13,
			"Im":-8.983543293189951e-13
		},
		"ee_1122":8.579259936530373e-11,
		"ee_1123":{
			"Re":1.1495767139727433e-13,
			"Im":-3.3407791966444497e-13
		},
		"ee_1133":2.4800413020766977e-11,
		"ee_1212":{
			"Re":-1.7969077134928526e-11,
			"Im":-7.789308754158822e-12
		},
		"ee_1213":{
			"Re":-3.656298321999055e-13,
			"Im":9.907085342801225e-14
		},
		"ee_1222":{
			"Re":-1.0430641039467161e-12,
			"Im":2.0097335078041576e-12
		},
		"ee_1223":{
			"Re":3.358180478516466e-12,
			"Im":-4.395682349951477e-12
		},
		"ee_1232":{
			"Re":1.19888748421287e-10,
			"Im":-1.2597083060981738e-10
		},
		"ee_1233":{
			"Re":5.937330641851673e-13,
			"Im":-3.417975403069728e-12
		},
		"ee_1313":{
			"Re":2.6289757589656656e-12,
			"Im":-1.9684511620069515e-12
		},
		"ee_1323":{
			"Re":-1.533440838214374e-13,
			"Im":-5.678191455927915e-13
		},
		"ee_1333":{
			"Re":9.069206361225712e-12,
			"Im":2.7036007659610933e-11
		},
		"ee_2222":-3.8024346035525885e-10,
		"ee_2223":{
			"Re":2.6252498395022164e-11,
			"Im":-1.2227985189609865e-11
		},
		"ee_2233":-1.5148269785136747e-9,
		"ee_2323":{
			"Re":-2.7944520811865836e-10,
			"Im":4.899205145053262e-10
		},
		"ee_2333":{
			"Re":-1.508211141548362e-11,
			"Im":9.746262666418819e-12
		},
		"ee_3333":-5.95552994333231e-11,
		"ephi_11":2.9528843290403882e-18,
		"ephi_12":{
			"Re":-6.641322074112985e-20,
			"Im":1.7695441032484188e-20
		},
		"ephi_13":{
			"Re":-1.6915793528695657e-19,
			"Im":2.2450104027458533e-19
		},
		"ephi_21":{
			"Re":-1.3732282109964563e-17,
			"Im":-3.6588918050108474e-18
		},
		"ephi_22":7.935874251711812e-14,
		"ephi_23":{
			"Re":2.55969700519497e-16,
			"Im":-2.933241587535432e-16
		},
		"ephi_31":{
			"Re":-5.876283912261545e-16,
			"Im":-7.799012202805975e-16
		},
		"ephi_32":{
			"Re":4.3004811885591706e-15,
			"Im":4.928058636946934e-15
		},
		"ephi_33":2.906366066887396e-13,
		"eu_1111":2.3863307963227634e-12,
		"eu_1122":2.3863307963227634e-12,
		"eu_1133":2.3863307963227634e-12,
		"eu_1211":{
			"Re":1.7230877814328083e-14,
			"Im":-4.592570499134735e-15
		},
		"eu_1222":{
			"Re":1.7230877814328083e-14,
			"Im":-4.592570499134735e-15
		},
		"eu_1233":{
			"Re":1.7230877814328083e-14,
			"Im":-4.592570499134735e-15
		},
		"eu_1311":{
			"Re":4.362727454272955e-14,
			"Im":-5.841430142850983e-14
		},
		"eu_1322":{
			"Re":4.362727454272955e-14,
			"Im":-5.841430142850983e-14
		},
		"eu_1333":{
			"Re":4.362727454272955e-14,
			"Im":-5.841430142850983e-14
		},
		"eu_2211":-9.634266301615367e-11,
		"eu_2222":-9.634266301615367e-11,
		"eu_2233":-9.634266301615367e-11,
		"eu_2311":{
			"Re":-3.209122868299986e-13,
			"Im":3.676061873978673e-13
		},
		"eu_2322":{
			"Re":-3.209122868299986e-13,
			"Im":3.676061873978673e-13
		},
		"eu_2333":{
			"Re":-3.209122868299986e-13,
			"Im":3.676061873978673e-13
		},
		"eu_3311":-1.8462018964683623e-11,
		"eu_3322":-1.8462018964683623e-11,
		"eu_3333":-1.8462018964683623e-11,
		"phi":2.9916632562442125e-14,
		"phiB":-2.551790523382857e-12,
		"phiBox":-1.141880735090481e-12,
		"phid_11":7.876241613215131e-13,
		"phid_22":7.876241613215131e-13,
		"phid_33":7.876241613215131e-13,
		"phiD":-2.3628724839645394e-12,
		"phie_11":1.7897480972420724e-12,
		"phie_12":{
			"Re":1.292315836074607e-14,
			"Im":-3.4444278743510493e-15
		},
		"phie_13":{
			"Re":3.27204559070472e-14,
			"Im":-4.3810726071382774e-14
		},
		"phie_22":-7.225699726211527e-11,
		"phie_23":{
			"Re":-2.40684215122499e-13,
			"Im":2.757046405484005e-13
		},
		"phie_33":-1.3846514223512722e-11,
		"phil1_11":1.1814362419404753e-12,
		"phil1_13":{
			"Re":0.0,
			"Im":-1.0838049039434692e-20
		},
		"phil1_22":1.1812051222771466e-12,
		"phil1_23":{
			"Re":-1.2489197748345636e-17,
			"Im":1.4327014242529397e-17
		},
		"phil1_33":1.1671553116467187e-12,
		"phil3_13":{
			"Re":0.0,
			"Im":-1.0838049039434692e-20
		},
		"phil3_22":-2.3111970512317383e-16,
		"phil3_23":{
			"Re":-1.2489197748345636e-17,
			"Im":1.4327014242529397e-17
		},
		"phil3_33":-1.4280930335551058e-14,
		"phiq1_11":-3.9381208066075655e-13,
		"phiq1_22":-3.9381208066075655e-13,
		"phiq1_33":-3.9381208066075655e-13,
		"phiu_11":-1.5752483226430262e-12,
		"phiu_22":-1.5752483226430262e-12,
		"phiu_33":-1.5752483226430262e-12,
		"ld_1111":-7.876241613215131e-13,
		"ld_1122":-7.876241613215131e-13,
		"ld_1133":-7.876241613215131e-13,
		"ld_2211":-7.876241613215131e-13,
		"ld_2222":-7.876241613215131e-13,
		"ld_2233":-7.876241613215131e-13,
		"ld_3311":-7.876241613215131e-13,
		"ld_3322":-7.876241613215131e-13,
		"ld_3333":-7.876241613215131e-13,
		"le_1111":-1.7897480972420724e-12,
		"le_1112":{
			"Re":-1.292315836074607e-14,
			"Im":3.4444278743510493e-15
		},
		"le_1113":{
			"Re":-3.27204559070472e-14,
			"Im":4.3810726071382774e-14
		},
		"le_1122":7.225699726211527e-11,
		"le_1123":{
			"Re":2.40684215122499e-13,
			"Im":-2.757046405484005e-13
		},
		"le_1133":1.3846514223512722e-11,
		"le_2211":-1.7897480972420724e-12,
		"le_2212":{
			"Re":-1.292315836074607e-14,
			"Im":3.4444278743510493e-15
		},
		"le_2213":{
			"Re":-3.27204559070472e-14,
			"Im":4.3810726071382774e-14
		},
		"le_2222":7.225699726211527e-11,
		"le_2223":{
			"Re":2.40684215122499e-13,
			"Im":-2.757046405484005e-13
		},
		"le_2233":1.3846514223512722e-11,
		"le_3311":-1.7897480972420724e-12,
		"le_3312":{
			"Re":-1.292315836074607e-14,
			"Im":3.4444278743510493e-15
		},
		"le_3313":{
			"Re":-3.27204559070472e-14,
			"Im":4.3810726071382774e-14
		},
		"le_3322":7.225699726211527e-11,
		"le_3323":{
			"Re":2.40684215122499e-13,
			"Im":-2.757046405484005e-13
		},
		"le_3333":1.3846514223512722e-11,
		"ll_1111":-5.907181209911349e-13,
		"ll_1122":-1.1814362419822697e-12,
		"ll_1133":-1.1814362419822697e-12,
		"ll_2222":-5.907181209911349e-13,
		"ll_2233":-1.1814362419822697e-12,
		"ll_3333":-5.907181209911349e-13,
		"lq1_1111":3.9381208066075655e-13,
		"lq1_1122":3.9381208066075655e-13,