{
	"eft":"SMEFT",
	"basis":"Warsaw",
	"scale":1000,
	"values":{
		"dd_1111":-3.777333229065045e-13,
		"dd_1122":-7.55466645813009e-13,
		"dd_1133":-7.55466645813009e-13,
		"dd_2222":-3.777333229065045e-13,
		"dd_2233":-7.55466645813009e-13,
		"dd_3333":-3.777333229065045e-13,
		"eB_11":1.2294310558137587e-15,
		"eB_12":{
			"Re":-7.689366025039009e-19,
			"Im":1.3264151177078151e-18
		},
		"eB_13":{
			"Re":-1.5366351723387317e-19,
			"Im":4.254311272946035e-19
		},
		"eB_21":{
			"Re":-1.5899381882693302e-16,
			"Im":-2.74264229622326e-16
		},
		"eB_22":2.453424244870982e-13,
		"eB_23":{
			"Re":7.188907587404996e-15,
			"Im":-1.4407630366576722e-13
		},
		"eB_31":{
			"Re":-5.343430796054364e-16,
			"Im":-1.4793763855647864e-15
		},
		"eB_32":{
			"Re":1.208989736824488e-13,
			"Im":2.422993623630621e-12
		},
		"eB_33":1.4494041219158745e-12,
		"ed_1111":6.727168448315853e-11,
		"ed_1122":6.727168448315853e-11,
		"ed_1133":6.727168448315853e-11,
		"ed_1211":{
			"Re":-4.353372511445668e-14,
			"Im":7.508072387411848e-14
		},
		"ed_1222":{
			"Re":-4.353372511445668e-14,
			"Im":7.508072387411848e-14
		},
		"ed_1233":{
			"Re":-4.353372511445668e-14,
			"Im":7.508072387411848e-14
		},
		"ed_1311":{
			"Re":-8.659999532640355e-15,
			"Im":2.408404388111249e-14
		},
		"ed_1322":{
			"Re":-8.659999532640355e-15,
			"Im":2.408404388111249e-14
		},
		"ed_1333":{
			"Re":-8.659999532640355e-15,
			"Im":2.408404388111249e-14
		},
		"ed_2211":6.485996532347164e-11,
		"ed_2222":6.485996532347164e-11,
		"ed_2233":6.485996532347164e-11,
		"ed_2311":{
			"Re":1.967126126523278e-12,
			"Im":-3.94198391845257e-11
		},
		"ed_2322":{
			"Re":1.967126126523278e-12,
			"Im":-3.94198391845257e-11
		},
		"ed_2333":{
			"Re":1.967126126523278e-12,
			"Im":-3.94198391845257e-11
		},
		"ed_3311":2.13138128298834e-11,
		"ed_3322":2.13138128298834e-11,
		"ed_3333":2.13138128298834e-11,
		"ee_1111":-5.950847090835963e-9,
		"ee_1112":{
			"Re":2.0796823207232945e-11,
			"Im":-1.2652634731467783e-11
		},
		"ee_1113":{
			"Re":2.154222481753822e-12,
			"Im":-1.2525410237123096e-11
		},
		"ee_1122":-1.3916595753937122e-8,
		"ee_1123":{
			"Re":-4.137141642868538e-10,
			"Im":8.290961559532828e-9
		},
		"ee_1133":-4.757733816765741e-9,
		"ee_1212":{
			"Re":-1.2146070699917455e-9,
			"Im":-6.129782461297878e-13
		},
		"ee_1213":{
			"Re":-8.9927776600287e-11,
			"Im":1.4275928943188234e-9
		},
		"ee_1222":{
			"Re":-2.3799243702892403e-12,
			"Im":-1.2219116976635177e-11
		},
		"ee_1223":{
			"Re":-4.337128903975422e-12,
			"Im":2.7962883054057374e-12
		},
		"ee_1232":{
			"Re":9.025474338430276e-12,
			"Im":-2.372475719467817e-12
		},
		"ee_1233":{
			"Re":-2.483175536799377e-12,
			"Im":-4.4593721670286384e-12
		},
		"ee_1313":{
			"Re":4.2457601048536167e-10,
			"Im":5.185941831569885e-11
		},
		"ee_1323":{
			"Re":1.187470212947428e-12,
			"Im":-1.7703638888884917e-12
		},
		"ee_1333":{
			"Re":4.057446949958975e-13,
			"Im":8.544388058508531e-13
		},
		"ee_2222":-5.5438131459417955e-9,
		"ee_2223":{
			"Re":-3.1325088308971555e-10,
			"Im":6.624386975360582e-9
		},
		"ee_2233":-7.747004447761549e-9,
		"ee_2323":{
			"Re":1.9686527499033885e-9,
			"Im":1.8813382816582646e-10
		},
		"ee_2333":{
			"Re":-1.0796095305691103e-10,
			"Im":2.2490115190968846e-9
		},
		"ee_3333":-6.404792247927408e-10,
		"ephi_11":-1.7980953326403015e-14,
		"ephi_12":{
			"Re":1.1253346465021604e-17,
			"Im":-1.9409398141967857e-17
		},
		"ephi_13":{
			"Re":2.241799071246667e-18,
			"Im":-6.22557103537271e-18
		},
		"ephi_21":{
			"Re":2.3268664507269828e-15,
			"Im":4.013301954808828e-15
		},
		"ephi_22":-3.588750602113774e-12,
		"ephi_23":{
			"Re":-1.0515968012649638e-13,
			"Im":2.1074002337308165e-12
		},
		"ephi_31":{
			"Re":7.795852251358137e-15,
			"Im":2.1649409460115575e-14
		},
		"ephi_32":{
			"Re":-1.7685867075317684e-12,
			"Im":-3.5442481826676524e-11
		},
		"ephi_33":-2.120025124597631e-11,
		"eu_1111":-1.3454336896631706e-10,
		"eu_1122":-1.3454336896631706e-10,
		"eu_1133":-1.3454336896631706e-10,
		"eu_1211":{
			"Re":8.706745022891336e-14,
			"Im":-1.5016144774823695e-13
		},
		"eu_1222":{
			"Re":8.706745022891336e-14,
			"Im":-1.5016144774823695e-13
		},
		"eu_1233":{
			"Re":8.706745022891336e-14,
			"Im":-1.5016144774823695e-13
		},
		"eu_1311":{
			"Re":1.731999906528071e-14,
			"Im":-4.816808776222498e-14
		},
		"eu_1322":{
			"Re":1.731999906528071e-14,
			"Im":-4.816808776222498e-14
		},
		"eu_1333":{
			"Re":1.731999906528071e-14,
			"Im":-4.816808776222498e-14
		},
		"eu_2211":-1.2971993064694327e-10,
		"eu_2222":-1.2971993064694327e-10,
		"eu_2233":-1.2971993064694327e-10,
		"eu_2311":{
			"Re":-3.934252253046556e-12,
			"Im":7.88396783690514e-11
		},
		"eu_2322":{
			"Re":-3.934252253046556e-12,
			"Im":7.88396783690514e-11
		},
		"eu_2333":{
			"Re":-3.934252253046556e-12,
			"Im":7.88396783690514e-11
		},
		"eu_3311":-4.26276256597668e-11,
		"eu_3322":-4.26276256597668e-11,
		"eu_3333":-4.26276256597668e-11,
		"phi":-1.2498590105783765e-9,
		"phiB":1.1284599288363502e-10,
		"phiBox":-7.500097106251251e-10,
		"phid_11":1.1331999687195135e-12,
		"phid_22":1.1331999687195135e-12,
		"phid_33":1.1331999687195135e-12,
		"phiD":-3.3995999061585403e-12,
		"phie_11":-1.0090752672473786e-10,
		"phie_12":{
			"Re":6.530058767168506e-14,
			"Im":-1.1262108581117783e-13
		},
		"phie_13":{
			"Re":1.2989999298960502e-14,
			"Im":-3.612606582166873e-14
		},
		"phie_22":-9.728994798520753e-11,
		"phie_23":{
			"Re":-2.9506891897849194e-12,
			"Im":5.912975877678858e-11
		},
		"phie_33":-3.197071924482512e-11,
		"phil1_11":1.6997999428996101e-12,
		"phil1_13":{
			"Re":0.0,
			"Im":-1.2249201330066154e-20
		},
		"phil1_22":1.6993799123056193e-12,
		"phil1_23":{
			"Re":-2.0698620935742152e-16,
			"Im":4.148308709135988e-15
		},
		"phil1_33":1.6580680680362628e-12,
		"phil3_11":-1.0179659937149415e-20,
		"phil3_13":{
			"Re":0.0,
			"Im":-1.2249201330066154e-20
		},
		"phil3_22":-4.2004077365063757e-16,
		"phil3_23":{
			"Re":-2.0698620935742152e-16,
			"Im":4.148308709135988e-15
		},
		"phil3_33":-4.173188504300733e-14,
		"phiq1_11":-5.665999843597568e-13,
		"phiq1_22":-5.665999843597568e-13,
		"phiq1_33":-5.665999843597568e-13,
		"phiu_11":-2.266399937439027e-12,
		"phiu_22":-2.266399937439027e-12,
		"phiu_33":-2.266399937439027e-12,
		"ld_1111":-1.1331999687195135e-12,
		"ld_1122":-1.1331999687195135e-12,
		"ld_1133":-1.1331999687195135e-12,
		"ld_2211":-1.1331999687195135e-12,
		"ld_2222":-1.1331999687195135e-12,
		"ld_2233":-1.1331999687195135e-12,
		"ld_3311":-1.1331999687195135e-12,
		"ld_3322":-1.1331999687195135e-12,
		"ld_3333":-1.1331999687195135e-12,
		"le_1111":1.0090752672473786e-10,
		"le_1112":{
			"Re":-6.530058767168506e-14,
			"Im":1.1262108581117783e-13
		},
		"le_1113":{
			"Re":-1.2989999298960502e-14,
			"Im":3.612606582166873e-14
		},
		"le_1122":9.728994798520753e-11,
		"le_1123":{
			"Re":2.9506891897849194e-12,
			"Im":-5.912975877678858e-11
		},
		"le_1133":3.197071924482512e-11,
		"le_2211":1.0090752672473786e-10,
		"le_2212":{
			"Re":-6.530058767168506e-14,
			"Im":1.1262108581117783e-13
		},
		"le_2213":{
			"Re":-1.2989999298960502e-14,
			"Im":3.612606582166873e-14
		},
		"le_2222":9.728994798520753e-11,
		"le_2223":{
			"Re":2.9506891897849194e-12,
			"Im":-5.912975877678858e-11
		},
		"le_2233":3.197071924482512e-11,
		"le_3311":1.0090752672473786e-10,
		"le_3312":{
			"Re":-6.530058767168506e-14,
			"Im":1.1262108581117783e-13
		},
		"le_3313":{
			"Re":-1.2989999298960502e-14,
			"Im":3.612606582166873e-14
		},
		"le_3322":9.728994798520753e-11,
		"le_3323":{
			"Re":2.9506891897849194e-12,
			"Im":-5.912975877678858e-11
		},
		"le_3333":3.197071924482512e-11,
		"ll_1111":-8.498999765396351e-13,
		"ll_1122":-1.6997999530792702e-12,
		"ll_1133":-1.6997999530792702e-12,
		"ll_2222":-8.498999765396351e-13,
		"ll_2233":-1.6997999530792702e-12,
		"ll_3333":-8.498999765396351e-13,
		"lq1_1111":5.665999843597568e-13,