{
	"eft":"SMEFT",
	"basis":"Warsaw",
	"scale":1000,
	"values":{
		"dd_1111":-1.0032899173071826e-13,
		"dd_1122":-2.0065798346143652e-13,
		"dd_1133":-2.0065798346143652e-13,
		"dd_2222":-1.0032899173071826e-13,
		"dd_2233":-2.0065798346143652e-13,
		"dd_3333":-1.0032899173071826e-13,
		"eB_13":{
			"Re":7.775417684675594e-20,
			"Im":1.498639918036496e-19
		},
		"eB_21":{
			"Re":7.144001307793754e-19,
			"Im":1.0624498531059984e-19
		},
		"eB_22":2.3639691685939327e-14,
		"eB_23":{
			"Re":-7.278953645601931e-17,
			"Im":-2.8238280650058e-18
		},
		"eB_31":{
			"Re":2.7037911832545195e-16,
			"Im":-5.211307689934617e-16
		},
		"eB_32":{
			"Re":-1.224133172580109e-15,
			"Im":4.748954006775133e-17
		},
		"eB_33":1.2956601586132912e-12,
		"ed_1111":-6.017395816673031e-13,
		"ed_1122":-6.017395816673031e-13,
		"ed_1133":-6.017395816673031e-13,
		"ed_1211":{
			"Re":2.2585390404172865e-16,
			"Im":-3.112275441358427e-17
		},
		"ed_1222":{
			"Re":2.2585390404172865e-16,
			"Im":-3.112275441358427e-17
		},
		"ed_1233":{
			"Re":2.2585390404172865e-16,
			"Im":-3.112275441358427e-17
		},
		"ed_1311":{
			"Re":5.011771483388625e-15,
			"Im":9.659499547523073e-15
		},
		"ed_1322":{
			"Re":5.011771483388625e-15,
			"Im":9.659499547523073e-15
		},
		"ed_1333":{
			"Re":5.011771483388625e-15,
			"Im":9.659499547523073e-15
		},
		"ed_2211":6.783723762885933e-12,
		"ed_2222":6.783723762885933e-12,
		"ed_2233":6.783723762885933e-12,
		"ed_2311":{
			"Re":-1.5985410126052623e-14,
			"Im":2.1822894359520087e-15
		},
		"ed_2322":{
			"Re":-1.5985410126052623e-14,
			"Im":2.1822894359520087e-15
		},
		"ed_2333":{
			"Re":-1.5985410126052623e-14,
			"Im":2.1822894359520087e-15
		},
		"ed_3311":2.3413683156112446e-11,
		"ed_3322":2.3413683156112446e-11,
		"ed_3333":2.3413683156112446e-11,
		"ee_1111":-9.022579542258815e-13,
		"ee_1112":{
			"Re":6.744352922616169e-16,
			"Im":-9.469482754762835e-17
		},
		"ee_1113":{
			"Re":1.5030909509293025e-14,
			"Im":2.896477611001711e-14
		},
		"ee_1122":2.0335551517145317e-11,
		"ee_1123":{
			"Re":-4.814808836675125e-14,
			"Im":6.4362652184569715e-15
		},
		"ee_1133":7.018809610536826e-11,
		"ee_1212":{
			"Re":-1.6176122374596908e-15,
			"Im":-3.1531455375365747e-15
		},
		"ee_1213":{
			"Re":-2.7560978883238666e-16,
			"Im":-6.2479282329888244e-15
		},
		"ee_1222":{
			"Re":5.4202958592332224e-14,
			"Im":5.034494213673197e-14
		},
		"ee_1223":{
			"Re":-2.6107576000468247e-13,
			"Im":-5.20132108453992e-13
		},
		"ee_1232":{
			"Re":-2.822493055330607e-13,
			"Im":-6.959301918332817e-14
		},
		"ee_1233":{
			"Re":-4.493265881242128e-13,
			"Im":-3.0996314299245505e-13
		},
		"ee_1313":{
			"Re":-4.002945541682873e-15,
			"Im":1.0169194458524955e-14
		},
		"ee_1323":{
			"Re":-2.6909560842198416e-14,
			"Im":-2.699215310805073e-13
		},
		"ee_1333":{
			"Re":-7.034674305993544e-13,
			"Im":-1.3353479132200278e-12
		},
		"ee_2222":-1.3686046752274105e-10,
		"ee_2223":{
			"Re":1.6174132384724132e-10,
			"Im":7.390922273992509e-11
		},
		"ee_2233":-1.2802148433115962e-9,
		"ee_2323":{
			"Re":-2.1199505379159652e-10,
			"Im":-2.4650685366328183e-10
		},
		"ee_2333":{
			"Re":-5.15769302598008e-10,
			"Im":-2.3782309120267343e-10
		},
		"ee_3333":-1.6162745518606001e-9,
		"ephi_11":6.321241433847714e-20,
		"ephi_12":6.073135942199092e-20,
		"ephi_13":{
			"Re":1.3532500501804879e-18,
			"Im":2.6082211797141282e-18
		},
		"ephi_21":{
			"Re":1.255748469264781e-17,
			"Im":1.7703347383569216e-18
		},
		"ephi_22":4.1206708429889884e-13,
		"ephi_23":{
			"Re":-1.0025453924667134e-15,
			"Im":7.156991685388032e-17
		},
		"ephi_31":{
			"Re":4.7055761447421475e-15,
			"Im":-9.069412822089258e-15
		},
		"ephi_32":{
			"Re":-1.6859523339660317e-14,
			"Im":-1.2036501132086619e-15
		},
		"ephi_33":2.2549401499543027e-11,
		"eu_1111":1.2034791633346062e-12,
		"eu_1122":1.2034791633346062e-12,
		"eu_1133":1.2034791633346062e-12,
		"eu_1211":{
			"Re":-4.517078080834573e-16,
			"Im":6.224550882716854e-17
		},
		"eu_1222":{
			"Re":-4.517078080834573e-16,
			"Im":6.224550882716854e-17
		},
		"eu_1233":{
			"Re":-4.517078080834573e-16,
			"Im":6.224550882716854e-17
		},
		"eu_1311":{
			"Re":-1.002354296677725e-14,
			"Im":-1.9318999095046146e-14
		},
		"eu_1322":{
			"Re":-1.002354296677725e-14,
			"Im":-1.9318999095046146e-14
		},
		"eu_1333":{
			"Re":-1.002354296677725e-14,
			"Im":-1.9318999095046146e-14
		},
		"eu_2211":-1.3567447525771867e-11,
		"eu_2222":-1.3567447525771867e-11,
		"eu_2233":-1.3567447525771867e-11,
		"eu_2311":{
			"Re":3.1970820252105246e-14,
			"Im":-4.364578871904017e-15
		},
		"eu_2322":{
			"Re":3.1970820252105246e-14,
			"Im":-4.364578871904017e-15
		},
		"eu_2333":{
			"Re":3.1970820252105246e-14,
			"Im":-4.364578871904017e-15
		},
		"eu_3311":-4.682736631222489e-11,
		"eu_3322":-4.682736631222489e-11,
		"eu_3333":-4.682736631222489e-11,
		"phi":4.2642845507159485e-10,
		"phiB":-3.258181636617335e-11,
		"phiBox":-2.353576773174459e-10,
		"phid_11":3.0098697519215474e-13,
		"phid_22":3.0098697519215474e-13,
		"phid_33":3.0098697519215474e-13,
		"phiD":-9.029609255764643e-13,
		"phie_11":9.026093725009547e-13,
		"phie_12":{
			"Re":-3.3878085606259505e-16,
			"Im":4.6684131620374974e-17
		},
		"phie_13":{
			"Re":-7.517657225082938e-15,
			"Im":-1.4489249321284612e-14
		},
		"phie_22":-1.0175585644328908e-11,
		"phie_23":{
			"Re":2.397811518907429e-14,
			"Im":-3.2734341539298306e-15
		},
		"phie_33":-3.5120524734168666e-11,
		"phil1_11":4.514804627882021e-13,
		"phil1_22":4.514399902347984e-13,
		"phil1_23":{
			"Re":2.0957885532307206e-18,
			"Im":8.130490758807331e-20
		},
		"phil1_33":4.1417524198992055e-13,
		"phil3_22":-4.0472553433768876e-17,
		"phil3_23":{
			"Re":2.0957885532307206e-18,
			"Im":8.130490758807331e-20
		},
		"phil3_33":-3.730522079831161e-14,
		"phiq1_11":-1.5049348759607737e-13,
		"phiq1_22":-1.5049348759607737e-13,
		"phiq1_33":-1.5049348759607737e-13,
		"phiu_11":-6.019739503843095e-13,
		"phiu_22":-6.019739503843095e-13,
		"phiu_33":-6.019739503843095e-13,
		"ld_1111":-3.0098697519215474e-13,
		"ld_1122":-3.0098697519215474e-13,
		"ld_1133":-3.0098697519215474e-13,
		"ld_2211":-3.0098697519215474e-13,
		"ld_2222":-3.0098697519215474e-13,
		"ld_2233":-3.0098697519215474e-13,
		"ld_3311":-3.0098697519215474e-13,
		"ld_3322":-3.0098697519215474e-13,
		"ld_3333":-3.0098697519215474e-13,
		"le_1111":-9.026093725009547e-13,
		"le_1112":{
			"Re":3.3878085606259505e-16,
			"Im":-4.6684131620374974e-17
		},
		"le_1113":{
			"Re":7.517657225082938e-15,
			"Im":1.4489249321284612e-14
		},
		"le_1122":1.0175585644328908e-11,
		"le_1123":{
			"Re":-2.397811518907429e-14,
			"Im":3.2734341539298306e-15
		},
		"le_1133":3.5120524734168666e-11,
		"le_2211":-9.026093725009547e-13,
		"le_2212":{
			"Re":3.3878085606259505e-16,
			"Im":-4.6684131620374974e-17
		},
		"le_2213":{
			"Re":7.517657225082938e-15,
			"Im":1.4489249321284612e-14
		},
		"le_2222":1.0175585644328908e-11,
		"le_2223":{
			"Re":-2.397811518907429e-14,
			"Im":3.2734341539298306e-15
		},
		"le_2233":3.5120524734168666e-11,
		"le_3311":-9.026093725009547e-13,
		"le_3312":{
			"Re":3.3878085606259505e-16,
			"Im":-4.6684131620374974e-17
		},
		"le_3313":{
			"Re":7.517657225082938e-15,
			"Im":1.4489249321284612e-14
		},
		"le_3322":1.0175585644328908e-11,
		"le_3323":{
			"Re":-2.397811518907429e-14,
			"Im":3.2734341539298306e-15
		},
		"le_3333":3.5120524734168666e-11,
		"ll_1111":-2.2574023139411606e-13,
		"ll_1122":-4.5148046278823213e-13,
		"ll_1133":-4.5148046278823213e-13,
		"ll_2222":-2.2574023139411606e-13,
		"ll_2233":-4.5148046278823213e-13,
		"ll_3333":-2.2574023139411606e-13,
		"lq1_1111":1.5049348759607737e-13,
		"lq1_1122":1.5049348759607737e-13,
		"lq1_1133":1.5049348759607737e-13,
		"lq1_2211":1.5049348759607737e-13,
		"lq1_2222":1.5049348759607737e-13,
		"lq1_2233":1.5049348759607737e-13,
		"lq1_3311":1.5049348759607737e-13,
		"lq1_3322":1.5049348759607737e-13,
		"lq1_3333":1.5049348759607737e-13,