{
	"eft":"SMEFT",
	"basis":"Warsaw",
	"scale":1000,
	"values":{
		"dd_1111":-7.619236138234785e-14,
		"dd_1122":-1.523847227646957e-13,
		"dd_1133":-1.523847227646957e-13,
		"dd_2222":-7.619236138234785e-14,
		"dd_2233":-1.523847227646957e-13,
		"dd_3333":-7.619236138234785e-14,
		"eB_11":6.785654330122889e-17,
		"eB_12":-2.59323129492038e-20,
		"eB_13":1.085213806159342e-20,
		"eB_21":{
			"Re":-5.3620512450349816e-18,
			"Im":-1.8685190455705794e-18
		},
		"eB_22":4.567843686512055e-14,
		"eB_23":{
			"Re":3.679102473583463e-16,
			"Im":1.7829196758036003e-16
		},
		"eB_31":{
			"Re":3.7736770422284034e-17,
			"Im":-2.6961397494554644e-17
		},
		"eB_32":{
			"Re":6.187306036707129e-15,
			"Im":-2.9984132685270373e-15
		},
		"eB_33":6.345237647809174e-13,
		"ed_1111":4.0846127529709644e-12,
		"ed_1122":4.0846127529709644e-12,
		"ed_1133":4.0846127529709644e-12,
		"ed_1211":{
			"Re":-1.6207387221639887e-15,
			"Im":5.826946388336704e-16
		},
		"ed_1222":{
			"Re":-1.6207387221639887e-15,
			"Im":5.826946388336704e-16
		},
		"ed_1233":{
			"Re":-1.6207387221639887e-15,
			"Im":5.826946388336704e-16
		},
		"ed_1311":{
			"Re":6.979180033345565e-16,
			"Im":4.896899518609025e-16
		},
		"ed_1322":{
			"Re":6.979180033345565e-16,
			"Im":4.896899518609025e-16
		},
		"ed_1333":{
			"Re":6.979180033345565e-16,
			"Im":4.896899518609025e-16
		},
		"ed_2211":1.3780388804049196e-11,
		"ed_2222":1.3780388804049196e-11,
		"ed_2233":1.3780388804049196e-11,
		"ed_2311":{
			"Re":1.0113312745958033e-13,
			"Im":5.87965707882997e-14
		},
		"ed_2322":{
			"Re":1.0113312745958033e-13,
			"Im":5.87965707882997e-14
		},
		"ed_2333":{
			"Re":1.0113312745958033e-13,
			"Im":5.87965707882997e-14
		},
		"ed_3311":1.1406648729371311e-11,
		"ed_3322":1.1406648729371311e-11,
		"ed_3333":1.1406648729371311e-11,
		"ee_1111":-4.140474724498263e-11,
		"ee_1112":{
			"Re":1.604996448410689e-13,
			"Im":5.0191008887196336e-14
		},
		"ee_1113":{
			"Re":-9.566855771795367e-15,
			"Im":-6.581641303052096e-14
		},
		"ee_1122":-7.373279603826516e-10,
		"ee_1123":{
			"Re":-5.711607181770307e-12,
			"Im":-3.0034091890306016e-12
		},
		"ee_1133":-6.09390835497667e-10,
		"ee_1212":{
			"Re":-1.2393529826756811e-10,
			"Im":-1.5605161976388832e-10
		},
		"ee_1213":{
			"Re":-8.074375434479336e-11,
			"Im":-2.9138197573151264e-11
		},
		"ee_1222":{
			"Re":-2.4464025836680598e-14,
			"Im":-1.2307723230818669e-13
		},
		"ee_1223":{
			"Re":-2.3933936515490954e-13,
			"Im":-2.3214963293496633e-14
		},
		"ee_1232":{
			"Re":4.2419300837823233e-14,
			"Im":-1.3413718161175357e-13
		},
		"ee_1233":{
			"Re":2.2235729162501918e-13,
			"Im":-1.4210180216886057e-13
		},
		"ee_1313":{
			"Re":1.624082418409063e-10,
			"Im":-4.5444757474446895e-11
		},
		"ee_1323":{
			"Re":1.186777407121238e-13,
			"Im":-2.385459120901722e-13
		},
		"ee_1333":{
			"Re":-1.1436895184447325e-14,
			"Im":3.332957885033877e-15
		},
		"ee_2222":-6.535875439137826e-10,
		"ee_2223":{
			"Re":1.9073913250885736e-10,
			"Im":-1.395046848345505e-10
		},
		"ee_2233":-1.920405049804144e-9,
		"ee_2323":{
			"Re":-1.878690361720907e-10,
			"Im":4.462006876658935e-10
		},
		"ee_2333":{
			"Re":-1.8550879121884955e-10,
			"Im":1.1277742258989858e-10
		},
		"ee_3333":-4.277366919817014e-10,
		"ephi_11":-3.2614839161682185e-18,
		"ephi_21":{
			"Re":2.4553963669831055e-19,
			"Im":8.746208768240975e-20
		},
		"ephi_22":-2.1372688316694245e-15,
		"ephi_23":{
			"Re":-1.5563693250766012e-17,
			"Im":-8.579531689397896e-18
		},
		"ephi_31":{
			"Re":-1.763110345620406e-18,
			"Im":1.2437287752121172e-18
		},
		"ephi_32":{
			"Re":-2.6536492441658647e-16,
			"Im":1.4604170106809241e-16
		},
		"ephi_33":-2.950220583392593e-14,
		"eu_1111":-8.169225505941929e-12,
		"eu_1122":-8.169225505941929e-12,
		"eu_1133":-8.169225505941929e-12,
		"eu_1211":{
			"Re":3.2414774443279773e-15,
			"Im":-1.1653892776673408e-15
		},
		"eu_1222":{
			"Re":3.2414774443279773e-15,
			"Im":-1.1653892776673408e-15
		},
		"eu_1233":{
			"Re":3.2414774443279773e-15,
			"Im":-1.1653892776673408e-15
		},
		"eu_1311":{
			"Re":-1.395836006669113e-15,
			"Im":-9.79379903721805e-16
		},
		"eu_1322":{
			"Re":-1.395836006669113e-15,
			"Im":-9.79379903721805e-16
		},
		"eu_1333":{
			"Re":-1.395836006669113e-15,
			"Im":-9.79379903721805e-16
		},
		"eu_2211":-2.7560777608098392e-11,
		"eu_2222":-2.7560777608098392e-11,
		"eu_2233":-2.7560777608098392e-11,
		"eu_2311":{
			"Re":-2.0226625491916067e-13,
			"Im":-1.175931415765994e-13
		},
		"eu_2322":{
			"Re":-2.0226625491916067e-13,
			"Im":-1.175931415765994e-13
		},
		"eu_2333":{
			"Re":-2.0226625491916067e-13,
			"Im":-1.175931415765994e-13
		},
		"eu_3311":-2.2813297458742622e-11,
		"eu_3322":-2.2813297458742622e-11,
		"eu_3333":-2.2813297458742622e-11,
		"phi":-6.295470708923706e-18,
		"phiB":6.653129227485243e-14,
		"phiBox":-1.7272381824852135e-13,
		"phid_11":2.2857708414704354e-13,
		"phid_22":2.2857708414704354e-13,
		"phid_33":2.2857708414704354e-13,
		"phiD":-6.857312524411306e-13,
		"phie_11":-6.126919129456449e-12,
		"phie_12":{
			"Re":2.4311080832459817e-15,
			"Im":-8.740419582505052e-16
		},
		"phie_13":{
			"Re":-1.046877005001836e-15,
			"Im":-7.345349277913544e-16
		},
		"phie_22":-2.0670583206073786e-11,
		"phie_23":{
			"Re":-1.5169969118936858e-13,
			"Im":-8.819485618244986e-14
		},
		"phie_33":-1.7109973094056976e-11,
		"phil1_11":3.4286562565871474e-13,
		"phil1_22":3.427874220290151e-13,
		"phil1_23":{
			"Re":-1.059303469387683e-17,
			"Im":-5.133461249799743e-18
		},
		"phil1_33":3.245961371191466e-13,
		"phil3_22":-7.820419155018974e-17,
		"phil3_23":{
			"Re":-1.059303469387683e-17,
			"Im":-5.133461249799743e-18
		},
		"phil3_33":-1.8269489101418745e-14,
		"phiq1_11":-1.1428854207352177e-13,
		"phiq1_22":-1.1428854207352177e-13,
		"phiq1_33":-1.1428854207352177e-13,
		"phiu_11":-4.571541682940871e-13,
		"phiu_22":-4.571541682940871e-13,
		"phiu_33":-4.571541682940871e-13,
		"ld_1111":-2.2857708414704354e-13,
		"ld_1122":-2.2857708414704354e-13,
		"ld_1133":-2.2857708414704354e-13,
		"ld_2211":-2.2857708414704354e-13,
		"ld_2222":-2.2857708414704354e-13,
		"ld_2233":-2.2857708414704354e-13,
		"ld_3311":-2.2857708414704354e-13,
		"ld_3322":-2.2857708414704354e-13,
		"ld_3333":-2.2857708414704354e-13,
		"le_1111":6.126919129456449e-12,
		"le_1112":{
			"Re":-2.4311080832459817e-15,
			"Im":8.740419582505052e-16
		},
		"le_1113":{
			"Re":1.046877005001836e-15,
			"Im":7.345349277913544e-16
		},
		"le_1122":2.0670583206073786e-11,
		"le_1123":{
			"Re":1.5169969118936858e-13,
			"Im":8.819485618244986e-14
		},
		"le_1133":1.7109973094056976e-11,
		"le_2211":6.126919129456449e-12,
		"le_2212":{
			"Re":-2.4311080832459817e-15,
			"Im":8.740419582505052e-16
		},
		"le_2213":{
			"Re":1.046877005001836e-15,
			"Im":7.345349277913544e-16
		},
		"le_2222":2.0670583206073786e-11,
		"le_2223":{
			"Re":1.5169969118936858e-13,
			"Im":8.819485618244986e-14
		},
		"le_2233":1.7109973094056976e-11,
		"le_3311":6.126919129456449e-12,
		"le_3312":{
			"Re":-2.4311080832459817e-15,
			"Im":8.740419582505052e-16
		},
		"le_3313":{
			"Re":1.046877005001836e-15,
			"Im":7.345349277913544e-16
		},
		"le_3322":2.0670583206073786e-11,
		"le_3323":{
			"Re":1.5169969118936858e-13,
			"Im":8.819485618244986e-14
		},
		"le_3333":1.7109973094056976e-11,
		"ll_1111":-1.7143281311028265e-13,
		"ll_1122":-3.428656262205653e-13,
		"ll_1133":-3.428656262205653e-13,
		"ll_2222":-1.7143281311028265e-13,
		"ll_2233":-3.428656262205653e-13,
		"ll_3333":-1.7143281311028265e-13,
		"lq1_1111":1.1428854207352177e-13,
		"lq1_1122":1.1428854207352177e-13,
		"lq1_1133":1.1428854207352177e-13,
		"lq1_2211":1.1428854207352177e-13,
		"lq1_2222":1.1428854207352177e-13,
		"lq1_2233":1.1428854207352177e-13,
		"lq1_3311":1.1428854207352177e-13,
		"lq1_3322":1.1428854207352177e-13,
		"lq1_3333":1.1428854207352177e-13,
		"lu_1111":4.571541682940871e-13,
		"lu_1122":4.571541682940871e-13,
		"lu_1133":4.571541682940871e-13,