{
	"eft":"SMEFT",
	"basis":"Warsaw",
	"scale":1000,
	"values":{
		"dd_1111":-7.679043528313315e-13,
		"dd_1122":-1.535808705662663e-12,
		"dd_1133":-1.535808705662663e-12,
		"dd_2222":-7.679043528313315e-13,
		"dd_2233":-1.535808705662663e-12,
		"dd_3333":-7.679043528313315e-13,
		"eB_11":1.9347844695201876e-16,
		"eB_12":{
			"Re":0.0,
			"Im":-1.0918033746831898e-20
		},
		"eB_13":{
			"Re":1.2046977803772235e-19,
			"Im":1.6810701971544165e-19
		},
		"eB_21":{
			"Re":-8.116028259639535e-19,
			"Im":2.2575331618201066e-18
		},
		"eB_22":1.2085910824700342e-13,
		"eB_23":{
			"Re":4.3032506047151034e-15,
			"Im":-1.4983914810891872e-16
		},
		"eB_31":{
			"Re":4.189165610344786e-16,
			"Im":-5.845683102602083e-16
		},
		"eB_32":{
			"Re":7.236962991705848e-14,
			"Im":2.519909875536444e-15
		},
		"eB_33":4.725219581631286e-13,
		"ed_1111":1.014971687660056e-11,
		"ed_1122":1.014971687660056e-11,
		"ed_1133":1.014971687660056e-11,
		"ed_1211":{
			"Re":-3.0031796610216933e-16,
			"Im":-7.046859915436398e-16
		},
		"ed_1222":{
			"Re":-3.0031796610216933e-16,
			"Im":-7.046859915436398e-16
		},
		"ed_1233":{
			"Re":-3.0031796610216933e-16,
			"Im":-7.046859915436398e-16
		},
		"ed_1311":{
			"Re":8.37723865493723e-15,
			"Im":1.2597946530269948e-14
		},
		"ed_1322":{
			"Re":8.37723865493723e-15,
			"Im":1.2597946530269948e-14
		},
		"ed_1333":{
			"Re":8.37723865493723e-15,
			"Im":1.2597946530269948e-14
		},
		"ed_2211":4.011116456282791e-11,
		"ed_2222":4.011116456282791e-11,
		"ed_2233":4.011116456282791e-11,
		"ed_2311":{
			"Re":1.5937401785397665e-12,
			"Im":-5.5435505439269745e-14
		},
		"ed_2322":{
			"Re":1.5937401785397665e-12,
			"Im":-5.5435505439269745e-14
		},
		"ed_2333":{
			"Re":1.5937401785397665e-12,
			"Im":-5.5435505439269745e-14
		},
		"ed_3311":5.756705851647122e-12,
		"ed_3322":5.756705851647122e-12,
		"ed_3333":5.756705851647122e-12,
		"ee_1111":-6.747698135015007e-11,
		"ee_1112":{
			"Re":2.616893639831045e-12,
			"Im":5.054110941695547e-13
		},
		"ee_1113":{
			"Re":-5.268860902914537e-11,
			"Im":-1.5713826572264607e-11
		},
		"ee_1122":{
			"Re":-5.428897277386344e-10,
			"Im":-1.4859997015430365e-20
		},
		"ee_1123":{
			"Re":-3.2430330246545984e-11,
			"Im":-4.91992355291294e-13
		},
		"ee_1133":{
			"Re":1.455602928939788e-10,
			"Im":1.4851240602584427e-20
		},
		"ee_1212":{
			"Re":6.508415607330262e-11,
			"Im":8.423494211502927e-11
		},
		"ee_1213":{
			"Re":6.836088526648665e-12,
			"Im":8.237534362233231e-12
		},
		"ee_1222":{
			"Re":1.7508412177916062e-11,
			"Im":1.5548105812406403e-11
		},
		"ee_1223":{
			"Re":1.424247106528616e-12,
			"Im":9.2913499315424e-13
		},
		"ee_1232":{
			"Re":-3.9081067328312597e-10,
			"Im":-2.8218968396351077e-10
		},
		"ee_1233":{
			"Re":-4.027674406896892e-11,
			"Im":-2.7006665272369463e-11
		},
		"ee_1313":{
			"Re":-6.9354068915872295e-12,
			"Im":-4.454575454354906e-12
		},
		"ee_1323":{
			"Re":-1.6946573950817736e-12,
			"Im":-6.985280970327178e-13
		},
		"ee_1333":{
			"Re":3.576686768042225e-11,
			"Im":1.0332214323983701e-11
		},
		"ee_2222":-8.688042600619331e-12,
		"ee_2223":{
			"Re":2.246228997164172e-11,
			"Im":-7.882279671136405e-13
		},
		"ee_2233":{
			"Re":-3.391306596979691e-10,
			"Im":4.7827091841462033e-20
		},
		"ee_2323":{
			"Re":-6.962981925138073e-11,
			"Im":2.4400772530426812e-11
		},
		"ee_2333":{
			"Re":-1.9883190453162174e-11,
			"Im":2.653717961260616e-12
		},
		"ee_3333":{
			"Re":-2.7890379994266766e-11,
			"Im":-2.0776619080413928e-20
		},
		"ephi_11":1.0772183263781013e-17,
		"ephi_21":{
			"Re":-4.529178793090334e-20,
			"Im":1.1139321947248563e-19
		},
		"ephi_22":6.744503322287682e-15,
		"ephi_23":{
			"Re":2.4283046224207784e-16,
			"Im":-8.44882158200156e-18
		},
		"ephi_31":{
			"Re":2.180037574557223e-17,
			"Im":-3.2125977820632984e-17
		},
		"ephi_32":{
			"Re":4.04140233885157e-15,
			"Im":1.4061172598122226e-16
		},
		"ephi_33":2.6585613960852738e-14,
		"eu_1111":-2.029943375320112e-11,
		"eu_1122":-2.029943375320112e-11,
		"eu_1133":-2.029943375320112e-11,
		"eu_1211":{
			"Re":6.006359322043387e-16,
			"Im":1.4093719830872796e-15
		},
		"eu_1222":{
			"Re":6.006359322043387e-16,
			"Im":1.4093719830872796e-15
		},
		"eu_1233":{
			"Re":6.006359322043387e-16,
			"Im":1.4093719830872796e-15
		},
		"eu_1311":{
			"Re":-1.675447730987446e-14,
			"Im":-2.5195893060539897e-14
		},
		"eu_1322":{
			"Re":-1.675447730987446e-14,
			"Im":-2.5195893060539897e-14
		},
		"eu_1333":{
			"Re":-1.675447730987446e-14,
			"Im":-2.5195893060539897e-14
		},
		"eu_2211":-8.022232912565582e-11,
		"eu_2222":-8.022232912565582e-11,
		"eu_2233":-8.022232912565582e-11,
		"eu_2311":{
			"Re":-3.187480357079533e-12,
			"Im":1.1087101087853949e-13
		},
		"eu_2322":{
			"Re":-3.187480357079533e-12,
			"Im":1.1087101087853949e-13
		},
		"eu_2333":{
			"Re":-3.187480357079533e-12,
			"Im":1.1087101087853949e-13
		},
		"eu_3311":-1.1513411703294244e-11,
		"eu_3322":-1.1513411703294244e-11,
		"eu_3333":-1.1513411703294244e-11,
		"phi":7.417289473520057e-17,
		"phiB":-7.063643350483044e-13,
		"phiBox":-1.7422238193671408e-12,
		"phid_11":2.3037130584939944e-12,
		"phid_22":2.3037130584939944e-12,
		"phid_33":2.3037130584939944e-12,
		"phiD":-6.911139175481983e-12,
		"phie_11":-1.5224575314900843e-11,
		"phie_12":{
			"Re":4.50476949153153e-16,
			"Im":1.0570289873153903e-15
		},
		"phie_13":{
			"Re":-1.2565857982404229e-14,
			"Im":-1.889691979540472e-14
		},
		"phie_22":-6.016674684424193e-11,
		"phie_23":{
			"Re":-2.3906102678096516e-12,
			"Im":8.315325815890469e-14
		},
		"phie_33":-8.635058777470689e-12,
		"phil1_11":3.455569586138995e-12,
		"phil1_22":3.455362669783623e-12,
		"phil1_23":{
			"Re":-1.239010962034822e-16,
			"Im":4.31423507721091e-18
		},
		"phil1_33":3.4419645263642553e-12,
		"phil3_22":-2.069179573688731e-16,
		"phil3_23":{
			"Re":-1.239010962034822e-16,
			"Im":4.31423507721091e-18
		},
		"phil3_33":-1.3605061376736559e-14,
		"phiq1_11":-1.1518565292469972e-12,
		"phiq1_22":-1.1518565292469972e-12,
		"phiq1_33":-1.1518565292469972e-12,
		"phiu_11":-4.607426116987989e-12,
		"phiu_22":-4.607426116987989e-12,
		"phiu_33":-4.607426116987989e-12,
		"ld_1111":-2.3037130584939944e-12,
		"ld_1122":-2.3037130584939944e-12,
		"ld_1133":-2.3037130584939944e-12,
		"ld_2211":-2.3037130584939944e-12,
		"ld_2222":-2.3037130584939944e-12,
		"ld_2233":-2.3037130584939944e-12,
		"ld_3311":-2.3037130584939944e-12,
		"ld_3322":-2.3037130584939944e-12,
		"ld_3333":-2.3037130584939944e-12,
		"le_1111":1.5224575314900843e-11,
		"le_1112":{
			"Re":-4.50476949153153e-16,
			"Im":-1.0570289873153903e-15
		},
		"le_1113":{
			"Re":1.2565857982404229e-14,
			"Im":1.889691979540472e-14
		},
		"le_1122":6.016674684424193e-11,
		"le_1123":{
			"Re":2.3906102678096516e-12,
			"Im":-8.315325815890469e-14
		},
		"le_1133":8.635058777470689e-12,
		"le_2211":1.5224575314900843e-11,
		"le_2212":{
			"Re":-4.50476949153153e-16,
			"Im":-1.0570289873153903e-15
		},
		"le_2213":{
			"Re":1.2565857982404229e-14,
			"Im":1.889691979540472e-14
		},
		"le_2222":6.016674684424193e-11,
		"le_2223":{
			"Re":2.3906102678096516e-12,
			"Im":-8.315325815890469e-14
		},
		"le_2233":8.635058777470689e-12,
		"le_3311":1.5224575314900843e-11,
		"le_3312":{
			"Re":-4.50476949153153e-16,
			"Im":-1.0570289873153903e-15
		},
		"le_3313":{
			"Re":1.2565857982404229e-14,
			"Im":1.889691979540472e-14
		},
		"le_3322":6.016674684424193e-11,
		"le_3323":{
			"Re":2.3906102678096516e-12,
			"Im":-8.315325815890469e-14
		},
		"le_3333":8.635058777470689e-12,
		"ll_1111":-1.7277847938704958e-12,
		"ll_1122":-3.4555695877409916e-12,
		"ll_1133":-3.4555695877409916e-12,
		"ll_2222":-1.7277847938704958e-12,
		"ll_2233":-3.4555695877409916e-12,
		"ll_3333":-1.7277847938704958e-12,
		"lq1_1111":1.1518565292469972e-12,
		"lq1_1122":1.1518565292469972e-12,
		"lq1_1133":1.1518565292469972e-12,
		"lq1_2211":1.1518565292469972e-12,
		"lq1_2222":1.1518565292469972e-12,