{
	"eft":"SMEFT",
	"basis":"Warsaw",
	"scale":1000,
	"values":{
		"dd_1111":-5.743052706443952e-14,
		"dd_1122":-1.1486105412887905e-13,
		"dd_1133":-1.1486105412887905e-13,
		"dd_2222":-5.743052706443952e-14,
		"dd_2233":-1.1486105412887905e-13,
		"dd_3333":-5.743052706443952e-14,
		"eB_11":2.4287075577452065e-16,
		"eB_12":{
			"Re":1.764534765324989e-19,
			"Im":3.5308300878612596e-19
		},
		"eB_13":{
			"Re":3.248740192361638e-20,
			"Im":1.2502692775515845e-20
		},
		"eB_21":{
			"Re":3.6485468356993883e-17,
			"Im":-7.300733993804718e-17
		},
		"eB_22":2.5146808452084758e-14,
		"eB_23":{
			"Re":3.9645129323574067e-16,
			"Im":1.1669031448039952e-15
		},
		"eB_31":{
			"Re":1.1297033092002267e-16,
			"Im":-4.3476340261443054e-17
		},
		"eB_32":{
			"Re":6.667293171392998e-15,
			"Im":-1.9624315777934524e-14
		},
		"eB_33":1.9774544621087315e-15,
		"ed_1111":1.5177495313062434e-11,
		"ed_1122":1.5177495313062434e-11,
		"ed_1133":1.5177495313062434e-11,
		"ed_1211":{
			"Re":1.1289153128731737e-14,
			"Im":2.2580768743423957e-14
		},
		"ed_1222":{
			"Re":1.1289153128731737e-14,
			"Im":2.2580768743423957e-14
		},
		"ed_1233":{
			"Re":1.1289153128731737e-14,
			"Im":2.2580768743423957e-14
		},
		"ed_1311":{
			"Re":2.0758471146548258e-15,
			"Im":7.999323333914055e-16
		},
		"ed_1322":{
			"Re":2.0758471146548258e-15,
			"Im":7.999323333914055e-16
		},
		"ed_1333":{
			"Re":2.0758471146548258e-15,
			"Im":7.999323333914055e-16
		},
		"ed_2211":7.435237043244265e-12,
		"ed_2222":7.435237043244265e-12,
		"ed_2233":7.435237043244265e-12,
		"ed_2311":{
			"Re":1.2264857920707384e-13,
			"Im":3.6101138530857675e-13
		},
		"ed_2322":{
			"Re":1.2264857920707384e-13,
			"Im":3.6101138530857675e-13
		},
		"ed_2333":{
			"Re":1.2264857920707384e-13,
			"Im":3.6101138530857675e-13
		},
		"ed_3311":-3.0818928077938564e-13,
		"ed_3322":-3.0818928077938564e-13,
		"ed_3333":-3.0818928077938564e-13,
		"ee_1111":-1.0508707949771696e-9,
		"ee_1112":{
			"Re":-2.020529808895872e-12,
			"Im":-2.824653538250556e-12
		},
		"ee_1113":{
			"Re":-3.1565282736191547e-13,
			"Im":-1.3680909144292903e-13
		},
		"ee_1122":-1.9544058639496268e-9,
		"ee_1123":{
			"Re":-3.1529817152943625e-11,
			"Im":-9.280433909195657e-11
		},
		"ee_1133":3.617926329260662e-11,
		"ee_1212":{
			"Re":-2.022521817465942e-10,
			"Im":4.1658202486370757e-10
		},
		"ee_1213":{
			"Re":-4.540988565003953e-11,
			"Im":-4.708156775514598e-12
		},
		"ee_1222":{
			"Re":-2.8387466520048166e-13,
			"Im":-1.8229845463650616e-12
		},
		"ee_1223":{
			"Re":-2.096349772800267e-13,
			"Im":-7.419717516636746e-14
		},
		"ee_1232":{
			"Re":-1.7651187193017623e-13,
			"Im":1.3553373762259483e-13
		},
		"ee_1233":{
			"Re":6.7899039074812005e-15,
			"Im":6.716977009186797e-14
		},
		"ee_1313":{
			"Re":4.63456558971831e-14,
			"Im":-2.0983677082835437e-12
		},
		"ee_1323":{
			"Re":-6.166903538844973e-15,
			"Im":-1.6354831950166406e-14
		},
		"ee_1333":{
			"Re":4.816405149958183e-15,
			"Im":1.4123976691395315e-15
		},
		"ee_2222":-2.5149543511665417e-10,
		"ee_2223":{
			"Re":-7.781045335741337e-12,
			"Im":-2.441193771246047e-11
		},
		"ee_2233":1.7499603786046728e-11,
		"ee_2323":{
			"Re":7.589521463410798e-15,
			"Im":-3.0238772762884086e-13
		},
		"ee_2333":{
			"Re":3.016408164973232e-13,
			"Im":9.665972102016233e-13
		},
		"ee_3333":-4.1400225858228435e-13,
		"ephi_11":-2.8901767688924824e-15,
		"ephi_12":{
			"Re":-2.1013619505295284e-18,
			"Im":-4.203666412941625e-18
		},
		"ephi_13":{
			"Re":-3.865238743480727e-19,
			"Im":-1.488901314587899e-19
		},
		"ephi_21":{
			"Re":-4.345008658218784e-16,
			"Im":8.691966158789169e-16
		},
		"ephi_22":-2.99443539792248e-13,
		"ephi_23":{
			"Re":-4.720529194776915e-15,
			"Im":-1.3894569751934161e-14
		},
		"ephi_31":{
			"Re":-1.3441483285709559e-15,
			"Im":5.177698597657046e-16
		},
		"ephi_32":{
			"Re":-7.939108941583086e-14,
			"Im":2.3368249255000645e-13
		},
		"ephi_33":-2.355344992819552e-14,
		"eu_1111":-3.035499062612487e-11,
		"eu_1122":-3.035499062612487e-11,
		"eu_1133":-3.035499062612487e-11,
		"eu_1211":{
			"Re":-2.2578306257463474e-14,
			"Im":-4.5161537486847913e-14
		},
		"eu_1222":{
			"Re":-2.2578306257463474e-14,
			"Im":-4.5161537486847913e-14
		},
		"eu_1233":{
			"Re":-2.2578306257463474e-14,
			"Im":-4.5161537486847913e-14
		},
		"eu_1311":{
			"Re":-4.1516942293096515e-15,
			"Im":-1.599864666782811e-15
		},
		"eu_1322":{
			"Re":-4.1516942293096515e-15,
			"Im":-1.599864666782811e-15
		},
		"eu_1333":{
			"Re":-4.1516942293096515e-15,
			"Im":-1.599864666782811e-15
		},
		"eu_2211":-1.487047408648853e-11,
		"eu_2222":-1.487047408648853e-11,
		"eu_2233":-1.487047408648853e-11,
		"eu_2311":{
			"Re":-2.452971584141477e-13,
			"Im":-7.220227706171535e-13
		},
		"eu_2322":{
			"Re":-2.452971584141477e-13,
			"Im":-7.220227706171535e-13
		},
		"eu_2333":{
			"Re":-2.452971584141477e-13,
			"Im":-7.220227706171535e-13
		},
		"eu_3311":6.163785615587713e-13,
		"eu_3322":6.163785615587713e-13,
		"eu_3333":6.163785615587713e-13,
		"phi":-7.945168517792511e-11,
		"phiB":1.2829365355022269e-11,
		"phiBox":-6.381684028359633e-11,
		"phid_11":1.7229158119331856e-13,
		"phid_22":1.7229158119331856e-13,
		"phid_33":1.7229158119331856e-13,
		"phiD":-5.168747435799557e-13,
		"phie_11":-2.2766242969593628e-11,
		"phie_12":{
			"Re":-1.69337296930976e-14,
			"Im":-3.3871153115135914e-14
		},
		"phie_13":{
			"Re":-3.1137706719822347e-15,
			"Im":-1.1998985000871075e-15
		},
		"phie_22":-1.1152855564866391e-11,
		"phie_23":{
			"Re":-1.8397286881061068e-13,
			"Im":-5.415170779628649e-13
		},
		"phie_33":4.622839211690785e-13,
		"phil1_11":2.584373697790138e-13,
		"phil1_22":2.5839431896330455e-13,
		"phil1_23":{
			"Re":-1.14148011201984e-17,
			"Im":-3.3597991863659444e-17
		},
		"phil1_33":2.583804360458036e-13,
		"phil3_22":-4.305282667333185e-17,
		"phil3_23":{
			"Re":-1.14148011201984e-17,
			"Im":-3.3597991863659444e-17
		},
		"phil3_33":-5.693574417424853e-17,
		"phiq1_11":-8.614579059665928e-14,
		"phiq1_22":-8.614579059665928e-14,
		"phiq1_33":-8.614579059665928e-14,
		"phiu_11":-3.445831623866371e-13,
		"phiu_22":-3.445831623866371e-13,
		"phiu_33":-3.445831623866371e-13,
		"ld_1111":-1.7229158119331856e-13,
		"ld_1122":-1.7229158119331856e-13,
		"ld_1133":-1.7229158119331856e-13,
		"ld_2211":-1.7229158119331856e-13,
		"ld_2222":-1.7229158119331856e-13,
		"ld_2233":-1.7229158119331856e-13,
		"ld_3311":-1.7229158119331856e-13,
		"ld_3322":-1.7229158119331856e-13,
		"ld_3333":-1.7229158119331856e-13,
		"le_1111":2.2766242969593628e-11,
		"le_1112":{
			"Re":1.69337296930976e-14,
			"Im":3.3871153115135914e-14
		},
		"le_1113":{
			"Re":3.1137706719822347e-15,
			"Im":1.1998985000871075e-15
		},
		"le_1122":1.1152855564866391e-11,
		"le_1123":{
			"Re":1.8397286881061068e-13,
			"Im":5.415170779628649e-13
		},
		"le_1133":-4.622839211690785e-13,
		"le_2211":2.2766242969593628e-11,
		"le_2212":{
			"Re":1.69337296930976e-14,
			"Im":3.3871153115135914e-14
		},
		"le_2213":{
			"Re":3.1137706719822347e-15,
			"Im":1.1998985000871075e-15
		},
		"le_2222":1.1152855564866391e-11,
		"le_2223":{
			"Re":1.8397286881061068e-13,
			"Im":5.415170779628649e-13
		},
		"le_2233":-4.622839211690785e-13,
		"le_3311":2.2766242969593628e-11,
		"le_3312":{
			"Re":1.69337296930976e-14,
			"Im":3.3871153115135914e-14
		},
		"le_3313":{
			"Re":3.1137706719822347e-15,
			"Im":1.1998985000871075e-15
		},
		"le_3322":1.1152855564866391e-11,
		"le_3323":{
			"Re":1.8397286881061068e-13,
			"Im":5.415170779628649e-13
		},
		"le_3333":-4.622839211690785e-13,
		"ll_1111":-1.2921868589498893e-13,
		"ll_1122":-2.5843737178997786e-13,
		"ll_1133":-2.5843737178997786e-13,
		"ll_2222":-1.2921868589498893e-13,
		"ll_2233":-2.5843737178997786e-13,
		"ll_3333":-1.2921868589498893e-13,
		"lq1_1111":8.614579059665928e-14,
		"lq1_1122":8.614579059665928e-14,
		"lq1_1133":8.614579059665928e-14,
		"lq1_2211":8.614579059665928e-14,
		"lq1_2222":8.614579059665928e-14,