{
	"eft":"SMEFT",
	"basis":"Warsaw",
	"scale":1000,
	"values":{
		"dd_1111":-6.88622411782356e-14,
		"dd_1122":-1.377244823564712e-13,
		"dd_1133":-1.377244823564712e-13,
		"dd_2222":-6.88622411782356e-14,
		"dd_2233":-1.377244823564712e-13,
		"dd_3333":-6.88622411782356e-14,
		"eB_11":3.0644997866593093e-16,
		"eB_13":{
			"Re":0.0,
			"Im":-4.0908251113496195e-20
		},
		"eB_21":{
			"Re":1.0920494528573535e-18,
			"Im":2.9575777710859354e-19
		},
		"eB_22":7.409853777342105e-15,
		"eB_23":{
			"Re":-1.2677966377322705e-16,
			"Im":-2.4527005246586567e-16
		},
		"eB_31":{
			"Re":1.3672065640080846e-17,
			"Im":1.4225263923895553e-16
		},
		"eB_32":{
			"Re":-2.132108536329364e-15,
			"Im":4.124812742079982e-15
		},
		"eB_33":5.266838922875738e-13,
		"ed_1111":1.9227780936962762e-11,
		"ed_1122":1.9227780936962762e-11,
		"ed_1133":1.9227780936962762e-11,
		"ed_1211":{
			"Re":3.232024392490309e-16,
			"Im":-1.1378826068902064e-16
		},
		"ed_1222":{
			"Re":3.232024392490309e-16,
			"Im":-1.1378826068902064e-16
		},
		"ed_1233":{
			"Re":3.232024392490309e-16,
			"Im":-1.1378826068902064e-16
		},
		"ed_1311":{
			"Re":2.5998090560724173e-16,
			"Im":-2.48694621512793e-15
		},
		"ed_1322":{
			"Re":2.5998090560724173e-16,
			"Im":-2.48694621512793e-15
		},
		"ed_1333":{
			"Re":2.5998090560724173e-16,
			"Im":-2.48694621512793e-15
		},
		"ed_2211":1.9300504285156118e-12,
		"ed_2222":1.9300504285156118e-12,
		"ed_2233":1.9300504285156118e-12,
		"ed_2311":{
			"Re":-3.953163783901094e-14,
			"Im":-7.690696712849645e-14
		},
		"ed_2322":{
			"Re":-3.953163783901094e-14,
			"Im":-7.690696712849645e-14
		},
		"ed_2333":{
			"Re":-3.953163783901094e-14,
			"Im":-7.690696712849645e-14
		},
		"ed_3311":9.404646402122718e-12,
		"ed_3322":9.404646402122718e-12,
		"ed_3333":9.404646402122718e-12,
		"ee_1111":-1.3844038499358208e-9,
		"ee_1112":{
			"Re":1.4742139377012341e-13,
			"Im":3.162500914666981e-13
		},
		"ee_1113":{
			"Re":-3.551743800832079e-13,
			"Im":-2.682599852294304e-12
		},
		"ee_1122":-5.6928226926813e-10,
		"ee_1123":{
			"Re":1.066286779042469e-11,
			"Im":2.0678147362213724e-11
		},
		"ee_1133":-2.5824580877634233e-9,
		"ee_1212":{
			"Re":7.253899024410106e-11,
			"Im":-1.3560768641274147e-10
		},
		"ee_1213":{
			"Re":-4.817125342349998e-12,
			"Im":8.235885027859923e-12
		},
		"ee_1222":{
			"Re":-2.7391630549576557e-14,
			"Im":-3.9764820890293526e-14
		},
		"ee_1223":{
			"Re":-6.186987266317709e-15,
			"Im":7.819208237410025e-14
		},
		"ee_1232":{
			"Re":3.513402403276775e-13,
			"Im":2.275844647218106e-13
		},
		"ee_1233":{
			"Re":-6.794781831156767e-14,
			"Im":-3.1992510226968826e-15
		},
		"ee_1313":{
			"Re":6.214433430474878e-10,
			"Im":-1.3108843173889238e-10
		},
		"ee_1323":{
			"Re":9.092028894469018e-14,
			"Im":-1.7039969570062203e-13
		},
		"ee_1333":{
			"Re":1.788553187681992e-13,
			"Im":2.0568985532418503e-12
		},
		"ee_2222":-1.1978328913053131e-11,
		"ee_2223":{
			"Re":-2.5006132272527352e-14,
			"Im":2.19128174106178e-12
		},
		"ee_2233":-2.7974260042614325e-10,
		"ee_2323":{
			"Re":5.054973151951384e-11,
			"Im":6.004892491840603e-11
		},
		"ee_2333":{
			"Re":1.964115335652049e-12,
			"Im":6.550646513823575e-12
		},
		"ee_3333":-3.1006472456870334e-10,
		"ephi_11":-4.6515524680094415e-17,
		"ephi_21":{
			"Re":-1.6048108290843916e-19,
			"Im":-5.25252671617523e-20
		},
		"ephi_22":-1.1407378710616288e-15,
		"ephi_23":{
			"Re":1.925003849529831e-17,
			"Im":3.738931202651091e-17
		},
		"ephi_31":{
			"Re":-2.1216296270500195e-18,
			"Im":-2.0809001301215035e-17
		},
		"ephi_32":{
			"Re":3.249848921177714e-16,
			"Im":-6.312079274145241e-16
		},
		"ephi_33":-8.02757792540994e-14,
		"eu_1111":-3.8455561873925525e-11,
		"eu_1122":-3.8455561873925525e-11,
		"eu_1133":-3.8455561873925525e-11,
		"eu_1211":{
			"Re":-6.464048784980618e-16,
			"Im":2.2757652137804127e-16
		},
		"eu_1222":{
			"Re":-6.464048784980618e-16,
			"Im":2.2757652137804127e-16
		},
		"eu_1233":{
			"Re":-6.464048784980618e-16,
			"Im":2.2757652137804127e-16
		},
		"eu_1311":{
			"Re":-5.199618112144835e-16,
			"Im":4.97389243025586e-15
		},
		"eu_1322":{
			"Re":-5.199618112144835e-16,
			"Im":4.97389243025586e-15
		},
		"eu_1333":{
			"Re":-5.199618112144835e-16,
			"Im":4.97389243025586e-15
		},
		"eu_2211":-3.8601008570312236e-12,
		"eu_2222":-3.8601008570312236e-12,
		"eu_2233":-3.8601008570312236e-12,
		"eu_2311":{
			"Re":7.906327567802187e-14,
			"Im":1.538139342569929e-13
		},
		"eu_2322":{
			"Re":7.906327567802187e-14,
			"Im":1.538139342569929e-13
		},
		"eu_2333":{
			"Re":7.906327567802187e-14,
			"Im":1.538139342569929e-13
		},
		"eu_3311":-1.8809292804245436e-11,
		"eu_3322":-1.8809292804245436e-11,
		"eu_3333":-1.8809292804245436e-11,
		"phi":-1.965226528090747e-16,
		"phiB":1.9582459731824685e-13,
		"phiBox":-1.6731491755706801e-13,
		"phid_11":2.065867235347068e-13,
		"phid_22":2.065867235347068e-13,
		"phid_33":2.065867235347068e-13,
		"phiD":-6.197601706041204e-13,
		"phie_11":-2.8841671405444134e-11,
		"phie_12":{
			"Re":-4.848036588735457e-16,
			"Im":1.7068239103353204e-16
		},
		"phie_13":{
			"Re":-3.8997135841086126e-16,
			"Im":3.7304193226919095e-15
		},
		"phie_22":-2.8950756427734195e-12,
		"phie_23":{
			"Re":5.929745675851625e-14,
			"Im":1.1536045069274453e-13
		},
		"phie_33":-1.4106969603184055e-11,
		"phil1_11":3.0988008276466164e-13,
		"phil1_22":3.0986739919316653e-13,
		"phil1_23":{
			"Re":3.650296197158549e-18,
			"Im":7.06192391702884e-18
		},
		"phil1_33":2.9471556954375295e-13,
		"phil3_22":-1.2686108893639569e-17,
		"phil3_23":{
			"Re":3.650296197158549e-18,
			"Im":7.06192391702884e-18
		},
		"phil3_33":-1.516451575830721e-14,
		"phiq1_11":-1.032933617673534e-13,
		"phiq1_22":-1.032933617673534e-13,
		"phiq1_33":-1.032933617673534e-13,
		"phiu_11":-4.131734470694136e-13,
		"phiu_22":-4.131734470694136e-13,
		"phiu_33":-4.131734470694136e-13,
		"ld_1111":-2.065867235347068e-13,
		"ld_1122":-2.065867235347068e-13,
		"ld_1133":-2.065867235347068e-13,
		"ld_2211":-2.065867235347068e-13,
		"ld_2222":-2.065867235347068e-13,
		"ld_2233":-2.065867235347068e-13,
		"ld_3311":-2.065867235347068e-13,
		"ld_3322":-2.065867235347068e-13,
		"ld_3333":-2.065867235347068e-13,
		"le_1111":2.8841671405444134e-11,
		"le_1112":{
			"Re":4.848036588735457e-16,
			"Im":-1.7068239103353204e-16
		},
		"le_1113":{
			"Re":3.8997135841086126e-16,
			"Im":-3.7304193226919095e-15
		},
		"le_1122":2.8950756427734195e-12,
		"le_1123":{
			"Re":-5.929745675851625e-14,
			"Im":-1.1536045069274453e-13
		},
		"le_1133":1.4106969603184055e-11,
		"le_2211":2.8841671405444134e-11,
		"le_2212":{
			"Re":4.848036588735457e-16,
			"Im":-1.7068239103353204e-16
		},
		"le_2213":{
			"Re":3.8997135841086126e-16,
			"Im":-3.7304193226919095e-15
		},
		"le_2222":2.8950756427734195e-12,
		"le_2223":{
			"Re":-5.929745675851625e-14,
			"Im":-1.1536045069274453e-13
		},
		"le_2233":1.4106969603184055e-11,
		"le_3311":2.8841671405444134e-11,
		"le_3312":{
			"Re":4.848036588735457e-16,
			"Im":-1.7068239103353204e-16
		},
		"le_3313":{
			"Re":3.8997135841086126e-16,
			"Im":-3.7304193226919095e-15
		},
		"le_3322":2.8950756427734195e-12,
		"le_3323":{
			"Re":-5.929745675851625e-14,
			"Im":-1.1536045069274453e-13
		},
		"le_3333":1.4106969603184055e-11,
		"ll_1111":-1.549400426510301e-13,
		"ll_1122":-3.098800853020602e-13,
		"ll_1133":-3.098800853020602e-13,
		"ll_2222":-1.549400426510301e-13,
		"ll_2233":-3.098800853020602e-13,
		"ll_3333":-1.549400426510301e-13,
		"lq1_1111":1.032933617673534e-13,
		"lq1_1122":1.032933617673534e-13,
		"lq1_1133":1.032933617673534e-13,
		"lq1_2211":1.032933617673534e-13,
		"lq1_2222":1.032933617673534e-13,
		"lq1_2233":1.032933617673534e-13,
		"lq1_3311":1.032933617673534e-13,
		"lq1_3322":1.032933617673534e-13,
		"lq1_3333":1.032933617673534e-13,
		"lu_1111":4.131734470694136e-13,
		"lu_1122":4.131734470694136e-13,
		"lu_1133":4.131734470694136e-13,
		"lu_2211":4.131734470694136e-13,