{
	"eft":"SMEFT",
	"basis":"Warsaw",
	"scale":1000,
	"values":{
		"dd_1111":-2.1335555873185887e-13,
		"dd_1122":-4.2671111746371774e-13,
		"dd_1133":-4.2671111746371774e-13,
		"dd_2222":-2.1335555873185887e-13,
		"dd_2233":-4.2671111746371774e-13,
		"dd_3333":-2.1335555873185887e-13,
		"eB_11":6.7492944425644646e-18,
		"eB_12":{
			"Re":-1.4840493994248414e-20,
			"Im":-3.154669883004747e-20
		},
		"eB_13":{
			"Re":-2.2825271632054065e-18,
			"Im":-6.172263520116004e-18
		},
		"eB_21":{
			"Re":-3.0685843354828285e-18,
			"Im":6.5229436367578684e-18
		},
		"eB_22":8.806271817024592e-14,
		"eB_23":{
			"Re":-1.7747689283493996e-16,
			"Im":9.449603942454472e-17
		},
		"eB_31":{
			"Re":-7.937164368130298e-15,
			"Im":2.1463170678668748e-14
		},
		"eB_32":{
			"Re":-2.984705803380633e-15,
			"Im":-1.5891808379204299e-15
		},
		"eB_33":1.1078294375706354e-13,
		"ed_1111":-7.47098503306704e-13,
		"ed_1122":-7.47098503306704e-13,
		"ed_1133":-7.47098503306704e-13,
		"ed_1211":{
			"Re":-1.514234589260813e-15,
			"Im":-2.1478228293402454e-15
		},
		"ed_1222":{
			"Re":-1.514234589260813e-15,
			"Im":-2.1478228293402454e-15
		},
		"ed_1233":{
			"Re":-1.514234589260813e-15,
			"Im":-2.1478228293402454e-15
		},
		"ed_1311":{
			"Re":-1.8023181409661493e-13,
			"Im":-4.873710580717224e-13
		},
		"ed_1322":{
			"Re":-1.8023181409661493e-13,
			"Im":-4.873710580717224e-13
		},
		"ed_1333":{
			"Re":-1.8023181409661493e-13,
			"Im":-4.873710580717224e-13
		},
		"ed_2211":3.2328856530127826e-11,
		"ed_2222":3.2328856530127826e-11,
		"ed_2233":3.2328856530127826e-11,
		"ed_2311":{
			"Re":-6.856815922201362e-14,
			"Im":3.7846006200275663e-14
		},
		"ed_2322":{
			"Re":-6.856815922201362e-14,
			"Im":3.7846006200275663e-14
		},
		"ed_2333":{
			"Re":-6.856815922201362e-14,
			"Im":3.7846006200275663e-14
		},
		"ed_3311":1.2355555098580375e-12,
		"ed_3322":1.2355555098580375e-12,
		"ed_3333":1.2355555098580375e-12,
		"ee_1111":-6.323010560204077e-13,
		"ee_1112":{
			"Re":1.1842491318438709e-12,
			"Im":1.0815577365453691e-12
		},
		"ee_1113":{
			"Re":-7.867202762734291e-13,
			"Im":-1.0880174278604956e-13
		},
		"ee_1122":4.20912669837289e-11,
		"ee_1123":{
			"Re":-1.497334069141108e-12,
			"Im":4.880307624598085e-12
		},
		"ee_1133":1.4446856636981674e-12,
		"ee_1212":{
			"Re":1.7810465540690082e-11,
			"Im":-8.324648308972808e-13
		},
		"ee_1213":{
			"Re":2.4296553343666856e-12,
			"Im":-5.985040354775578e-12
		},
		"ee_1222":{
			"Re":8.93024429575343e-11,
			"Im":-8.913164465890508e-11
		},
		"ee_1223":{
			"Re":6.5282720550156775e-12,
			"Im":1.7742050630748322e-11
		},
		"ee_1232":{
			"Re":-4.923691666937574e-11,
			"Im":-2.6755240922542354e-11
		},
		"ee_1233":{
			"Re":-1.62279458162069e-11,
			"Im":1.1992359714232234e-11
		},
		"ee_1313":{
			"Re":1.266313542977288e-12,
			"Im":6.650944546550058e-13
		},
		"ee_1323":{
			"Re":9.239169992845619e-12,
			"Im":9.223814087251505e-13
		},
		"ee_1333":{
			"Re":4.4075970615180407e-13,
			"Im":-9.295825519404028e-13
		},
		"ee_2222":-6.398916755490667e-10,
		"ee_2223":{
			"Re":2.2093650181682214e-10,
			"Im":-4.6527445965857753e-10
		},
		"ee_2233":-3.21839272867024e-11,
		"ee_2323":{
			"Re":6.525715552884112e-11,
			"Im":8.156633934427201e-11
		},
		"ee_2333":{
			"Re":-1.6469627625182406e-11,
			"Im":3.357523503528857e-11
		},
		"ee_3333":1.427048815835596e-12,
		"ephi_11":-2.205270467007995e-19,
		"ephi_13":{
			"Re":7.322753246409922e-20,
			"Im":1.9801711792946645e-19
		},
		"ephi_21":{
			"Re":1.2211104949327047e-19,
			"Im":-1.911917542211831e-19
		},
		"ephi_22":-2.875484966816638e-15,
		"ephi_23":{
			"Re":5.744435108046601e-18,
			"Im":-3.143970242248851e-18
		},
		"ephi_31":{
			"Re":2.5930319167689056e-16,
			"Im":-7.011907860251774e-16
		},
		"ephi_32":{
			"Re":9.83546257994864e-17,
			"Im":5.380420219170291e-17
		},
		"ephi_33":-3.554225558462092e-15,
		"eu_1111":1.494197006613408e-12,
		"eu_1122":1.494197006613408e-12,
		"eu_1133":1.494197006613408e-12,
		"eu_1211":{
			"Re":3.028469178521626e-15,
			"Im":4.295645658680491e-15
		},
		"eu_1222":{
			"Re":3.028469178521626e-15,
			"Im":4.295645658680491e-15
		},
		"eu_1233":{
			"Re":3.028469178521626e-15,
			"Im":4.295645658680491e-15
		},
		"eu_1311":{
			"Re":3.6046362819322986e-13,
			"Im":9.747421161434448e-13
		},
		"eu_1322":{
			"Re":3.6046362819322986e-13,
			"Im":9.747421161434448e-13
		},
		"eu_1333":{
			"Re":3.6046362819322986e-13,
			"Im":9.747421161434448e-13
		},
		"eu_2211":-6.465771306025565e-11,
		"eu_2222":-6.465771306025565e-11,
		"eu_2233":-6.465771306025565e-11,
		"eu_2311":{
			"Re":1.3713631844402724e-13,
			"Im":-7.569201240055133e-14
		},
		"eu_2322":{
			"Re":1.3713631844402724e-13,
			"Im":-7.569201240055133e-14
		},
		"eu_2333":{
			"Re":1.3713631844402724e-13,
			"Im":-7.569201240055133e-14
		},
		"eu_3311":-2.471111019716075e-12,
		"eu_3322":-2.471111019716075e-12,
		"eu_3333":-2.471111019716075e-12,
		"phi":-3.854052763582466e-18,
		"phiB":1.1223219610578261e-13,
		"phiBox":-4.813619606572756e-13,
		"phid_11":6.400666761955766e-13,
		"phid_22":6.400666761955766e-13,
		"phid_33":6.400666761955766e-13,
		"phiD":-1.9202000285867297e-12,
		"phie_11":1.1206477549600559e-12,
		"phie_12":{
			"Re":2.2713518838913457e-15,
			"Im":3.221734244010368e-15
		},
		"phie_13":{
			"Re":2.7034772114492234e-13,
			"Im":7.310565871075832e-13
		},
		"phie_22":-4.849328479519172e-11,
		"phie_23":{
			"Re":1.0285223883302053e-13,
			"Im":-5.676900930041309e-14
		},
		"phie_33":-1.853333264787055e-12,
		"phil1_11":9.601000142374809e-13,
		"phil1_13":{
			"Re":6.571953242172334e-20,
			"Im":1.7771454336431054e-19
		},
		"phil1_22":9.599492456998478e-13,
		"phil1_23":{
			"Re":5.109993256944689e-18,
			"Im":-2.72077179487535e-18
		},
		"phil1_33":9.569103027397062e-13,
		"phil3_13":{
			"Re":6.571953242172334e-20,
			"Im":1.7771454336431054e-19
		},
		"phil3_22":-1.507685935171529e-16,
		"phil3_23":{
			"Re":5.109993256944689e-18,
			"Im":-2.72077179487535e-18
		},
		"phil3_33":-3.1897115536587823e-15,
		"phiq1_11":-3.200333380977883e-13,
		"phiq1_22":-3.200333380977883e-13,
		"phiq1_33":-3.200333380977883e-13,
		"phiu_11":-1.2801333523911532e-12,
		"phiu_22":-1.2801333523911532e-12,
		"phiu_33":-1.2801333523911532e-12,
		"ld_1111":-6.400666761955766e-13,
		"ld_1122":-6.400666761955766e-13,
		"ld_1133":-6.400666761955766e-13,
		"ld_2211":-6.400666761955766e-13,
		"ld_2222":-6.400666761955766e-13,
		"ld_2233":-6.400666761955766e-13,
		"ld_3311":-6.400666761955766e-13,
		"ld_3322":-6.400666761955766e-13,
		"ld_3333":-6.400666761955766e-13,
		"le_1111":-1.1206477549600559e-12,
		"le_1112":{
			"Re":-2.2713518838913457e-15,
			"Im":-3.221734244010368e-15
		},
		"le_1113":{
			"Re":-2.7034772114492234e-13,
			"Im":-7.310565871075832e-13
		},
		"le_1122":4.849328479519172e-11,
		"le_1123":{
			"Re":-1.0285223883302053e-13,
			"Im":5.676900930041309e-14
		},
		"le_1133":1.853333264787055e-12,
		"le_2211":-1.1206477549600559e-12,
		"le_2212":{
			"Re":-2.2713518838913457e-15,
			"Im":-3.221734244010368e-15
		},
		"le_2213":{
			"Re":-2.7034772114492234e-13,
			"Im":-7.310565871075832e-13
		},
		"le_2222":4.849328479519172e-11,
		"le_2223":{
			"Re":-1.0285223883302053e-13,
			"Im":5.676900930041309e-14
		},
		"le_2233":1.853333264787055e-12,
		"le_3311":-1.1206477549600559e-12,
		"le_3312":{
			"Re":-2.2713518838913457e-15,
			"Im":-3.221734244010368e-15
		},
		"le_3313":{
			"Re":-2.7034772114492234e-13,
			"Im":-7.310565871075832e-13
		},
		"le_3322":4.849328479519172e-11,
		"le_3323":{
			"Re":-1.0285223883302053e-13,
			"Im":5.676900930041309e-14
		},
		"le_3333":1.853333264787055e-12,
		"ll_1111":-4.800500071466824e-13,
		"ll_1122":-9.601000142933649e-13,
		"ll_1133":-9.601000142933649e-13,
		"ll_2222":-4.800500071466824e-13,
		"ll_2233":-9.601000142933649e-13,
		"ll_3333":-4.800500071466824e-13,
		"lq1_1111":3.200333380977883e-13,
		"lq1_1122":3.200333380977883e-13,
		"lq1_1133":3.200333380977883e-13,