{
	"eft":"SMEFT",
	"basis":"Warsaw",
	"scale":1000,
	"values":{
		"dd_1111":-1.829373326402847e-13,
		"dd_1122":-3.658746652805694e-13,
		"dd_1133":-3.658746652805694e-13,
		"dd_2222":-1.829373326402847e-13,
		"dd_2233":-3.658746652805694e-13,
		"dd_3333":-1.829373326402847e-13,
		"eB_11":2.7189327397472386e-16,
		"eB_12":{
			"Re":-5.883661367006359e-19,
			"Im":-4.2062175780238274e-19
		},
		"eB_13":{
			"Re":3.7687927933445515e-17,
			"Im":5.0051592850115986e-17
		},
		"eB_21":{
			"Re":-1.2165707632835595e-16,
			"Im":8.697239712211312e-17
		},
		"eB_22":1.5180792518171584e-13,
		"eB_23":{
			"Re":2.1987941354973012e-16,
			"Im":-8.845831274194596e-17
		},
		"eB_31":{
			"Re":1.3105442227549358e-13,
			"Im":-1.7404731288288922e-13
		},
		"eB_32":{
			"Re":3.697807366258959e-15,
			"Im":1.4876417722936442e-15
		},
		"eB_33":1.251639053875465e-13,
		"ed_1111":1.7489963838299853e-11,
		"ed_1122":1.7489963838299853e-11,
		"ed_1133":1.7489963838299853e-11,
		"ed_1211":{
			"Re":-3.2212180894584026e-14,
			"Im":-2.8209531380249917e-14
		},
		"ed_1222":{
			"Re":-3.2212180894584026e-14,
			"Im":-2.8209531380249917e-14
		},
		"ed_1233":{
			"Re":-3.2212180894584026e-14,
			"Im":-2.8209531380249917e-14
		},
		"ed_1311":{
			"Re":2.5829980843417278e-12,
			"Im":3.4065470810200882e-12
		},
		"ed_1322":{
			"Re":2.5829980843417278e-12,
			"Im":3.4065470810200882e-12
		},
		"ed_1333":{
			"Re":2.5829980843417278e-12,
			"Im":3.4065470810200882e-12
		},
		"ed_2211":4.773788410681156e-11,
		"ed_2222":4.773788410681156e-11,
		"ed_2233":4.773788410681156e-11,
		"ed_2311":{
			"Re":7.0926833178948e-14,
			"Im":-2.775671604871217e-14
		},
		"ed_2322":{
			"Re":7.0926833178948e-14,
			"Im":-2.775671604871217e-14
		},
		"ed_2333":{
			"Re":7.0926833178948e-14,
			"Im":-2.775671604871217e-14
		},
		"ed_3311":1.38041241366522e-12,
		"ed_3322":1.38041241366522e-12,
		"ed_3333":1.38041241366522e-12,
		"ee_1111":-3.5416209613244145e-10,
		"ee_1112":{
			"Re":2.865113988013851e-11,
			"Im":-5.6981159847591545e-12
		},
		"ee_1113":{
			"Re":-1.777985544949514e-10,
			"Im":-6.446134084593736e-11
		},
		"ee_1122":-4.30972341169814e-9,
		"ee_1123":{
			"Re":-6.9363064478804445e-12,
			"Im":1.7403801291620873e-11
		},
		"ee_1133":-1.220481680865353e-10,
		"ee_1212":{
			"Re":-1.110349391326749e-9,
			"Im":4.565214840008868e-10
		},
		"ee_1213":{
			"Re":-7.242572555394688e-13,
			"Im":7.250875489473804e-12
		},
		"ee_1222":{
			"Re":-6.431031862729911e-11,
			"Im":1.2549214190906547e-11
		},
		"ee_1223":{
			"Re":-6.183765911021035e-10,
			"Im":-8.178590546741307e-10
		},
		"ee_1232":{
			"Re":1.2014478543792818e-10,
			"Im":6.498421487136055e-10
		},
		"ee_1233":{
			"Re":3.214314573351058e-12,
			"Im":-2.111157779908578e-13
		},
		"ee_1313":{
			"Re":-1.605672251387635e-11,
			"Im":1.2496897309247367e-11
		},
		"ee_1323":{
			"Re":-4.06721457875735e-12,
			"Im":1.8590864883003016e-12
		},
		"ee_1333":{
			"Re":3.2925185040858042e-12,
			"Im":-9.585172692368252e-12
		},
		"ee_2222":-2.5746587738460006e-9,
		"ee_2223":{
			"Re":-8.888309863690227e-12,
			"Im":-8.354813531885173e-12
		},
		"ee_2233":-4.484964682940361e-10,
		"ee_2323":{
			"Re":1.2942420142429906e-10,
			"Im":-1.1132555285406142e-10
		},
		"ee_2333":{
			"Re":1.861341810572832e-13,
			"Im":5.775943722435039e-13
		},
		"ee_3333":-2.8525989899071594e-13,
		"ephi_11":8.748291410446777e-17,
		"ephi_12":{
			"Re":-1.6223724949282386e-19,
			"Im":-1.3349368572852225e-19
		},
		"ephi_13":{
			"Re":1.2170442592325155e-17,
			"Im":1.6082520250234722e-17
		},
		"ephi_21":{
			"Re":-3.3545711546107384e-17,
			"Im":2.7602447128355977e-17
		},
		"ephi_22":4.7897684664249064e-14,
		"ephi_23":{
			"Re":6.963906202302015e-17,
			"Im":-2.7472779166343987e-17
		},
		"ephi_31":{
			"Re":4.224396397267006e-14,
			"Im":-5.582239116963553e-14
		},
		"ephi_32":{
			"Re":1.168984684512573e-15,
			"Im":4.611504037614014e-16
		},
		"ephi_33":4.054966383042403e-14,
		"eu_1111":-3.4979927676599705e-11,
		"eu_1122":-3.4979927676599705e-11,
		"eu_1133":-3.4979927676599705e-11,
		"eu_1211":{
			"Re":6.442436178916805e-14,
			"Im":5.6419062760499834e-14
		},
		"eu_1222":{
			"Re":6.442436178916805e-14,
			"Im":5.6419062760499834e-14
		},
		"eu_1233":{
			"Re":6.442436178916805e-14,
			"Im":5.6419062760499834e-14
		},
		"eu_1311":{
			"Re":-5.1659961686834556e-12,
			"Im":-6.8130941620401764e-12
		},
		"eu_1322":{
			"Re":-5.1659961686834556e-12,
			"Im":-6.8130941620401764e-12
		},
		"eu_1333":{
			"Re":-5.1659961686834556e-12,
			"Im":-6.8130941620401764e-12
		},
		"eu_2211":-9.547576821362312e-11,
		"eu_2222":-9.547576821362312e-11,
		"eu_2233":-9.547576821362312e-11,
		"eu_2311":{
			"Re":-1.41853666357896e-13,
			"Im":5.551343209742434e-14
		},
		"eu_2322":{
			"Re":-1.41853666357896e-13,
			"Im":5.551343209742434e-14
		},
		"eu_2333":{
			"Re":-1.41853666357896e-13,
			"Im":5.551343209742434e-14
		},
		"eu_3311":-2.76082482733044e-12,
		"eu_3322":-2.76082482733044e-12,
		"eu_3333":-2.76082482733044e-12,
		"phi":4.332926427843238e-15,
		"phiB":-1.053264873688046e-12,
		"phiBox":-5.463687945514976e-13,
		"phid_11":5.488119979208541e-13,
		"phid_22":5.488119979208541e-13,
		"phid_33":5.488119979208541e-13,
		"phiD":-1.6464359937625621e-12,
		"phie_11":-2.6234945757449773e-11,
		"phie_12":{
			"Re":4.831827134187599e-14,
			"Im":4.231429707037488e-14
		},
		"phie_13":{
			"Re":-3.874497126512591e-12,
			"Im":-5.109820621530133e-12
		},
		"phie_22":-7.160682616021731e-11,
		"phie_23":{
			"Re":-1.0639024976842197e-13,
			"Im":4.163507407306821e-14
		},
		"phie_33":-2.0706186204978287e-12,
		"phil1_11":8.232179946300113e-13,
		"phil1_13":{
			"Re":-1.0851275032588747e-18,
			"Im":-1.4411076161971097e-18
		},
		"phil1_22":8.229580927147965e-13,
		"phil1_23":{
			"Re":-6.330865402433153e-18,
			"Im":2.5469308956881415e-18
		},
		"phil1_33":8.196142223147629e-13,
		"phil3_13":{
			"Re":-1.0851275032588747e-18,
			"Im":-1.4411076161971097e-18
		},
		"phil3_22":-2.5990416648458266e-16,
		"phil3_23":{
			"Re":-6.330865402433153e-18,
			"Im":2.5469308956881415e-18
		},
		"phil3_33":-3.6037745665181105e-15,
		"phiq1_11":-2.7440599896042703e-13,
		"phiq1_22":-2.7440599896042703e-13,
		"phiq1_33":-2.7440599896042703e-13,
		"phiu_11":-1.0976239958417081e-12,
		"phiu_22":-1.0976239958417081e-12,
		"phiu_33":-1.0976239958417081e-12,
		"ld_1111":-5.488119979208541e-13,
		"ld_1122":-5.488119979208541e-13,
		"ld_1133":-5.488119979208541e-13,
		"ld_2211":-5.488119979208541e-13,
		"ld_2222":-5.488119979208541e-13,
		"ld_2233":-5.488119979208541e-13,
		"ld_3311":-5.488119979208541e-13,
		"ld_3322":-5.488119979208541e-13,
		"ld_3333":-5.488119979208541e-13,
		"le_1111":2.6234945757449773e-11,
		"le_1112":{
			"Re":-4.831827134187599e-14,
			"Im":-4.231429707037488e-14
		},
		"le_1113":{
			"Re":3.874497126512591e-12,
			"Im":5.109820621530133e-12
		},
		"le_1122":7.160682616021731e-11,
		"le_1123":{
			"Re":1.0639024976842197e-13,
			"Im":-4.163507407306821e-14
		},
		"le_1133":2.0706186204978287e-12,
		"le_2211":2.6234945757449773e-11,
		"le_2212":{
			"Re":-4.831827134187599e-14,
			"Im":-4.231429707037488e-14
		},
		"le_2213":{
			"Re":3.874497126512591e-12,
			"Im":5.109820621530133e-12
		},
		"le_2222":7.160682616021731e-11,
		"le_2223":{
			"Re":1.0639024976842197e-13,
			"Im":-4.163507407306821e-14
		},
		"le_2233":2.0706186204978287e-12,
		"le_3311":2.6234945757449773e-11,
		"le_3312":{
			"Re":-4.831827134187599e-14,
			"Im":-4.231429707037488e-14
		},
		"le_3313":{
			"Re":3.874497126512591e-12,
			"Im":5.109820621530133e-12
		},
		"le_3322":7.160682616021731e-11,
		"le_3323":{
			"Re":1.0639024976842197e-13,
			"Im":-4.163507407306821e-14
		},
		"le_3333":2.0706186204978287e-12,
		"ll_1111":-4.1160899844064053e-13,
		"ll_1122":-8.232179968812811e-13,
		"ll_1133":-8.232179968812811e-13,
		"ll_2222":-4.1160899844064053e-13,
		"ll_2233":-8.232179968812811e-13,
		"ll_3333":-4.1160899844064053e-13,
		"lq1_1111":2.7440599896042703e-13,