{
	"eft":"SMEFT",
	"basis":"Warsaw",
	"scale":1000,
	"values":{
		"dd_1111":-6.720842731508485e-14,
		"dd_1122":-1.344168546301697e-13,
		"dd_1133":-1.344168546301697e-13,
		"dd_2222":-6.720842731508485e-14,
		"dd_2233":-1.344168546301697e-13,
		"dd_3333":-6.720842731508485e-14,
		"eB_11":6.083246146044454e-17,
		"eB_12":{
			"Re":3.850478513265859e-18,
			"Im":2.998723136218548e-18
		},
		"eB_13":{
			"Re":-2.3537841405745597e-17,
			"Im":-1.007959298021503e-18
		},
		"eB_21":{
			"Re":7.961674358349731e-16,
			"Im":-6.200490930975579e-16
		},
		"eB_22":4.030435410640125e-14,
		"eB_23":{
			"Re":2.6576383055325246e-16,
			"Im":-1.8682348532304725e-16
		},
		"eB_31":{
			"Re":-8.184950397086416e-14,
			"Im":3.5050354509459064e-15
		},
		"eB_32":{
			"Re":4.4694654876486246e-15,
			"Im":3.141891498912178e-15
		},
		"eB_33":6.528754278999544e-13,
		"ed_1111":3.3152331685572045e-12,
		"ed_1122":3.3152331685572045e-12,
		"ed_1133":3.3152331685572045e-12,
		"ed_1211":{
			"Re":2.3527244020004526e-13,
			"Im":1.8324243908543107e-13
		},
		"ed_1222":{
			"Re":2.3527244020004526e-13,
			"Im":1.8324243908543107e-13
		},
		"ed_1233":{
			"Re":2.3527244020004526e-13,
			"Im":1.8324243908543107e-13
		},
		"ed_1311":{
			"Re":-1.4382345360150608e-12,
			"Im":-6.165356121949635e-14
		},
		"ed_1322":{
			"Re":-1.4382345360150608e-12,
			"Im":-6.165356121949635e-14
		},
		"ed_1333":{
			"Re":-1.4382345360150608e-12,
			"Im":-6.165356121949635e-14
		},
		"ed_2211":1.1508035944313522e-11,
		"ed_2222":1.1508035944313522e-11,
		"ed_2233":1.1508035944313522e-11,
		"ed_2311":{
			"Re":7.851960464210218e-14,
			"Im":-5.5199907905293776e-14
		},
		"ed_2322":{
			"Re":7.851960464210218e-14,
			"Im":-5.5199907905293776e-14
		},
		"ed_2333":{
			"Re":7.851960464210218e-14,
			"Im":-5.5199907905293776e-14
		},
		"ed_3311":1.106986763162212e-11,
		"ed_3322":1.106986763162212e-11,
		"ed_3333":1.106986763162212e-11,
		"ee_1111":-6.272859866723055e-11,
		"ee_1112":{
			"Re":-1.1054239638978749e-11,
			"Im":-1.7943516727450783e-11
		},
		"ee_1113":{
			"Re":8.386802280107742e-11,
			"Im":3.3728158768491785e-11
		},
		"ee_1122":-6.250921608776384e-10,
		"ee_1123":{
			"Re":-6.429070452265788e-12,
			"Im":2.457969124902396e-12
		},
		"ee_1133":-6.029872102755802e-10,
		"ee_1212":{
			"Re":8.726531062839733e-11,
			"Im":5.928108805483057e-11
		},
		"ee_1213":{
			"Re":3.2910575329826593e-11,
			"Im":5.304926965287035e-11
		},
		"ee_1222":{
			"Re":-5.3135529728330294e-11,
			"Im":-7.059907312179636e-12
		},
		"ee_1223":{
			"Re":2.4378082057480253e-10,
			"Im":2.0491544595518702e-11
		},
		"ee_1232":{
			"Re":7.73801187436507e-11,
			"Im":-7.135316123814535e-11
		},
		"ee_1233":{
			"Re":1.484887059363222e-11,
			"Im":-4.606758569177104e-11
		},
		"ee_1313":{
			"Re":-1.6580904470302075e-11,
			"Im":-1.030972491817091e-10
		},
		"ee_1323":{
			"Re":2.8058249621677236e-11,
			"Im":-6.23105488169372e-12
		},
		"ee_1333":{
			"Re":1.4751917307001035e-10,
			"Im":-1.1438047167806178e-11
		},
		"ee_2222":-6.844016384685918e-10,
		"ee_2223":{
			"Re":1.5637303172264897e-10,
			"Im":9.20873027377184e-11
		},
		"ee_2233":-1.9034184689857397e-9,
		"ee_2323":{
			"Re":-1.9600103801470586e-10,
			"Im":-2.8033520426652636e-10
		},
		"ee_2333":{
			"Re":-1.718370459766662e-10,
			"Im":-7.932816133184866e-11
		},
		"ee_3333":-6.359674222960045e-10,
		"ephi_11":3.203657897649361e-16,
		"ephi_12":{
			"Re":2.0272374266810265e-17,
			"Im":1.5788811780489263e-17
		},
		"ephi_13":{
			"Re":-1.2393943845279658e-16,
			"Im":-5.311290079892355e-18
		},
		"ephi_21":{
			"Re":4.191738198869261e-15,
			"Im":-3.2646676992729253e-15
		},
		"ephi_22":2.1221188876272202e-13,
		"ephi_23":{
			"Re":1.3991859859909898e-15,
			"Im":-9.836218528353302e-16
		},
		"ephi_31":{
			"Re":-4.309337081972772e-13,
			"Im":1.8467197711656245e-14
		},
		"ephi_32":{
			"Re":2.352809945030957e-14,
			"Im":1.654015485307259e-14
		},
		"ephi_33":3.4379476261842623e-12,
		"eu_1111":-6.630466337114409e-12,
		"eu_1122":-6.630466337114409e-12,
		"eu_1133":-6.630466337114409e-12,
		"eu_1211":{
			"Re":-4.705448804000905e-13,
			"Im":-3.6648487817086213e-13
		},
		"eu_1222":{
			"Re":-4.705448804000905e-13,
			"Im":-3.6648487817086213e-13
		},
		"eu_1233":{
			"Re":-4.705448804000905e-13,
			"Im":-3.6648487817086213e-13
		},
		"eu_1311":{
			"Re":2.8764690720301215e-12,
			"Im":1.233071224389927e-13
		},
		"eu_1322":{
			"Re":2.8764690720301215e-12,
			"Im":1.233071224389927e-13
		},
		"eu_1333":{
			"Re":2.8764690720301215e-12,
			"Im":1.233071224389927e-13
		},
		"eu_2211":-2.3016071888627044e-11,
		"eu_2222":-2.3016071888627044e-11,
		"eu_2233":-2.3016071888627044e-11,
		"eu_2311":{
			"Re":-1.5703920928420436e-13,
			"Im":1.1039981581058755e-13
		},
		"eu_2322":{
			"Re":-1.5703920928420436e-13,
			"Im":1.1039981581058755e-13
		},
		"eu_2333":{
			"Re":-1.5703920928420436e-13,
			"Im":1.1039981581058755e-13
		},
		"eu_3311":-2.213973526324424e-11,
		"eu_3322":-2.213973526324424e-11,
		"eu_3333":-2.213973526324424e-11,
		"phi":8.848459761305349e-12,
		"phiB":-6.854576844654713e-12,
		"phiBox":-1.568671241610551e-11,
		"phid_11":2.0162528194525454e-13,
		"phid_22":2.0162528194525454e-13,
		"phid_33":2.0162528194525454e-13,
		"phiD":-6.048758458357636e-13,
		"phie_11":-4.972849752835807e-12,
		"phie_12":{
			"Re":-3.5290866030006787e-13,
			"Im":-2.748636586281465e-13
		},
		"phie_13":{
			"Re":2.15735180402259e-12,
			"Im":9.248034182924462e-14
		},
		"phie_22":-1.7262053916470265e-11,
		"phie_23":{
			"Re":-1.1777940696315024e-13,
			"Im":8.279986185793875e-14
		},
		"phie_33":-1.6604801447433172e-11,
		"phil1_11":3.024379224141905e-13,
		"phil1_13":{
			"Re":6.777119485535244e-19,
			"Im":2.9021610272131746e-20
		},
		"phil1_22":3.0236891947456895e-13,
		"phil1_23":{
			"Re":-7.651989847094893e-18,
			"Im":5.379104485041571e-18
		},
		"phil1_33":2.8364004460875243e-13,
		"phil3_13":{
			"Re":6.777119485535244e-19,
			"Im":2.9021610272131746e-20
		},
		"phil3_22":-6.900344331288826e-17,
		"phil3_23":{
			"Re":-7.651989847094893e-18,
			"Im":5.379104485041571e-18
		},
		"phil3_33":-1.8797878309129392e-14,
		"phiq1_11":-1.0081264097262727e-13,
		"phiq1_22":-1.0081264097262727e-13,
		"phiq1_33":-1.0081264097262727e-13,
		"phiu_11":-4.032505638905091e-13,
		"phiu_22":-4.032505638905091e-13,
		"phiu_33":-4.032505638905091e-13,
		"ld_1111":-2.0162528194525454e-13,
		"ld_1122":-2.0162528194525454e-13,
		"ld_1133":-2.0162528194525454e-13,
		"ld_2211":-2.0162528194525454e-13,
		"ld_2222":-2.0162528194525454e-13,
		"ld_2233":-2.0162528194525454e-13,
		"ld_3311":-2.0162528194525454e-13,
		"ld_3322":-2.0162528194525454e-13,
		"ld_3333":-2.0162528194525454e-13,
		"le_1111":4.972849752835807e-12,
		"le_1112":{
			"Re":3.5290866030006787e-13,
			"Im":2.748636586281465e-13
		},
		"le_1113":{
			"Re":-2.15735180402259e-12,
			"Im":-9.248034182924462e-14
		},
		"le_1122":1.7262053916470265e-11,
		"le_1123":{
			"Re":1.1777940696315024e-13,
			"Im":-8.279986185793875e-14
		},
		"le_1133":1.6604801447433172e-11,
		"le_2211":4.972849752835807e-12,
		"le_2212":{
			"Re":3.5290866030006787e-13,
			"Im":2.748636586281465e-13
		},
		"le_2213":{
			"Re":-2.15735180402259e-12,
			"Im":-9.248034182924462e-14
		},
		"le_2222":1.7262053916470265e-11,
		"le_2223":{
			"Re":1.1777940696315024e-13,
			"Im":-8.279986185793875e-14
		},
		"le_2233":1.6604801447433172e-11,
		"le_3311":4.972849752835807e-12,
		"le_3312":{
			"Re":3.5290866030006787e-13,
			"Im":2.748636586281465e-13
		},
		"le_3313":{
			"Re":-2.15735180402259e-12,
			"Im":-9.248034182924462e-14
		},
		"le_3322":1.7262053916470265e-11,
		"le_3323":{
			"Re":1.1777940696315024e-13,
			"Im":-8.279986185793875e-14
		},
		"le_3333":1.6604801447433172e-11,
		"ll_1111":-1.512189614589409e-13,
		"ll_1122":-3.024379229178818e-13,
		"ll_1133":-3.024379229178818e-13,
		"ll_2222":-1.512189614589409e-13,
		"ll_2233":-3.024379229178818e-13,
		"ll_3333":-1.512189614589409e-13,
		"lq1_1111":1.0081264097262727e-13,