{
	"eft":"SMEFT",
	"basis":"Warsaw",
	"scale":1000,
	"values":{
		"dd_1111":-1.5592284158954995e-13,
		"dd_1122":-3.118456831790999e-13,
		"dd_1133":-3.118456831790999e-13,
		"dd_2222":-1.5592284158954995e-13,
		"dd_2233":-3.118456831790999e-13,
		"dd_3333":-1.5592284158954995e-13,
		"eB_11":6.00004942406376e-16,
		"eB_13":1.5570270008933567e-19,
		"eB_21":{
			"Re":7.82714658841708e-20,
			"Im":1.2431400218754315e-19
		},
		"eB_22":6.973605396461813e-14,
		"eB_23":{
			"Re":-2.839964341961396e-18,
			"Im":3.2310624706926837e-18
		},
		"eB_31":{
			"Re":5.414340486687655e-16,
			"Im":1.8615575638169838e-17
		},
		"eB_32":{
			"Re":-4.7760910828717025e-17,
			"Im":-5.4338177513288966e-17
		},
		"eB_33":8.447663185827194e-13,
		"ed_1111":3.344857117789982e-11,
		"ed_1122":3.344857117789982e-11,
		"ed_1133":3.344857117789982e-11,
		"ed_1211":{
			"Re":5.574790741806038e-17,
			"Im":2.3311047853750658e-17
		},
		"ed_1222":{
			"Re":5.574790741806038e-17,
			"Im":2.3311047853750658e-17
		},
		"ed_1233":{
			"Re":5.574790741806038e-17,
			"Im":2.3311047853750658e-17
		},
		"ed_1311":{
			"Re":8.84600122823416e-15,
			"Im":-4.0655409607898928e-16
		},
		"ed_1322":{
			"Re":8.84600122823416e-15,
			"Im":-4.0655409607898928e-16
		},
		"ed_1333":{
			"Re":8.84600122823416e-15,
			"Im":-4.0655409607898928e-16
		},
		"ed_2211":1.8382620056609898e-11,
		"ed_2222":1.8382620056609898e-11,
		"ed_2233":1.8382620056609898e-11,
		"ed_2311":{
			"Re":-7.553997898264108e-16,
			"Im":6.240498094347997e-16
		},
		"ed_2322":{
			"Re":-7.553997898264108e-16,
			"Im":6.240498094347997e-16
		},
		"ed_2333":{
			"Re":-7.553997898264108e-16,
			"Im":6.240498094347997e-16
		},
		"ed_3311":1.2977288258472987e-11,
		"ed_3322":1.2977288258472987e-11,
		"ed_3333":1.2977288258472987e-11,
		"ee_1111":-3.311242509314654e-9,
		"ee_1112":{
			"Re":8.535292180400298e-12,
			"Im":1.1147954061112197e-11
		},
		"ee_1113":{
			"Re":-1.3894450831154401e-11,
			"Im":-1.597624937654804e-11
		},
		"ee_1122":-4.656361217692643e-9,
		"ee_1123":{
			"Re":-1.2703353223916476e-13,
			"Im":-2.2493141801246563e-13
		},
		"ee_1133":-3.325641638193686e-9,
		"ee_1212":{
			"Re":-4.0151300444405304e-11,
			"Im":-4.759361571996913e-10
		},
		"ee_1213":{
			"Re":-1.6747456229374629e-10,
			"Im":-5.944465479741486e-12
		},
		"ee_1222":{
			"Re":-6.490975573538082e-12,
			"Im":-4.153462454745967e-12
		},
		"ee_1223":{
			"Re":-2.9424005876427945e-12,
			"Im":2.1284874965410652e-12
		},
		"ee_1232":{
			"Re":9.320865422924348e-12,
			"Im":5.658691498137658e-12
		},
		"ee_1233":{
			"Re":2.359382845831625e-12,
			"Im":-3.0067066536316572e-12
		},
		"ee_1313":{
			"Re":5.290992902404377e-11,
			"Im":-3.39556533540427e-10
		},
		"ee_1323":{
			"Re":-3.828103804763192e-12,
			"Im":-4.010707566741545e-12
		},
		"ee_1333":{
			"Re":4.680353780971811e-12,
			"Im":5.572217097999895e-12
		},
		"ee_2222":-1.034442260320809e-9,
		"ee_2223":{
			"Re":1.1087703650760878e-11,
			"Im":-9.1455832141474e-11
		},
		"ee_2233":-1.8202430620613228e-9,
		"ee_2323":{
			"Re":1.832964713003621e-10,
			"Im":4.4611380391124104e-11
		},
		"ee_2333":{
			"Re":-7.787427643877222e-12,
			"Im":6.563304035993842e-11
		},
		"ee_3333":-5.260140636319705e-10,
		"ephi_11":-2.1281612120971027e-17,
		"ephi_22":-2.4725328622540283e-15,
		"ephi_23":{
			"Re":9.6299407517165e-20,
			"Im":-8.90457521493121e-20
		},
		"ephi_31":{
			"Re":-1.9091649279593675e-17,
			"Im":-8.065216971570402e-19
		},
		"ephi_32":{
			"Re":1.6474796971528887e-18,
			"Im":1.5293437612984064e-18
		},
		"ephi_33":-2.945367483174265e-14,
		"eu_1111":-6.689714235579964e-11,
		"eu_1122":-6.689714235579964e-11,
		"eu_1133":-6.689714235579964e-11,
		"eu_1211":{
			"Re":-1.1149581483612076e-16,
			"Im":-4.6622095707501315e-17
		},
		"eu_1222":{
			"Re":-1.1149581483612076e-16,
			"Im":-4.6622095707501315e-17
		},
		"eu_1233":{
			"Re":-1.1149581483612076e-16,
			"Im":-4.6622095707501315e-17
		},
		"eu_1311":{
			"Re":-1.769200245646832e-14,
			"Im":8.1310819215797855e-16
		},
		"eu_1322":{
			"Re":-1.769200245646832e-14,
			"Im":8.1310819215797855e-16
		},
		"eu_1333":{
			"Re":-1.769200245646832e-14,
			"Im":8.1310819215797855e-16
		},
		"eu_2211":-3.6765240113219795e-11,
		"eu_2222":-3.6765240113219795e-11,
		"eu_2233":-3.6765240113219795e-11,
		"eu_2311":{
			"Re":1.5107995796528216e-15,
			"Im":-1.2480996188695994e-15
		},
		"eu_2322":{
			"Re":1.5107995796528216e-15,
			"Im":-1.2480996188695994e-15
		},
		"eu_2333":{
			"Re":1.5107995796528216e-15,
			"Im":-1.2480996188695994e-15
		},
		"eu_3311":-2.5954576516945974e-11,
		"eu_3322":-2.5954576516945974e-11,
		"eu_3333":-2.5954576516945974e-11,
		"phi":-7.165050665872746e-18,
		"phiB":1.1196660673425019e-13,
		"phiBox":-3.526131064996199e-13,
		"phid_11":4.677685247686498e-13,
		"phid_22":4.677685247686498e-13,
		"phid_33":4.677685247686498e-13,
		"phiD":-1.4033055743059493e-12,
		"phie_11":-5.0172856766849775e-11,
		"phie_12":{
			"Re":-8.362186112718365e-17,
			"Im":-3.496657178073485e-17
		},
		"phie_13":{
			"Re":-1.326900184235138e-14,
			"Im":6.098311441183956e-16
		},
		"phie_22":-2.757393008491485e-11,
		"phie_23":{
			"Re":1.1330996847400201e-15,
			"Im":-9.360747141553297e-16
		},
		"phie_33":-1.9465932387709508e-11,
		"phil1_11":7.01652782184948e-13,
		"phil1_22":7.015333948949097e-13,
		"phil1_23":{
			"Re":8.176951041668962e-20,
			"Im":-9.303018085504146e-20
		},
		"phil1_33":6.773299013806484e-13,
		"phil3_22":-1.1939225806493657e-16,
		"phil3_23":{
			"Re":8.176951041668962e-20,
			"Im":-9.303018085504146e-20
		},
		"phil3_33":-2.432288577232617e-14,
		"phiq1_11":-2.338842623843249e-13,
		"phiq1_22":-2.338842623843249e-13,
		"phiq1_33":-2.338842623843249e-13,
		"phiu_11":-9.355370495372997e-13,
		"phiu_22":-9.355370495372997e-13,
		"phiu_33":-9.355370495372997e-13,
		"ld_1111":-4.677685247686498e-13,
		"ld_1122":-4.677685247686498e-13,
		"ld_1133":-4.677685247686498e-13,
		"ld_2211":-4.677685247686498e-13,
		"ld_2222":-4.677685247686498e-13,
		"ld_2233":-4.677685247686498e-13,
		"ld_3311":-4.677685247686498e-13,
		"ld_3322":-4.677685247686498e-13,
		"ld_3333":-4.677685247686498e-13,
		"le_1111":5.0172856766849775e-11,
		"le_1112":{
			"Re":8.362186112718365e-17,
			"Im":3.496657178073485e-17
		},
		"le_1113":{
			"Re":1.326900184235138e-14,
			"Im":-6.098311441183956e-16
		},
		"le_1122":2.757393008491485e-11,
		"le_1123":{
			"Re":-1.1330996847400201e-15,
			"Im":9.360747141553297e-16
		},
		"le_1133":1.9465932387709508e-11,
		"le_2211":5.0172856766849775e-11,
		"le_2212":{
			"Re":8.362186112718365e-17,
			"Im":3.496657178073485e-17
		},
		"le_2213":{
			"Re":1.326900184235138e-14,
			"Im":-6.098311441183956e-16
		},
		"le_2222":2.757393008491485e-11,
		"le_2223":{
			"Re":-1.1330996847400201e-15,
			"Im":9.360747141553297e-16
		},
		"le_2233":1.9465932387709508e-11,
		"le_3311":5.0172856766849775e-11,
		"le_3312":{
			"Re":8.362186112718365e-17,
			"Im":3.496657178073485e-17
		},
		"le_3313":{
			"Re":1.326900184235138e-14,
			"Im":-6.098311441183956e-16
		},
		"le_3322":2.757393008491485e-11,
		"le_3323":{
			"Re":-1.1330996847400201e-15,
			"Im":9.360747141553297e-16
		},
		"le_3333":1.9465932387709508e-11,
		"ll_1111":-3.508263935764873e-13,
		"ll_1122":-7.016527871529746e-13,
		"ll_1133":-7.016527871529746e-13,
		"ll_2222":-3.508263935764873e-13,
		"ll_2233":-7.016527871529746e-13,
		"ll_3333":-3.508263935764873e-13,
		"lq1_1111":2.338842623843249e-13,
		"lq1_1122":2.338842623843249e-13,
		"lq1_1133":2.338842623843249e-13,
		"lq1_2211":2.338842623843249e-13,
		"lq1_2222":2.338842623843249e-13,
		"lq1_2233":2.338842623843249e-13,
		"lq1_3311":2.338842623843249e-13,
		"lq1_3322":2.338842623843249e-13,
		"lq1_3333":2.338842623843249e-13,
		"lu_1111":9.355370495372997e-13,
		"lu_1122":9.355370495372997e-13,
		"lu_1133":9.355370495372997e-13,
		"lu_2211":9.355370495372997e-13,
		"lu_2222":9.355370495372997e-13,
		"lu_2233":9.355370495372997e-13,
		"lu_3311":9.355370495372997e-13,