{
	"eft":"SMEFT",
	"basis":"Warsaw",
	"scale":1000,
	"values":{
		"dd_1111":-1.3302665789649062e-13,
		"dd_1122":-2.6605331579298124e-13,
		"dd_1133":-2.6605331579298124e-13,
		"dd_2222":-1.3302665789649062e-13,
		"dd_2233":-2.6605331579298124e-13,
		"dd_3333":-1.3302665789649062e-13,
		"eB_11":1.1454644494536328e-16,
		"eB_13":{
			"Re":-5.5101870859864345e-19,
			"Im":7.756396675206729e-19
		},
		"eB_21":{
			"Re":1.2588930874692352e-18,
			"Im":-2.0556516145118305e-18
		},
		"eB_22":6.776007253398867e-14,
		"eB_23":{
			"Re":1.5686633526230805e-16,
			"Im":-8.422845695203504e-16
		},
		"eB_31":{
			"Re":-1.9160893813506652e-15,
			"Im":-2.6971768970792704e-15
		},
		"eB_32":{
			"Re":2.638089126610382e-15,
			"Im":1.4165064547773956e-14
		},
		"eB_33":8.471340792234834e-14,
		"ed_1111":8.144221023413566e-12,
		"ed_1122":8.144221023413566e-12,
		"ed_1133":8.144221023413566e-12,
		"ed_1211":{
			"Re":7.348455391914891e-16,
			"Im":7.505687760102356e-16
		},
		"ed_1222":{
			"Re":7.348455391914891e-16,
			"Im":7.505687760102356e-16
		},
		"ed_1233":{
			"Re":7.348455391914891e-16,
			"Im":7.505687760102356e-16
		},
		"ed_1311":{
			"Re":-4.245910599578092e-14,
			"Im":6.1356897629802e-14
		},
		"ed_1322":{
			"Re":-4.245910599578092e-14,
			"Im":6.1356897629802e-14
		},
		"ed_1333":{
			"Re":-4.245910599578092e-14,
			"Im":6.1356897629802e-14
		},
		"ed_2211":2.4297467110255438e-11,
		"ed_2222":2.4297467110255438e-11,
		"ed_2233":2.4297467110255438e-11,
		"ed_2311":{
			"Re":5.71439621752223e-14,
			"Im":-3.0948840077151153e-13
		},
		"ed_2322":{
			"Re":5.71439621752223e-14,
			"Im":-3.0948840077151153e-13
		},
		"ed_2333":{
			"Re":5.71439621752223e-14,
			"Im":-3.0948840077151153e-13
		},
		"ed_3311":1.1195985124703707e-12,
		"ed_3322":1.1195985124703707e-12,
		"ed_3333":1.1195985124703707e-12,
		"ee_1111":6.241857257737249e-12,
		"ee_1112":{
			"Re":3.573281478459879e-13,
			"Im":1.0381337274316506e-12
		},
		"ee_1113":{
			"Re":-4.995508925820524e-12,
			"Im":-1.0597670228691458e-11
		},
		"ee_1122":-1.2799652140646163e-9,
		"ee_1123":{
			"Re":-3.033589322541668e-12,
			"Im":1.6146607819075192e-11
		},
		"ee_1133":-7.397496990875849e-11,
		"ee_1212":{
			"Re":-1.247543024382311e-10,
			"Im":-6.067923885164249e-10
		},
		"ee_1213":{
			"Re":-2.4932361958568153e-11,
			"Im":-1.948513457638791e-12
		},
		"ee_1222":{
			"Re":-3.2210791809699646e-12,
			"Im":-5.726379415310128e-13
		},
		"ee_1223":{
			"Re":6.395319922838935e-12,
			"Im":-9.127766380285966e-12
		},
		"ee_1232":{
			"Re":2.404498620138141e-11,
			"Im":1.52809816003548e-11
		},
		"ee_1233":{
			"Re":9.878211686394486e-13,
			"Im":-7.086077013282368e-13
		},
		"ee_1313":{
			"Re":3.0199349426590705e-11,
			"Im":-3.782310983977073e-11
		},
		"ee_1323":{
			"Re":-2.301056596277163e-13,
			"Im":-3.1315091629395673e-13
		},
		"ee_1333":{
			"Re":6.562771187795958e-13,
			"Im":1.6772860245637785e-12
		},
		"ee_2222":-1.6735914816186134e-10,
		"ee_2223":{
			"Re":1.0335309430533818e-11,
			"Im":-1.8943304217003947e-11
		},
		"ee_2233":-2.1432789831056138e-10,
		"ee_2323":{
			"Re":8.554679590765117e-11,
			"Im":1.0246320595926666e-10
		},
		"ee_2333":{
			"Re":-3.5204080923036867e-12,
			"Im":7.171853653338456e-12
		},
		"ee_3333":3.778488225540313e-12,
		"ephi_11":-4.629049530335396e-18,
		"ephi_13":{
			"Re":2.1729088935913335e-20,
			"Im":-3.119917883653613e-20
		},
		"ephi_21":{
			"Re":-7.154753320485377e-20,
			"Im":8.103739900540187e-20
		},
		"ephi_22":-2.6993381302813896e-15,
		"ephi_23":{
			"Re":-6.081256339007945e-18,
			"Im":3.2864605075853446e-17
		},
		"ephi_31":{
			"Re":7.66859495527718e-17,
			"Im":1.1007590499403449e-16
		},
		"ephi_32":{
			"Re":-1.038161007935954e-16,
			"Im":-5.609939720106796e-16
		},
		"ephi_33":-3.394971094784306e-15,
		"eu_1111":-1.6288442046827132e-11,
		"eu_1122":-1.6288442046827132e-11,
		"eu_1133":-1.6288442046827132e-11,
		"eu_1211":{
			"Re":-1.4696910783829782e-15,
			"Im":-1.5011375520204712e-15
		},
		"eu_1222":{
			"Re":-1.4696910783829782e-15,
			"Im":-1.5011375520204712e-15
		},
		"eu_1233":{
			"Re":-1.4696910783829782e-15,
			"Im":-1.5011375520204712e-15
		},
		"eu_1311":{
			"Re":8.491821199156184e-14,
			"Im":-1.22713795259604e-13
		},
		"eu_1322":{
			"Re":8.491821199156184e-14,
			"Im":-1.22713795259604e-13
		},
		"eu_1333":{
			"Re":8.491821199156184e-14,
			"Im":-1.22713795259604e-13
		},
		"eu_2211":-4.8594934220510876e-11,
		"eu_2222":-4.8594934220510876e-11,
		"eu_2233":-4.8594934220510876e-11,
		"eu_2311":{
			"Re":-1.142879243504446e-13,
			"Im":6.189768015430231e-13
		},
		"eu_2322":{
			"Re":-1.142879243504446e-13,
			"Im":6.189768015430231e-13
		},
		"eu_2333":{
			"Re":-1.142879243504446e-13,
			"Im":6.189768015430231e-13
		},
		"eu_3311":-2.2391970249407414e-12,
		"eu_3322":-2.2391970249407414e-12,
		"eu_3333":-2.2391970249407414e-12,
		"phi":-4.6656155531554386e-18,
		"phiB":8.729801544384694e-14,
		"phiBox":-3.005830656974048e-13,
		"phid_11":3.990799736894718e-13,
		"phid_22":3.990799736894718e-13,
		"phid_33":3.990799736894718e-13,
		"phiD":-1.1972399210684154e-12,
		"phie_11":-1.2216331535120347e-11,
		"phie_12":{
			"Re":-1.1022683087872336e-15,
			"Im":-1.1258531640153546e-15
		},
		"phie_13":{
			"Re":6.368865899367138e-14,
			"Im":-9.203534644470294e-14
		},
		"phie_22":-3.644620066538315e-11,
		"phie_23":{
			"Re":-8.571594326283345e-14,
			"Im":4.642326011572671e-13
		},
		"phie_33":-1.6793977687055548e-12,
		"phil1_11":5.986199595857659e-13,
		"phil1_13":{
			"Re":1.586517456110812e-20,
			"Im":-2.2332560636699963e-20
		},
		"phil1_22":5.985039512734804e-13,
		"phil1_23":{
			"Re":-4.51656496024816e-18,
			"Im":2.4251430154800105e-17
		},
		"phil1_33":5.961808545957315e-13,
		"phil3_13":{
			"Re":1.586517456110812e-20,
			"Im":-2.2332560636699963e-20
		},
		"phil3_22":-1.160092607273333e-16,
		"phil3_23":{
			"Re":-4.51656496024816e-18,
			"Im":2.4251430154800105e-17
		},
		"phil3_33":-2.4391059384761596e-15,
		"phiq1_11":-1.995399868447359e-13,
		"phiq1_22":-1.995399868447359e-13,
		"phiq1_33":-1.995399868447359e-13,
		"phiu_11":-7.981599473789436e-13,
		"phiu_22":-7.981599473789436e-13,
		"phiu_33":-7.981599473789436e-13,
		"ld_1111":-3.990799736894718e-13,
		"ld_1122":-3.990799736894718e-13,
		"ld_1133":-3.990799736894718e-13,
		"ld_2211":-3.990799736894718e-13,
		"ld_2222":-3.990799736894718e-13,
		"ld_2233":-3.990799736894718e-13,
		"ld_3311":-3.990799736894718e-13,
		"ld_3322":-3.990799736894718e-13,
		"ld_3333":-3.990799736894718e-13,
		"le_1111":1.2216331535120347e-11,
		"le_1112":{
			"Re":1.1022683087872336e-15,
			"Im":1.1258531640153546e-15
		},
		"le_1113":{
			"Re":-6.368865899367138e-14,
			"Im":9.203534644470294e-14
		},
		"le_1122":3.644620066538315e-11,
		"le_1123":{
			"Re":8.571594326283345e-14,
			"Im":-4.642326011572671e-13
		},
		"le_1133":1.6793977687055548e-12,
		"le_2211":1.2216331535120347e-11,
		"le_2212":{
			"Re":1.1022683087872336e-15,
			"Im":1.1258531640153546e-15
		},
		"le_2213":{
			"Re":-6.368865899367138e-14,
			"Im":9.203534644470294e-14
		},
		"le_2222":3.644620066538315e-11,
		"le_2223":{
			"Re":8.571594326283345e-14,
			"Im":-4.642326011572671e-13
		},
		"le_2233":1.6793977687055548e-12,
		"le_3311":1.2216331535120347e-11,
		"le_3312":{
			"Re":1.1022683087872336e-15,
			"Im":1.1258531640153546e-15
		},
		"le_3313":{
			"Re":-6.368865899367138e-14,
			"Im":9.203534644470294e-14
		},
		"le_3322":3.644620066538315e-11,
		"le_3323":{
			"Re":8.571594326283345e-14,
			"Im":-4.642326011572671e-13
		},
		"le_3333":1.6793977687055548e-12,
		"ll_1111":-2.9930998026710385e-13,
		"ll_1122":-5.986199605342077e-13,
		"ll_1133":-5.986199605342077e-13,
		"ll_2222":-2.9930998026710385e-13,
		"ll_2233":-5.986199605342077e-13,
		"ll_3333":-2.9930998026710385e-13,
		"lq1_1111":1.995399868447359e-13,
		"lq1_1122":1.995399868447359e-13,
		"lq1_1133":1.995399868447359e-13,
		"lq1_2211":1.995399868447359e-13,
		"lq1_2222":1.995399868447359e-13,
		"lq1_2233":1.995399868447359e-13,