{
	"eft":"SMEFT",
	"basis":"Warsaw",
	"scale":1000,
	"values":{
		"dd_1111":-5.845888799242096e-14,
		"dd_1122":-1.1691777598484192e-13,
		"dd_1133":-1.1691777598484192e-13,
		"dd_2222":-5.845888799242096e-14,
		"dd_2233":-1.1691777598484192e-13,
		"dd_3333":-5.845888799242096e-14,
		"eB_11":5.365053136678984e-17,
		"eB_12":{
			"Re":0.0,
			"Im":2.0023709912919552e-20
		},
		"eB_13":{
			"Re":3.3644154979960995e-19,
			"Im":8.386821672442004e-20
		},
		"eB_21":{
			"Re":-7.220890158798511e-19,
			"Im":-4.140323266925797e-18
		},
		"eB_22":3.8921524784240607e-14,
		"eB_23":{
			"Re":-1.6059845746600446e-17,
			"Im":-5.845178099291156e-17
		},
		"eB_31":{
			"Re":1.1699277555487755e-15,
			"Im":-2.9163982454818423e-16
		},
		"eB_32":{
			"Re":-2.700853842751419e-16,
			"Im":9.830089267438352e-16
		},
		"eB_33":6.92500994380287e-13,
		"ed_1111":3.2663029409649324e-12,
		"ed_1122":3.2663029409649324e-12,
		"ed_1133":3.2663029409649324e-12,
		"ed_1211":{
			"Re":4.317251072750923e-17,
			"Im":1.301278457086874e-16
		},
		"ed_1222":{
			"Re":4.317251072750923e-17,
			"Im":1.301278457086874e-16
		},
		"ed_1233":{
			"Re":4.317251072750923e-17,
			"Im":1.301278457086874e-16
		},
		"ed_1311":{
			"Re":1.9610245724373313e-14,
			"Im":6.989269853653446e-15
		},
		"ed_1322":{
			"Re":1.9610245724373313e-14,
			"Im":6.989269853653446e-15
		},
		"ed_1333":{
			"Re":1.9610245724373313e-14,
			"Im":6.989269853653446e-15
		},
		"ed_2211":1.1368582163942967e-11,
		"ed_2222":1.1368582163942967e-11,
		"ed_2233":1.1368582163942967e-11,
		"ed_2311":{
			"Re":-1.7010377685650834e-15,
			"Im":-5.670573067105337e-15
		},
		"ed_2322":{
			"Re":-1.7010377685650834e-15,
			"Im":-5.670573067105337e-15
		},
		"ed_2333":{
			"Re":-1.7010377685650834e-15,
			"Im":-5.670573067105337e-15
		},
		"ed_3311":1.1986510717058e-11,
		"ed_3322":1.1986510717058e-11,
		"ed_3333":1.1986510717058e-11,
		"ee_1111":-3.260091417790627e-11,
		"ee_1112":{
			"Re":5.472492560065881e-14,
			"Im":-6.352921098719343e-13
		},
		"ee_1113":{
			"Re":-1.1048647186250714e-12,
			"Im":1.3678968708250622e-12
		},
		"ee_1122":-6.413192461241672e-10,
		"ee_1123":{
			"Re":1.7262665335202597e-13,
			"Im":6.799507285236482e-13
		},
		"ee_1133":-6.774821375087967e-10,
		"ee_1212":{
			"Re":4.83743713357402e-11,
			"Im":1.43414725217272e-10
		},
		"ee_1213":{
			"Re":-1.0616128327443126e-10,
			"Im":6.978872044344741e-11
		},
		"ee_1222":{
			"Re":-1.392755294901785e-12,
			"Im":4.419192285282059e-13
		},
		"ee_1223":{
			"Re":-4.812761335267651e-12,
			"Im":-2.1721593760794702e-12
		},
		"ee_1232":{
			"Re":4.235449756412404e-12,
			"Im":-1.3300021025590016e-12
		},
		"ee_1233":{
			"Re":2.0093796464649753e-12,
			"Im":2.976651280446498e-12
		},
		"ee_1313":{
			"Re":1.16698107672487e-10,
			"Im":1.0507400431799443e-10
		},
		"ee_1323":{
			"Re":-9.723435985396804e-13,
			"Im":1.2754890448473198e-12
		},
		"ee_1333":{
			"Re":-1.0904304101267672e-12,
			"Im":-4.572744576241603e-12
		},
		"ee_2222":-7.358948990674659e-10,
		"ee_2223":{
			"Re":8.534581009121175e-11,
			"Im":3.2559704826538083e-10
		},
		"ee_2233":-2.115268321343948e-9,
		"ee_2323":{
			"Re":3.599655774825488e-10,
			"Im":-2.0250896032689498e-10
		},
		"ee_2333":{
			"Re":-8.715757579354881e-11,
			"Im":-3.3286522522174503e-10
		},
		"ee_3333":-8.368725516198112e-10,
		"ephi_11":-2.7267170218612887e-18,
		"ephi_13":-1.5244899785341927e-20,
		"ephi_21":{
			"Re":0.0,
			"Im":7.442420203715929e-20
		},
		"ephi_22":-1.8697690418132593e-15,
		"ephi_23":{
			"Re":4.12619770985255e-19,
			"Im":1.4437421658326578e-18
		},
		"ephi_31":{
			"Re":-5.3699567007765414e-17,
			"Im":1.7325274436564742e-17
		},
		"ephi_32":{
			"Re":7.09737904542299e-18,
			"Im":-2.4855729706799886e-17
		},
		"ephi_33":-3.2746747885456006e-14,
		"eu_1111":-6.532605881929865e-12,
		"eu_1122":-6.532605881929865e-12,
		"eu_1133":-6.532605881929865e-12,
		"eu_1211":{
			"Re":-8.634502145501846e-17,
			"Im":-2.602556914173748e-16
		},
		"eu_1222":{
			"Re":-8.634502145501846e-17,
			"Im":-2.602556914173748e-16
		},
		"eu_1233":{
			"Re":-8.634502145501846e-17,
			"Im":-2.602556914173748e-16
		},
		"eu_1311":{
			"Re":-3.9220491448746627e-14,
			"Im":-1.3978539707306892e-14
		},
		"eu_1322":{
			"Re":-3.9220491448746627e-14,
			"Im":-1.3978539707306892e-14
		},
		"eu_1333":{
			"Re":-3.9220491448746627e-14,
			"Im":-1.3978539707306892e-14
		},
		"eu_2211":-2.2737164327885934e-11,
		"eu_2222":-2.2737164327885934e-11,
		"eu_2233":-2.2737164327885934e-11,
		"eu_2311":{
			"Re":3.402075537130167e-15,
			"Im":1.1341146134210674e-14
		},
		"eu_2322":{
			"Re":3.402075537130167e-15,
			"Im":1.1341146134210674e-14
		},
		"eu_2333":{
			"Re":3.402075537130167e-15,
			"Im":1.1341146134210674e-14
		},
		"eu_3311":-2.3973021434116e-11,
		"eu_3322":-2.3973021434116e-11,
		"eu_3333":-2.3973021434116e-11,
		"phi":-5.62272289830787e-18,
		"phiB":5.369801036656e-14,
		"phiBox":-1.3262860592643843e-13,
		"phid_11":1.7537666397726286e-13,
		"phid_22":1.7537666397726286e-13,
		"phid_33":1.7537666397726286e-13,
		"phiD":-5.261299919317886e-13,
		"phie_11":-4.899454411447397e-12,
		"phie_12":{
			"Re":-6.475876609126335e-17,
			"Im":-1.951917685630374e-16
		},
		"phie_13":{
			"Re":-2.9415368586559965e-14,
			"Im":-1.0483904780480161e-14
		},
		"phie_22":-1.7052873245914446e-11,
		"phie_23":{
			"Re":2.5515566528476757e-15,
			"Im":8.505859600658409e-15
		},
		"phie_33":-1.7979766075586998e-11,
		"phil1_11":2.630649955216691e-13,
		"phil1_22":2.629983600083496e-13,
		"phil1_23":{
			"Re":4.624021874724198e-19,
			"Im":1.68296955146671e-18
		},
		"phil1_33":2.4312620080678703e-13,
		"phil3_22":-6.663595754469519e-17,
		"phil3_23":{
			"Re":4.624021874724198e-19,
			"Im":1.68296955146671e-18
		},
		"phil3_33":-1.9938795159107278e-14,
		"phiq1_11":-8.768833198863143e-14,
		"phiq1_22":-8.768833198863143e-14,
		"phiq1_33":-8.768833198863143e-14,
		"phiu_11":-3.507533279545257e-13,
		"phiu_22":-3.507533279545257e-13,
		"phiu_33":-3.507533279545257e-13,
		"ld_1111":-1.7537666397726286e-13,
		"ld_1122":-1.7537666397726286e-13,
		"ld_1133":-1.7537666397726286e-13,
		"ld_2211":-1.7537666397726286e-13,
		"ld_2222":-1.7537666397726286e-13,
		"ld_2233":-1.7537666397726286e-13,
		"ld_3311":-1.7537666397726286e-13,
		"ld_3322":-1.7537666397726286e-13,
		"ld_3333":-1.7537666397726286e-13,
		"le_1111":4.899454411447397e-12,
		"le_1112":{
			"Re":6.475876609126335e-17,
			"Im":1.951917685630374e-16
		},
		"le_1113":{
			"Re":2.9415368586559965e-14,
			"Im":1.0483904780480161e-14
		},
		"le_1122":1.7052873245914446e-11,
		"le_1123":{
			"Re":-2.5515566528476757e-15,
			"Im":-8.505859600658409e-15
		},
		"le_1133":1.7979766075586998e-11,
		"le_2211":4.899454411447397e-12,
		"le_2212":{
			"Re":6.475876609126335e-17,
			"Im":1.951917685630374e-16
		},
		"le_2213":{
			"Re":2.9415368586559965e-14,
			"Im":1.0483904780480161e-14
		},
		"le_2222":1.7052873245914446e-11,
		"le_2223":{
			"Re":-2.5515566528476757e-15,
			"Im":-8.505859600658409e-15
		},
		"le_2233":1.7979766075586998e-11,
		"le_3311":4.899454411447397e-12,
		"le_3312":{
			"Re":6.475876609126335e-17,
			"Im":1.951917685630374e-16
		},
		"le_3313":{
			"Re":2.9415368586559965e-14,
			"Im":1.0483904780480161e-14
		},
		"le_3322":1.7052873245914446e-11,
		"le_3323":{
			"Re":-2.5515566528476757e-15,
			"Im":-8.505859600658409e-15
		},
		"le_3333":1.7979766075586998e-11,
		"ll_1111":-1.3153249798294714e-13,
		"ll_1122":-2.630649959658943e-13,
		"ll_1133":-2.630649959658943e-13,
		"ll_2222":-1.3153249798294714e-13,
		"ll_2233":-2.630649959658943e-13,
		"ll_3333":-1.3153249798294714e-13,
		"lq1_1111":8.768833198863143e-14,
		"lq1_1122":8.768833198863143e-14,
		"lq1_1133":8.768833198863143e-14,
		"lq1_2211":8.768833198863143e-14,
		"lq1_2222":8.768833198863143e-14,
		"lq1_2233":8.768833198863143e-14,
		"lq1_3311":8.768833198863143e-14,
		"lq1_3322":8.768833198863143e-14,
		"lq1_3333":8.768833198863143e-14,
		"lu_1111":3.507533279545257e-13,