{
	"eft":"SMEFT",
	"basis":"Warsaw",
	"scale":1000,
	"values":{
		"dd_1111":-9.592687566549867e-14,
		"dd_1122":-1.9185375133099735e-13,
		"dd_1133":-1.9185375133099735e-13,
		"dd_2222":-9.592687566549867e-14,
		"dd_2233":-1.9185375133099735e-13,
		"dd_3333":-9.592687566549867e-14,
		"eB_11":1.489109956051289e-16,
		"eB_12":{
			"Re":7.814371420965596e-20,
			"Im":-1.7521074237401161e-19
		},
		"eB_13":{
			"Re":1.5924745957965169e-18,
			"Im":1.2147922065284813e-17
		},
		"eB_21":{
			"Re":1.6157856836384092e-17,
			"Im":3.6228506926101864e-17
		},
		"eB_22":1.3843761838601025e-14,
		"eB_23":{
			"Re":-1.024963103449731e-16,
			"Im":4.9316363304481825e-17
		},
		"eB_31":{
			"Re":5.5376044687058854e-15,
			"Im":-4.224267545101086e-14
		},
		"eB_32":{
			"Re":-1.723724860318887e-15,
			"Im":-8.293746493150911e-16
		},
		"eB_33":3.997507965452991e-13,
		"ed_1111":1.104609493744051e-11,
		"ed_1122":1.104609493744051e-11,
		"ed_1133":1.104609493744051e-11,
		"ed_1211":{
			"Re":4.6578399024630225e-15,
			"Im":-1.2548687144192891e-14
		},
		"ed_1222":{
			"Re":4.6578399024630225e-15,
			"Im":-1.2548687144192891e-14
		},
		"ed_1233":{
			"Re":4.6578399024630225e-15,
			"Im":-1.2548687144192891e-14
		},
		"ed_1311":{
			"Re":1.1975613641309712e-13,
			"Im":9.116800553049181e-13
		},
		"ed_1322":{
			"Re":1.1975613641309712e-13,
			"Im":9.116800553049181e-13
		},
		"ed_1333":{
			"Re":1.1975613641309712e-13,
			"Im":9.116800553049181e-13
		},
		"ed_2211":4.798979942839921e-12,
		"ed_2222":4.798979942839921e-12,
		"ed_2233":4.798979942839921e-12,
		"ed_2311":{
			"Re":-3.794116237873017e-14,
			"Im":1.977168569163539e-14
		},
		"ed_2322":{
			"Re":-3.794116237873017e-14,
			"Im":1.977168569163539e-14
		},
		"ed_2333":{
			"Re":-3.794116237873017e-14,
			"Im":1.977168569163539e-14
		},
		"ed_3311":8.497168724027461e-12,
		"ed_3322":8.497168724027461e-12,
		"ed_3333":8.497168724027461e-12,
		"ee_1111":-5.903572439983958e-11,
		"ee_1112":{
			"Re":9.926108115950687e-12,
			"Im":-1.0193220299281261e-11
		},
		"ee_1113":{
			"Re":-2.1352018606226896e-10,
			"Im":1.5269768895335136e-10
		},
		"ee_1122":-4.757112373944418e-10,
		"ee_1123":{
			"Re":-6.37889807541337e-12,
			"Im":-1.49377908963385e-12
		},
		"ee_1133":-6.32296511301003e-10,
		"ee_1212":{
			"Re":-5.4859774969445936e-11,
			"Im":2.330322963216954e-10
		},
		"ee_1213":{
			"Re":-1.1145390215740394e-11,
			"Im":-3.1137778521173288e-12
		},
		"ee_1222":{
			"Re":-6.958140852232957e-12,
			"Im":4.296873850192425e-12
		},
		"ee_1223":{
			"Re":-5.275128468997764e-12,
			"Im":-3.924716626144994e-11
		},
		"ee_1232":{
			"Re":1.4010807803706432e-10,
			"Im":-7.063862669072791e-11
		},
		"ee_1233":{
			"Re":2.6144579571082794e-12,
			"Im":8.10886927656594e-12
		},
		"ee_1313":{
			"Re":-9.798258944840409e-11,
			"Im":3.5197191968112963e-10
		},
		"ee_1323":{
			"Re":-1.0421271271801237e-11,
			"Im":5.5229484676785355e-12
		},
		"ee_1333":{
			"Re":2.110327432793582e-10,
			"Im":-1.6561125793539332e-10
		},
		"ee_2222":1.4253182230986602e-11,
		"ee_2223":{
			"Re":1.3745789439436733e-12,
			"Im":4.900711666458477e-12
		},
		"ee_2233":-3.67166622471762e-10,
		"ee_2323":{
			"Re":1.831640767387601e-10,
			"Im":8.964977474657241e-12
		},
		"ee_2333":{
			"Re":2.877888450959992e-12,
			"Im":-1.0212476853985058e-11
		},
		"ee_3333":-3.925390688903744e-11,
		"ephi_11":1.241356585953892e-17,
		"ephi_12":{
			"Re":0.0,
			"Im":-1.3711763158234208e-20
		},
		"ephi_13":{
			"Re":1.3008982704357463e-19,
			"Im":9.908903618628564e-19
		},
		"ephi_21":{
			"Re":1.1101635366764661e-18,
			"Im":2.835120207677404e-18
		},
		"ephi_22":1.1786148143857923e-15,
		"ephi_23":{
			"Re":-8.482072174434327e-18,
			"Im":4.3303495897923534e-18
		},
		"ephi_31":{
			"Re":4.491143509889263e-16,
			"Im":-3.4208537462157535e-15
		},
		"ephi_32":{
			"Re":-1.4163719567440348e-16,
			"Im":-7.233964794451225e-17
		},
		"ephi_33":3.383795987806493e-14,
		"eu_1111":-2.209218987488102e-11,
		"eu_1122":-2.209218987488102e-11,
		"eu_1133":-2.209218987488102e-11,
		"eu_1211":{
			"Re":-9.315679804926045e-15,
			"Im":2.5097374288385782e-14
		},
		"eu_1222":{
			"Re":-9.315679804926045e-15,
			"Im":2.5097374288385782e-14
		},
		"eu_1233":{
			"Re":-9.315679804926045e-15,
			"Im":2.5097374288385782e-14
		},
		"eu_1311":{
			"Re":-2.3951227282619425e-13,
			"Im":-1.8233601106098362e-12
		},
		"eu_1322":{
			"Re":-2.3951227282619425e-13,
			"Im":-1.8233601106098362e-12
		},
		"eu_1333":{
			"Re":-2.3951227282619425e-13,
			"Im":-1.8233601106098362e-12
		},
		"eu_2211":-9.597959885679842e-12,
		"eu_2222":-9.597959885679842e-12,
		"eu_2233":-9.597959885679842e-12,
		"eu_2311":{
			"Re":7.588232475746034e-14,
			"Im":-3.954337138327078e-14
		},
		"eu_2322":{
			"Re":7.588232475746034e-14,
			"Im":-3.954337138327078e-14
		},
		"eu_2333":{
			"Re":7.588232475746034e-14,
			"Im":-3.954337138327078e-14
		},
		"eu_3311":-1.6994337448054923e-11,
		"eu_3322":-1.6994337448054923e-11,
		"eu_3333":-1.6994337448054923e-11,
		"phi":2.9551543023813755e-17,
		"phiB":-1.2988605354753832e-13,
		"phiBox":-2.1974362929250453e-13,
		"phid_11":2.87780626996496e-13,
		"phid_22":2.87780626996496e-13,
		"phid_33":2.87780626996496e-13,
		"phiD":-8.63341880989488e-13,
		"phie_11":-1.6569142406160773e-11,
		"phie_12":{
			"Re":-6.986759853694524e-15,
			"Im":1.882303071628936e-14
		},
		"phie_13":{
			"Re":-1.7963420461964591e-13,
			"Im":-1.367520082957378e-12
		},
		"phie_22":-7.198469914259881e-12,
		"phie_23":{
			"Re":5.691174356809524e-14,
			"Im":-2.9657528537453106e-14
		},
		"phie_33":-1.2745753086041194e-11,
		"phil1_11":4.3167093926176445e-13,
		"phil1_13":{
			"Re":-4.5851233455749267e-20,
			"Im":-3.497683492646396e-19
		},
		"phil1_22":4.3164723915387287e-13,
		"phil1_23":{
			"Re":2.951119136459235e-18,
			"Im":-1.4199385616769151e-18
		},
		"phil1_33":4.2016113861476335e-13,
		"phil3_13":{
			"Re":-4.5851233455749267e-20,
			"Im":-3.497683492646396e-19
		},
		"phil3_22":-2.370134087114202e-17,
		"phil3_23":{
			"Re":2.951119136459235e-18,
			"Im":-1.4199385616769151e-18
		},
		"phil3_33":-1.1509801879980653e-14,
		"phiq1_11":-1.43890313498248e-13,
		"phiq1_22":-1.43890313498248e-13,
		"phiq1_33":-1.43890313498248e-13,
		"phiu_11":-5.75561253992992e-13,
		"phiu_22":-5.75561253992992e-13,
		"phiu_33":-5.75561253992992e-13,
		"ld_1111":-2.87780626996496e-13,
		"ld_1122":-2.87780626996496e-13,
		"ld_1133":-2.87780626996496e-13,
		"ld_2211":-2.87780626996496e-13,
		"ld_2222":-2.87780626996496e-13,
		"ld_2233":-2.87780626996496e-13,
		"ld_3311":-2.87780626996496e-13,
		"ld_3322":-2.87780626996496e-13,
		"ld_3333":-2.87780626996496e-13,
		"le_1111":1.6569142406160773e-11,
		"le_1112":{
			"Re":6.986759853694524e-15,
			"Im":-1.882303071628936e-14
		},
		"le_1113":{
			"Re":1.7963420461964591e-13,
			"Im":1.367520082957378e-12
		},
		"le_1122":7.198469914259881e-12,
		"le_1123":{
			"Re":-5.691174356809524e-14,
			"Im":2.9657528537453106e-14
		},
		"le_1133":1.2745753086041194e-11,
		"le_2211":1.6569142406160773e-11,
		"le_2212":{
			"Re":6.986759853694524e-15,
			"Im":-1.882303071628936e-14
		},
		"le_2213":{
			"Re":1.7963420461964591e-13,
			"Im":1.367520082957378e-12
		},
		"le_2222":7.198469914259881e-12,
		"le_2223":{
			"Re":-5.691174356809524e-14,
			"Im":2.9657528537453106e-14
		},
		"le_2233":1.2745753086041194e-11,
		"le_3311":1.6569142406160773e-11,
		"le_3312":{
			"Re":6.986759853694524e-15,
			"Im":-1.882303071628936e-14
		},
		"le_3313":{
			"Re":1.7963420461964591e-13,
			"Im":1.367520082957378e-12
		},
		"le_3322":7.198469914259881e-12,
		"le_3323":{
			"Re":-5.691174356809524e-14,
			"Im":2.9657528537453106e-14
		},
		"le_3333":1.2745753086041194e-11,
		"ll_1111":-2.15835470247372e-13,
		"ll_1122":-4.31670940494744e-13,
		"ll_1133":-4.31670940494744e-13,
		"ll_2222":-2.15835470247372e-13,
		"ll_2233":-4.31670940494744e-13,
		"ll_3333":-2.15835470247372e-13,
		"lq1_1111":1.43890313498248e-13,
		"lq1_1122":1.43890313498248e-13,