{
	"eft":"SMEFT",
	"basis":"Warsaw",
	"scale":1000,
	"values":{
		"dd_1111":-5.308143912571868e-14,
		"dd_1122":-1.0616287825143736e-13,
		"dd_1133":-1.0616287825143736e-13,
		"dd_2222":-5.308143912571868e-14,
		"dd_2233":-1.0616287825143736e-13,
		"dd_3333":-5.308143912571868e-14,
		"eB_11":6.00571446118916e-17,
		"eB_13":-3.297074360514609e-20,
		"eB_21":{
			"Re":-2.3709900541839184e-19,
			"Im":4.377110359323735e-19
		},
		"eB_22":3.855060897077077e-14,
		"eB_23":{
			"Re":2.2866934829003625e-18,
			"Im":-7.213508022663868e-18
		},
		"eB_31":{
			"Re":-1.1465108304166663e-16,
			"Im":2.8779367234459595e-17
		},
		"eB_32":{
			"Re":3.845631507259898e-17,
			"Im":1.2131268986093871e-16
		},
		"eB_33":2.7961505254742946e-13,
		"ed_1111":3.5842398810894347e-12,
		"ed_1122":3.5842398810894347e-12,
		"ed_1133":3.5842398810894347e-12,
		"ed_1211":{
			"Re":-9.802907980954601e-17,
			"Im":-1.4008682870759405e-16
		},
		"ed_1222":{
			"Re":-9.802907980954601e-17,
			"Im":-1.4008682870759405e-16
		},
		"ed_1233":{
			"Re":-9.802907980954601e-17,
			"Im":-1.4008682870759405e-16
		},
		"ed_1311":{
			"Re":-2.139745437376808e-15,
			"Im":-5.439034263393819e-16
		},
		"ed_1322":{
			"Re":-2.139745437376808e-15,
			"Im":-5.439034263393819e-16
		},
		"ed_1333":{
			"Re":-2.139745437376808e-15,
			"Im":-5.439034263393819e-16
		},
		"ed_2211":1.1811193398974632e-11,
		"ed_2222":1.1811193398974632e-11,
		"ed_2233":1.1811193398974632e-11,
		"ed_2311":{
			"Re":9.710294027528197e-16,
			"Im":-1.133995840091699e-15
		},
		"ed_2322":{
			"Re":9.710294027528197e-16,
			"Im":-1.133995840091699e-15
		},
		"ed_2333":{
			"Re":9.710294027528197e-16,
			"Im":-1.133995840091699e-15
		},
		"ed_3311":4.9081107602840415e-12,
		"ed_3322":4.9081107602840415e-12,
		"ed_3333":4.9081107602840415e-12,
		"ee_1111":-5.728331731462832e-11,
		"ee_1112":{
			"Re":1.3974842880023673e-12,
			"Im":-3.0806864359299527e-13
		},
		"ee_1113":{
			"Re":-1.0548523826014952e-12,
			"Im":4.377973342081692e-13
		},
		"ee_1122":-7.947821851067131e-10,
		"ee_1123":{
			"Re":-8.162276760906855e-14,
			"Im":1.2149548390044138e-13
		},
		"ee_1133":-3.3652069132935097e-10,
		"ee_1212":{
			"Re":-1.9877663050942837e-10,
			"Im":8.872702745101734e-12
		},
		"ee_1213":{
			"Re":-2.1457710594523314e-11,
			"Im":-7.994616236960212e-11
		},
		"ee_1222":{
			"Re":-4.151984297503289e-12,
			"Im":-7.272376659157823e-13
		},
		"ee_1223":{
			"Re":3.883825743890875e-13,
			"Im":-1.6468551929608794e-12
		},
		"ee_1232":{
			"Re":3.603762533142356e-12,
			"Im":1.0334344557374767e-12
		},
		"ee_1233":{
			"Re":-8.84669974739333e-14,
			"Im":1.5692239328060302e-12
		},
		"ee_1313":{
			"Re":-7.597326544504088e-11,
			"Im":3.9419139316101473e-11
		},
		"ee_1323":{
			"Re":-1.7643116303561434e-12,
			"Im":4.589130276055667e-13
		},
		"ee_1333":{
			"Re":1.7861402155765513e-12,
			"Im":-1.999106967823379e-13
		},
		"ee_2222":-6.809381414152642e-10,
		"ee_2223":{
			"Re":5.287956995172986e-11,
			"Im":2.403226275950683e-10
		},
		"ee_2233":-9.74065167826379e-10,
		"ee_2323":{
			"Re":2.3054124164635223e-10,
			"Im":-1.0685239436399253e-10
		},
		"ee_2333":{
			"Re":-2.2771267518569808e-11,
			"Im":-1.0308282487431344e-10
		},
		"ee_3333":-1.1851458086745931e-10,
		"ephi_11":1.5297311645458666e-17,
		"ephi_21":{
			"Re":-7.387927993342345e-20,
			"Im":1.1293816546262722e-19
		},
		"ephi_22":9.827478879384201e-15,
		"ephi_23":{
			"Re":7.285487630237533e-19,
			"Im":-1.1917171721764522e-18
		},
		"ephi_31":{
			"Re":-2.917595424145714e-17,
			"Im":7.389166511198698e-18
		},
		"ephi_32":{
			"Re":1.2229798544319502e-17,
			"Im":1.9970578116318008e-17
		},
		"ephi_33":7.139793451974184e-14,
		"eu_1111":-7.168479762178869e-12,
		"eu_1122":-7.168479762178869e-12,
		"eu_1133":-7.168479762178869e-12,
		"eu_1211":{
			"Re":1.9605815961909201e-16,
			"Im":2.801736574151881e-16
		},
		"eu_1222":{
			"Re":1.9605815961909201e-16,
			"Im":2.801736574151881e-16
		},
		"eu_1233":{
			"Re":1.9605815961909201e-16,
			"Im":2.801736574151881e-16
		},
		"eu_1311":{
			"Re":4.279490874753616e-15,
			"Im":1.0878068526787638e-15
		},
		"eu_1322":{
			"Re":4.279490874753616e-15,
			"Im":1.0878068526787638e-15
		},
		"eu_1333":{
			"Re":4.279490874753616e-15,
			"Im":1.0878068526787638e-15
		},
		"eu_2211":-2.3622386797949264e-11,
		"eu_2222":-2.3622386797949264e-11,
		"eu_2233":-2.3622386797949264e-11,
		"eu_2311":{
			"Re":-1.9420588055056394e-15,
			"Im":2.267991680183398e-15
		},
		"eu_2322":{
			"Re":-1.9420588055056394e-15,
			"Im":2.267991680183398e-15
		},
		"eu_2333":{
			"Re":-1.9420588055056394e-15,
			"Im":2.267991680183398e-15
		},
		"eu_3311":-9.816221520568083e-12,
		"eu_3322":-9.816221520568083e-12,
		"eu_3333":-9.816221520568083e-12,
		"phi":6.951779841123437e-16,
		"phiB":-2.50843429597132e-13,
		"phiBox":-1.4577532973548651e-13,
		"phid_11":1.5924431737715602e-13,
		"phid_22":1.5924431737715602e-13,
		"phid_33":1.5924431737715602e-13,
		"phiD":-4.77732952131468e-13,
		"phie_11":-5.376359821634156e-12,
		"phie_12":{
			"Re":1.470436197142906e-16,
			"Im":2.101302430613823e-16
		},
		"phie_13":{
			"Re":3.2096181560651987e-15,
			"Im":8.158551395090933e-16
		},
		"phie_22":-1.7716790098461945e-11,
		"phie_23":{
			"Re":-1.4565441041285227e-15,
			"Im":1.7009937601404768e-15
		},
		"phie_33":-7.36216614042607e-12,
		"phil1_11":2.3886647556846226e-13,
		"phil1_22":2.388004751380484e-13,
		"phil1_23":{
			"Re":-6.583949094256414e-20,
			"Im":2.0769451597851905e-19
		},
		"phil1_33":2.308156757038726e-13,
		"phil3_22":-6.600092768561217e-17,
		"phil3_23":{
			"Re":-6.583949094256414e-20,
			"Im":2.0769451597851905e-19
		},
		"phil3_33":-8.050800361861435e-15,
		"phiq1_11":-7.962215868857801e-14,
		"phiq1_22":-7.962215868857801e-14,
		"phiq1_33":-7.962215868857801e-14,
		"phiu_11":-3.1848863475431205e-13,
		"phiu_22":-3.1848863475431205e-13,
		"phiu_33":-3.1848863475431205e-13,
		"ld_1111":-1.5924431737715602e-13,
		"ld_1122":-1.5924431737715602e-13,
		"ld_1133":-1.5924431737715602e-13,
		"ld_2211":-1.5924431737715602e-13,
		"ld_2222":-1.5924431737715602e-13,
		"ld_2233":-1.5924431737715602e-13,
		"ld_3311":-1.5924431737715602e-13,
		"ld_3322":-1.5924431737715602e-13,
		"ld_3333":-1.5924431737715602e-13,
		"le_1111":5.376359821634156e-12,
		"le_1112":{
			"Re":-1.470436197142906e-16,
			"Im":-2.101302430613823e-16
		},
		"le_1113":{
			"Re":-3.2096181560651987e-15,
			"Im":-8.158551395090933e-16
		},
		"le_1122":1.7716790098461945e-11,
		"le_1123":{
			"Re":1.4565441041285227e-15,
			"Im":-1.7009937601404768e-15
		},
		"le_1133":7.36216614042607e-12,
		"le_2211":5.376359821634156e-12,
		"le_2212":{
			"Re":-1.470436197142906e-16,
			"Im":-2.101302430613823e-16
		},
		"le_2213":{
			"Re":-3.2096181560651987e-15,
			"Im":-8.158551395090933e-16
		},
		"le_2222":1.7716790098461945e-11,
		"le_2223":{
			"Re":1.4565441041285227e-15,
			"Im":-1.7009937601404768e-15
		},
		"le_2233":7.36216614042607e-12,
		"le_3311":5.376359821634156e-12,
		"le_3312":{
			"Re":-1.470436197142906e-16,
			"Im":-2.101302430613823e-16
		},
		"le_3313":{
			"Re":-3.2096181560651987e-15,
			"Im":-8.158551395090933e-16
		},
		"le_3322":1.7716790098461945e-11,
		"le_3323":{
			"Re":1.4565441041285227e-15,
			"Im":-1.7009937601404768e-15
		},
		"le_3333":7.36216614042607e-12,
		"ll_1111":-1.19433238032867e-13,
		"ll_1122":-2.38866476065734e-13,
		"ll_1133":-2.38866476065734e-13,
		"ll_2222":-1.19433238032867e-13,
		"ll_2233":-2.38866476065734e-13,
		"ll_3333":-1.19433238032867e-13,
		"lq1_1111":7.962215868857801e-14,
		"lq1_1122":7.962215868857801e-14,
		"lq1_1133":7.962215868857801e-14,
		"lq1_2211":7.962215868857801e-14,
		"lq1_2222":7.962215868857801e-14,
		"lq1_2233":7.962215868857801e-14,
		"lq1_3311":7.962215868857801e-14,
		"lq1_3322":7.962215868857801e-14,
		"lq1_3333":7.962215868857801e-14,
		"lu_1111":3.1848863475431205e-13,
		"lu_1122":3.1848863475431205e-13,
		"lu_1133":3.1848863475431205e-13,
		"lu_2211":3.1848863475431205e-13,