{
	"eft":"SMEFT",
	"basis":"Warsaw",
	"scale":1000,
	"values":{
		"dd_1111":-7.712010941497314e-14,
		"dd_1122":-1.5424021882994628e-13,
		"dd_1133":-1.5424021882994628e-13,
		"dd_2222":-7.712010941497314e-14,
		"dd_2233":-1.5424021882994628e-13,
		"dd_3333":-7.712010941497314e-14,
		"eB_11":2.255520239718518e-17,
		"eB_12":{
			"Re":2.259684928910828e-19,
			"Im":-4.2876517260716327e-19
		},
		"eB_13":{
			"Re":-1.53814933164491e-17,
			"Im":-1.9551117395211428e-17
		},
		"eB_21":{
			"Re":4.6723739645541724e-17,
			"Im":8.865621944750074e-17
		},
		"eB_22":1.5048925617153462e-14,
		"eB_23":{
			"Re":8.474059496379627e-17,
			"Im":-1.8840884460821773e-16
		},
		"eB_31":{
			"Re":-5.348696070214851e-14,
			"Im":6.7986236855329e-14
		},
		"eB_32":{
			"Re":1.4251193016185735e-15,
			"Im":3.1685531729100917e-15
		},
		"eB_33":4.277693628358806e-13,
		"ed_1111":1.3253550487643597e-12,
		"ed_1122":1.3253550487643597e-12,
		"ed_1133":1.3253550487643597e-12,
		"ed_1211":{
			"Re":1.799801840716782e-14,
			"Im":-3.4026363900284535e-14
		},
		"ed_1222":{
			"Re":1.799801840716782e-14,
			"Im":-3.4026363900284535e-14
		},
		"ed_1233":{
			"Re":1.799801840716782e-14,
			"Im":-3.4026363900284535e-14
		},
		"ed_1311":{
			"Re":-1.2191320568245146e-12,
			"Im":-1.5544315581572141e-12
		},
		"ed_1322":{
			"Re":-1.2191320568245146e-12,
			"Im":-1.5544315581572141e-12
		},
		"ed_1333":{
			"Re":-1.2191320568245146e-12,
			"Im":-1.5544315581572141e-12
		},
		"ed_2211":5.303034620133001e-12,
		"ed_2222":5.303034620133001e-12,
		"ed_2233":5.303034620133001e-12,
		"ed_2311":{
			"Re":3.251278994518007e-14,
			"Im":-7.225503252280617e-14
		},
		"ed_2322":{
			"Re":3.251278994518007e-14,
			"Im":-7.225503252280617e-14
		},
		"ed_2333":{
			"Re":3.251278994518007e-14,
			"Im":-7.225503252280617e-14
		},
		"ed_3311":9.286553081465537e-12,
		"ed_3322":9.286553081465537e-12,
		"ed_3333":9.286553081465537e-12,
		"ee_1111":{
			"Re":-2.9072309539238286e-12,
			"Im":-8.463350459242014e-19
		},
		"ee_1112":{
			"Re":4.7611445973182506e-14,
			"Im":-4.657213577806773e-13
		},
		"ee_1113":{
			"Re":-2.0990854579242525e-11,
			"Im":-9.021019319955015e-12
		},
		"ee_1122":-8.64493141083094e-11,
		"ee_1123":{
			"Re":1.371996955744274e-12,
			"Im":-3.734700919176409e-12
		},
		"ee_1133":{
			"Re":1.0841335658249926e-10,
			"Im":1.5093697386818714e-17
		},
		"ee_1212":{
			"Re":-2.5785025072151824e-11,
			"Im":2.9289595407313494e-11
		},
		"ee_1213":{
			"Re":-6.245797899776842e-13,
			"Im":-1.89080891739558e-12
		},
		"ee_1222":{
			"Re":-5.163480379671746e-12,
			"Im":1.8481342993523747e-13
		},
		"ee_1223":{
			"Re":7.002546675460217e-11,
			"Im":8.881071127608395e-11
		},
		"ee_1232":{
			"Re":6.191080084430774e-12,
			"Im":-2.2282925580991964e-10
		},
		"ee_1233":{
			"Re":1.0028986758927337e-11,
			"Im":7.356114637248128e-12
		},
		"ee_1313":{
			"Re":-1.0821142208248821e-11,
			"Im":-7.764576796829197e-12
		},
		"ee_1323":{
			"Re":-2.938860287254561e-13,
			"Im":-1.6721269765643978e-12
		},
		"ee_1333":{
			"Re":1.454305812895729e-10,
			"Im":4.360078382120743e-11
		},
		"ee_2222":9.31899674839178e-12,
		"ee_2223":{
			"Re":-3.4987488676156722e-12,
			"Im":1.3581471860638302e-11
		},
		"ee_2233":{
			"Re":-5.423255907749011e-10,
			"Im":-2.0518342902466272e-20
		},
		"ee_2323":{
			"Re":8.27895552523779e-11,
			"Im":1.624185951306487e-11
		},
		"ee_2333":{
			"Re":-3.110447508604222e-12,
			"Im":2.29976450113949e-12
		},
		"ee_3333":{
			"Re":-4.2578903574545504e-10,
			"Im":-6.696515172726348e-18
		},
		"ephi_11":1.599121910815398e-18,
		"ephi_12":{
			"Re":1.6077502654455024e-20,
			"Im":-3.0423447570420135e-20
		},
		"ephi_13":{
			"Re":-1.0993962537450567e-18,
			"Im":-1.4006392666950978e-18
		},
		"ephi_21":{
			"Re":3.3242648081205043e-18,
			"Im":6.29050358285927e-18
		},
		"ephi_22":1.066423974147336e-15,
		"ephi_23":{
			"Re":6.060993142149347e-18,
			"Im":-1.3471265358335412e-17
		},
		"ephi_31":{
			"Re":-3.791559089723285e-15,
			"Im":4.8305674004510734e-15
		},
		"ephi_32":{
			"Re":1.0109573680666321e-16,
			"Im":2.246964657557641e-16
		},
		"ephi_33":3.0572828003874056e-14,
		"eu_1111":-2.6507100975287193e-12,
		"eu_1122":-2.6507100975287193e-12,
		"eu_1133":-2.6507100975287193e-12,
		"eu_1211":{
			"Re":-3.599603681433564e-14,
			"Im":6.805272780056907e-14
		},
		"eu_1222":{
			"Re":-3.599603681433564e-14,
			"Im":6.805272780056907e-14
		},
		"eu_1233":{
			"Re":-3.599603681433564e-14,
			"Im":6.805272780056907e-14
		},
		"eu_1311":{
			"Re":2.438264113649029e-12,
			"Im":3.1088631163144282e-12
		},
		"eu_1322":{
			"Re":2.438264113649029e-12,
			"Im":3.1088631163144282e-12
		},
		"eu_1333":{
			"Re":2.438264113649029e-12,
			"Im":3.1088631163144282e-12
		},
		"eu_2211":-1.0606069240266002e-11,
		"eu_2222":-1.0606069240266002e-11,
		"eu_2233":-1.0606069240266002e-11,
		"eu_2311":{
			"Re":-6.502557989036014e-14,
			"Im":1.4451006504561233e-13
		},
		"eu_2322":{
			"Re":-6.502557989036014e-14,
			"Im":1.4451006504561233e-13
		},
		"eu_2333":{
			"Re":-6.502557989036014e-14,
			"Im":1.4451006504561233e-13
		},
		"eu_3311":-1.8573106162931074e-11,
		"eu_3322":-1.8573106162931074e-11,
		"eu_3333":-1.8573106162931074e-11,
		"phi":1.411227979610891e-17,
		"phiB":-8.777814895369642e-14,
		"phiBox":-1.75740449186854e-13,
		"phid_11":2.313603282449194e-13,
		"phid_22":2.313603282449194e-13,
		"phid_33":2.313603282449194e-13,
		"phiD":-6.940809847347581e-13,
		"phie_11":-1.988032573146539e-12,
		"phie_12":{
			"Re":-2.6997027610751717e-14,
			"Im":5.1039545850426775e-14
		},
		"phie_13":{
			"Re":1.8286980852367714e-12,
			"Im":2.3316473372358197e-12
		},
		"phie_22":-7.954551930199504e-12,
		"phie_23":{
			"Re":-4.876918491777004e-14,
			"Im":1.0838254878420911e-13
		},
		"phie_33":-1.3929829622198302e-11,
		"phil1_11":3.470404921806225e-13,
		"phil1_13":{
			"Re":4.428707640373998e-19,
			"Im":5.629244261571532e-19
		},
		"phil1_22":3.4701472771468167e-13,
		"phil1_23":{
			"Re":-2.4398887198076104e-18,
			"Im":5.4247508513242286e-18
		},
		"phil1_33":3.3472396752461086e-13,
		"phil3_13":{
			"Re":4.428707640373998e-19,
			"Im":5.629244261571532e-19
		},
		"phil3_22":-2.5764652697366822e-17,
		"phil3_23":{
			"Re":-2.4398887198076104e-18,
			"Im":5.4247508513242286e-18
		},
		"phil3_33":-1.2316524842768186e-14,
		"phiq1_11":-1.156801641224597e-13,
		"phiq1_22":-1.156801641224597e-13,
		"phiq1_33":-1.156801641224597e-13,
		"phiu_11":-4.627206564898388e-13,
		"phiu_22":-4.627206564898388e-13,
		"phiu_33":-4.627206564898388e-13,
		"ld_1111":-2.313603282449194e-13,
		"ld_1122":-2.313603282449194e-13,
		"ld_1133":-2.313603282449194e-13,
		"ld_2211":-2.313603282449194e-13,
		"ld_2222":-2.313603282449194e-13,
		"ld_2233":-2.313603282449194e-13,
		"ld_3311":-2.313603282449194e-13,
		"ld_3322":-2.313603282449194e-13,
		"ld_3333":-2.313603282449194e-13,
		"le_1111":1.988032573146539e-12,
		"le_1112":{
			"Re":2.6997027610751717e-14,
			"Im":-5.1039545850426775e-14
		},
		"le_1113":{
			"Re":-1.8286980852367714e-12,
			"Im":-2.3316473372358197e-12
		},
		"le_1122":7.954551930199504e-12,
		"le_1123":{
			"Re":4.876918491777004e-14,
			"Im":-1.0838254878420911e-13
		},
		"le_1133":1.3929829622198302e-11,
		"le_2211":1.988032573146539e-12,
		"le_2212":{
			"Re":2.6997027610751717e-14,
			"Im":-5.1039545850426775e-14
		},
		"le_2213":{
			"Re":-1.8286980852367714e-12,
			"Im":-2.3316473372358197e-12
		},
		"le_2222":7.954551930199504e-12,
		"le_2223":{
			"Re":4.876918491777004e-14,
			"Im":-1.0838254878420911e-13
		},
		"le_2233":1.3929829622198302e-11,
		"le_3311":1.988032573146539e-12,
		"le_3312":{
			"Re":2.6997027610751717e-14,
			"Im":-5.1039545850426775e-14
		},
		"le_3313":{
			"Re":-1.8286980852367714e-12,
			"Im":-2.3316473372358197e-12
		},
		"le_3322":7.954551930199504e-12,
		"le_3323":{
			"Re":4.876918491777004e-14,
			"Im":-1.0838254878420911e-13
		},
		"le_3333":1.3929829622198302e-11,
		"ll_1111":-1.7352024618368953e-13,
		"ll_1122":-3.4704049236737905e-13,