{
	"eft":"SMEFT",
	"basis":"Warsaw",
	"scale":1000,
	"values":{
		"dd_1111":-1.0083220697943944e-13,
		"dd_1122":-2.0166441395887889e-13,
		"dd_1133":-2.0166441395887889e-13,
		"dd_2222":-1.0083220697943944e-13,
		"dd_2233":-2.0166441395887889e-13,
		"dd_3333":-1.0083220697943944e-13,
		"eB_11":2.023991606391809e-16,
		"eB_12":{
			"Re":-7.71386525265983e-20,
			"Im":-1.890794696638529e-20
		},
		"eB_13":{
			"Re":-7.513444807624565e-19,
			"Im":-1.9673672267483173e-18
		},
		"eB_21":{
			"Re":-1.5950039189744877e-17,
			"Im":3.9096158052216755e-18
		},
		"eB_22":4.4965534146079084e-14,
		"eB_23":{
			"Re":6.908741842510572e-16,
			"Im":1.2937843214546683e-15
		},
		"eB_31":{
			"Re":-2.612693832096417e-15,
			"Im":6.8412404035732905e-15
		},
		"eB_32":{
			"Re":1.1618730496131262e-14,
			"Im":-2.1758131500307024e-14
		},
		"eB_33":1.2746447231256263e-12,
		"ed_1111":1.173969185135643e-11,
		"ed_1122":1.173969185135643e-11,
		"ed_1133":1.173969185135643e-11,
		"ed_1211":{
			"Re":-1.0469002444531597e-15,
			"Im":-1.123891226234359e-15
		},
		"ed_1222":{
			"Re":-1.0469002444531597e-15,
			"Im":-1.123891226234359e-15
		},
		"ed_1233":{
			"Re":-1.0469002444531597e-15,
			"Im":-1.123891226234359e-15
		},
		"ed_1311":{
			"Re":-1.0345631323018231e-14,
			"Im":-5.1586105572460075e-14
		},
		"ed_1322":{
			"Re":-1.0345631323018231e-14,
			"Im":-5.1586105572460075e-14
		},
		"ed_1333":{
			"Re":-1.0345631323018231e-14,
			"Im":-5.1586105572460075e-14
		},
		"ed_2211":1.266055227284373e-11,
		"ed_2222":1.266055227284373e-11,
		"ed_2233":1.266055227284373e-11,
		"ed_2311":{
			"Re":2.1441880217934606e-13,
			"Im":4.0154601828550326e-13
		},
		"ed_2322":{
			"Re":2.1441880217934606e-13,
			"Im":4.0154601828550326e-13
		},
		"ed_2333":{
			"Re":2.1441880217934606e-13,
			"Im":4.0154601828550326e-13
		},
		"ed_3311":2.22308807962676e-11,
		"ed_3322":2.22308807962676e-11,
		"ed_3333":2.22308807962676e-11,
		"ee_1111":-5.111250168375662e-10,
		"ee_1112":{
			"Re":-1.4127259784197602e-11,
			"Im":-2.287202669065973e-13
		},
		"ee_1113":{
			"Re":-1.2023354148961433e-10,
			"Im":-2.3525723629524884e-10
		},
		"ee_1122":-1.5836977431519844e-9,
		"ee_1123":{
			"Re":-1.6795075569177018e-11,
			"Im":-3.149411372704685e-11
		},
		"ee_1133":-2.3710479456592053e-9,
		"ee_1212":{
			"Re":-2.6487924765352563e-10,
			"Im":-1.3328770707646708e-11
		},
		"ee_1213":{
			"Re":-7.215755873891934e-12,
			"Im":-1.4578081988005084e-11
		},
		"ee_1222":{
			"Re":1.7651141906412474e-11,
			"Im":5.797665929390321e-13
		},
		"ee_1223":{
			"Re":5.1494789400927926e-12,
			"Im":1.4082841376078215e-11
		},
		"ee_1232":{
			"Re":1.6129685757081252e-10,
			"Im":-2.839351027754474e-10
		},
		"ee_1233":{
			"Re":2.1300877745428326e-11,
			"Im":4.604344802457559e-13
		},
		"ee_1313":{
			"Re":2.606498053593291e-10,
			"Im":-3.551031760235548e-10
		},
		"ee_1323":{
			"Re":-1.6610600955969964e-11,
			"Im":2.3765582259939302e-11
		},
		"ee_1333":{
			"Re":2.5417087749856897e-10,
			"Im":5.055939882548126e-10
		},
		"ee_2222":-5.401992437399266e-10,
		"ee_2223":{
			"Re":-1.7838142120781197e-11,
			"Im":-3.419986175223154e-11
		},
		"ee_2233":-2.9199284111050633e-9,
		"ee_2323":{
			"Re":-2.851891868741477e-10,
			"Im":4.3258147746539525e-10
		},
		"ee_2333":{
			"Re":-3.1940053654893076e-11,
			"Im":-5.896563276051867e-11
		},
		"ee_3333":-1.6368043520296292e-9,
		"ephi_11":2.327478725546447e-15,
		"ephi_12":{
			"Re":-4.0812733618101212e-19,
			"Im":-2.1358981938779258e-19
		},
		"ephi_13":{
			"Re":-3.9951345843693815e-18,
			"Im":-1.3668383118375966e-17
		},
		"ephi_21":{
			"Re":-8.438887946059684e-17,
			"Im":4.416418036222222e-17
		},
		"ephi_22":5.171316541673811e-13,
		"ephi_23":{
			"Re":8.232851690827033e-15,
			"Im":1.5417712285222414e-14
		},
		"ephi_31":{
			"Re":-1.389097815813623e-14,
			"Im":4.7525842302545946e-14
		},
		"ephi_32":{
			"Re":1.3844862955957652e-13,
			"Im":-2.5927360513926024e-13
		},
		"ephi_33":1.4876542293216384e-11,
		"eu_1111":-2.347938370271286e-11,
		"eu_1122":-2.347938370271286e-11,
		"eu_1133":-2.347938370271286e-11,
		"eu_1211":{
			"Re":2.0938004889063194e-15,
			"Im":2.247782452468718e-15
		},
		"eu_1222":{
			"Re":2.0938004889063194e-15,
			"Im":2.247782452468718e-15
		},
		"eu_1233":{
			"Re":2.0938004889063194e-15,
			"Im":2.247782452468718e-15
		},
		"eu_1311":{
			"Re":2.0691262646036463e-14,
			"Im":1.0317221114492015e-13
		},
		"eu_1322":{
			"Re":2.0691262646036463e-14,
			"Im":1.0317221114492015e-13
		},
		"eu_1333":{
			"Re":2.0691262646036463e-14,
			"Im":1.0317221114492015e-13
		},
		"eu_2211":-2.532110454568746e-11,
		"eu_2222":-2.532110454568746e-11,
		"eu_2233":-2.532110454568746e-11,
		"eu_2311":{
			"Re":-4.288376043586921e-13,
			"Im":-8.030920365710065e-13
		},
		"eu_2322":{
			"Re":-4.288376043586921e-13,
			"Im":-8.030920365710065e-13
		},
		"eu_2333":{
			"Re":-4.288376043586921e-13,
			"Im":-8.030920365710065e-13
		},
		"eu_3311":-4.44617615925352e-11,
		"eu_3322":-4.44617615925352e-11,
		"eu_3333":-4.44617615925352e-11,
		"phi":1.3884842558543124e-10,
		"phiB":-2.24899644695728e-11,
		"phiBox":-1.1169886186593878e-10,
		"phid_11":3.024966209383183e-13,
		"phid_22":3.024966209383183e-13,
		"phid_33":3.024966209383183e-13,
		"phiD":-9.074898628149549e-13,
		"phie_11":-1.760953777703464e-11,
		"phie_12":{
			"Re":1.5703503666799289e-15,
			"Im":1.6858368393515646e-15
		},
		"phie_13":{
			"Re":1.5518446984529467e-14,
			"Im":7.737915835869456e-14
		},
		"phie_22":-1.8990828409265612e-11,
		"phie_23":{
			"Re":-3.216282032690178e-13,
			"Im":-6.023190274282523e-13
		},
		"phie_33":-3.334632119440135e-11,
		"phil1_11":4.537449297316172e-13,
		"phil1_13":{
			"Re":2.163304286552515e-20,
			"Im":5.664530802873107e-20
		},
		"phil1_22":4.536679477476403e-13,
		"phil1_23":{
			"Re":-1.989195532177463e-17,
			"Im":-3.7251210864519106e-17
		},
		"phil1_33":4.170447963300073e-13,
		"phil3_13":{
			"Re":2.163304286552515e-20,
			"Im":5.664530802873107e-20
		},
		"phil3_22":-7.698365983713665e-17,
		"phil3_23":{
			"Re":-1.989195532177463e-17,
			"Im":-3.7251210864519106e-17
		},
		"phil3_33":-3.670013507747016e-14,
		"phiq1_11":-1.5124831046915916e-13,
		"phiq1_22":-1.5124831046915916e-13,
		"phiq1_33":-1.5124831046915916e-13,
		"phiu_11":-6.049932418766366e-13,
		"phiu_22":-6.049932418766366e-13,
		"phiu_33":-6.049932418766366e-13,
		"ld_1111":-3.024966209383183e-13,
		"ld_1122":-3.024966209383183e-13,
		"ld_1133":-3.024966209383183e-13,
		"ld_2211":-3.024966209383183e-13,
		"ld_2222":-3.024966209383183e-13,
		"ld_2233":-3.024966209383183e-13,
		"ld_3311":-3.024966209383183e-13,
		"ld_3322":-3.024966209383183e-13,
		"ld_3333":-3.024966209383183e-13,
		"le_1111":1.760953777703464e-11,
		"le_1112":{
			"Re":-1.5703503666799289e-15,
			"Im":-1.6858368393515646e-15
		},
		"le_1113":{
			"Re":-1.5518446984529467e-14,
			"Im":-7.737915835869456e-14
		},
		"le_1122":1.8990828409265612e-11,
		"le_1123":{
			"Re":3.216282032690178e-13,
			"Im":6.023190274282523e-13
		},
		"le_1133":3.334632119440135e-11,
		"le_2211":1.760953777703464e-11,
		"le_2212":{
			"Re":-1.5703503666799289e-15,
			"Im":-1.6858368393515646e-15
		},
		"le_2213":{
			"Re":-1.5518446984529467e-14,
			"Im":-7.737915835869456e-14
		},
		"le_2222":1.8990828409265612e-11,
		"le_2223":{
			"Re":3.216282032690178e-13,
			"Im":6.023190274282523e-13
		},
		"le_2233":3.334632119440135e-11,
		"le_3311":1.760953777703464e-11,
		"le_3312":{
			"Re":-1.5703503666799289e-15,
			"Im":-1.6858368393515646e-15
		},
		"le_3313":{
			"Re":-1.5518446984529467e-14,
			"Im":-7.737915835869456e-14
		},
		"le_3322":1.8990828409265612e-11,
		"le_3323":{
			"Re":3.216282032690178e-13,
			"Im":6.023190274282523e-13
		},
		"le_3333":3.334632119440135e-11,
		"ll_1111":-2.2687246570373872e-13,
		"ll_1122":-4.5374493140747745e-13,
		"ll_1133":-4.5374493140747745e-13,
		"ll_2222":-2.2687246570373872e-13,
		"ll_2233":-4.5374493140747745e-13,
		"ll_3333":-2.2687246570373872e-13,