{
	"eft":"SMEFT",
	"basis":"Warsaw",
	"scale":1000,
	"values":{
		"dd_1111":-2.4371298855767144e-14,
		"dd_1122":-4.874259771153429e-14,
		"dd_1133":-4.874259771153429e-14,
		"dd_2222":-2.4371298855767144e-14,
		"dd_2233":-4.874259771153429e-14,
		"dd_3333":-2.4371298855767144e-14,
		"eB_11":1.0304055111414485e-16,
		"eB_12":{
			"Re":-1.6953781326849196e-19,
			"Im":-1.3360650398061053e-20
		},
		"eB_13":{
			"Re":-7.415609825400311e-20,
			"Im":-2.5621976909119616e-19
		},
		"eB_21":{
			"Re":-3.505550949109368e-17,
			"Im":2.7625955402326666e-18
		},
		"eB_22":4.300822908787822e-15,
		"eB_23":{
			"Re":9.942167373166352e-16,
			"Im":2.6904419147120795e-16
		},
		"eB_31":{
			"Re":-2.5786731050978527e-16,
			"Im":8.90967894894673e-16
		},
		"eB_32":{
			"Re":1.6720173642249188e-14,
			"Im":-4.524632738509687e-15
		},
		"eB_33":3.7630151657256986e-13,
		"ed_1111":6.269285756581441e-12,
		"ed_1122":6.269285756581441e-12,
		"ed_1133":6.269285756581441e-12,
		"ed_1211":{
			"Re":-1.0515194201928156e-14,
			"Im":-3.612310785290682e-16
		},
		"ed_1222":{
			"Re":-1.0515194201928156e-14,
			"Im":-3.612310785290682e-16
		},
		"ed_1233":{
			"Re":-1.0515194201928156e-14,
			"Im":-3.612310785290682e-16
		},
		"ed_1311":{
			"Re":-5.448756763833228e-15,
			"Im":-1.2977050483721252e-14
		},
		"ed_1322":{
			"Re":-5.448756763833228e-15,
			"Im":-1.2977050483721252e-14
		},
		"ed_1333":{
			"Re":-5.448756763833228e-15,
			"Im":-1.2977050483721252e-14
		},
		"ed_2211":1.196467294807522e-12,
		"ed_2222":1.196467294807522e-12,
		"ed_2233":1.196467294807522e-12,
		"ed_2311":{
			"Re":2.9614881899667646e-13,
			"Im":7.994039335729637e-14
		},
		"ed_2322":{
			"Re":2.9614881899667646e-13,
			"Im":7.994039335729637e-14
		},
		"ed_2333":{
			"Re":2.9614881899667646e-13,
			"Im":7.994039335729637e-14
		},
		"ed_3311":6.57882357563609e-12,
		"ed_3322":6.57882357563609e-12,
		"ed_3333":6.57882357563609e-12,
		"ee_1111":-5.513669474018799e-10,
		"ee_1112":{
			"Re":-1.6469327510431043e-13,
			"Im":1.3947798938460446e-11
		},
		"ee_1113":{
			"Re":-1.1434112290461068e-10,
			"Im":2.4700909371272096e-10
		},
		"ee_1122":-3.198877575691921e-10,
		"ee_1123":{
			"Re":-6.346502891571109e-11,
			"Im":-1.7560622823830572e-11
		},
		"ee_1133":-1.45373346969289e-9,
		"ee_1212":{
			"Re":5.415495531527626e-11,
			"Im":3.958523442198237e-11
		},
		"ee_1213":{
			"Re":2.246972803350432e-11,
			"Im":1.1656927875972666e-11
		},
		"ee_1222":{
			"Re":1.977129277002697e-12,
			"Im":-3.1634031981794315e-12
		},
		"ee_1223":{
			"Re":7.310169667499663e-13,
			"Im":-4.841867221845936e-13
		},
		"ee_1232":{
			"Re":1.2632048292095928e-11,
			"Im":-6.595988353256178e-11
		},
		"ee_1233":{
			"Re":3.8575835063597775e-12,
			"Im":-2.4971361800116623e-11
		},
		"ee_1313":{
			"Re":1.7889411681264396e-10,
			"Im":2.1667782943142437e-10
		},
		"ee_1323":{
			"Re":9.180868170659026e-12,
			"Im":-1.1289265530660666e-11
		},
		"ee_1333":{
			"Re":1.2027101136680992e-10,
			"Im":-2.5069204251190963e-10
		},
		"ee_2222":-1.4587922246877315e-11,
		"ee_2223":{
			"Re":-8.839084347924591e-12,
			"Im":-5.034373355308855e-12
		},
		"ee_2233":-3.3816682401166506e-10,
		"ee_2323":{
			"Re":6.617563271292148e-11,
			"Im":1.6306603841826495e-11
		},
		"ee_2333":{
			"Re":-5.668547355227079e-11,
			"Im":-1.1564482858361212e-11
		},
		"ee_3333":-6.113060188228763e-10,
		"ephi_11":1.1008128822725068e-15,
		"ephi_12":{
			"Re":-1.806358434646471e-18,
			"Im":-8.630652775710412e-20
		},
		"ephi_13":{
			"Re":-8.91991165098595e-19,
			"Im":-2.3806300409894937e-18
		},
		"ephi_21":{
			"Re":-3.7350253420961935e-16,
			"Im":1.784568451929236e-17
		},
		"ephi_22":4.712831160769207e-14,
		"ephi_23":{
			"Re":1.0542129246911984e-14,
			"Im":2.8478337125855797e-15
		},
		"ephi_31":{
			"Re":-3.1016211681169735e-15,
			"Im":8.277779566513427e-15
		},
		"ephi_32":{
			"Re":1.772817631522829e-13,
			"Im":-4.789060362522935e-14
		},
		"ephi_33":4.015100631149954e-12,
		"eu_1111":-1.2538571513162882e-11,
		"eu_1122":-1.2538571513162882e-11,
		"eu_1133":-1.2538571513162882e-11,
		"eu_1211":{
			"Re":2.103038840385631e-14,
			"Im":7.224621570581364e-16
		},
		"eu_1222":{
			"Re":2.103038840385631e-14,
			"Im":7.224621570581364e-16
		},
		"eu_1233":{
			"Re":2.103038840385631e-14,
			"Im":7.224621570581364e-16
		},
		"eu_1311":{
			"Re":1.0897513527666456e-14,
			"Im":2.5954100967442504e-14
		},
		"eu_1322":{
			"Re":1.0897513527666456e-14,
			"Im":2.5954100967442504e-14
		},
		"eu_1333":{
			"Re":1.0897513527666456e-14,
			"Im":2.5954100967442504e-14
		},
		"eu_2211":-2.392934589615044e-12,
		"eu_2222":-2.392934589615044e-12,
		"eu_2233":-2.392934589615044e-12,
		"eu_2311":{
			"Re":-5.922976379933529e-13,
			"Im":-1.5988078671459274e-13
		},
		"eu_2322":{
			"Re":-5.922976379933529e-13,
			"Im":-1.5988078671459274e-13
		},
		"eu_2333":{
			"Re":-5.922976379933529e-13,
			"Im":-1.5988078671459274e-13
		},
		"eu_3311":-1.315764715127218e-11,
		"eu_3322":-1.315764715127218e-11,
		"eu_3333":-1.315764715127218e-11,
		"phi":2.5774918752581724e-11,
		"phiB":-4.978064117169447e-12,
		"phiBox":-2.2650742646746344e-11,
		"phid_11":7.311389656730143e-14,
		"phid_22":7.311389656730143e-14,
		"phid_33":7.311389656730143e-14,
		"phiD":-2.193416897019043e-13,
		"phie_11":-9.403928634872163e-12,
		"phie_12":{
			"Re":1.5772791302892236e-14,
			"Im":5.418466177936023e-16
		},
		"phie_13":{
			"Re":8.173135145749917e-15,
			"Im":1.946557572558198e-14
		},
		"phie_22":-1.7947009422112829e-12,
		"phie_23":{
			"Re":-4.442232284950148e-13,
			"Im":-1.199105900359446e-13
		},
		"phie_33":-9.868235363454138e-12,
		"phil1_11":1.0967084399777883e-13,
		"phil1_22":1.0966348158719652e-13,
		"phil1_23":{
			"Re":-2.8625928381304676e-17,
			"Im":-7.746439450664794e-18
		},
		"phil1_33":9.883620501954475e-14,
		"phil3_22":-7.36326375561932e-18,
		"phil3_23":{
			"Re":-2.8625928381304676e-17,
			"Im":-7.746439450664794e-18
		},
		"phil3_33":-1.0834639831407403e-14,
		"phiq1_11":-3.6556948283650714e-14,
		"phiq1_22":-3.6556948283650714e-14,
		"phiq1_33":-3.6556948283650714e-14,
		"phiu_11":-1.4622779313460286e-13,
		"phiu_22":-1.4622779313460286e-13,
		"phiu_33":-1.4622779313460286e-13,
		"ld_1111":-7.311389656730143e-14,
		"ld_1122":-7.311389656730143e-14,
		"ld_1133":-7.311389656730143e-14,
		"ld_2211":-7.311389656730143e-14,
		"ld_2222":-7.311389656730143e-14,
		"ld_2233":-7.311389656730143e-14,
		"ld_3311":-7.311389656730143e-14,
		"ld_3322":-7.311389656730143e-14,
		"ld_3333":-7.311389656730143e-14,
		"le_1111":9.403928634872163e-12,
		"le_1112":{
			"Re":-1.5772791302892236e-14,
			"Im":-5.418466177936023e-16
		},
		"le_1113":{
			"Re":-8.173135145749917e-15,
			"Im":-1.946557572558198e-14
		},
		"le_1122":1.7947009422112829e-12,
		"le_1123":{
			"Re":4.442232284950148e-13,
			"Im":1.199105900359446e-13
		},
		"le_1133":9.868235363454138e-12,
		"le_2211":9.403928634872163e-12,
		"le_2212":{
			"Re":-1.5772791302892236e-14,
			"Im":-5.418466177936023e-16
		},
		"le_2213":{
			"Re":-8.173135145749917e-15,
			"Im":-1.946557572558198e-14
		},
		"le_2222":1.7947009422112829e-12,
		"le_2223":{
			"Re":4.442232284950148e-13,
			"Im":1.199105900359446e-13
		},
		"le_2233":9.868235363454138e-12,
		"le_3311":9.403928634872163e-12,
		"le_3312":{
			"Re":-1.5772791302892236e-14,
			"Im":-5.418466177936023e-16
		},
		"le_3313":{
			"Re":-8.173135145749917e-15,
			"Im":-1.946557572558198e-14
		},
		"le_3322":1.7947009422112829e-12,
		"le_3323":{
			"Re":4.442232284950148e-13,
			"Im":1.199105900359446e-13
		},
		"le_3333":9.868235363454138e-12,
		"ll_1111":-5.4835422425476074e-14,
		"ll_1122":-1.0967084485095215e-13,
		"ll_1133":-1.0967084485095215e-13,
		"ll_2222":-5.4835422425476074e-14,
		"ll_2233":-1.0967084485095215e-13,
		"ll_3333":-5.4835422425476074e-14,
		"lq1_1111":3.6556948283650714e-14,
		"lq1_1122":3.6556948283650714e-14,
		"lq1_1133":3.6556948283650714e-14,
		"lq1_2211":3.6556948283650714e-14,
		"lq1_2222":3.6556948283650714e-14,