{
	"eft":"SMEFT",
	"basis":"Warsaw",
	"scale":1000,
	"values":{
		"dd_1111":-7.114581934353291e-14,
		"dd_1122":-1.4229163868706583e-13,
		"dd_1133":-1.4229163868706583e-13,
		"dd_2222":-7.114581934353291e-14,
		"dd_2233":-1.4229163868706583e-13,
		"dd_3333":-7.114581934353291e-14,
		"eB_11":2.0142797200059383e-16,
		"eB_13":{
			"Re":-5.095526051588193e-20,
			"Im":-5.035815069065679e-20
		},
		"eB_21":{
			"Re":9.824685284980077e-20,
			"Im":-2.8781347999479514e-20
		},
		"eB_22":3.9652412679108894e-16,
		"eB_23":{
			"Re":4.1822249441174826e-20,
			"Im":1.7961085420094614e-18
		},
		"eB_31":{
			"Re":-1.7718968897942511e-16,
			"Im":1.751133242793521e-16
		},
		"eB_32":{
			"Re":7.033428894527218e-19,
			"Im":-3.0205935562680377e-17
		},
		"eB_33":2.401454670624303e-13,
		"ed_1111":1.4540423005721627e-11,
		"ed_1122":1.4540423005721627e-11,
		"ed_1133":1.4540423005721627e-11,
		"ed_1211":{
			"Re":3.421129670327078e-17,
			"Im":9.917443473253457e-18
		},
		"ed_1222":{
			"Re":3.421129670327078e-17,
			"Im":9.917443473253457e-18
		},
		"ed_1233":{
			"Re":3.421129670327078e-17,
			"Im":9.917443473253457e-18
		},
		"ed_1311":{
			"Re":-3.7816845021701535e-15,
			"Im":-3.734103021806246e-15
		},
		"ed_1322":{
			"Re":-3.7816845021701535e-15,
			"Im":-3.734103021806246e-15
		},
		"ed_1333":{
			"Re":-3.7816845021701535e-15,
			"Im":-3.734103021806246e-15
		},
		"ed_2211":-2.838031184186521e-13,
		"ed_2222":-2.838031184186521e-13,
		"ed_2233":-2.838031184186521e-13,
		"ed_2311":{
			"Re":1.3431720090875301e-16,
			"Im":5.688434196956547e-16
		},
		"ed_2322":{
			"Re":1.3431720090875301e-16,
			"Im":5.688434196956547e-16
		},
		"ed_2333":{
			"Re":1.3431720090875301e-16,
			"Im":5.688434196956547e-16
		},
		"ed_3311":4.718757250790427e-12,
		"ed_3322":4.718757250790427e-12,
		"ed_3333":4.718757250790427e-12,
		"ee_1111":-2.1417114062549297e-10,
		"ee_1112":{
			"Re":6.20501620417655e-14,
			"Im":4.684818668890504e-14
		},
		"ee_1113":{
			"Re":2.4025316533667113e-14,
			"Im":-7.509049805955879e-13
		},
		"ee_1122":1.883099273196957e-11,
		"ee_1123":{
			"Re":-1.612334666434225e-14,
			"Im":-1.0344291346192129e-13
		},
		"ee_1133":-8.483730164534239e-10,
		"ee_1212":{
			"Re":-6.823782221535453e-12,
			"Im":-7.143646483236215e-12
		},
		"ee_1213":{
			"Re":-2.9769335708285344e-11,
			"Im":-6.9622434752167985e-12
		},
		"ee_1222":{
			"Re":-7.193971892167086e-16,
			"Im":-1.3265121855093161e-16
		},
		"ee_1223":{
			"Re":-7.195386705038105e-15,
			"Im":-3.990629872690205e-15
		},
		"ee_1232":{
			"Re":1.3469136056820612e-14,
			"Im":-4.73430667850433e-15
		},
		"ee_1233":{
			"Re":2.4923718242670732e-14,
			"Im":-3.566307798828602e-14
		},
		"ee_1313":{
			"Re":3.327874613344722e-10,
			"Im":-1.23023327020595e-10
		},
		"ee_1323":{
			"Re":1.566553766838869e-14,
			"Im":-2.3068402020604075e-14
		},
		"ee_1333":{
			"Re":1.8196175683227264e-13,
			"Im":7.268321316444939e-13
		},
		"ee_2222":-2.3961538973683285e-13,
		"ee_2223":{
			"Re":2.3823716303279694e-13,
			"Im":-1.5472847163722618e-13
		},
		"ee_2233":6.803011327394989e-12,
		"ee_2323":{
			"Re":-1.3100963661917957e-12,
			"Im":3.0274540674453796e-12
		},
		"ee_2333":{
			"Re":-8.522863542881851e-12,
			"Im":5.592927080779209e-12
		},
		"ee_3333":-2.2568967349424918e-11,
		"ephi_11":5.5401579495957245e-18,
		"ephi_22":1.0939346827224313e-17,
		"ephi_23":{
			"Re":0.0,
			"Im":4.6148786712821904e-20
		},
		"ephi_31":{
			"Re":-4.8691533432845465e-18,
			"Im":4.809006242193969e-18
		},
		"ephi_32":{
			"Re":1.3214562109492472e-19,
			"Im":-7.584142506876744e-19
		},
		"ephi_33":6.759514191928311e-15,
		"eu_1111":-2.9080846011443254e-11,
		"eu_1122":-2.9080846011443254e-11,
		"eu_1133":-2.9080846011443254e-11,
		"eu_1211":{
			"Re":-6.842259340654156e-17,
			"Im":-1.9834886946506915e-17
		},
		"eu_1222":{
			"Re":-6.842259340654156e-17,
			"Im":-1.9834886946506915e-17
		},
		"eu_1233":{
			"Re":-6.842259340654156e-17,
			"Im":-1.9834886946506915e-17
		},
		"eu_1311":{
			"Re":7.563369004340307e-15,
			"Im":7.468206043612492e-15
		},
		"eu_1322":{
			"Re":7.563369004340307e-15,
			"Im":7.468206043612492e-15
		},
		"eu_1333":{
			"Re":7.563369004340307e-15,
			"Im":7.468206043612492e-15
		},
		"eu_2211":5.676062368373042e-13,
		"eu_2222":5.676062368373042e-13,
		"eu_2233":5.676062368373042e-13,
		"eu_2311":{
			"Re":-2.6863440181750603e-16,
			"Im":-1.1376868393913093e-15
		},
		"eu_2322":{
			"Re":-2.6863440181750603e-16,
			"Im":-1.1376868393913093e-15
		},
		"eu_2333":{
			"Re":-2.6863440181750603e-16,
			"Im":-1.1376868393913093e-15
		},
		"eu_3311":-9.437514501580854e-12,
		"eu_3322":-9.437514501580854e-12,
		"eu_3333":-9.437514501580854e-12,
		"phi":8.777558039027658e-19,
		"phiB":-3.2958423321221194e-14,
		"phiBox":-1.604173834419863e-13,
		"phid_11":2.134374580305987e-13,
		"phid_22":2.134374580305987e-13,
		"phid_33":2.134374580305987e-13,
		"phiD":-6.403123740917962e-13,
		"phie_11":-2.1810634508582436e-11,
		"phie_12":{
			"Re":-5.1316945054906466e-17,
			"Im":-1.4876165209880198e-17
		},
		"phie_13":{
			"Re":5.672526753255229e-15,
			"Im":5.601154532709366e-15
		},
		"phie_22":4.257046776279784e-13,
		"phie_23":{
			"Re":-2.014758013629591e-16,
			"Im":-8.532651295436082e-16
		},
		"phie_33":-7.078135876185642e-12,
		"phil1_11":3.2015618537807927e-13,
		"phil1_22":3.201555081730886e-13,
		"phil1_23":{
			"Re":0.0,
			"Im":-5.171435217172125e-20
		},
		"phil1_33":3.1324181246015343e-13,
		"phil3_22":-6.788728094485383e-19,
		"phil3_23":{
			"Re":0.0,
			"Im":-5.171435217172125e-20
		},
		"phil3_33":-6.914374585744635e-15,
		"phiq1_11":-1.0671872901529935e-13,
		"phiq1_22":-1.0671872901529935e-13,
		"phiq1_33":-1.0671872901529935e-13,
		"phiu_11":-4.268749160611974e-13,
		"phiu_22":-4.268749160611974e-13,
		"phiu_33":-4.268749160611974e-13,
		"ld_1111":-2.134374580305987e-13,
		"ld_1122":-2.134374580305987e-13,
		"ld_1133":-2.134374580305987e-13,
		"ld_2211":-2.134374580305987e-13,
		"ld_2222":-2.134374580305987e-13,
		"ld_2233":-2.134374580305987e-13,
		"ld_3311":-2.134374580305987e-13,
		"ld_3322":-2.134374580305987e-13,
		"ld_3333":-2.134374580305987e-13,
		"le_1111":2.1810634508582436e-11,
		"le_1112":{
			"Re":5.1316945054906466e-17,
			"Im":1.4876165209880198e-17
		},
		"le_1113":{
			"Re":-5.672526753255229e-15,
			"Im":-5.601154532709366e-15
		},
		"le_1122":-4.257046776279784e-13,
		"le_1123":{
			"Re":2.014758013629591e-16,
			"Im":8.532651295436082e-16
		},
		"le_1133":7.078135876185642e-12,
		"le_2211":2.1810634508582436e-11,
		"le_2212":{
			"Re":5.1316945054906466e-17,
			"Im":1.4876165209880198e-17
		},
		"le_2213":{
			"Re":-5.672526753255229e-15,
			"Im":-5.601154532709366e-15
		},
		"le_2222":-4.257046776279784e-13,
		"le_2223":{
			"Re":2.014758013629591e-16,
			"Im":8.532651295436082e-16
		},
		"le_2233":7.078135876185642e-12,
		"le_3311":2.1810634508582436e-11,
		"le_3312":{
			"Re":5.1316945054906466e-17,
			"Im":1.4876165209880198e-17
		},
		"le_3313":{
			"Re":-5.672526753255229e-15,
			"Im":-5.601154532709366e-15
		},
		"le_3322":-4.257046776279784e-13,
		"le_3323":{
			"Re":2.014758013629591e-16,
			"Im":8.532651295436082e-16
		},
		"le_3333":7.078135876185642e-12,
		"ll_1111":-1.6007809352294904e-13,
		"ll_1122":-3.201561870458981e-13,
		"ll_1133":-3.201561870458981e-13,
		"ll_2222":-1.6007809352294904e-13,
		"ll_2233":-3.201561870458981e-13,
		"ll_3333":-1.6007809352294904e-13,
		"lq1_1111":1.0671872901529935e-13,
		"lq1_1122":1.0671872901529935e-13,
		"lq1_1133":1.0671872901529935e-13,
		"lq1_2211":1.0671872901529935e-13,
		"lq1_2222":1.0671872901529935e-13,
		"lq1_2233":1.0671872901529935e-13,
		"lq1_3311":1.0671872901529935e-13,
		"lq1_3322":1.0671872901529935e-13,
		"lq1_3333":1.0671872901529935e-13,
		"lu_1111":4.268749160611974e-13,
		"lu_1122":4.268749160611974e-13,
		"lu_1133":4.268749160611974e-13,
		"lu_2211":4.268749160611974e-13,
		"lu_2222":4.268749160611974e-13,
		"lu_2233":4.268749160611974e-13,
		"lu_3311":4.268749160611974e-13,