{
	"eft":"SMEFT",
	"basis":"Warsaw",
	"scale":1000,
	"values":{
		"dd_1111":-8.586356003567164e-14,
		"dd_1122":-1.7172712007134327e-13,
		"dd_1133":-1.7172712007134327e-13,
		"dd_2222":-8.586356003567164e-14,
		"dd_2233":-1.7172712007134327e-13,
		"dd_3333":-8.586356003567164e-14,
		"eB_11":4.013746776862524e-16,
		"eB_12":{
			"Re":4.2252494676575164e-20,
			"Im":1.4262223215893874e-20
		},
		"eB_13":{
			"Re":2.0516348596122077e-18,
			"Im":2.6020225881820664e-17
		},
		"eB_21":{
			"Re":8.73659214780151e-18,
			"Im":-2.9490146868717207e-18
		},
		"eB_22":9.289560773711746e-14,
		"eB_23":{
			"Re":-6.635483714207952e-17,
			"Im":-9.820546133856097e-17
		},
		"eB_31":{
			"Re":7.134269141077661e-15,
			"Im":-9.048164378900936e-14
		},
		"eB_32":{
			"Re":-1.1159180462130939e-15,
			"Im":1.6515637934538094e-15
		},
		"eB_33":5.220807767072884e-14,
		"ed_1111":2.299913412393819e-11,
		"ed_1122":2.299913412393819e-11,
		"ed_1133":2.299913412393819e-11,
		"ed_1211":{
			"Re":2.0242391384553513e-15,
			"Im":9.484390013280586e-16
		},
		"ed_1222":{
			"Re":2.0242391384553513e-15,
			"Im":9.484390013280586e-16
		},
		"ed_1233":{
			"Re":2.0242391384553513e-15,
			"Im":9.484390013280586e-16
		},
		"ed_1311":{
			"Re":1.341896671600807e-13,
			"Im":1.5130966358220794e-12
		},
		"ed_1322":{
			"Re":1.341896671600807e-13,
			"Im":1.5130966358220794e-12
		},
		"ed_1333":{
			"Re":1.341896671600807e-13,
			"Im":1.5130966358220794e-12
		},
		"ed_2211":2.563242409775007e-11,
		"ed_2222":2.563242409775007e-11,
		"ed_2233":2.563242409775007e-11,
		"ed_2311":{
			"Re":-1.8738237464582473e-14,
			"Im":-2.7634040096115683e-14
		},
		"ed_2322":{
			"Re":-1.8738237464582473e-14,
			"Im":-2.7634040096115683e-14
		},
		"ed_2333":{
			"Re":-1.8738237464582473e-14,
			"Im":-2.7634040096115683e-14
		},
		"ed_3311":3.686470795232229e-13,
		"ed_3322":3.686470795232229e-13,
		"ed_3333":3.686470795232229e-13,
		"ee_1111":-3.0682334431432523e-9,
		"ee_1112":{
			"Re":7.085239925737366e-13,
			"Im":-7.644277001363074e-13
		},
		"ee_1113":{
			"Re":-1.6139825105337234e-10,
			"Im":-3.0656173317858593e-10
		},
		"ee_1122":-7.676368216547957e-9,
		"ee_1123":{
			"Re":4.821272609754305e-12,
			"Im":8.522041928086e-12
		},
		"ee_1133":-1.203810716345239e-10,
		"ee_1212":{
			"Re":4.870071863727757e-10,
			"Im":-3.7816478039770416e-10
		},
		"ee_1213":{
			"Re":-1.1191069202888644e-12,
			"Im":-9.299392361192582e-13
		},
		"ee_1222":{
			"Re":1.6559995959660712e-12,
			"Im":-1.0734149555306907e-12
		},
		"ee_1223":{
			"Re":-4.031115731250212e-11,
			"Im":-5.020853356632096e-10
		},
		"ee_1232":{
			"Re":-3.180210246998212e-10,
			"Im":-6.027621962800783e-11
		},
		"ee_1233":{
			"Re":5.900000645830044e-13,
			"Im":1.0643544722538647e-12
		},
		"ee_1313":{
			"Re":2.459087915479618e-12,
			"Im":2.3711820465856985e-12
		},
		"ee_1323":{
			"Re":-5.607231661149534e-13,
			"Im":4.0643881571951463e-13
		},
		"ee_1333":{
			"Re":5.110317987814051e-12,
			"Im":-9.297687620524203e-12
		},
		"ee_2222":-3.2426198819607907e-9,
		"ee_2223":{
			"Re":5.592446724976732e-12,
			"Im":6.7874532881153315e-12
		},
		"ee_2233":-2.1333420311832736e-10,
		"ee_2323":{
			"Re":-2.1304067720556775e-11,
			"Im":-6.321349833961015e-12
		},
		"ee_2333":{
			"Re":1.795298987976086e-13,
			"Im":1.8224326600827927e-13
		},
		"ee_3333":-2.555478911271781e-12,
		"ephi_11":-9.057741334988937e-18,
		"ephi_13":{
			"Re":-4.8790402698603367e-20,
			"Im":-5.689195715458932e-19
		},
		"ephi_21":{
			"Re":-1.7251593285245442e-19,
			"Im":7.271658852175374e-20
		},
		"ephi_22":-2.086739992680947e-15,
		"ephi_23":{
			"Re":1.4550268613234171e-18,
			"Im":2.1480584329111945e-18
		},
		"ephi_31":{
			"Re":-1.7385466176268063e-16,
			"Im":2.031515040740724e-15
		},
		"ephi_32":{
			"Re":2.5123346597798e-17,
			"Im":-3.709205592165989e-17
		},
		"ephi_33":-1.1513968856046784e-15,
		"eu_1111":-4.599826824787638e-11,
		"eu_1122":-4.599826824787638e-11,
		"eu_1133":-4.599826824787638e-11,
		"eu_1211":{
			"Re":-4.0484782769107025e-15,
			"Im":-1.8968780026561173e-15
		},
		"eu_1222":{
			"Re":-4.0484782769107025e-15,
			"Im":-1.8968780026561173e-15
		},
		"eu_1233":{
			"Re":-4.0484782769107025e-15,
			"Im":-1.8968780026561173e-15
		},
		"eu_1311":{
			"Re":-2.683793343201614e-13,
			"Im":-3.026193271644159e-12
		},
		"eu_1322":{
			"Re":-2.683793343201614e-13,
			"Im":-3.026193271644159e-12
		},
		"eu_1333":{
			"Re":-2.683793343201614e-13,
			"Im":-3.026193271644159e-12
		},
		"eu_2211":-5.126484819550014e-11,
		"eu_2222":-5.126484819550014e-11,
		"eu_2233":-5.126484819550014e-11,
		"eu_2311":{
			"Re":3.747647492916495e-14,
			"Im":5.5268080192231367e-14
		},
		"eu_2322":{
			"Re":3.747647492916495e-14,
			"Im":5.5268080192231367e-14
		},
		"eu_2333":{
			"Re":3.747647492916495e-14,
			"Im":5.5268080192231367e-14
		},
		"eu_3311":-7.372941590464458e-13,
		"eu_3322":-7.372941590464458e-13,
		"eu_3333":-7.372941590464458e-13,
		"phi":-9.712665894997412e-19,
		"phiB":3.864212592275372e-14,
		"phiBox":-1.9357946658176957e-13,
		"phid_11":2.5759068010701487e-13,
		"phid_22":2.5759068010701487e-13,
		"phid_33":2.5759068010701487e-13,
		"phiD":-7.727720403210447e-13,
		"phie_11":-3.449870118590725e-11,
		"phie_12":{
			"Re":-3.036358707683134e-15,
			"Im":-1.4226585019920533e-15
		},
		"phie_13":{
			"Re":-2.0128450074012265e-13,
			"Im":-2.2696449537331154e-12
		},
		"phie_22":-3.844863614662511e-11,
		"phie_23":{
			"Re":2.8107356196873728e-14,
			"Im":4.145106014417353e-14
		},
		"phie_33":-5.529706192848334e-13,
		"phil1_11":3.8638601683714954e-13,
		"phil1_13":{
			"Re":-5.907157901440925e-20,
			"Im":-7.491858611923096e-19
		},
		"phil1_22":3.862269773735921e-13,
		"phil1_23":{
			"Re":1.9105178423257306e-18,
			"Im":2.827575112563534e-18
		},
		"phil1_33":3.8488282207882286e-13,
		"phil3_13":{
			"Re":-5.907157901440925e-20,
			"Im":-7.491858611923096e-19
		},
		"phil3_22":-1.5904278693021916e-16,
		"phil3_23":{
			"Re":1.9105178423257306e-18,
			"Im":2.827575112563534e-18
		},
		"phil3_33":-1.5031980816994726e-15,
		"phiq1_11":-1.2879534005350744e-13,
		"phiq1_22":-1.2879534005350744e-13,
		"phiq1_33":-1.2879534005350744e-13,
		"phiu_11":-5.151813602140297e-13,
		"phiu_22":-5.151813602140297e-13,
		"phiu_33":-5.151813602140297e-13,
		"ld_1111":-2.5759068010701487e-13,
		"ld_1122":-2.5759068010701487e-13,
		"ld_1133":-2.5759068010701487e-13,
		"ld_2211":-2.5759068010701487e-13,
		"ld_2222":-2.5759068010701487e-13,
		"ld_2233":-2.5759068010701487e-13,
		"ld_3311":-2.5759068010701487e-13,
		"ld_3322":-2.5759068010701487e-13,
		"ld_3333":-2.5759068010701487e-13,
		"le_1111":3.449870118590725e-11,
		"le_1112":{
			"Re":3.036358707683134e-15,
			"Im":1.4226585019920533e-15
		},
		"le_1113":{
			"Re":2.0128450074012265e-13,
			"Im":2.2696449537331154e-12
		},
		"le_1122":3.844863614662511e-11,
		"le_1123":{
			"Re":-2.8107356196873728e-14,
			"Im":-4.145106014417353e-14
		},
		"le_1133":5.529706192848334e-13,
		"le_2211":3.449870118590725e-11,
		"le_2212":{
			"Re":3.036358707683134e-15,
			"Im":1.4226585019920533e-15
		},
		"le_2213":{
			"Re":2.0128450074012265e-13,
			"Im":2.2696449537331154e-12
		},
		"le_2222":3.844863614662511e-11,
		"le_2223":{
			"Re":-2.8107356196873728e-14,
			"Im":-4.145106014417353e-14
		},
		"le_2233":5.529706192848334e-13,
		"le_3311":3.449870118590725e-11,
		"le_3312":{
			"Re":3.036358707683134e-15,
			"Im":1.4226585019920533e-15
		},
		"le_3313":{
			"Re":2.0128450074012265e-13,
			"Im":2.2696449537331154e-12
		},
		"le_3322":3.844863614662511e-11,
		"le_3323":{
			"Re":-2.8107356196873728e-14,
			"Im":-4.145106014417353e-14
		},
		"le_3333":5.529706192848334e-13,
		"ll_1111":-1.9319301008026117e-13,
		"ll_1122":-3.8638602016052233e-13,
		"ll_1133":-3.8638602016052233e-13,
		"ll_2222":-1.9319301008026117e-13,
		"ll_2233":-3.8638602016052233e-13,
		"ll_3333":-1.9319301008026117e-13,
		"lq1_1111":1.2879534005350744e-13,
		"lq1_1122":1.2879534005350744e-13,
		"lq1_1133":1.2879534005350744e-13,