{
	"eft":"SMEFT",
	"basis":"Warsaw",
	"scale":1000,
	"values":{
		"dd_1111":-1.9874274894845525e-13,
		"dd_1122":-3.974854978969105e-13,
		"dd_1133":-3.974854978969105e-13,
		"dd_2222":-1.9874274894845525e-13,
		"dd_2233":-3.974854978969105e-13,
		"dd_3333":-1.9874274894845525e-13,
		"eB_11":9.359729085124728e-18,
		"eB_12":{
			"Re":3.457936963234352e-18,
			"Im":-2.0595155730940148e-18
		},
		"eB_13":{
			"Re":-4.604400435955457e-18,
			"Im":-1.1918018817193371e-17
		},
		"eB_21":{
			"Re":7.1500121239792915e-16,
			"Im":4.2584817114112264e-16
		},
		"eB_22":8.760492700121961e-14,
		"eB_23":{
			"Re":-5.105765175997155e-16,
			"Im":3.1000758761113287e-15
		},
		"eB_31":{
			"Re":-1.601114924982845e-14,
			"Im":4.144321952413979e-14
		},
		"eB_32":{
			"Re":-8.586586517305163e-15,
			"Im":-5.213531919873664e-14
		},
		"eB_33":1.3203055378536487e-12,
		"ed_1111":-4.842929174394875e-13,
		"ed_1122":-4.842929174394875e-13,
		"ed_1133":-4.842929174394875e-13,
		"ed_1211":{
			"Re":2.6386785724957864e-13,
			"Im":-1.5723273841596378e-13
		},
		"ed_1222":{
			"Re":2.6386785724957864e-13,
			"Im":-1.5723273841596378e-13
		},
		"ed_1233":{
			"Re":2.6386785724957864e-13,
			"Im":-1.5723273841596378e-13
		},
		"ed_1311":{
			"Re":-3.5156943465822516e-13,
			"Im":-9.100357551659265e-13
		},
		"ed_1322":{
			"Re":-3.5156943465822516e-13,
			"Im":-9.100357551659265e-13
		},
		"ed_1333":{
			"Re":-3.5156943465822516e-13,
			"Im":-9.100357551659265e-13
		},
		"ed_2211":3.118729834197181e-11,
		"ed_2222":3.118729834197181e-11,
		"ed_2233":3.118729834197181e-11,
		"ed_2311":{
			"Re":-1.9009844870719393e-13,
			"Im":1.1597843410878052e-12
		},
		"ed_2322":{
			"Re":-1.9009844870719393e-13,
			"Im":1.1597843410878052e-12
		},
		"ed_2333":{
			"Re":-1.9009844870719393e-13,
			"Im":1.1597843410878052e-12
		},
		"ed_3311":2.7797206038588748e-11,
		"ed_3322":2.7797206038588748e-11,
		"ed_3333":2.7797206038588748e-11,
		"ee_1111":1.197325872139803e-13,
		"ee_1112":{
			"Re":9.595223392450943e-13,
			"Im":7.607114655039362e-13
		},
		"ee_1113":{
			"Re":1.5217984901529758e-12,
			"Im":-1.6753789858097254e-12
		},
		"ee_1122":1.75015502966876e-12,
		"ee_1123":{
			"Re":2.7958733824751113e-14,
			"Im":-1.9775085817166255e-12
		},
		"ee_1133":2.2359628463232893e-12,
		"ee_1212":{
			"Re":-2.4191880901568886e-11,
			"Im":-1.7082477141339772e-11
		},
		"ee_1213":{
			"Re":2.4588969443504015e-11,
			"Im":-4.537157911067888e-11
		},
		"ee_1222":{
			"Re":-7.808909975853468e-11,
			"Im":2.332434868160274e-11
		},
		"ee_1223":{
			"Re":2.971157027825229e-11,
			"Im":4.3590232763088506e-11
		},
		"ee_1232":{
			"Re":-9.997478574944301e-12,
			"Im":-7.811869958197455e-11
		},
		"ee_1233":{
			"Re":1.0738637309694427e-10,
			"Im":-2.340935841876457e-11
		},
		"ee_1313":{
			"Re":-2.2331355136769538e-11,
			"Im":-7.997249545921463e-12
		},
		"ee_1323":{
			"Re":-3.792416304453481e-11,
			"Im":1.5429842782868597e-11
		},
		"ee_1333":{
			"Re":1.0088162624228241e-11,
			"Im":4.767537335460679e-11
		},
		"ee_2222":{
			"Re":-1.0185467646236193e-9,
			"Im":-2.6210150225636365e-18
		},
		"ee_2223":{
			"Re":2.98602454369127e-10,
			"Im":1.6795437354935466e-9
		},
		"ee_2233":{
			"Re":-4.791950484605996e-10,
			"Im":1.0305268490519418e-17
		},
		"ee_2323":{
			"Re":8.324556282692501e-10,
			"Im":-3.001337591880003e-10
		},
		"ee_2333":{
			"Re":-2.838973980582414e-10,
			"Im":-1.6482319917222452e-9
		},
		"ee_3333":{
			"Re":-9.215591288881246e-10,
			"Im":-2.531612734498143e-18
		},
		"ephi_11":6.964443411674031e-19,
		"ephi_12":{
			"Re":2.5893206337208883e-19,
			"Im":-1.5427234441468088e-19
		},
		"ephi_13":{
			"Re":-3.4763416187397353e-19,
			"Im":-8.998403070125328e-19
		},
		"ephi_21":{
			"Re":5.353816554427519e-17,
			"Im":3.189816775876582e-17
		},
		"ephi_22":6.567341129478813e-15,
		"ephi_23":{
			"Re":-3.878230209106078e-17,
			"Im":2.3630979019517146e-16
		},
		"ephi_31":{
			"Re":-1.1994383898607746e-15,
			"Im":3.104709955448108e-15
		},
		"ephi_32":{
			"Re":-6.471901045970785e-16,
			"Im":-3.943591451488799e-15
		},
		"ephi_33":9.96802696340121e-14,
		"eu_1111":9.68585834878975e-13,
		"eu_1122":9.68585834878975e-13,
		"eu_1133":9.68585834878975e-13,
		"eu_1211":{
			"Re":-5.277357144991573e-13,
			"Im":3.1446547683192756e-13
		},
		"eu_1222":{
			"Re":-5.277357144991573e-13,
			"Im":3.1446547683192756e-13
		},
		"eu_1233":{
			"Re":-5.277357144991573e-13,
			"Im":3.1446547683192756e-13
		},
		"eu_1311":{
			"Re":7.031388693164503e-13,
			"Im":1.820071510331853e-12
		},
		"eu_1322":{
			"Re":7.031388693164503e-13,
			"Im":1.820071510331853e-12
		},
		"eu_1333":{
			"Re":7.031388693164503e-13,
			"Im":1.820071510331853e-12
		},
		"eu_2211":-6.237459668394362e-11,
		"eu_2222":-6.237459668394362e-11,
		"eu_2233":-6.237459668394362e-11,
		"eu_2311":{
			"Re":3.8019689741438786e-13,
			"Im":-2.3195686821756105e-12
		},
		"eu_2322":{
			"Re":3.8019689741438786e-13,
			"Im":-2.3195686821756105e-12
		},
		"eu_2333":{
			"Re":3.8019689741438786e-13,
			"Im":-2.3195686821756105e-12
		},
		"eu_3311":-5.5594412077177495e-11,
		"eu_3322":-5.5594412077177495e-11,
		"eu_3333":-5.5594412077177495e-11,
		"phi":4.664905482191066e-17,
		"phiB":-2.457823800415986e-13,
		"phiBox":-4.5392575478734474e-13,
		"phid_11":5.962282468453657e-13,
		"phid_22":5.962282468453657e-13,
		"phid_33":5.962282468453657e-13,
		"phiD":-1.7886847405360969e-12,
		"phie_11":7.264393761592322e-13,
		"phie_12":{
			"Re":-3.9580178587436796e-13,
			"Im":2.358491076239456e-13
		},
		"phie_13":{
			"Re":5.273541519873375e-13,
			"Im":1.365053632748889e-12
		},
		"phie_22":-4.678094751295766e-11,
		"phie_23":{
			"Re":2.851476730607896e-13,
			"Im":-1.7396765116316957e-12
		},
		"phie_33":-4.169580905788309e-11,
		"phil1_11":8.943423701905501e-13,
		"phil1_13":{
			"Re":1.325719354456334e-19,
			"Im":3.431488731811267e-19
		},
		"phil1_22":8.941923854401487e-13,
		"phil1_23":{
			"Re":1.470074509651978e-17,
			"Im":-8.92587568437915e-17
		},
		"phil1_33":8.563275488016082e-13,
		"phil3_13":{
			"Re":1.325719354456334e-19,
			"Im":3.431488731811267e-19
		},
		"phil3_22":-1.499848278997297e-16,
		"phil3_23":{
			"Re":1.470074509651978e-17,
			"Im":-8.92587568437915e-17
		},
		"phil3_33":-3.801482146644019e-14,
		"phiq1_11":-2.9811412342268283e-13,
		"phiq1_22":-2.9811412342268283e-13,
		"phiq1_33":-2.9811412342268283e-13,
		"phiu_11":-1.1924564936907313e-12,
		"phiu_22":-1.1924564936907313e-12,
		"phiu_33":-1.1924564936907313e-12,
		"ld_1111":-5.962282468453657e-13,
		"ld_1122":-5.962282468453657e-13,
		"ld_1133":-5.962282468453657e-13,
		"ld_2211":-5.962282468453657e-13,
		"ld_2222":-5.962282468453657e-13,
		"ld_2233":-5.962282468453657e-13,
		"ld_3311":-5.962282468453657e-13,
		"ld_3322":-5.962282468453657e-13,
		"ld_3333":-5.962282468453657e-13,
		"le_1111":-7.264393761592322e-13,
		"le_1112":{
			"Re":3.9580178587436796e-13,
			"Im":-2.358491076239456e-13
		},
		"le_1113":{
			"Re":-5.273541519873375e-13,
			"Im":-1.365053632748889e-12
		},
		"le_1122":4.678094751295766e-11,
		"le_1123":{
			"Re":-2.851476730607896e-13,
			"Im":1.7396765116316957e-12
		},
		"le_1133":4.169580905788309e-11,
		"le_2211":-7.264393761592322e-13,
		"le_2212":{
			"Re":3.9580178587436796e-13,
			"Im":-2.358491076239456e-13
		},
		"le_2213":{
			"Re":-5.273541519873375e-13,
			"Im":-1.365053632748889e-12
		},
		"le_2222":4.678094751295766e-11,
		"le_2223":{
			"Re":-2.851476730607896e-13,
			"Im":1.7396765116316957e-12
		},
		"le_2233":4.169580905788309e-11,
		"le_3311":-7.264393761592322e-13,
		"le_3312":{
			"Re":3.9580178587436796e-13,
			"Im":-2.358491076239456e-13
		},
		"le_3313":{
			"Re":-5.273541519873375e-13,
			"Im":-1.365053632748889e-12
		},
		"le_3322":4.678094751295766e-11,
		"le_3323":{
			"Re":-2.851476730607896e-13,
			"Im":1.7396765116316957e-12
		},
		"le_3333":4.169580905788309e-11,
		"ll_1111":-4.471711851340242e-13,
		"ll_1122":-8.943423702680484e-13,
		"ll_1133":-8.943423702680484e-13,