{
	"eft":"SMEFT",
	"basis":"Warsaw",
	"scale":1000,
	"values":{
		"dd_1111":-3.6873346419238055e-13,
		"dd_1122":-7.374669283847611e-13,
		"dd_1133":-7.374669283847611e-13,
		"dd_2222":-3.6873346419238055e-13,
		"dd_2233":-7.374669283847611e-13,
		"dd_3333":-3.6873346419238055e-13,
		"eB_11":4.667501352417705e-18,
		"eB_12":{
			"Re":-1.5972430848808564e-19,
			"Im":-2.874275903383917e-19
		},
		"eB_13":{
			"Re":1.0470239292692829e-18,
			"Im":1.4620018244938603e-19
		},
		"eB_21":{
			"Re":-3.302636092925864e-17,
			"Im":5.943170096899114e-17
		},
		"eB_22":1.447396860654306e-13,
		"eB_23":{
			"Re":1.2316219291092202e-14,
			"Im":-1.3986464191475585e-14
		},
		"eB_31":{
			"Re":3.6408771636721434e-15,
			"Im":-5.083903917804061e-16
		},
		"eB_32":{
			"Re":2.071271961472683e-13,
			"Im":2.3521642831495977e-13
		},
		"eB_33":1.228118306203079e-12,
		"ed_1111":-1.9113777588786556e-12,
		"ed_1122":-1.9113777588786556e-12,
		"ed_1133":-1.9113777588786556e-12,
		"ed_1211":{
			"Re":-1.029886782431453e-14,
			"Im":-1.8541165768380704e-14
		},
		"ed_1222":{
			"Re":-1.029886782431453e-14,
			"Im":-1.8541165768380704e-14
		},
		"ed_1233":{
			"Re":-1.029886782431453e-14,
			"Im":-1.8541165768380704e-14
		},
		"ed_1311":{
			"Re":6.754386428776584e-14,
			"Im":9.430398152594014e-15
		},
		"ed_1322":{
			"Re":6.754386428776584e-14,
			"Im":9.430398152594014e-15
		},
		"ed_1333":{
			"Re":6.754386428776584e-14,
			"Im":9.430398152594014e-15
		},
		"ed_2211":4.295291831344529e-11,
		"ed_2222":4.295291831344529e-11,
		"ed_2233":4.295291831344529e-11,
		"ed_2311":{
			"Re":3.845527066104092e-12,
			"Im":-4.365403849615569e-12
		},
		"ed_2322":{
			"Re":3.845527066104092e-12,
			"Im":-4.365403849615569e-12
		},
		"ed_2333":{
			"Re":3.845527066104092e-12,
			"Im":-4.365403849615569e-12
		},
		"ed_3311":2.0571859551538416e-11,
		"ed_3322":2.0571859551538416e-11,
		"ed_3333":2.0571859551538416e-11,
		"ee_1111":-2.4767641466393344e-12,
		"ee_1112":{
			"Re":-4.1022241463011646e-14,
			"Im":-3.038710678579645e-14
		},
		"ee_1113":{
			"Re":1.6387042707569674e-13,
			"Im":5.86705487418831e-15
		},
		"ee_1122":9.464853911601607e-11,
		"ee_1123":{
			"Re":8.54220929649903e-12,
			"Im":-9.702904079642305e-12
		},
		"ee_1133":4.4895830758880876e-11,
		"ee_1212":{
			"Re":-5.2168845637667626e-12,
			"Im":3.825555710162752e-12
		},
		"ee_1213":{
			"Re":-6.2082358447216505e-12,
			"Im":6.008706592315931e-12
		},
		"ee_1222":{
			"Re":3.606820575741734e-12,
			"Im":1.8752137693153497e-12
		},
		"ee_1223":{
			"Re":-4.184611500690818e-12,
			"Im":-1.7515892119896192e-12
		},
		"ee_1232":{
			"Re":-2.427084774526454e-12,
			"Im":-1.6650055947116002e-13
		},
		"ee_1233":{
			"Re":-3.1429027009084957e-12,
			"Im":-1.717813095375465e-14
		},
		"ee_1313":{
			"Re":2.5560086772044486e-12,
			"Im":-7.778535407462449e-13
		},
		"ee_1323":{
			"Re":-1.7594965490279727e-12,
			"Im":4.2363765612412936e-13
		},
		"ee_1333":{
			"Re":-2.9310371119662863e-12,
			"Im":-2.574179395708755e-14
		},
		"ee_2222":{
			"Re":-1.7521753496515992e-9,
			"Im":2.0905077127111246e-20
		},
		"ee_2223":{
			"Re":5.548960427895152e-10,
			"Im":3.6039715431222813e-10
		},
		"ee_2233":{
			"Re":-1.2114275372487504e-9,
			"Im":-6.746536774770778e-20
		},
		"ee_2323":{
			"Re":-2.8704998987327274e-10,
			"Im":-5.96856158308979e-11
		},
		"ee_2333":{
			"Re":-5.830753998282084e-10,
			"Im":5.454660761469144e-11
		},
		"ee_3333":{
			"Re":-4.770638513667117e-10,
			"Im":1.2827555047954361e-20
		},
		"ephi_11":-1.1172042393638467e-18,
		"ephi_12":{
			"Re":3.822495807621105e-20,
			"Im":6.880796353664104e-20
		},
		"ephi_13":{
			"Re":-2.500447692279827e-19,
			"Im":-3.4912076448328295e-20
		},
		"ephi_21":{
			"Re":7.90388285580291e-18,
			"Im":-1.42276174847903e-17
		},
		"ephi_22":-3.465512708437386e-14,
		"ephi_23":{
			"Re":-2.9429203249946062e-15,
			"Im":3.3411374701600683e-15
		},
		"ephi_31":{
			"Re":-8.716350283782678e-16,
			"Im":1.2170058420130528e-16
		},
		"ephi_32":{
			"Re":-4.961366876840354e-14,
			"Im":-5.6327109295208716e-14
		},
		"ephi_33":-2.932998805516071e-13,
		"eu_1111":3.822755517757311e-12,
		"eu_1122":3.822755517757311e-12,
		"eu_1133":3.822755517757311e-12,
		"eu_1211":{
			"Re":2.059773564862906e-14,
			"Im":3.708233153676141e-14
		},
		"eu_1222":{
			"Re":2.059773564862906e-14,
			"Im":3.708233153676141e-14
		},
		"eu_1233":{
			"Re":2.059773564862906e-14,
			"Im":3.708233153676141e-14
		},
		"eu_1311":{
			"Re":-1.3508772857553167e-13,
			"Im":-1.886079630518803e-14
		},
		"eu_1322":{
			"Re":-1.3508772857553167e-13,
			"Im":-1.886079630518803e-14
		},
		"eu_1333":{
			"Re":-1.3508772857553167e-13,
			"Im":-1.886079630518803e-14
		},
		"eu_2211":-8.590583662689058e-11,
		"eu_2222":-8.590583662689058e-11,
		"eu_2233":-8.590583662689058e-11,
		"eu_2311":{
			"Re":-7.691054132208184e-12,
			"Im":8.730807699231138e-12
		},
		"eu_2322":{
			"Re":-7.691054132208184e-12,
			"Im":8.730807699231138e-12
		},
		"eu_2333":{
			"Re":-7.691054132208184e-12,
			"Im":8.730807699231138e-12
		},
		"eu_3311":-4.114371910307683e-11,
		"eu_3322":-4.114371910307683e-11,
		"eu_3333":-4.114371910307683e-11,
		"phi":-4.072235796352242e-15,
		"phiB":1.6462467940947719e-12,
		"phiBox":-9.92979863846192e-13,
		"phid_11":1.1062003925771416e-12,
		"phid_22":1.1062003925771416e-12,
		"phid_33":1.1062003925771416e-12,
		"phiD":-3.3186011777314246e-12,
		"phie_11":2.867066638317983e-12,
		"phie_12":{
			"Re":1.5448301736471772e-14,
			"Im":2.7811748652571033e-14
		},
		"phie_13":{
			"Re":-1.0131579643164866e-13,
			"Im":-1.4145597228891007e-14
		},
		"phie_22":-6.442937747016786e-11,
		"phie_23":{
			"Re":-5.7682905991561306e-12,
			"Im":6.548105774423346e-12
		},
		"phie_33":-3.085778932730759e-11,
		"phil1_11":1.6593005888270654e-12,
		"phil1_13":-3.01463764266014e-20,
		"phil1_22":1.6590527859435721e-12,
		"phil1_23":{
			"Re":-3.5461403748523215e-16,
			"Im":4.027044679749252e-16
		},
		"phil1_33":1.6239400629787474e-12,
		"phil3_13":-3.01463764266014e-20,
		"phil3_22":-2.4780292214023848e-16,
		"phil3_23":{
			"Re":-3.5461403748523215e-16,
			"Im":4.027044679749252e-16
		},
		"phil3_33":-3.5360525886964866e-14,
		"phiq1_11":-5.531001962885708e-13,
		"phiq1_22":-5.531001962885708e-13,
		"phiq1_33":-5.531001962885708e-13,
		"phiu_11":-2.212400785154283e-12,
		"phiu_22":-2.212400785154283e-12,
		"phiu_33":-2.212400785154283e-12,
		"ld_1111":-1.1062003925771416e-12,
		"ld_1122":-1.1062003925771416e-12,
		"ld_1133":-1.1062003925771416e-12,
		"ld_2211":-1.1062003925771416e-12,
		"ld_2222":-1.1062003925771416e-12,
		"ld_2233":-1.1062003925771416e-12,
		"ld_3311":-1.1062003925771416e-12,
		"ld_3322":-1.1062003925771416e-12,
		"ld_3333":-1.1062003925771416e-12,
		"le_1111":-2.867066638317983e-12,
		"le_1112":{
			"Re":-1.5448301736471772e-14,
			"Im":-2.7811748652571033e-14
		},
		"le_1113":{
			"Re":1.0131579643164866e-13,
			"Im":1.4145597228891007e-14
		},
		"le_1122":6.442937747016786e-11,
		"le_1123":{
			"Re":5.7682905991561306e-12,
			"Im":-6.548105774423346e-12
		},
		"le_1133":3.085778932730759e-11,
		"le_2211":-2.867066638317983e-12,
		"le_2212":{
			"Re":-1.5448301736471772e-14,
			"Im":-2.7811748652571033e-14
		},
		"le_2213":{
			"Re":1.0131579643164866e-13,
			"Im":1.4145597228891007e-14
		},
		"le_2222":6.442937747016786e-11,
		"le_2223":{
			"Re":5.7682905991561306e-12,
			"Im":-6.548105774423346e-12
		},
		"le_2233":3.085778932730759e-11,
		"le_3311":-2.867066638317983e-12,
		"le_3312":{
			"Re":-1.5448301736471772e-14,
			"Im":-2.7811748652571033e-14
		},
		"le_3313":{
			"Re":1.0131579643164866e-13,
			"Im":1.4145597228891007e-14
		},
		"le_3322":6.442937747016786e-11,
		"le_3323":{
			"Re":5.7682905991561306e-12,
			"Im":-6.548105774423346e-12
		},
		"le_3333":3.085778932730759e-11,
		"ll_1111":-8.296502944328561e-13,
		"ll_1122":-1.6593005888657123e-12,
		"ll_1133":-1.6593005888657123e-12,
		"ll_2222":-8.296502944328561e-13,
		"ll_2233":-1.6593005888657123e-12,