{
	"eft":"SMEFT",
	"basis":"Warsaw",
	"scale":1000,
	"values":{
		"dd_1111":-4.314244793918907e-14,
		"dd_1122":-8.628489587837813e-14,
		"dd_1133":-8.628489587837813e-14,
		"dd_2222":-4.314244793918907e-14,
		"dd_2233":-8.628489587837813e-14,
		"dd_3333":-4.314244793918907e-14,
		"eB_11":1.254194855024111e-16,
		"eB_12":{
			"Re":-1.4696228799667968e-19,
			"Im":-7.479105143480454e-20
		},
		"eB_13":{
			"Re":-1.2664624273460444e-20,
			"Im":1.2625993801124415e-20
		},
		"eB_21":{
			"Re":-3.0387544715712683e-17,
			"Im":1.5464623277106556e-17
		},
		"eB_22":1.6256913660629604e-15,
		"eB_23":{
			"Re":4.3429340454939356e-17,
			"Im":7.665276929277251e-18
		},
		"eB_31":{
			"Re":-4.403943407092023e-17,
			"Im":-4.390510208421174e-17
		},
		"eB_32":{
			"Re":7.303700353454024e-16,
			"Im":-1.2891028330437692e-16
		},
		"eB_33":3.344799189190399e-13,
		"ed_1111":8.15857946686229e-12,
		"ed_1122":8.15857946686229e-12,
		"ed_1133":8.15857946686229e-12,
		"ed_1211":{
			"Re":-9.858788921508449e-15,
			"Im":-5.0176350592273756e-15
		},
		"ed_1222":{
			"Re":-9.858788921508449e-15,
			"Im":-5.0176350592273756e-15
		},
		"ed_1233":{
			"Re":-9.858788921508449e-15,
			"Im":-5.0176350592273756e-15
		},
		"ed_1311":{
			"Re":-8.397382549755556e-16,
			"Im":8.389246350210024e-16
		},
		"ed_1322":{
			"Re":-8.397382549755556e-16,
			"Im":8.389246350210024e-16
		},
		"ed_1333":{
			"Re":-8.397382549755556e-16,
			"Im":8.389246350210024e-16
		},
		"ed_2211":2.7265322442540013e-13,
		"ed_2222":2.7265322442540013e-13,
		"ed_2233":2.7265322442540013e-13,
		"ed_2311":{
			"Re":1.4490843875929805e-14,
			"Im":2.844652261627762e-15
		},
		"ed_2322":{
			"Re":1.4490843875929805e-14,
			"Im":2.844652261627762e-15
		},
		"ed_2333":{
			"Re":1.4490843875929805e-14,
			"Im":2.844652261627762e-15
		},
		"ed_3311":6.208496017884502e-12,
		"ed_3322":6.208496017884502e-12,
		"ed_3333":6.208496017884502e-12,
		"ee_1111":-2.9926163874526806e-10,
		"ee_1112":{
			"Re":6.006008759557147e-13,
			"Im":3.369454832705544e-13
		},
		"ee_1113":{
			"Re":-1.1134186441411994e-12,
			"Im":8.914054339401317e-13
		},
		"ee_1122":-6.830864660030948e-11,
		"ee_1123":{
			"Re":-2.5022464248952786e-12,
			"Im":-4.711165439069766e-13
		},
		"ee_1133":-1.1075967641764465e-9,
		"ee_1212":{
			"Re":-2.6307019236411365e-11,
			"Im":-6.4169556263921684e-12
		},
		"ee_1213":{
			"Re":-1.0410740504274595e-11,
			"Im":-1.4525802734248563e-11
		},
		"ee_1222":{
			"Re":1.5877842743883986e-13,
			"Im":2.469806691428821e-14
		},
		"ee_1223":{
			"Re":5.570169021094262e-14,
			"Im":2.0325952807956246e-14
		},
		"ee_1232":{
			"Re":6.553148031293666e-14,
			"Im":8.41512032435755e-14
		},
		"ee_1233":{
			"Re":1.3149793932975483e-12,
			"Im":7.395964171720182e-13
		},
		"ee_1313":{
			"Re":-5.751862739331881e-11,
			"Im":3.2131580665349973e-10
		},
		"ee_1323":{
			"Re":-2.5664655132059344e-13,
			"Im":-9.238069179758635e-13
		},
		"ee_1333":{
			"Re":1.067392578781817e-12,
			"Im":-9.241843292863416e-13
		},
		"ee_2222":-4.133187576798687e-14,
		"ee_2223":{
			"Re":7.450671585830873e-13,
			"Im":7.190404059583346e-13
		},
		"ee_2233":-5.148533179287792e-11,
		"ee_2323":{
			"Re":-1.2898616329565074e-12,
			"Im":-2.0714900457315998e-11
		},
		"ee_2333":{
			"Re":-1.1465690017581096e-11,
			"Im":-1.017287667753852e-11
		},
		"ee_3333":-1.7275900970207135e-10,
		"ephi_11":-5.1406948065051564e-17,
		"ephi_12":{
			"Re":6.021708906982145e-20,
			"Im":3.06468739973073e-20
		},
		"ephi_21":{
			"Re":1.2451213107784417e-17,
			"Im":-6.336918058000604e-18
		},
		"ephi_22":-6.697963898250199e-16,
		"ephi_23":{
			"Re":-1.8131109543037115e-17,
			"Im":-3.459049318370875e-18
		},
		"ephi_31":{
			"Re":1.7895565267890198e-17,
			"Im":1.786749391624808e-17
		},
		"ephi_32":{
			"Re":-3.053464609699508e-16,
			"Im":5.824782649965629e-17
		},
		"ephi_33":-1.3707862248172506e-13,
		"eu_1111":-1.631715893372458e-11,
		"eu_1122":-1.631715893372458e-11,
		"eu_1133":-1.631715893372458e-11,
		"eu_1211":{
			"Re":1.9717577843016898e-14,
			"Im":1.0035270118454751e-14
		},
		"eu_1222":{
			"Re":1.9717577843016898e-14,
			"Im":1.0035270118454751e-14
		},
		"eu_1233":{
			"Re":1.9717577843016898e-14,
			"Im":1.0035270118454751e-14
		},
		"eu_1311":{
			"Re":1.6794765099511112e-15,
			"Im":-1.6778492700420048e-15
		},
		"eu_1322":{
			"Re":1.6794765099511112e-15,
			"Im":-1.6778492700420048e-15
		},
		"eu_1333":{
			"Re":1.6794765099511112e-15,
			"Im":-1.6778492700420048e-15
		},
		"eu_2211":-5.453064488508003e-13,
		"eu_2222":-5.453064488508003e-13,
		"eu_2233":-5.453064488508003e-13,
		"eu_2311":{
			"Re":-2.898168775185961e-14,
			"Im":-5.689304523255524e-15
		},
		"eu_2322":{
			"Re":-2.898168775185961e-14,
			"Im":-5.689304523255524e-15
		},
		"eu_2333":{
			"Re":-2.898168775185961e-14,
			"Im":-5.689304523255524e-15
		},
		"eu_3311":-1.2416992035769003e-11,
		"eu_3322":-1.2416992035769003e-11,
		"eu_3333":-1.2416992035769003e-11,
		"phi":-2.1978104562950552e-15,
		"phiB":3.206334797646131e-13,
		"phiBox":-1.5002471126080947e-13,
		"phid_11":1.294273438175672e-13,
		"phid_22":1.294273438175672e-13,
		"phid_33":1.294273438175672e-13,
		"phiD":-3.882820314527016e-13,
		"phie_11":-1.223786920029344e-11,
		"phie_12":{
			"Re":1.4788183382262682e-14,
			"Im":7.526452588841066e-15
		},
		"phie_13":{
			"Re":1.2596073824633385e-15,
			"Im":-1.2583869525315107e-15
		},
		"phie_22":-4.0897983663810047e-13,
		"phie_23":{
			"Re":-2.173626581389477e-14,
			"Im":-4.2669783924417e-15
		},
		"phie_33":-9.31274402682675e-12,
		"phil1_11":1.9414101468788045e-13,
		"phil1_22":1.9413823244636755e-13,
		"phil1_23":{
			"Re":-1.2504367939587864e-18,
			"Im":-2.207020463089028e-19
		},
		"phil1_33":1.845105218465121e-13,
		"phil3_22":-2.783279983255227e-18,
		"phil3_23":{
			"Re":-1.2504367939587864e-18,
			"Im":-2.207020463089028e-19
		},
		"phil3_33":-9.630493879838702e-15,
		"phiq1_11":-6.47136719087836e-14,
		"phiq1_22":-6.47136719087836e-14,
		"phiq1_33":-6.47136719087836e-14,
		"phiu_11":-2.588546876351344e-13,
		"phiu_22":-2.588546876351344e-13,
		"phiu_33":-2.588546876351344e-13,
		"ld_1111":-1.294273438175672e-13,
		"ld_1122":-1.294273438175672e-13,
		"ld_1133":-1.294273438175672e-13,
		"ld_2211":-1.294273438175672e-13,
		"ld_2222":-1.294273438175672e-13,
		"ld_2233":-1.294273438175672e-13,
		"ld_3311":-1.294273438175672e-13,
		"ld_3322":-1.294273438175672e-13,
		"ld_3333":-1.294273438175672e-13,
		"le_1111":1.223786920029344e-11,
		"le_1112":{
			"Re":-1.4788183382262682e-14,
			"Im":-7.526452588841066e-15
		},
		"le_1113":{
			"Re":-1.2596073824633385e-15,
			"Im":1.2583869525315107e-15
		},
		"le_1122":4.0897983663810047e-13,
		"le_1123":{
			"Re":2.173626581389477e-14,
			"Im":4.2669783924417e-15
		},
		"le_1133":9.31274402682675e-12,
		"le_2211":1.223786920029344e-11,
		"le_2212":{
			"Re":-1.4788183382262682e-14,
			"Im":-7.526452588841066e-15
		},
		"le_2213":{
			"Re":-1.2596073824633385e-15,
			"Im":1.2583869525315107e-15
		},
		"le_2222":4.0897983663810047e-13,
		"le_2223":{
			"Re":2.173626581389477e-14,
			"Im":4.2669783924417e-15
		},
		"le_2233":9.31274402682675e-12,
		"le_3311":1.223786920029344e-11,
		"le_3312":{
			"Re":-1.4788183382262682e-14,
			"Im":-7.526452588841066e-15
		},
		"le_3313":{
			"Re":-1.2596073824633385e-15,
			"Im":1.2583869525315107e-15
		},
		"le_3322":4.0897983663810047e-13,
		"le_3323":{
			"Re":2.173626581389477e-14,
			"Im":4.2669783924417e-15
		},
		"le_3333":9.31274402682675e-12,
		"ll_1111":-9.70705078631754e-14,
		"ll_1122":-1.941410157263508e-13,
		"ll_1133":-1.941410157263508e-13,
		"ll_2222":-9.70705078631754e-14,
		"ll_2233":-1.941410157263508e-13,
		"ll_3333":-9.70705078631754e-14,
		"lq1_1111":6.47136719087836e-14,
		"lq1_1122":6.47136719087836e-14,
		"lq1_1133":6.47136719087836e-14,
		"lq1_2211":6.47136719087836e-14,
		"lq1_2222":6.47136719087836e-14,
		"lq1_2233":6.47136719087836e-14,
		"lq1_3311":6.47136719087836e-14,
		"lq1_3322":6.47136719087836e-14,
		"lq1_3333":6.47136719087836e-14,