{
	"eft":"SMEFT",
	"basis":"Warsaw",
	"scale":1000,
	"values":{
		"dd_1111":-1.657251506175798e-13,
		"dd_1122":-3.314503012351596e-13,
		"dd_1133":-3.314503012351596e-13,
		"dd_2222":-1.657251506175798e-13,
		"dd_2233":-3.314503012351596e-13,
		"dd_3333":-1.657251506175798e-13,
		"eB_11":3.139230140497053e-16,
		"eB_12":{
			"Re":4.988899561828949e-20,
			"Im":6.020169173949171e-20
		},
		"eB_13":{
			"Re":-9.569024486103707e-20,
			"Im":6.721909009451118e-19
		},
		"eB_21":{
			"Re":1.0315599367961775e-17,
			"Im":-1.2447966241085504e-17
		},
		"eB_22":4.6838477607192025e-17,
		"eB_23":{
			"Re":7.555908588431494e-18,
			"Im":-6.683535902250892e-18
		},
		"eB_31":{
			"Re":-3.3274925009965775e-16,
			"Im":-2.337448488486136e-15
		},
		"eB_32":{
			"Re":1.270709885296383e-16,
			"Im":1.123999190875134e-16
		},
		"eB_33":4.140765418326019e-13,
		"ed_1111":2.255943981606505e-11,
		"ed_1122":2.255943981606505e-11,
		"ed_1133":2.255943981606505e-11,
		"ed_1211":{
			"Re":3.7409180606143195e-15,
			"Im":4.523293464907085e-15
		},
		"ed_1222":{
			"Re":3.7409180606143195e-15,
			"Im":4.523293464907085e-15
		},
		"ed_1233":{
			"Re":3.7409180606143195e-15,
			"Im":4.523293464907085e-15
		},
		"ed_1311":{
			"Re":-6.2875349443827816e-15,
			"Im":4.355080870373881e-14
		},
		"ed_1322":{
			"Re":-6.2875349443827816e-15,
			"Im":4.355080870373881e-14
		},
		"ed_1333":{
			"Re":-6.2875349443827816e-15,
			"Im":4.355080870373881e-14
		},
		"ed_2211":-9.77007504347312e-13,
		"ed_2222":-9.77007504347312e-13,
		"ed_2233":-9.77007504347312e-13,
		"ed_2311":{
			"Re":2.7882516824853812e-15,
			"Im":-2.430086520057011e-15
		},
		"ed_2322":{
			"Re":2.7882516824853812e-15,
			"Im":-2.430086520057011e-15
		},
		"ed_2333":{
			"Re":2.7882516824853812e-15,
			"Im":-2.430086520057011e-15
		},
		"ed_3311":8.051419443153327e-12,
		"ed_3322":8.051419443153327e-12,
		"ed_3333":8.051419443153327e-12,
		"ee_1111":-1.7842338613416985e-10,
		"ee_1112":{
			"Re":-9.006400417845182e-14,
			"Im":-1.536817236891762e-13
		},
		"ee_1113":{
			"Re":-1.4020951619750405e-11,
			"Im":1.0870697557120892e-10
		},
		"ee_1122":6.568948129027785e-11,
		"ee_1123":{
			"Re":-2.888469065110698e-13,
			"Im":3.181115823505203e-13
		},
		"ee_1133":-9.609135517711027e-10,
		"ee_1212":{
			"Re":3.3299725480961564e-13,
			"Im":7.992841769464967e-13
		},
		"ee_1213":{
			"Re":-3.185102503670031e-13,
			"Im":8.947574230433659e-13
		},
		"ee_1222":{
			"Re":1.1254342292361417e-14,
			"Im":1.3309446941310365e-14
		},
		"ee_1223":{
			"Re":-1.8208833144280218e-14,
			"Im":1.2704408520461678e-13
		},
		"ee_1232":{
			"Re":7.514124804901696e-14,
			"Im":-4.3493543087833665e-14
		},
		"ee_1233":{
			"Re":-6.457073361797559e-14,
			"Im":-1.716208946477246e-13
		},
		"ee_1313":{
			"Re":4.317831884532776e-10,
			"Im":1.1353821384973485e-10
		},
		"ee_1323":{
			"Re":1.6464307623592595e-13,
			"Im":-1.0547400540686859e-13
		},
		"ee_1333":{
			"Re":5.997226437474174e-12,
			"Im":-4.630540541853267e-11
		},
		"ee_2222":-1.439589013176321e-12,
		"ee_2223":{
			"Re":8.655642158402165e-15,
			"Im":-6.5970854235791535e-15
		},
		"ee_2233":2.3426220398620155e-11,
		"ee_2323":{
			"Re":2.0444160599134193e-13,
			"Im":-2.6788470420393423e-13
		},
		"ee_2333":{
			"Re":-1.4899692307127322e-13,
			"Im":-2.659024948599372e-13
		},
		"ee_3333":-4.750431171966595e-12,
		"ephi_11":-5.732621211457133e-17,
		"ephi_12":{
			"Re":0.0,
			"Im":-1.1004797414719113e-20
		},
		"ephi_13":{
			"Re":1.5818695476618672e-20,
			"Im":-1.1001490983314252e-19
		},
		"ephi_21":{
			"Re":-1.8829117428113935e-18,
			"Im":2.2754992420550178e-18
		},
		"ephi_22":-8.681895736968905e-18,
		"ephi_23":{
			"Re":-1.3925817869020556e-18,
			"Im":1.2183654186730056e-18
		},
		"ephi_31":{
			"Re":5.520283285527586e-17,
			"Im":3.8393500737904686e-16
		},
		"ephi_32":{
			"Re":-2.3494069501166165e-17,
			"Im":-2.0555605345648136e-17
		},
		"ephi_33":-7.606591018877889e-14,
		"eu_1111":-4.51188796321301e-11,
		"eu_1122":-4.51188796321301e-11,
		"eu_1133":-4.51188796321301e-11,
		"eu_1211":{
			"Re":-7.481836121228639e-15,
			"Im":-9.04658692981417e-15
		},
		"eu_1222":{
			"Re":-7.481836121228639e-15,
			"Im":-9.04658692981417e-15
		},
		"eu_1233":{
			"Re":-7.481836121228639e-15,
			"Im":-9.04658692981417e-15
		},
		"eu_1311":{
			"Re":1.2575069888765563e-14,
			"Im":-8.710161740747761e-14
		},
		"eu_1322":{
			"Re":1.2575069888765563e-14,
			"Im":-8.710161740747761e-14
		},
		"eu_1333":{
			"Re":1.2575069888765563e-14,
			"Im":-8.710161740747761e-14
		},
		"eu_2211":1.954015008694624e-12,
		"eu_2222":1.954015008694624e-12,
		"eu_2233":1.954015008694624e-12,
		"eu_2311":{
			"Re":-5.5765033649707624e-15,
			"Im":4.860173040114022e-15
		},
		"eu_2322":{
			"Re":-5.5765033649707624e-15,
			"Im":4.860173040114022e-15
		},
		"eu_2333":{
			"Re":-5.5765033649707624e-15,
			"Im":4.860173040114022e-15
		},
		"eu_3311":-1.6102838886306654e-11,
		"eu_3322":-1.6102838886306654e-11,
		"eu_3333":-1.6102838886306654e-11,
		"phi":-5.857286184348532e-16,
		"phiB":5.060965347789974e-13,
		"phiBox":-4.0722676845152727e-13,
		"phid_11":4.971754518527394e-13,
		"phid_22":4.971754518527394e-13,
		"phid_33":4.971754518527394e-13,
		"phiD":-1.491526355558218e-12,
		"phie_11":-3.383915972409757e-11,
		"phie_12":{
			"Re":-5.6113770909214785e-15,
			"Im":-6.7849401973606246e-15
		},
		"phie_13":{
			"Re":9.43130241657409e-15,
			"Im":-6.53262130556076e-14
		},
		"phie_22":1.4655112565209677e-12,
		"phie_23":{
			"Re":-4.1823775237280695e-15,
			"Im":3.6451297800855206e-15
		},
		"phie_33":-1.2077129164729992e-11,
		"phil1_11":7.457631751798339e-13,
		"phil1_13":{
			"Re":0.0,
			"Im":-1.935401795885425e-20
		},
		"phil1_22":7.457630975888589e-13,
		"phil1_23":{
			"Re":-2.1755306462844253e-19,
			"Im":1.924353241005451e-19
		},
		"phil1_33":7.338409026996628e-13,
		"phil3_13":{
			"Re":0.0,
			"Im":-1.935401795885425e-20
		},
		"phil3_22":-8.019025006324397e-20,
		"phil3_23":{
			"Re":-2.1755306462844253e-19,
			"Im":1.924353241005451e-19
		},
		"phil3_33":-1.1922275079446162e-14,
		"phiq1_11":-2.485877259263697e-13,
		"phiq1_22":-2.485877259263697e-13,
		"phiq1_33":-2.485877259263697e-13,
		"phiu_11":-9.943509037054788e-13,
		"phiu_22":-9.943509037054788e-13,
		"phiu_33":-9.943509037054788e-13,
		"ld_1111":-4.971754518527394e-13,
		"ld_1122":-4.971754518527394e-13,
		"ld_1133":-4.971754518527394e-13,
		"ld_2211":-4.971754518527394e-13,
		"ld_2222":-4.971754518527394e-13,
		"ld_2233":-4.971754518527394e-13,
		"ld_3311":-4.971754518527394e-13,
		"ld_3322":-4.971754518527394e-13,
		"ld_3333":-4.971754518527394e-13,
		"le_1111":3.383915972409757e-11,
		"le_1112":{
			"Re":5.6113770909214785e-15,
			"Im":6.7849401973606246e-15
		},
		"le_1113":{
			"Re":-9.43130241657409e-15,
			"Im":6.53262130556076e-14
		},
		"le_1122":-1.4655112565209677e-12,
		"le_1123":{
			"Re":4.1823775237280695e-15,
			"Im":-3.6451297800855206e-15
		},
		"le_1133":1.2077129164729992e-11,
		"le_2211":3.383915972409757e-11,
		"le_2212":{
			"Re":5.6113770909214785e-15,
			"Im":6.7849401973606246e-15
		},
		"le_2213":{
			"Re":-9.43130241657409e-15,
			"Im":6.53262130556076e-14
		},
		"le_2222":-1.4655112565209677e-12,
		"le_2223":{
			"Re":4.1823775237280695e-15,
			"Im":-3.6451297800855206e-15
		},
		"le_2233":1.2077129164729992e-11,
		"le_3311":3.383915972409757e-11,
		"le_3312":{
			"Re":5.6113770909214785e-15,
			"Im":6.7849401973606246e-15
		},
		"le_3313":{
			"Re":-9.43130241657409e-15,
			"Im":6.53262130556076e-14
		},
		"le_3322":-1.4655112565209677e-12,
		"le_3323":{
			"Re":4.1823775237280695e-15,
			"Im":-3.6451297800855206e-15
		},
		"le_3333":1.2077129164729992e-11,
		"ll_1111":-3.728815888895545e-13,
		"ll_1122":-7.45763177779109e-13,
		"ll_1133":-7.45763177779109e-13,
		"ll_2222":-3.728815888895545e-13,
		"ll_2233":-7.45763177779109e-13,
		"ll_3333":-3.728815888895545e-13,
		"lq1_1111":2.485877259263697e-13,
		"lq1_1122":2.485877259263697e-13,
		"lq1_1133":2.485877259263697e-13,