{
	"eft":"SMEFT",
	"basis":"Warsaw",
	"scale":1000,
	"values":{
		"dd_1111":-3.89631692329483e-13,
		"dd_1122":-7.79263384658966e-13,
		"dd_1133":-7.79263384658966e-13,
		"dd_2222":-3.89631692329483e-13,
		"dd_2233":-7.79263384658966e-13,
		"dd_3333":-3.89631692329483e-13,
		"eB_11":1.2515728144125539e-15,
		"eB_12":{
			"Re":1.1649883793751704e-19,
			"Im":-1.2892302184380877e-19
		},
		"eB_13":{
			"Re":-5.644992183757786e-19,
			"Im":-3.168991855156496e-19
		},
		"eB_21":{
			"Re":2.4088585550837556e-17,
			"Im":2.6657546943281368e-17
		},
		"eB_22":1.6757081242671566e-13,
		"eB_23":{
			"Re":-3.3106187158912264e-14,
			"Im":-5.806296413182121e-14
		},
		"eB_31":{
			"Re":-1.962965941503864e-15,
			"Im":1.1019719563959384e-15
		},
		"eB_32":{
			"Re":-5.567610935859011e-13,
			"Im":9.76470025125475e-13
		},
		"eB_33":6.705983456613574e-12,
		"ed_1111":6.799661600769514e-11,
		"ed_1122":6.799661600769514e-11,
		"ed_1133":6.799661600769514e-11,
		"ed_1211":{
			"Re":6.618625931727694e-15,
			"Im":-7.298114234254682e-15
		},
		"ed_1222":{
			"Re":6.618625931727694e-15,
			"Im":-7.298114234254682e-15
		},
		"ed_1233":{
			"Re":6.618625931727694e-15,
			"Im":-7.298114234254682e-15
		},
		"ed_1311":{
			"Re":-3.20088805490823e-14,
			"Im":-1.7976670455323348e-14
		},
		"ed_1322":{
			"Re":-3.20088805490823e-14,
			"Im":-1.7976670455323348e-14
		},
		"ed_1333":{
			"Re":-3.20088805490823e-14,
			"Im":-1.7976670455323348e-14
		},
		"ed_2211":4.314417036784318e-11,
		"ed_2222":4.314417036784318e-11,
		"ed_2233":4.314417036784318e-11,
		"ed_2311":{
			"Re":-9.057100081786154e-12,
			"Im":-1.588471369931076e-11
		},
		"ed_2322":{
			"Re":-9.057100081786154e-12,
			"Im":-1.588471369931076e-11
		},
		"ed_2333":{
			"Re":-9.057100081786154e-12,
			"Im":-1.588471369931076e-11
		},
		"ed_3311":1.063900467550139e-10,
		"ed_3322":1.063900467550139e-10,
		"ed_3333":1.063900467550139e-10,
		"ee_1111":-6.106584969197196e-9,
		"ee_1112":{
			"Re":-1.7544794636025266e-12,
			"Im":6.435972292983993e-13
		},
		"ee_1113":{
			"Re":5.39855527821874e-12,
			"Im":5.991224369050635e-12
		},
		"ee_1122":-9.319089210584103e-9,
		"ee_1123":{
			"Re":1.8801569652325026e-9,
			"Im":3.2974960973871886e-9
		},
		"ee_1133":-2.24482647301818e-8,
		"ee_1212":{
			"Re":5.10275441731447e-10,
			"Im":1.0747119150832429e-10
		},
		"ee_1213":{
			"Re":-5.172598696688975e-10,
			"Im":1.084871914991218e-9
		},
		"ee_1222":{
			"Re":-1.1328471292726618e-12,
			"Im":1.324318450630418e-12
		},
		"ee_1223":{
			"Re":4.1294119868805385e-12,
			"Im":1.7445305519226682e-12
		},
		"ee_1232":{
			"Re":-5.016831945788226e-13,
			"Im":-1.6356425116344138e-12
		},
		"ee_1233":{
			"Re":-1.1148087788859696e-12,
			"Im":3.2306153486170957e-12
		},
		"ee_1313":{
			"Re":1.7203803239038547e-9,
			"Im":2.3224671548251298e-10
		},
		"ee_1323":{
			"Re":-7.718211359616014e-13,
			"Im":-7.605338026442448e-13
		},
		"ee_1333":{
			"Re":8.874583065800518e-12,
			"Im":2.0963867801120867e-12
		},
		"ee_2222":-2.757015285168221e-9,
		"ee_2223":{
			"Re":1.0791651527817288e-9,
			"Im":2.6509361084599926e-9
		},
		"ee_2233":-1.4156089128641691e-8,
		"ee_2323":{
			"Re":1.0421846246377504e-9,
			"Im":-4.857551287123853e-10
		},
		"ee_2333":{
			"Re":2.3535023401032407e-9,
			"Im":3.3693281167425697e-9
		},
		"ee_3333":-1.4742282176258399e-8,
		"ephi_11":5.8583465877416514e-15,
		"ephi_12":{
			"Re":5.49351878885203e-19,
			"Im":-6.064520979928027e-19
		},
		"ephi_13":{
			"Re":-2.6587448445859645e-18,
			"Im":-1.4929913079085002e-18
		},
		"ephi_21":{
			"Re":1.1359000771935154e-16,
			"Im":1.2539667390929656e-16
		},
		"ephi_22":7.836538122863171e-13,
		"ephi_23":{
			"Re":-1.5567493430957254e-13,
			"Im":-2.730290484815866e-13
		},
		"ephi_31":{
			"Re":-9.244254301863251e-15,
			"Im":5.191017797741247e-15
		},
		"ephi_32":{
			"Re":-2.617726757420062e-12,
			"Im":4.59107594269502e-12
		},
		"ephi_33":3.1462602479776326e-11,
		"eu_1111":-1.3599323201539028e-10,
		"eu_1122":-1.3599323201539028e-10,
		"eu_1133":-1.3599323201539028e-10,
		"eu_1211":{
			"Re":-1.3237251863455387e-14,
			"Im":1.4596228468509363e-14
		},
		"eu_1222":{
			"Re":-1.3237251863455387e-14,
			"Im":1.4596228468509363e-14
		},
		"eu_1233":{
			"Re":-1.3237251863455387e-14,
			"Im":1.4596228468509363e-14
		},
		"eu_1311":{
			"Re":6.40177610981646e-14,
			"Im":3.5953340910646696e-14
		},
		"eu_1322":{
			"Re":6.40177610981646e-14,
			"Im":3.5953340910646696e-14
		},
		"eu_1333":{
			"Re":6.40177610981646e-14,
			"Im":3.5953340910646696e-14
		},
		"eu_2211":-8.628834073568636e-11,
		"eu_2222":-8.628834073568636e-11,
		"eu_2233":-8.628834073568636e-11,
		"eu_2311":{
			"Re":1.8114200163572307e-11,
			"Im":3.176942739862152e-11
		},
		"eu_2322":{
			"Re":1.8114200163572307e-11,
			"Im":3.176942739862152e-11
		},
		"eu_2333":{
			"Re":1.8114200163572307e-11,
			"Im":3.176942739862152e-11
		},
		"eu_3311":-2.127800935100278e-10,
		"eu_3322":-2.127800935100278e-10,
		"eu_3333":-2.127800935100278e-10,
		"phi":4.282190886746077e-11,
		"phiB":-3.741684156302805e-11,
		"phiBox":-8.072529987525805e-11,
		"phid_11":1.1688950769884489e-12,
		"phid_22":1.1688950769884489e-12,
		"phid_33":1.1688950769884489e-12,
		"phiD":-3.5066852309653466e-12,
		"phie_11":-1.0199492401154265e-10,
		"phie_12":{
			"Re":-9.927938897591542e-15,
			"Im":1.0947171351382011e-14
		},
		"phie_13":{
			"Re":4.8013320823623434e-14,
			"Im":2.6965005682985e-14
		},
		"phie_22":-6.47162555517648e-11,
		"phie_23":{
			"Re":1.3585650122679213e-11,
			"Im":2.382707054896611e-11
		},
		"phie_33":-1.5958507013252074e-10,
		"phil1_11":1.7533426051196803e-12,
		"phil1_13":1.6253311365629513e-20,
		"phil1_22":1.7530557243188638e-12,
		"phil1_23":{
			"Re":9.532079948149923e-16,
			"Im":1.6717745642964754e-15
		},
		"phil1_33":1.5602609714607242e-12,
		"phil3_11":-1.0362993172372592e-20,
		"phil3_13":1.6253311365629513e-20,
		"phil3_22":-2.8689116380964484e-16,
		"phil3_23":{
			"Re":9.532079948149923e-16,
			"Im":1.6717745642964754e-15
		},
		"phil3_33":-1.9308164402194894e-13,
		"phiq1_11":-5.844475384942244e-13,
		"phiq1_22":-5.844475384942244e-13,
		"phiq1_33":-5.844475384942244e-13,
		"phiu_11":-2.3377901539768977e-12,
		"phiu_22":-2.3377901539768977e-12,
		"phiu_33":-2.3377901539768977e-12,
		"ld_1111":-1.1688950769884489e-12,
		"ld_1122":-1.1688950769884489e-12,
		"ld_1133":-1.1688950769884489e-12,
		"ld_2211":-1.1688950769884489e-12,
		"ld_2222":-1.1688950769884489e-12,
		"ld_2233":-1.1688950769884489e-12,
		"ld_3311":-1.1688950769884489e-12,
		"ld_3322":-1.1688950769884489e-12,
		"ld_3333":-1.1688950769884489e-12,
		"le_1111":1.0199492401154265e-10,
		"le_1112":{
			"Re":9.927938897591542e-15,
			"Im":-1.0947171351382011e-14
		},
		"le_1113":{
			"Re":-4.8013320823623434e-14,
			"Im":-2.6965005682985e-14
		},
		"le_1122":6.47162555517648e-11,
		"le_1123":{
			"Re":-1.3585650122679213e-11,
			"Im":-2.382707054896611e-11
		},
		"le_1133":1.5958507013252074e-10,
		"le_2211":1.0199492401154265e-10,
		"le_2212":{
			"Re":9.927938897591542e-15,
			"Im":-1.0947171351382011e-14
		},
		"le_2213":{
			"Re":-4.8013320823623434e-14,
			"Im":-2.6965005682985e-14
		},
		"le_2222":6.47162555517648e-11,
		"le_2223":{
			"Re":-1.3585650122679213e-11,
			"Im":-2.382707054896611e-11
		},
		"le_2233":1.5958507013252074e-10,
		"le_3311":1.0199492401154265e-10,
		"le_3312":{
			"Re":9.927938897591542e-15,
			"Im":-1.0947171351382011e-14
		},
		"le_3313":{
			"Re":-4.8013320823623434e-14,
			"Im":-2.6965005682985e-14
		},
		"le_3322":6.47162555517648e-11,
		"le_3323":{
			"Re":-1.3585650122679213e-11,
			"Im":-2.382707054896611e-11
		},
		"le_3333":1.5958507013252074e-10,
		"ll_1111":-8.766713077413367e-13,
		"ll_1122":-1.7533426154826733e-12,
		"ll_1133":-1.7533426154826733e-12,
		"ll_2222":-8.766713077413367e-13,
		"ll_2233":-1.7533426154826733e-12,
		"ll_3333":-8.766713077413367e-13,
		"lq1_1111":5.844475384942244e-13,
		"lq1_1122":5.844475384942244e-13,
		"lq1_1133":5.844475384942244e-13,