{
	"eft":"SMEFT",
	"basis":"Warsaw",
	"scale":1000,
	"values":{
		"dd_1111":-1.0944624434688666e-13,
		"dd_1122":-2.1889248869377332e-13,
		"dd_1133":-2.1889248869377332e-13,
		"dd_2222":-1.0944624434688666e-13,
		"dd_2233":-2.1889248869377332e-13,
		"dd_3333":-1.0944624434688666e-13,
		"eB_11":1.0036426393783674e-16,
		"eB_12":{
			"Re":2.461085792927774e-18,
			"Im":7.36192249197447e-19
		},
		"eB_13":{
			"Re":5.510787657475534e-17,
			"Im":-1.2582410682418226e-16
		},
		"eB_21":{
			"Re":5.088812619975519e-16,
			"Im":-1.522232349319033e-16
		},
		"eB_22":4.920127497248168e-14,
		"eB_23":{
			"Re":-9.539737326972992e-17,
			"Im":-2.1712225340033292e-16
		},
		"eB_31":{
			"Re":1.9162982215651657e-13,
			"Im":4.375354797242547e-13
		},
		"eB_32":{
			"Re":-1.6043389597215654e-15,
			"Im":3.6514390094136714e-15
		},
		"eB_33":9.916243362961917e-13,
		"ed_1111":6.746726553533817e-12,
		"ed_1122":6.746726553533817e-12,
		"ed_1133":6.746726553533817e-12,
		"ed_1211":{
			"Re":1.821729289021282e-13,
			"Im":5.479107470321783e-14
		},
		"ed_1222":{
			"Re":1.821729289021282e-13,
			"Im":5.479107470321783e-14
		},
		"ed_1233":{
			"Re":1.821729289021282e-13,
			"Im":5.479107470321783e-14
		},
		"ed_1311":{
			"Re":4.083244609606287e-12,
			"Im":-9.314789640761044e-12
		},
		"ed_1322":{
			"Re":4.083244609606287e-12,
			"Im":-9.314789640761044e-12
		},
		"ed_1333":{
			"Re":4.083244609606287e-12,
			"Im":-9.314789640761044e-12
		},
		"ed_2211":1.6860997557797027e-11,
		"ed_2222":1.6860997557797027e-11,
		"ed_2233":1.6860997557797027e-11,
		"ed_2311":{
			"Re":-3.427358994043619e-14,
			"Im":-7.934440725521775e-14
		},
		"ed_2322":{
			"Re":-3.427358994043619e-14,
			"Im":-7.934440725521775e-14
		},
		"ed_2333":{
			"Re":-3.427358994043619e-14,
			"Im":-7.934440725521775e-14
		},
		"ed_3311":2.0429871661389646e-11,
		"ed_3322":2.0429871661389646e-11,
		"ed_3333":2.0429871661389646e-11,
		"ee_1111":-2.4667222891335525e-11,
		"ee_1112":{
			"Re":1.5881580688890587e-12,
			"Im":4.599915978786947e-12
		},
		"ee_1113":{
			"Re":-1.5857554303192514e-11,
			"Im":9.539651573741782e-11
		},
		"ee_1122":-9.264246502257839e-10,
		"ee_1123":{
			"Re":-4.4357845550440756e-12,
			"Im":-1.848355921817257e-11
		},
		"ee_1133":-6.56356822061538e-10,
		"ee_1212":{
			"Re":1.1750708602922571e-10,
			"Im":-3.728586439894118e-10
		},
		"ee_1213":{
			"Re":2.3504400372654207e-11,
			"Im":5.076384707349563e-12
		},
		"ee_1222":{
			"Re":-3.293488348890963e-11,
			"Im":-3.83472656476022e-11
		},
		"ee_1223":{
			"Re":-5.364291817897448e-10,
			"Im":1.2268937399245498e-9
		},
		"ee_1232":{
			"Re":1.064374839922528e-9,
			"Im":-1.7134362028165996e-10
		},
		"ee_1233":{
			"Re":2.2840051140239502e-11,
			"Im":6.03115766310314e-11
		},
		"ee_1313":{
			"Re":-1.751337360298343e-11,
			"Im":-8.297703433343357e-11
		},
		"ee_1323":{
			"Re":-3.0256565935449955e-11,
			"Im":-1.2799580637028485e-11
		},
		"ee_1333":{
			"Re":-7.971878724075065e-11,
			"Im":3.109871315227063e-10
		},
		"ee_2222":-2.0797040466164583e-10,
		"ee_2223":{
			"Re":4.219425805966651e-11,
			"Im":8.06742487501543e-11
		},
		"ee_2233":-2.7252961268201428e-9,
		"ee_2323":{
			"Re":6.421162110682915e-10,
			"Im":-9.141690128796315e-10
		},
		"ee_2333":{
			"Re":-3.7882975707661616e-11,
			"Im":-7.354174679184735e-11
		},
		"ee_3333":-2.9798759429855866e-10,
		"ephi_11":5.584168021372914e-18,
		"ephi_12":{
			"Re":1.372859614710468e-19,
			"Im":4.123109896012083e-20
		},
		"ephi_13":{
			"Re":3.108597454258156e-18,
			"Im":-7.09311195017708e-18
		},
		"ephi_21":{
			"Re":2.838570319836515e-17,
			"Im":-8.52508077916659e-18
		},
		"ephi_22":2.7336298644124215e-15,
		"ephi_23":{
			"Re":-5.391405344010222e-18,
			"Im":-1.2423779444259813e-17
		},
		"ephi_31":{
			"Re":1.0697081762302254e-14,
			"Im":2.440814172312644e-14
		},
		"ephi_32":{
			"Re":-8.973002997459745e-17,
			"Im":2.0679764264282172e-16
		},
		"ephi_33":5.5854222248718636e-14,
		"eu_1111":-1.3493453107067635e-11,
		"eu_1122":-1.3493453107067635e-11,
		"eu_1133":-1.3493453107067635e-11,
		"eu_1211":{
			"Re":-3.643458578042564e-13,
			"Im":-1.0958214940643566e-13
		},
		"eu_1222":{
			"Re":-3.643458578042564e-13,
			"Im":-1.0958214940643566e-13
		},
		"eu_1233":{
			"Re":-3.643458578042564e-13,
			"Im":-1.0958214940643566e-13
		},
		"eu_1311":{
			"Re":-8.166489219212574e-12,
			"Im":1.8629579281522088e-11
		},
		"eu_1322":{
			"Re":-8.166489219212574e-12,
			"Im":1.8629579281522088e-11
		},
		"eu_1333":{
			"Re":-8.166489219212574e-12,
			"Im":1.8629579281522088e-11
		},
		"eu_2211":-3.372199511559405e-11,
		"eu_2222":-3.372199511559405e-11,
		"eu_2233":-3.372199511559405e-11,
		"eu_2311":{
			"Re":6.854717988087238e-14,
			"Im":1.586888145104355e-13
		},
		"eu_2322":{
			"Re":6.854717988087238e-14,
			"Im":1.586888145104355e-13
		},
		"eu_2333":{
			"Re":6.854717988087238e-14,
			"Im":1.586888145104355e-13
		},
		"eu_3311":-4.085974332277929e-11,
		"eu_3322":-4.085974332277929e-11,
		"eu_3333":-4.085974332277929e-11,
		"phi":1.1358965546906008e-17,
		"phiB":-1.0311514032159573e-13,
		"phiBox":-2.484129446642583e-13,
		"phid_11":3.2833873304065995e-13,
		"phid_22":3.2833873304065995e-13,
		"phid_33":3.2833873304065995e-13,
		"phiD":-9.850161991219799e-13,
		"phie_11":-1.0120089830300721e-11,
		"phie_12":{
			"Re":-2.73259393353192e-13,
			"Im":-8.218661205482665e-14
		},
		"phie_13":{
			"Re":-6.1248669144094214e-12,
			"Im":1.397218446114155e-11
		},
		"phie_22":-2.5291496336695517e-11,
		"phie_23":{
			"Re":5.141038491065422e-14,
			"Im":1.1901661088282648e-13
		},
		"phie_33":-3.0644807492084434e-11,
		"phil1_11":4.925080987299762e-13,
		"phil1_13":{
			"Re":-1.5866903753123262e-18,
			"Im":3.622783378513552e-18
		},
		"phil1_22":4.9242386406178e-13,
		"phil1_23":{
			"Re":2.7467233979125414e-18,
			"Im":6.251480026981152e-18
		},
		"phil1_33":4.639568127373673e-13,
		"phil3_13":{
			"Re":-1.5866903753123262e-18,
			"Im":3.622783378513552e-18
		},
		"phil3_22":-8.423549920990425e-17,
		"phil3_23":{
			"Re":2.7467233979125414e-18,
			"Im":6.251480026981152e-18
		},
		"phil3_33":-2.855128682362272e-14,
		"phiq1_11":-1.6416936652032997e-13,
		"phiq1_22":-1.6416936652032997e-13,
		"phiq1_33":-1.6416936652032997e-13,
		"phiu_11":-6.566774660813199e-13,
		"phiu_22":-6.566774660813199e-13,
		"phiu_33":-6.566774660813199e-13,
		"ld_1111":-3.2833873304065995e-13,
		"ld_1122":-3.2833873304065995e-13,
		"ld_1133":-3.2833873304065995e-13,
		"ld_2211":-3.2833873304065995e-13,
		"ld_2222":-3.2833873304065995e-13,
		"ld_2233":-3.2833873304065995e-13,
		"ld_3311":-3.2833873304065995e-13,
		"ld_3322":-3.2833873304065995e-13,
		"ld_3333":-3.2833873304065995e-13,
		"le_1111":1.0120089830300721e-11,
		"le_1112":{
			"Re":2.73259393353192e-13,
			"Im":8.218661205482665e-14
		},
		"le_1113":{
			"Re":6.1248669144094214e-12,
			"Im":-1.397218446114155e-11
		},
		"le_1122":2.5291496336695517e-11,
		"le_1123":{
			"Re":-5.141038491065422e-14,
			"Im":-1.1901661088282648e-13
		},
		"le_1133":3.0644807492084434e-11,
		"le_2211":1.0120089830300721e-11,
		"le_2212":{
			"Re":2.73259393353192e-13,
			"Im":8.218661205482665e-14
		},
		"le_2213":{
			"Re":6.1248669144094214e-12,
			"Im":-1.397218446114155e-11
		},
		"le_2222":2.5291496336695517e-11,
		"le_2223":{
			"Re":-5.141038491065422e-14,
			"Im":-1.1901661088282648e-13
		},
		"le_2233":3.0644807492084434e-11,
		"le_3311":1.0120089830300721e-11,
		"le_3312":{
			"Re":2.73259393353192e-13,
			"Im":8.218661205482665e-14
		},
		"le_3313":{
			"Re":6.1248669144094214e-12,
			"Im":-1.397218446114155e-11
		},
		"le_3322":2.5291496336695517e-11,
		"le_3323":{
			"Re":-5.141038491065422e-14,
			"Im":-1.1901661088282648e-13
		},
		"le_3333":3.0644807492084434e-11,
		"ll_1111":-2.4625404978049497e-13,
		"ll_1122":-4.925080995609899e-13,
		"ll_1133":-4.925080995609899e-13,
		"ll_2222":-2.4625404978049497e-13,
		"ll_2233":-4.925080995609899e-13,
		"ll_3333":-2.4625404978049497e-13,
		"lq1_1111":1.6416936652032997e-13,