{
	"eft":"SMEFT",
	"basis":"Warsaw",
	"scale":1000,
	"values":{
		"dd_1111":-1.4755883252455157e-13,
		"dd_1122":-2.9511766504910314e-13,
		"dd_1133":-2.9511766504910314e-13,
		"dd_2222":-1.4755883252455157e-13,
		"dd_2233":-2.9511766504910314e-13,
		"dd_3333":-1.4755883252455157e-13,
		"eB_11":3.6466699826079645e-16,
		"eB_12":{
			"Re":2.9955175707054045e-20,
			"Im":2.3944266419434072e-20
		},
		"eB_13":{
			"Re":-1.788506616486464e-20,
			"Im":-4.556975894558658e-20
		},
		"eB_21":{
			"Re":6.1938627499168074e-18,
			"Im":-4.950980802108057e-18
		},
		"eB_22":7.583300904178908e-14,
		"eB_23":{
			"Re":-2.869660081410367e-16,
			"Im":1.5811516552513028e-16
		},
		"eB_31":{
			"Re":-6.219278007892904e-17,
			"Im":1.5846237135651814e-16
		},
		"eB_32":{
			"Re":-4.8260316945490656e-15,
			"Im":-2.659091246229145e-15
		},
		"eB_33":1.0198505329098615e-12,
		"ed_1111":2.0114492225488793e-11,
		"ed_1122":2.0114492225488793e-11,
		"ed_1133":2.0114492225488793e-11,
		"ed_1211":{
			"Re":1.724281054801267e-15,
			"Im":1.379573659255819e-15
		},
		"ed_1222":{
			"Re":1.724281054801267e-15,
			"Im":1.379573659255819e-15
		},
		"ed_1233":{
			"Re":1.724281054801267e-15,
			"Im":1.379573659255819e-15
		},
		"ed_1311":{
			"Re":-1.0344350898076572e-15,
			"Im":-2.6317483240585708e-15
		},
		"ed_1322":{
			"Re":-1.0344350898076572e-15,
			"Im":-2.6317483240585708e-15
		},
		"ed_1333":{
			"Re":-1.0344350898076572e-15,
			"Im":-2.6317483240585708e-15
		},
		"ed_2211":2.023480230497984e-11,
		"ed_2222":2.023480230497984e-11,
		"ed_2233":2.023480230497984e-11,
		"ed_2311":{
			"Re":-8.005320861281858e-14,
			"Im":4.413555399373476e-14
		},
		"ed_2322":{
			"Re":-8.005320861281858e-14,
			"Im":4.413555399373476e-14
		},
		"ed_2333":{
			"Re":-8.005320861281858e-14,
			"Im":4.413555399373476e-14
		},
		"ed_3311":1.5992033999389698e-11,
		"ed_3322":1.5992033999389698e-11,
		"ed_3333":1.5992033999389698e-11,
		"ee_1111":-1.2512398913147575e-9,
		"ee_1112":{
			"Re":1.9228099545334667e-12,
			"Im":-3.1766648881703094e-12
		},
		"ee_1113":{
			"Re":-5.06391422020896e-13,
			"Im":1.421510055779432e-13
		},
		"ee_1122":-3.2414026190965667e-9,
		"ee_1123":{
			"Re":1.2494162557042571e-11,
			"Im":-6.892543043225408e-12
		},
		"ee_1133":-2.579907893234388e-9,
		"ee_1212":{
			"Re":1.1824336603353857e-10,
			"Im":3.422650112508006e-10
		},
		"ee_1213":{
			"Re":-1.054112754640325e-11,
			"Im":-1.4127081569982633e-11
		},
		"ee_1222":{
			"Re":-2.365705554214581e-12,
			"Im":2.8393156008084502e-12
		},
		"ee_1223":{
			"Re":2.154957328847971e-13,
			"Im":2.402983220507938e-13
		},
		"ee_1232":{
			"Re":-4.734786442641442e-13,
			"Im":-5.449122347573081e-13
		},
		"ee_1233":{
			"Re":-1.8554765820360814e-13,
			"Im":-1.561564439732614e-13
		},
		"ee_1313":{
			"Re":-2.1925787891935953e-10,
			"Im":-1.8720592988901853e-10
		},
		"ee_1323":{
			"Re":2.029212567594659e-13,
			"Im":-2.943949507647472e-12
		},
		"ee_1333":{
			"Re":6.747353055271432e-13,
			"Im":5.121427581568705e-13
		},
		"ee_2222":-1.2660149369886837e-9,
		"ee_2223":{
			"Re":-4.319697604280591e-12,
			"Im":-1.5454136453949287e-12
		},
		"ee_2233":-2.5941144297237386e-9,
		"ee_2323":{
			"Re":-2.499418956995141e-10,
			"Im":1.4695083888387255e-10
		},
		"ee_2333":{
			"Re":2.3764543230185642e-11,
			"Im":-8.632990216066971e-12
		},
		"ee_3333":-8.018812102921459e-10,
		"ephi_11":5.365503296837098e-16,
		"ephi_12":{
			"Re":4.4061712052847457e-20,
			"Im":3.524266725309294e-20
		},
		"ephi_13":{
			"Re":-2.6403994697762893e-20,
			"Im":-6.720715077916357e-20
		},
		"ephi_21":{
			"Re":9.11067303045345e-18,
			"Im":-7.287152572938539e-18
		},
		"ephi_22":1.1157810266289968e-13,
		"ephi_23":{
			"Re":-4.2287093069351625e-16,
			"Im":2.3309497219252307e-16
		},
		"ephi_31":{
			"Re":-9.177959340451173e-17,
			"Im":2.336101999344589e-16
		},
		"ephi_32":{
			"Re":-7.108777330500595e-15,
			"Im":-3.918501864130171e-15
		},
		"ephi_33":1.5004392057599066e-12,
		"eu_1111":-4.0228984450977585e-11,
		"eu_1122":-4.0228984450977585e-11,
		"eu_1133":-4.0228984450977585e-11,
		"eu_1211":{
			"Re":-3.448562109602534e-15,
			"Im":-2.759147318511638e-15
		},
		"eu_1222":{
			"Re":-3.448562109602534e-15,
			"Im":-2.759147318511638e-15
		},
		"eu_1233":{
			"Re":-3.448562109602534e-15,
			"Im":-2.759147318511638e-15
		},
		"eu_1311":{
			"Re":2.0688701796153143e-15,
			"Im":5.2634966481171415e-15
		},
		"eu_1322":{
			"Re":2.0688701796153143e-15,
			"Im":5.2634966481171415e-15
		},
		"eu_1333":{
			"Re":2.0688701796153143e-15,
			"Im":5.2634966481171415e-15
		},
		"eu_2211":-4.046960460995968e-11,
		"eu_2222":-4.046960460995968e-11,
		"eu_2233":-4.046960460995968e-11,
		"eu_2311":{
			"Re":1.6010641722563716e-13,
			"Im":-8.827110798746952e-14
		},
		"eu_2322":{
			"Re":1.6010641722563716e-13,
			"Im":-8.827110798746952e-14
		},
		"eu_2333":{
			"Re":1.6010641722563716e-13,
			"Im":-8.827110798746952e-14
		},
		"eu_3311":-3.1984067998779396e-11,
		"eu_3322":-3.1984067998779396e-11,
		"eu_3333":-3.1984067998779396e-11,
		"phi":4.79225161434182e-13,
		"phiB":-4.380922918260576e-12,
		"phiBox":-3.22237776343683e-12,
		"phid_11":4.4267649757365463e-13,
		"phid_22":4.4267649757365463e-13,
		"phid_33":4.4267649757365463e-13,
		"phiD":-1.328029492720964e-12,
		"phie_11":-3.017173833823314e-11,
		"phie_12":{
			"Re":-2.586421582201819e-15,
			"Im":-2.0693604888838005e-15
		},
		"phie_13":{
			"Re":1.5516526347114854e-15,
			"Im":3.947622486087858e-15
		},
		"phie_22":-3.0352203457469746e-11,
		"phie_23":{
			"Re":1.2007981291922827e-13,
			"Im":-6.620333099060243e-14
		},
		"phie_33":-2.3988050999084507e-11,
		"phil1_11":6.640147433410479e-13,
		"phil1_22":6.638849157539215e-13,
		"phil1_23":{
			"Re":8.26245232914248e-18,
			"Im":-4.552521833958091e-18
		},
		"phil1_33":6.346507583899038e-13,
		"phil3_22":-1.2983060656043979e-16,
		"phil3_23":{
			"Re":8.26245232914248e-18,
			"Im":-4.552521833958091e-18
		},
		"phil3_33":-2.9363987970578185e-14,
		"phiq1_11":-2.2133824878682732e-13,
		"phiq1_22":-2.2133824878682732e-13,
		"phiq1_33":-2.2133824878682732e-13,
		"phiu_11":-8.853529951473093e-13,
		"phiu_22":-8.853529951473093e-13,
		"phiu_33":-8.853529951473093e-13,
		"ld_1111":-4.4267649757365463e-13,
		"ld_1122":-4.4267649757365463e-13,
		"ld_1133":-4.4267649757365463e-13,
		"ld_2211":-4.4267649757365463e-13,
		"ld_2222":-4.4267649757365463e-13,
		"ld_2233":-4.4267649757365463e-13,
		"ld_3311":-4.4267649757365463e-13,
		"ld_3322":-4.4267649757365463e-13,
		"ld_3333":-4.4267649757365463e-13,
		"le_1111":3.017173833823314e-11,
		"le_1112":{
			"Re":2.586421582201819e-15,
			"Im":2.0693604888838005e-15
		},
		"le_1113":{
			"Re":-1.5516526347114854e-15,
			"Im":-3.947622486087858e-15
		},
		"le_1122":3.0352203457469746e-11,
		"le_1123":{
			"Re":-1.2007981291922827e-13,
			"Im":6.620333099060243e-14
		},
		"le_1133":2.3988050999084507e-11,
		"le_2211":3.017173833823314e-11,
		"le_2212":{
			"Re":2.586421582201819e-15,
			"Im":2.0693604888838005e-15
		},
		"le_2213":{
			"Re":-1.5516526347114854e-15,
			"Im":-3.947622486087858e-15
		},
		"le_2222":3.0352203457469746e-11,
		"le_2223":{
			"Re":-1.2007981291922827e-13,
			"Im":6.620333099060243e-14
		},
		"le_2233":2.3988050999084507e-11,
		"le_3311":3.017173833823314e-11,
		"le_3312":{
			"Re":2.586421582201819e-15,
			"Im":2.0693604888838005e-15
		},
		"le_3313":{
			"Re":-1.5516526347114854e-15,
			"Im":-3.947622486087858e-15
		},
		"le_3322":3.0352203457469746e-11,
		"le_3323":{
			"Re":-1.2007981291922827e-13,
			"Im":6.620333099060243e-14
		},
		"le_3333":2.3988050999084507e-11,
		"ll_1111":-3.32007373180241e-13,
		"ll_1122":-6.64014746360482e-13,
		"ll_1133":-6.64014746360482e-13,
		"ll_2222":-3.32007373180241e-13,
		"ll_2233":-6.64014746360482e-13,
		"ll_3333":-3.32007373180241e-13,
		"lq1_1111":2.2133824878682732e-13,
		"lq1_1122":2.2133824878682732e-13,
		"lq1_1133":2.2133824878682732e-13,
		"lq1_2211":2.2133824878682732e-13,
		"lq1_2222":2.2133824878682732e-13,