{
	"eft":"SMEFT",
	"basis":"Warsaw",
	"scale":1000,
	"values":{
		"dd_1111":-2.2626859196399122e-13,
		"dd_1122":-4.5253718392798244e-13,
		"dd_1133":-4.5253718392798244e-13,
		"dd_2222":-2.2626859196399122e-13,
		"dd_2233":-4.5253718392798244e-13,
		"dd_3333":-2.2626859196399122e-13,
		"eB_11":2.4046405423797543e-16,
		"eB_12":{
			"Re":4.612898387489557e-20,
			"Im":-2.938879251995689e-20
		},
		"eB_13":{
			"Re":-2.1537603469301481e-16,
			"Im":-1.90846945030867e-16
		},
		"eB_21":{
			"Re":9.538137839965813e-18,
			"Im":6.0767511108779554e-18
		},
		"eB_22":4.492392189889191e-14,
		"eB_23":{
			"Re":-1.8324148157011692e-18,
			"Im":-1.2810886798781682e-17
		},
		"eB_31":{
			"Re":-7.489396033797632e-13,
			"Im":6.636431742342441e-13
		},
		"eB_32":{
			"Re":-3.0816513897986374e-17,
			"Im":2.154462339518388e-16
		},
		"eB_33":1.8526588437884767e-12,
		"ed_1111":1.2819113708866948e-11,
		"ed_1122":1.2819113708866948e-11,
		"ed_1133":1.2819113708866948e-11,
		"ed_1211":{
			"Re":2.776276476509704e-15,
			"Im":-1.7058565002238853e-15
		},
		"ed_1222":{
			"Re":2.776276476509704e-15,
			"Im":-1.7058565002238853e-15
		},
		"ed_1233":{
			"Re":2.776276476509704e-15,
			"Im":-1.7058565002238853e-15
		},
		"ed_1311":{
			"Re":-1.2698002429193746e-11,
			"Im":-1.1250488405835219e-11
		},
		"ed_1322":{
			"Re":-1.2698002429193746e-11,
			"Im":-1.1250488405835219e-11
		},
		"ed_1333":{
			"Re":-1.2698002429193746e-11,
			"Im":-1.1250488405835219e-11
		},
		"ed_2211":1.1453040422975241e-11,
		"ed_2222":1.1453040422975241e-11,
		"ed_2233":1.1453040422975241e-11,
		"ed_2311":{
			"Re":-5.538881203460847e-16,
			"Im":-3.699574044136339e-15
		},
		"ed_2322":{
			"Re":-5.538881203460847e-16,
			"Im":-3.699574044136339e-15
		},
		"ed_2333":{
			"Re":-5.538881203460847e-16,
			"Im":-3.699574044136339e-15
		},
		"ed_3311":3.005196040338509e-11,
		"ed_3322":3.005196040338509e-11,
		"ed_3333":3.005196040338509e-11,
		"ee_1111":-3.5498459401241877e-10,
		"ee_1112":{
			"Re":-1.7066557301474067e-12,
			"Im":-2.6974670099456312e-12
		},
		"ee_1113":{
			"Re":7.781472577593578e-10,
			"Im":6.190607534585693e-10
		},
		"ee_1122":-7.860481422769019e-10,
		"ee_1123":{
			"Re":4.4398865238403126e-12,
			"Im":1.1043359673284275e-12
		},
		"ee_1133":{
			"Re":-3.197830751302632e-9,
			"Im":-2.3984076011580895e-20
		},
		"ee_1212":{
			"Re":-1.6094837260675766e-11,
			"Im":9.180336756633409e-11
		},
		"ee_1213":{
			"Re":3.320206556007649e-12,
			"Im":1.1042723270209038e-11
		},
		"ee_1222":{
			"Re":-2.9977652575354055e-12,
			"Im":-2.1619733242864887e-12
		},
		"ee_1223":{
			"Re":7.344941551132007e-10,
			"Im":6.511148825659859e-10
		},
		"ee_1232":{
			"Re":-1.0998782408852785e-10,
			"Im":-6.45712442773737e-11
		},
		"ee_1233":{
			"Re":-1.6196109093508538e-11,
			"Im":-8.928635097515271e-13
		},
		"ee_1313":{
			"Re":-2.025123715740897e-10,
			"Im":-6.985456628801713e-10
		},
		"ee_1323":{
			"Re":3.073283602656947e-12,
			"Im":-3.995889292102313e-12
		},
		"ee_1333":{
			"Re":1.9400456588324758e-9,
			"Im":1.5011465989615908e-9
		},
		"ee_2222":-2.47728787412926e-10,
		"ee_2223":{
			"Re":1.1728297590301395e-11,
			"Im":-5.36848401652752e-12
		},
		"ee_2233":-1.782036021649532e-9,
		"ee_2323":{
			"Re":1.7076100462268159e-12,
			"Im":1.3819918507048268e-10
		},
		"ee_2333":{
			"Re":-7.02430617087499e-12,
			"Im":1.590814474091478e-11
		},
		"ee_3333":{
			"Re":-2.0717350189287906e-9,
			"Im":1.769338037781219e-20
		},
		"ephi_11":-5.609158480680121e-17,
		"ephi_12":-1.0914319243908973e-20,
		"ephi_13":{
			"Re":5.011384983525842e-17,
			"Im":4.440275047994041e-17
		},
		"ephi_21":{
			"Re":-2.256784930266287e-18,
			"Im":-1.4024312971729054e-18
		},
		"ephi_22":-1.0479989952427352e-14,
		"ephi_23":{
			"Re":4.440231117172612e-19,
			"Im":3.0071343037268875e-18
		},
		"ephi_31":{
			"Re":1.74703970133139e-13,
			"Im":-1.54794301918693e-13
		},
		"ephi_32":{
			"Re":7.485376526044925e-18,
			"Im":-5.069845505628411e-17
		},
		"ephi_33":-4.310629105762848e-13,
		"eu_1111":-2.5638227417733895e-11,
		"eu_1122":-2.5638227417733895e-11,
		"eu_1133":-2.5638227417733895e-11,
		"eu_1211":{
			"Re":-5.552552953019408e-15,
			"Im":3.4117130004477707e-15
		},
		"eu_1222":{
			"Re":-5.552552953019408e-15,
			"Im":3.4117130004477707e-15
		},
		"eu_1233":{
			"Re":-5.552552953019408e-15,
			"Im":3.4117130004477707e-15
		},
		"eu_1311":{
			"Re":2.5396004858387492e-11,
			"Im":2.2500976811670437e-11
		},
		"eu_1322":{
			"Re":2.5396004858387492e-11,
			"Im":2.2500976811670437e-11
		},
		"eu_1333":{
			"Re":2.5396004858387492e-11,
			"Im":2.2500976811670437e-11
		},
		"eu_2211":-2.2906080845950482e-11,
		"eu_2222":-2.2906080845950482e-11,
		"eu_2233":-2.2906080845950482e-11,
		"eu_2311":{
			"Re":1.1077762406921693e-15,
			"Im":7.399148088272678e-15
		},
		"eu_2322":{
			"Re":1.1077762406921693e-15,
			"Im":7.399148088272678e-15
		},
		"eu_2333":{
			"Re":1.1077762406921693e-15,
			"Im":7.399148088272678e-15
		},
		"eu_3311":-6.010392080677018e-11,
		"eu_3322":-6.010392080677018e-11,
		"eu_3333":-6.010392080677018e-11,
		"phi":-2.7902085136895584e-15,
		"phiB":1.0480226534004651e-12,
		"phiBox":-6.169752940359698e-13,
		"phid_11":6.788057758919735e-13,
		"phid_22":6.788057758919735e-13,
		"phid_33":6.788057758919735e-13,
		"phiD":-2.0364173276759208e-12,
		"phie_11":-1.922867056330042e-11,
		"phie_12":{
			"Re":-4.164414714764455e-15,
			"Im":2.558784750336132e-15
		},
		"phie_13":{
			"Re":1.9047003643790622e-11,
			"Im":1.6875732608752827e-11
		},
		"phie_22":-1.717956063446286e-11,
		"phie_23":{
			"Re":8.308321805191523e-16,
			"Im":5.5493610662049374e-15
		},
		"phie_33":-4.507794060507763e-11,
		"phil1_11":1.0182086618469237e-12,
		"phil1_13":{
			"Re":6.2012021250132355e-18,
			"Im":5.49494971789485e-18
		},
		"phil1_22":1.018131751420757e-12,
		"phil1_23":{
			"Re":5.275969847444317e-20,
			"Im":3.688567233265177e-19
		},
		"phil1_33":9.648660903459699e-13,
		"phil3_13":{
			"Re":6.2012021250132355e-18,
			"Im":5.49494971789485e-18
		},
		"phil3_22":-7.691241720334302e-17,
		"phil3_23":{
			"Re":5.275969847444317e-20,
			"Im":3.688567233265177e-19
		},
		"phil3_33":-5.3342573491990535e-14,
		"phiq1_11":-3.3940288794598676e-13,
		"phiq1_22":-3.3940288794598676e-13,
		"phiq1_33":-3.3940288794598676e-13,
		"phiu_11":-1.357611551783947e-12,
		"phiu_22":-1.357611551783947e-12,
		"phiu_33":-1.357611551783947e-12,
		"ld_1111":-6.788057758919735e-13,
		"ld_1122":-6.788057758919735e-13,
		"ld_1133":-6.788057758919735e-13,
		"ld_2211":-6.788057758919735e-13,
		"ld_2222":-6.788057758919735e-13,
		"ld_2233":-6.788057758919735e-13,
		"ld_3311":-6.788057758919735e-13,
		"ld_3322":-6.788057758919735e-13,
		"ld_3333":-6.788057758919735e-13,
		"le_1111":1.922867056330042e-11,
		"le_1112":{
			"Re":4.164414714764455e-15,
			"Im":-2.558784750336132e-15
		},
		"le_1113":{
			"Re":-1.9047003643790622e-11,
			"Im":-1.6875732608752827e-11
		},
		"le_1122":1.717956063446286e-11,
		"le_1123":{
			"Re":-8.308321805191523e-16,
			"Im":-5.5493610662049374e-15
		},
		"le_1133":4.507794060507763e-11,
		"le_2211":1.922867056330042e-11,
		"le_2212":{
			"Re":4.164414714764455e-15,
			"Im":-2.558784750336132e-15
		},
		"le_2213":{
			"Re":-1.9047003643790622e-11,
			"Im":-1.6875732608752827e-11
		},
		"le_2222":1.717956063446286e-11,
		"le_2223":{
			"Re":-8.308321805191523e-16,
			"Im":-5.5493610662049374e-15
		},
		"le_2233":4.507794060507763e-11,
		"le_3311":1.922867056330042e-11,
		"le_3312":{
			"Re":4.164414714764455e-15,
			"Im":-2.558784750336132e-15
		},
		"le_3313":{
			"Re":-1.9047003643790622e-11,
			"Im":-1.6875732608752827e-11
		},
		"le_3322":1.717956063446286e-11,
		"le_3323":{
			"Re":-8.308321805191523e-16,
			"Im":-5.5493610662049374e-15
		},
		"le_3333":4.507794060507763e-11,
		"ll_1111":-5.091043319189802e-13,
		"ll_1122":-1.0182086638379604e-12,
		"ll_1133":-1.0182086638379604e-12,
		"ll_2222":-5.091043319189802e-13,
		"ll_2233":-1.0182086638379604e-12,
		"ll_3333":-5.091043319189802e-13,