{
	"eft":"SMEFT",
	"basis":"Warsaw",
	"scale":1000,
	"values":{
		"dd_1111":-1.0713830840704838e-13,
		"dd_1122":-2.1427661681409676e-13,
		"dd_1133":-2.1427661681409676e-13,
		"dd_2222":-1.0713830840704838e-13,
		"dd_2233":-2.1427661681409676e-13,
		"dd_3333":-1.0713830840704838e-13,
		"eB_11":4.6646398646497226e-17,
		"eB_12":{
			"Re":9.404856264683513e-20,
			"Im":3.108813850875873e-19
		},
		"eB_13":{
			"Re":-2.2919604003636104e-19,
			"Im":1.919302291623459e-18
		},
		"eB_21":{
			"Re":1.9446518843962207e-17,
			"Im":-6.428126643513579e-17
		},
		"eB_22":6.619161597219137e-14,
		"eB_23":{
			"Re":2.621695826993216e-15,
			"Im":1.1393443670025365e-15
		},
		"eB_31":{
			"Re":-7.969967111972983e-16,
			"Im":-6.6741014110655096e-15
		},
		"eB_32":{
			"Re":4.4090194641860924e-14,
			"Im":-1.91608478710752e-14
		},
		"eB_33":1.392893716313896e-12,
		"ed_1111":2.559392577074053e-12,
		"ed_1122":2.559392577074053e-12,
		"ed_1133":2.559392577074053e-12,
		"ed_1211":{
			"Re":3.562383590421562e-15,
			"Im":2.3122405755513448e-14
		},
		"ed_1222":{
			"Re":3.562383590421562e-15,
			"Im":2.3122405755513448e-14
		},
		"ed_1233":{
			"Re":3.562383590421562e-15,
			"Im":2.3122405755513448e-14
		},
		"ed_1311":{
			"Re":-3.5933702220096365e-14,
			"Im":1.3469288218268966e-13
		},
		"ed_1322":{
			"Re":-3.5933702220096365e-14,
			"Im":1.3469288218268966e-13
		},
		"ed_1333":{
			"Re":-3.5933702220096365e-14,
			"Im":1.3469288218268966e-13
		},
		"ed_2211":2.0115842105759363e-11,
		"ed_2222":2.0115842105759363e-11,
		"ed_2233":2.0115842105759363e-11,
		"ed_2311":{
			"Re":7.616590550869779e-13,
			"Im":3.310305909732106e-13
		},
		"ed_2322":{
			"Re":7.616590550869779e-13,
			"Im":3.310305909732106e-13
		},
		"ed_2333":{
			"Re":7.616590550869779e-13,
			"Im":3.310305909732106e-13
		},
		"ed_3311":2.4947151490732325e-11,
		"ed_3322":2.4947151490732325e-11,
		"ed_3333":2.4947151490732325e-11,
		"ee_1111":-7.70616249244371e-12,
		"ee_1112":{
			"Re":-8.253291925452926e-13,
			"Im":8.975948142103944e-13
		},
		"ee_1113":{
			"Re":-6.676545235489104e-12,
			"Im":2.9869975048416487e-12
		},
		"ee_1122":-4.995751738634553e-10,
		"ee_1123":{
			"Re":-1.8908523771975137e-11,
			"Im":-8.217745886164696e-12
		},
		"ee_1133":-6.195201985871349e-10,
		"ee_1212":{
			"Re":-9.136809956835224e-11,
			"Im":-1.1441497080509035e-10
		},
		"ee_1213":{
			"Re":9.819215008466545e-12,
			"Im":1.0942651779786731e-10
		},
		"ee_1222":{
			"Re":-4.65270983810294e-12,
			"Im":4.133009802575466e-12
		},
		"ee_1223":{
			"Re":1.0050503326067841e-11,
			"Im":-2.689622438635839e-11
		},
		"ee_1232":{
			"Re":-1.6087378399916193e-12,
			"Im":5.285775669945357e-11
		},
		"ee_1233":{
			"Re":2.1546681055679665e-11,
			"Im":-3.833584895062103e-11
		},
		"ee_1313":{
			"Re":-7.96452926525277e-11,
			"Im":1.5934399263778936e-10
		},
		"ee_1323":{
			"Re":1.1320406268575772e-11,
			"Im":-7.700918167744616e-13
		},
		"ee_1333":{
			"Re":6.472808917113282e-11,
			"Im":-5.43819437386998e-11
		},
		"ee_2222":-1.0251001783513299e-9,
		"ee_2223":{
			"Re":-6.561302825948888e-10,
			"Im":-4.017541438711206e-10
		},
		"ee_2233":-4.141989575697748e-9,
		"ee_2323":{
			"Re":-4.2095116665057124e-10,
			"Im":-9.082482495281487e-10
		},
		"ee_2333":{
			"Re":4.590466614152844e-10,
			"Im":3.160382671515834e-10
		},
		"ee_3333":-1.6491929557552097e-9,
		"ephi_11":-1.6907378254096356e-16,
		"ephi_12":{
			"Re":-2.310361473011563e-19,
			"Im":-1.1944101168900776e-18
		},
		"ephi_13":{
			"Re":1.597359664729864e-18,
			"Im":-7.066951306127944e-18
		},
		"ephi_21":{
			"Re":-4.77716242134868e-17,
			"Im":2.4696955226527284e-16
		},
		"ephi_22":-2.303631812613082e-13,
		"ephi_23":{
			"Re":-8.647420733915082e-15,
			"Im":-3.758230074087177e-15
		},
		"ephi_31":{
			"Re":5.555060014415932e-15,
			"Im":2.457824302594084e-14
		},
		"ephi_32":{
			"Re":-1.4545324231476664e-13,
			"Im":6.321500492272168e-14
		},
		"ephi_33":-4.795983186153795e-12,
		"eu_1111":-5.118785154148106e-12,
		"eu_1122":-5.118785154148106e-12,
		"eu_1133":-5.118785154148106e-12,
		"eu_1211":{
			"Re":-7.124767180843124e-15,
			"Im":-4.6244811511026895e-14
		},
		"eu_1222":{
			"Re":-7.124767180843124e-15,
			"Im":-4.6244811511026895e-14
		},
		"eu_1233":{
			"Re":-7.124767180843124e-15,
			"Im":-4.6244811511026895e-14
		},
		"eu_1311":{
			"Re":7.186740444019273e-14,
			"Im":-2.693857643653793e-13
		},
		"eu_1322":{
			"Re":7.186740444019273e-14,
			"Im":-2.693857643653793e-13
		},
		"eu_1333":{
			"Re":7.186740444019273e-14,
			"Im":-2.693857643653793e-13
		},
		"eu_2211":-4.0231684211518725e-11,
		"eu_2222":-4.0231684211518725e-11,
		"eu_2233":-4.0231684211518725e-11,
		"eu_2311":{
			"Re":-1.5233181101739557e-12,
			"Im":-6.620611819464212e-13
		},
		"eu_2322":{
			"Re":-1.5233181101739557e-12,
			"Im":-6.620611819464212e-13
		},
		"eu_2333":{
			"Re":-1.5233181101739557e-12,
			"Im":-6.620611819464212e-13
		},
		"eu_3311":-4.989430298146465e-11,
		"eu_3322":-4.989430298146465e-11,
		"eu_3333":-4.989430298146465e-11,
		"phi":-3.5952155882766135e-12,
		"phiB":6.928093979042837e-12,
		"phiBox":-1.0196725438904875e-11,
		"phid_11":3.214149252211451e-13,
		"phid_22":3.214149252211451e-13,
		"phid_33":3.214149252211451e-13,
		"phiD":-9.642447756634353e-13,
		"phie_11":-3.8390888656110765e-12,
		"phie_12":{
			"Re":-5.343575385632444e-15,
			"Im":-3.468360863327008e-14
		},
		"phie_13":{
			"Re":5.390055333014389e-14,
			"Im":-2.0203932327403427e-13
		},
		"phie_22":-3.0173763158639055e-11,
		"phie_23":{
			"Re":-1.1424885826304712e-12,
			"Im":-4.965458864598179e-13
		},
		"phie_33":-3.742072723609853e-11,
		"phil1_11":4.821223874454866e-13,
		"phil1_13":{
			"Re":0.0,
			"Im":-5.526140114113719e-20
		},
		"phil1_22":4.82009063861596e-13,
		"phil1_23":{
			"Re":-7.548502671925139e-17,
			"Im":-3.280450733457172e-17
		},
		"phil1_33":4.420175754005904e-13,
		"phil3_13":{
			"Re":0.0,
			"Im":-5.526140114113719e-20
		},
		"phil3_22":-1.1332397012163386e-16,
		"phil3_23":{
			"Re":-7.548502671925139e-17,
			"Im":-3.280450733457172e-17
		},
		"phil3_33":-4.0104812431127276e-14,
		"phiq1_11":-1.6070746261057255e-13,
		"phiq1_22":-1.6070746261057255e-13,
		"phiq1_33":-1.6070746261057255e-13,
		"phiu_11":-6.428298504422902e-13,
		"phiu_22":-6.428298504422902e-13,
		"phiu_33":-6.428298504422902e-13,
		"ld_1111":-3.214149252211451e-13,
		"ld_1122":-3.214149252211451e-13,
		"ld_1133":-3.214149252211451e-13,
		"ld_2211":-3.214149252211451e-13,
		"ld_2222":-3.214149252211451e-13,
		"ld_2233":-3.214149252211451e-13,
		"ld_3311":-3.214149252211451e-13,
		"ld_3322":-3.214149252211451e-13,
		"ld_3333":-3.214149252211451e-13,
		"le_1111":3.8390888656110765e-12,
		"le_1112":{
			"Re":5.343575385632444e-15,
			"Im":3.468360863327008e-14
		},
		"le_1113":{
			"Re":-5.390055333014389e-14,
			"Im":2.0203932327403427e-13
		},
		"le_1122":3.0173763158639055e-11,
		"le_1123":{
			"Re":1.1424885826304712e-12,
			"Im":4.965458864598179e-13
		},
		"le_1133":3.742072723609853e-11,
		"le_2211":3.8390888656110765e-12,
		"le_2212":{
			"Re":5.343575385632444e-15,
			"Im":3.468360863327008e-14
		},
		"le_2213":{
			"Re":-5.390055333014389e-14,
			"Im":2.0203932327403427e-13
		},
		"le_2222":3.0173763158639055e-11,
		"le_2223":{
			"Re":1.1424885826304712e-12,
			"Im":4.965458864598179e-13
		},
		"le_2233":3.742072723609853e-11,
		"le_3311":3.8390888656110765e-12,
		"le_3312":{
			"Re":5.343575385632444e-15,
			"Im":3.468360863327008e-14
		},
		"le_3313":{
			"Re":-5.390055333014389e-14,
			"Im":2.0203932327403427e-13
		},
		"le_3322":3.0173763158639055e-11,
		"le_3323":{
			"Re":1.1424885826304712e-12,
			"Im":4.965458864598179e-13
		},
		"le_3333":3.742072723609853e-11,
		"ll_1111":-2.410611939158588e-13,
		"ll_1122":-4.821223878317176e-13,
		"ll_1133":-4.821223878317176e-13,
		"ll_2222":-2.410611939158588e-13,
		"ll_2233":-4.821223878317176e-13,
		"ll_3333":-2.410611939158588e-13,
		"lq1_1111":1.6070746261057255e-13,
		"lq1_1122":1.6070746261057255e-13,