{
	"eft":"SMEFT",
	"basis":"Warsaw",
	"scale":1000,
	"values":{
		"dd_1111":-6.634186311276957e-14,
		"dd_1122":-1.3268372622553914e-13,
		"dd_1133":-1.3268372622553914e-13,
		"dd_2222":-6.634186311276957e-14,
		"dd_2233":-1.3268372622553914e-13,
		"dd_3333":-6.634186311276957e-14,
		"eB_11":1.0842745298188627e-16,
		"eB_12":{
			"Re":-3.888396203186112e-20,
			"Im":1.1368380029004064e-20
		},
		"eB_13":{
			"Re":-1.9760847472697034e-18,
			"Im":-7.822480950606017e-18
		},
		"eB_21":{
			"Re":-8.040077159072992e-18,
			"Im":-2.3506517296761954e-18
		},
		"eB_22":3.891283026805909e-14,
		"eB_23":{
			"Re":3.763502371505827e-18,
			"Im":2.017330181230162e-18
		},
		"eB_31":{
			"Re":-6.87155434435613e-15,
			"Im":2.7201567662544902e-14
		},
		"eB_32":{
			"Re":6.329245001892654e-17,
			"Im":-3.3926315719610764e-17
		},
		"eB_33":3.8564808433403526e-13,
		"ed_1111":7.325302092188931e-12,
		"ed_1122":7.325302092188931e-12,
		"ed_1133":7.325302092188931e-12,
		"ed_1211":{
			"Re":-1.4133267009801753e-15,
			"Im":4.763037400125914e-16
		},
		"ed_1222":{
			"Re":-1.4133267009801753e-15,
			"Im":4.763037400125914e-16
		},
		"ed_1233":{
			"Re":-1.4133267009801753e-15,
			"Im":4.763037400125914e-16
		},
		"ed_1311":{
			"Re":-1.4582403281506498e-13,
			"Im":-5.77259531938801e-13
		},
		"ed_1322":{
			"Re":-1.4582403281506498e-13,
			"Im":-5.77259531938801e-13
		},
		"ed_1333":{
			"Re":-1.4582403281506498e-13,
			"Im":-5.77259531938801e-13
		},
		"ed_2211":1.3371415615772012e-11,
		"ed_2222":1.3371415615772012e-11,
		"ed_2233":1.3371415615772012e-11,
		"ed_2311":{
			"Re":1.5377209209413216e-15,
			"Im":-1.226386361156254e-15
		},
		"ed_2322":{
			"Re":1.5377209209413216e-15,
			"Im":-1.226386361156254e-15
		},
		"ed_2333":{
			"Re":1.5377209209413216e-15,
			"Im":-1.226386361156254e-15
		},
		"ed_3311":7.507961422039308e-12,
		"ed_3322":7.507961422039308e-12,
		"ed_3333":7.507961422039308e-12,
		"ee_1111":-2.485558503909471e-10,
		"ee_1112":{
			"Re":-1.3912280566401718e-12,
			"Im":5.563324567380042e-12
		},
		"ee_1113":{
			"Re":-2.499257613214079e-10,
			"Im":1.2630098978785214e-10
		},
		"ee_1122":-1.3098780059346036e-9,
		"ee_1123":{
			"Re":6.758697630832194e-12,
			"Im":1.1640425575798275e-11
		},
		"ee_1133":-1.2380425704583937e-10,
		"ee_1212":{
			"Re":-1.4534171413822932e-11,
			"Im":3.3108235669294357e-10
		},
		"ee_1213":{
			"Re":7.503548509901878e-12,
			"Im":1.0443072798615497e-12
		},
		"ee_1222":{
			"Re":1.6294707169939703e-11,
			"Im":-3.8562438363311925e-12
		},
		"ee_1223":{
			"Re":2.510791323690098e-11,
			"Im":9.921975057464663e-11
		},
		"ee_1232":{
			"Re":2.3017212701871471e-10,
			"Im":-7.308422637422337e-10
		},
		"ee_1233":{
			"Re":-1.5949231440468573e-11,
			"Im":-6.898799696824488e-12
		},
		"ee_1313":{
			"Re":-8.159984980310029e-11,
			"Im":9.168356543080058e-11
		},
		"ee_1323":{
			"Re":5.5400592931954294e-12,
			"Im":2.7429773852280885e-12
		},
		"ee_1333":{
			"Re":2.565008021464542e-10,
			"Im":-1.0020538050054072e-10
		},
		"ee_2222":-2.4114632659072085e-10,
		"ee_2223":{
			"Re":1.788211178115471e-12,
			"Im":-2.1098827208837564e-11
		},
		"ee_2233":-1.3411927508189765e-9,
		"ee_2323":{
			"Re":2.701015479784887e-10,
			"Im":2.2272930743912393e-10
		},
		"ee_2333":{
			"Re":-4.626093115715564e-12,
			"Im":6.6856775728105055e-12
		},
		"ee_3333":-2.5269276292110223e-10,
		"ephi_11":-2.4071772909817915e-16,
		"ephi_12":{
			"Re":5.561935324976712e-20,
			"Im":-1.7689568199191406e-20
		},
		"ephi_13":{
			"Re":4.500597723773171e-18,
			"Im":1.7816048608354464e-17
		},
		"ephi_21":{
			"Re":1.1500488065972623e-17,
			"Im":3.657695248457763e-18
		},
		"ephi_22":-8.809515035796405e-14,
		"ephi_23":{
			"Re":-9.48223856342676e-18,
			"Im":4.516071155962222e-18
		},
		"ephi_31":{
			"Re":1.5654228601338272e-14,
			"Im":-6.196876824664549e-14
		},
		"ephi_32":{
			"Re":-1.595039811245086e-16,
			"Im":-7.592885663279085e-17
		},
		"ephi_33":-8.56443407434859e-13,
		"eu_1111":-1.4650604184377863e-11,
		"eu_1122":-1.4650604184377863e-11,
		"eu_1133":-1.4650604184377863e-11,
		"eu_1211":{
			"Re":2.8266534019603506e-15,
			"Im":-9.526074800251828e-16
		},
		"eu_1222":{
			"Re":2.8266534019603506e-15,
			"Im":-9.526074800251828e-16
		},
		"eu_1233":{
			"Re":2.8266534019603506e-15,
			"Im":-9.526074800251828e-16
		},
		"eu_1311":{
			"Re":2.9164806563012996e-13,
			"Im":1.154519063877602e-12
		},
		"eu_1322":{
			"Re":2.9164806563012996e-13,
			"Im":1.154519063877602e-12
		},
		"eu_1333":{
			"Re":2.9164806563012996e-13,
			"Im":1.154519063877602e-12
		},
		"eu_2211":-2.6742831231544024e-11,
		"eu_2222":-2.6742831231544024e-11,
		"eu_2233":-2.6742831231544024e-11,
		"eu_2311":{
			"Re":-3.075441841882643e-15,
			"Im":2.452772722312508e-15
		},
		"eu_2322":{
			"Re":-3.075441841882643e-15,
			"Im":2.452772722312508e-15
		},
		"eu_2333":{
			"Re":-3.075441841882643e-15,
			"Im":2.452772722312508e-15
		},
		"eu_3311":-1.5015922844078615e-11,
		"eu_3322":-1.5015922844078615e-11,
		"eu_3333":-1.5015922844078615e-11,
		"phi":-4.722162575586443e-13,
		"phiB":2.5584740813704875e-12,
		"phiBox":-2.3418815915137807e-12,
		"phid_11":1.9902558933830868e-13,
		"phid_22":1.9902558933830868e-13,
		"phid_33":1.9902558933830868e-13,
		"phiD":-5.97076768014926e-13,
		"phie_11":-1.098795313828339e-11,
		"phie_12":{
			"Re":2.1199900514701866e-15,
			"Im":-7.144556100188587e-16
		},
		"phie_13":{
			"Re":2.187360492225955e-13,
			"Im":8.658892979081948e-13
		},
		"phie_22":-2.0057123423658015e-11,
		"phie_23":{
			"Re":-2.3065813814119855e-15,
			"Im":1.839579541734469e-15
		},
		"phie_33":-1.1261942133058952e-11,
		"phil1_11":2.985383831096863e-13,
		"phil1_13":{
			"Re":5.689630673831232e-20,
			"Im":2.252283340758661e-19
		},
		"phil1_22":2.9847176293544536e-13,
		"phil1_23":{
			"Re":-1.0836042615855003e-19,
			"Im":-5.808386352982269e-20
		},
		"phil1_33":2.874346336598991e-13,
		"phil3_13":{
			"Re":5.689630673831232e-20,
			"Im":2.252283340758661e-19
		},
		"phil3_22":-6.662107201761586e-17,
		"phil3_23":{
			"Re":-1.0836042615855003e-19,
			"Im":-5.808386352982269e-20
		},
		"phil3_33":-1.1103750347563926e-14,
		"phiq1_11":-9.951279466915434e-14,
		"phiq1_22":-9.951279466915434e-14,
		"phiq1_33":-9.951279466915434e-14,
		"phiu_11":-3.9805117867661737e-13,
		"phiu_22":-3.9805117867661737e-13,
		"phiu_33":-3.9805117867661737e-13,
		"ld_1111":-1.9902558933830868e-13,
		"ld_1122":-1.9902558933830868e-13,
		"ld_1133":-1.9902558933830868e-13,
		"ld_2211":-1.9902558933830868e-13,
		"ld_2222":-1.9902558933830868e-13,
		"ld_2233":-1.9902558933830868e-13,
		"ld_3311":-1.9902558933830868e-13,
		"ld_3322":-1.9902558933830868e-13,
		"ld_3333":-1.9902558933830868e-13,
		"le_1111":1.098795313828339e-11,
		"le_1112":{
			"Re":-2.1199900514701866e-15,
			"Im":7.144556100188587e-16
		},
		"le_1113":{
			"Re":-2.187360492225955e-13,
			"Im":-8.658892979081948e-13
		},
		"le_1122":2.0057123423658015e-11,
		"le_1123":{
			"Re":2.3065813814119855e-15,
			"Im":-1.839579541734469e-15
		},
		"le_1133":1.1261942133058952e-11,
		"le_2211":1.098795313828339e-11,
		"le_2212":{
			"Re":-2.1199900514701866e-15,
			"Im":7.144556100188587e-16
		},
		"le_2213":{
			"Re":-2.187360492225955e-13,
			"Im":-8.658892979081948e-13
		},
		"le_2222":2.0057123423658015e-11,
		"le_2223":{
			"Re":2.3065813814119855e-15,
			"Im":-1.839579541734469e-15
		},
		"le_2233":1.1261942133058952e-11,
		"le_3311":1.098795313828339e-11,
		"le_3312":{
			"Re":-2.1199900514701866e-15,
			"Im":7.144556100188587e-16
		},
		"le_3313":{
			"Re":-2.187360492225955e-13,
			"Im":-8.658892979081948e-13
		},
		"le_3322":2.0057123423658015e-11,
		"le_3323":{
			"Re":2.3065813814119855e-15,
			"Im":-1.839579541734469e-15
		},
		"le_3333":1.1261942133058952e-11,
		"ll_1111":-1.492691920037315e-13,
		"ll_1122":-2.98538384007463e-13,
		"ll_1133":-2.98538384007463e-13,
		"ll_2222":-1.492691920037315e-13,
		"ll_2233":-2.98538384007463e-13,
		"ll_3333":-1.492691920037315e-13,
		"lq1_1111":9.951279466915434e-14,