{
	"eft":"SMEFT",
	"basis":"Warsaw",
	"scale":1000,
	"values":{
		"dd_1111":-3.3010428133093574e-13,
		"dd_1122":-6.602085626618715e-13,
		"dd_1133":-6.602085626618715e-13,
		"dd_2222":-3.3010428133093574e-13,
		"dd_2233":-6.602085626618715e-13,
		"dd_3333":-3.3010428133093574e-13,
		"eB_11":1.4823971349241184e-16,
		"eB_12":{
			"Re":8.720020404238623e-20,
			"Im":-1.2947879354357856e-20
		},
		"eB_13":{
			"Re":5.1655256187249635e-20,
			"Im":-4.118995923063659e-20
		},
		"eB_21":{
			"Re":1.8030476632326203e-17,
			"Im":2.6772464434080396e-18
		},
		"eB_22":1.0976521081309543e-13,
		"eB_23":{
			"Re":5.2854281184444536e-14,
			"Im":-3.1782596721507195e-14
		},
		"eB_31":{
			"Re":1.7962382461216013e-16,
			"Im":1.4323223924794197e-16
		},
		"eB_32":{
			"Re":8.888733471992711e-13,
			"Im":5.345016997193619e-13
		},
		"eB_33":1.3301962534980943e-12,
		"ed_1111":8.849804045281858e-12,
		"ed_1122":8.849804045281858e-12,
		"ed_1133":8.849804045281858e-12,
		"ed_1211":{
			"Re":2.9746538632448346e-15,
			"Im":-4.37057496411264e-16
		},
		"ed_1222":{
			"Re":2.9746538632448346e-15,
			"Im":-4.37057496411264e-16
		},
		"ed_1233":{
			"Re":2.9746538632448346e-15,
			"Im":-4.37057496411264e-16
		},
		"ed_1311":{
			"Re":1.7051389256467525e-15,
			"Im":-1.2978445678295153e-15
		},
		"ed_1322":{
			"Re":1.7051389256467525e-15,
			"Im":-1.2978445678295153e-15
		},
		"ed_1333":{
			"Re":1.7051389256467525e-15,
			"Im":-1.2978445678295153e-15
		},
		"ed_2211":3.75045578993867e-11,
		"ed_2222":3.75045578993867e-11,
		"ed_2233":3.75045578993867e-11,
		"ed_2311":{
			"Re":1.9144914180361244e-11,
			"Im":-1.1512320668946533e-11
		},
		"ed_2322":{
			"Re":1.9144914180361244e-11,
			"Im":-1.1512320668946533e-11
		},
		"ed_2333":{
			"Re":1.9144914180361244e-11,
			"Im":-1.1512320668946533e-11
		},
		"ed_3311":2.6395850065470178e-11,
		"ed_3322":2.6395850065470178e-11,
		"ed_3333":2.6395850065470178e-11,
		"ee_1111":-6.094475872309628e-12,
		"ee_1112":{
			"Re":8.082484081675486e-12,
			"Im":4.177686638933844e-13
		},
		"ee_1113":{
			"Re":2.648488076130109e-12,
			"Im":-4.85456425494578e-12
		},
		"ee_1122":-9.474115043454198e-10,
		"ee_1123":{
			"Re":-4.71016635936918e-10,
			"Im":2.8298178992889235e-10
		},
		"ee_1133":-6.743141881962305e-10,
		"ee_1212":{
			"Re":-3.4122497181214805e-10,
			"Im":7.762002914183797e-11
		},
		"ee_1213":{
			"Re":-4.144144895744792e-10,
			"Im":5.597006154496173e-10
		},
		"ee_1222":{
			"Re":-2.4396480814448014e-11,
			"Im":6.766806278613711e-12
		},
		"ee_1223":{
			"Re":-2.7932143429810682e-11,
			"Im":4.156396711243864e-11
		},
		"ee_1232":{
			"Re":-1.155660432162449e-11,
			"Im":-1.2785786772515384e-11
		},
		"ee_1233":{
			"Re":-3.4040594075811413e-11,
			"Im":-4.3972867943529025e-12
		},
		"ee_1313":{
			"Re":-7.487345421974496e-11,
			"Im":1.656603325470941e-10
		},
		"ee_1323":{
			"Re":-4.807480845139987e-12,
			"Im":1.2200418253265841e-11
		},
		"ee_1333":{
			"Re":-8.984502902360375e-12,
			"Im":8.486114900845739e-13
		},
		"ee_2222":-8.013692636514564e-10,
		"ee_2223":{
			"Re":-2.5334490464116735e-10,
			"Im":-2.611246565446813e-10
		},
		"ee_2233":2.9693408784124466e-10,
		"ee_2323":{
			"Re":3.765418713088564e-11,
			"Im":1.167714660522758e-10
		},
		"ee_2333":{
			"Re":-2.4620671363659627e-10,
			"Im":5.61582531511138e-10
		},
		"ee_3333":-6.553735600257314e-10,
		"ephi_11":-2.814840903782316e-15,
		"ephi_12":{
			"Re":-1.010253948106053e-18,
			"Im":1.4912652565046123e-19
		},
		"ephi_13":{
			"Re":-5.875901184299968e-19,
			"Im":4.567915942826976e-19
		},
		"ephi_21":{
			"Re":-2.0889129413407906e-16,
			"Im":-3.0835051943360636e-17
		},
		"ephi_22":-2.1118156763128226e-12,
		"ephi_23":{
			"Re":-1.022039481151012e-12,
			"Im":6.145780734355306e-13
		},
		"ephi_31":{
			"Re":-2.0433668390024117e-15,
			"Im":-1.5885121407073695e-15
		},
		"ephi_32":{
			"Re":-1.7188601342588135e-11,
			"Im":-1.0335938770337965e-11
		},
		"ephi_33":-2.5540918398786326e-11,
		"eu_1111":-1.7699608090563715e-11,
		"eu_1122":-1.7699608090563715e-11,
		"eu_1133":-1.7699608090563715e-11,
		"eu_1211":{
			"Re":-5.949307726489669e-15,
			"Im":8.74114992822528e-16
		},
		"eu_1222":{
			"Re":-5.949307726489669e-15,
			"Im":8.74114992822528e-16
		},
		"eu_1233":{
			"Re":-5.949307726489669e-15,
			"Im":8.74114992822528e-16
		},
		"eu_1311":{
			"Re":-3.410277851293505e-15,
			"Im":2.5956891356590305e-15
		},
		"eu_1322":{
			"Re":-3.410277851293505e-15,
			"Im":2.5956891356590305e-15
		},
		"eu_1333":{
			"Re":-3.410277851293505e-15,
			"Im":2.5956891356590305e-15
		},
		"eu_2211":-7.50091157987734e-11,
		"eu_2222":-7.50091157987734e-11,
		"eu_2233":-7.50091157987734e-11,
		"eu_2311":{
			"Re":-3.828982836072249e-11,
			"Im":2.3024641337893065e-11
		},
		"eu_2322":{
			"Re":-3.828982836072249e-11,
			"Im":2.3024641337893065e-11
		},
		"eu_2333":{
			"Re":-3.828982836072249e-11,
			"Im":2.3024641337893065e-11
		},
		"eu_3311":-5.2791700130940357e-11,
		"eu_3322":-5.2791700130940357e-11,
		"eu_3333":-5.2791700130940357e-11,
		"phi":-1.3908567167921348e-9,
		"phiB":1.0689002275613254e-10,
		"phiBox":-7.69892068543853e-10,
		"phid_11":9.90312843992807e-13,
		"phid_22":9.90312843992807e-13,
		"phid_33":9.90312843992807e-13,
		"phiD":-2.9709385319784214e-12,
		"phie_11":-1.3274706067922788e-11,
		"phie_12":{
			"Re":-4.46198079486734e-15,
			"Im":6.555862446169378e-16
		},
		"phie_13":{
			"Re":-2.5577083884702234e-15,
			"Im":1.9467668517443486e-15
		},
		"phie_22":-5.6256836849080016e-11,
		"phie_23":{
			"Re":-2.8717371270541843e-11,
			"Im":1.7268481003419785e-11
		},
		"phie_33":-3.9593775098205245e-11,
		"phil1_11":1.4854692647617894e-12,
		"phil1_22":1.4852813414418511e-12,
		"phil1_23":{
			"Re":-1.5218038593021548e-15,
			"Im":9.150985930666379e-16
		},
		"phil1_33":1.4471696666599054e-12,
		"phil3_22":-1.8792454735965356e-16,
		"phil3_23":{
			"Re":-1.5218038593021548e-15,
			"Im":9.150985930666379e-16
		},
		"phil3_33":-3.829959932930531e-14,
		"phiq1_11":-4.951564219964035e-13,
		"phiq1_22":-4.951564219964035e-13,
		"phiq1_33":-4.951564219964035e-13,
		"phiu_11":-1.980625687985614e-12,
		"phiu_22":-1.980625687985614e-12,
		"phiu_33":-1.980625687985614e-12,
		"ld_1111":-9.90312843992807e-13,
		"ld_1122":-9.90312843992807e-13,
		"ld_1133":-9.90312843992807e-13,
		"ld_2211":-9.90312843992807e-13,
		"ld_2222":-9.90312843992807e-13,
		"ld_2233":-9.90312843992807e-13,
		"ld_3311":-9.90312843992807e-13,
		"ld_3322":-9.90312843992807e-13,
		"ld_3333":-9.90312843992807e-13,
		"le_1111":1.3274706067922788e-11,
		"le_1112":{
			"Re":4.46198079486734e-15,
			"Im":-6.555862446169378e-16
		},
		"le_1113":{
			"Re":2.5577083884702234e-15,
			"Im":-1.9467668517443486e-15
		},
		"le_1122":5.6256836849080016e-11,
		"le_1123":{
			"Re":2.8717371270541843e-11,
			"Im":-1.7268481003419785e-11
		},
		"le_1133":3.9593775098205245e-11,
		"le_2211":1.3274706067922788e-11,
		"le_2212":{
			"Re":4.46198079486734e-15,
			"Im":-6.555862446169378e-16
		},
		"le_2213":{
			"Re":2.5577083884702234e-15,
			"Im":-1.9467668517443486e-15
		},
		"le_2222":5.6256836849080016e-11,
		"le_2223":{
			"Re":2.8717371270541843e-11,
			"Im":-1.7268481003419785e-11
		},
		"le_2233":3.9593775098205245e-11,
		"le_3311":1.3274706067922788e-11,
		"le_3312":{
			"Re":4.46198079486734e-15,
			"Im":-6.555862446169378e-16
		},
		"le_3313":{
			"Re":2.5577083884702234e-15,
			"Im":-1.9467668517443486e-15
		},
		"le_3322":5.6256836849080016e-11,
		"le_3323":{
			"Re":2.8717371270541843e-11,
			"Im":-1.7268481003419785e-11
		},
		"le_3333":3.9593775098205245e-11,
		"ll_1111":-7.427346329946054e-13,
		"ll_1122":-1.4854692659892107e-12,
		"ll_1133":-1.4854692659892107e-12,
		"ll_2222":-7.427346329946054e-13,
		"ll_2233":-1.4854692659892107e-12,
		"ll_3333":-7.427346329946054e-13,
		"lq1_1111":4.951564219964035e-13,
		"lq1_1122":4.951564219964035e-13,
		"lq1_1133":4.951564219964035e-13,
		"lq1_2211":4.951564219964035e-13,
		"lq1_2222":4.951564219964035e-13,
		"lq1_2233":4.951564219964035e-13,