{
	"eft":"SMEFT",
	"basis":"Warsaw",
	"scale":1000,
	"values":{
		"dd_1111":-6.803051188334687e-14,
		"dd_1122":-1.3606102376669374e-13,
		"dd_1133":-1.3606102376669374e-13,
		"dd_2222":-6.803051188334687e-14,
		"dd_2233":-1.3606102376669374e-13,
		"dd_3333":-6.803051188334687e-14,
		"eB_11":1.1185949889708257e-16,
		"eB_12":{
			"Re":-4.881864389947543e-18,
			"Im":-9.571531442538183e-18
		},
		"eB_13":{
			"Re":-5.5922518024653684e-18,
			"Im":1.24968484454008e-17
		},
		"eB_21":{
			"Re":-1.0094281632913043e-15,
			"Im":1.979115483793704e-15
		},
		"eB_22":2.890777186309289e-14,
		"eB_23":{
			"Re":1.3905634594277636e-14,
			"Im":1.7269769449762386e-14
		},
		"eB_31":{
			"Re":-1.9446262221829305e-14,
			"Im":-4.345601743265365e-14
		},
		"eB_32":{
			"Re":2.338570819573138e-13,
			"Im":-2.9043319542273614e-13
		},
		"eB_33":3.0537632517182027e-13,
		"ed_1111":7.933510729007711e-12,
		"ed_1122":7.933510729007711e-12,
		"ed_1133":7.933510729007711e-12,
		"ed_1211":{
			"Re":-3.640859977516361e-13,
			"Im":-7.137567895509013e-13
		},
		"ed_1222":{
			"Re":-3.640859977516361e-13,
			"Im":-7.137567895509013e-13
		},
		"ed_1233":{
			"Re":-3.640859977516361e-13,
			"Im":-7.137567895509013e-13
		},
		"ed_1311":{
			"Re":-4.170674221105963e-13,
			"Im":9.319358014849206e-13
		},
		"ed_1322":{
			"Re":-4.170674221105963e-13,
			"Im":9.319358014849206e-13
		},
		"ed_1333":{
			"Re":-4.170674221105963e-13,
			"Im":9.319358014849206e-13
		},
		"ed_2211":1.0032648928955642e-11,
		"ed_2222":1.0032648928955642e-11,
		"ed_2233":1.0032648928955642e-11,
		"ed_2311":{
			"Re":5.02263323527496e-12,
			"Im":6.237728360998831e-12
		},
		"ed_2322":{
			"Re":5.02263323527496e-12,
			"Im":6.237728360998831e-12
		},
		"ed_2333":{
			"Re":5.02263323527496e-12,
			"Im":6.237728360998831e-12
		},
		"ed_3311":6.150022015546111e-12,
		"ed_3322":6.150022015546111e-12,
		"ed_3333":6.150022015546111e-12,
		"ee_1111":-5.596935208210589e-11,
		"ee_1112":{
			"Re":9.02980912246174e-12,
			"Im":7.524559842983344e-12
		},
		"ee_1113":{
			"Re":9.471785147143676e-12,
			"Im":-1.367250507256314e-11
		},
		"ee_1122":{
			"Re":-1.0100205698871317e-9,
			"Im":1.6760785759242094e-20
		},
		"ee_1123":{
			"Re":-5.057917896633899e-10,
			"Im":-6.253709891696628e-10
		},
		"ee_1133":{
			"Re":-6.210989842078742e-10,
			"Im":-2.2513638728890852e-20
		},
		"ee_1212":{
			"Re":-3.029786402137461e-11,
			"Im":4.297380756672601e-10
		},
		"ee_1213":{
			"Re":-5.621531089217449e-10,
			"Im":3.861349910897453e-10
		},
		"ee_1222":{
			"Re":-3.0974091095828726e-11,
			"Im":4.961103378023208e-11
		},
		"ee_1223":{
			"Re":-7.234585442885586e-12,
			"Im":-1.7604040380517947e-10
		},
		"ee_1232":{
			"Re":1.7883829583641436e-10,
			"Im":-1.6360908434922056e-11
		},
		"ee_1233":{
			"Re":1.213047595289033e-10,
			"Im":5.602300987792445e-11
		},
		"ee_1313":{
			"Re":-2.5555112002810195e-10,
			"Im":-7.311829205509805e-11
		},
		"ee_1323":{
			"Re":1.3184946675172187e-10,
			"Im":-6.698537329969409e-11
		},
		"ee_1333":{
			"Re":3.861671935953434e-11,
			"Im":-6.004633360614129e-12
		},
		"ee_2222":{
			"Re":-9.70486877982334e-11,
			"Im":2.4089982918086386e-19
		},
		"ee_2223":{
			"Re":-9.747986840708992e-11,
			"Im":-1.30429945233619e-10
		},
		"ee_2233":{
			"Re":-2.7566106569911987e-10,
			"Im":-9.811624480626364e-19
		},
		"ee_2323":{
			"Re":1.1453541569523004e-11,
			"Im":-5.4211730181648827e-11
		},
		"ee_2333":{
			"Re":-6.359314707500081e-11,
			"Im":-7.219719285177293e-11
		},
		"ee_3333":{
			"Re":-3.3633537972111636e-11,
			"Im":2.5098023057672117e-19
		},
		"ephi_11":5.541440535632863e-16,
		"ephi_12":{
			"Re":-2.4185932101181352e-17,
			"Im":-4.741570255363891e-17
		},
		"ephi_13":{
			"Re":-2.7708697747606766e-17,
			"Im":6.191628054160579e-17
		},
		"ephi_21":{
			"Re":-5.0009481682021825e-15,
			"Im":9.804189883164812e-15
		},
		"ephi_22":1.433597056080108e-13,
		"ephi_23":{
			"Re":6.897145854119985e-14,
			"Im":8.565734253924367e-14
		},
		"ephi_31":{
			"Re":-9.634163617045278e-14,
			"Im":-2.1527954097661195e-13
		},
		"ephi_32":{
			"Re":1.1597859452712608e-12,
			"Im":-1.4403665526713817e-12
		},
		"ephi_33":1.5145755136119677e-12,
		"eu_1111":-1.5867021458015423e-11,
		"eu_1122":-1.5867021458015423e-11,
		"eu_1133":-1.5867021458015423e-11,
		"eu_1211":{
			"Re":7.281719955032722e-13,
			"Im":1.4275135791018025e-12
		},
		"eu_1222":{
			"Re":7.281719955032722e-13,
			"Im":1.4275135791018025e-12
		},
		"eu_1233":{
			"Re":7.281719955032722e-13,
			"Im":1.4275135791018025e-12
		},
		"eu_1311":{
			"Re":8.341348442211926e-13,
			"Im":-1.8638716029698413e-12
		},
		"eu_1322":{
			"Re":8.341348442211926e-13,
			"Im":-1.8638716029698413e-12
		},
		"eu_1333":{
			"Re":8.341348442211926e-13,
			"Im":-1.8638716029698413e-12
		},
		"eu_2211":-2.0065297857911284e-11,
		"eu_2222":-2.0065297857911284e-11,
		"eu_2233":-2.0065297857911284e-11,
		"eu_2311":{
			"Re":-1.004526647054992e-11,
			"Im":-1.2475456721997663e-11
		},
		"eu_2322":{
			"Re":-1.004526647054992e-11,
			"Im":-1.2475456721997663e-11
		},
		"eu_2333":{
			"Re":-1.004526647054992e-11,
			"Im":-1.2475456721997663e-11
		},
		"eu_3311":-1.2300044031092222e-11,
		"eu_3322":-1.2300044031092222e-11,
		"eu_3333":-1.2300044031092222e-11,
		"phi":4.865590359412936e-12,
		"phiB":-5.66139261512896e-12,
		"phiBox":-1.062267362271349e-11,
		"phid_11":2.0409153565004057e-13,
		"phid_22":2.0409153565004057e-13,
		"phid_33":2.0409153565004057e-13,
		"phiD":-6.122746069501218e-13,
		"phie_11":-1.1900266093511581e-11,
		"phie_12":{
			"Re":5.461289966274546e-13,
			"Im":1.0706351843263528e-12
		},
		"phie_13":{
			"Re":6.25601133165895e-13,
			"Im":-1.3979037022273824e-12
		},
		"phie_22":-1.5048973393433473e-11,
		"phie_23":{
			"Re":-7.533949852912444e-12,
			"Im":-9.356592541498252e-12
		},
		"phie_33":-9.225033023319173e-12,
		"phil1_11":3.061373025488669e-13,
		"phil1_12":{
			"Re":0.0,
			"Im":1.638702919215896e-20
		},
		"phil1_13":{
			"Re":1.6101458925310055e-19,
			"Im":-3.5981479204984684e-19
		},
		"phil1_22":3.0608781165609287e-13,
		"phil1_23":{
			"Re":-4.0037718643395903e-16,
			"Im":-4.972388462950397e-16
		},
		"phil1_33":2.973447731488182e-13,
		"phil3_12":{
			"Re":0.0,
			"Im":1.638702919215896e-20
		},
		"phil3_13":{
			"Re":1.6101458925310055e-19,
			"Im":-3.5981479204984684e-19
		},
		"phil3_22":-4.949181896801626e-17,
		"phil3_23":{
			"Re":-4.0037718643395903e-16,
			"Im":-4.972388462950397e-16
		},
		"phil3_33":-8.792530326242657e-15,
		"phiq1_11":-1.0204576782502029e-13,
		"phiq1_22":-1.0204576782502029e-13,
		"phiq1_33":-1.0204576782502029e-13,
		"phiu_11":-4.0818307130008114e-13,
		"phiu_22":-4.0818307130008114e-13,
		"phiu_33":-4.0818307130008114e-13,
		"ld_1111":-2.0409153565004057e-13,
		"ld_1122":-2.0409153565004057e-13,
		"ld_1133":-2.0409153565004057e-13,
		"ld_2211":-2.0409153565004057e-13,
		"ld_2222":-2.0409153565004057e-13,
		"ld_2233":-2.0409153565004057e-13,
		"ld_3311":-2.0409153565004057e-13,
		"ld_3322":-2.0409153565004057e-13,
		"ld_3333":-2.0409153565004057e-13,
		"le_1111":1.1900266093511581e-11,
		"le_1112":{
			"Re":-5.461289966274546e-13,
			"Im":-1.0706351843263528e-12
		},
		"le_1113":{
			"Re":-6.25601133165895e-13,
			"Im":1.3979037022273824e-12
		},
		"le_1122":1.5048973393433473e-11,
		"le_1123":{
			"Re":7.533949852912444e-12,
			"Im":9.356592541498252e-12
		},
		"le_1133":9.225033023319173e-12,
		"le_2211":1.1900266093511581e-11,
		"le_2212":{
			"Re":-5.461289966274546e-13,
			"Im":-1.0706351843263528e-12
		},
		"le_2213":{
			"Re":-6.25601133165895e-13,
			"Im":1.3979037022273824e-12
		},
		"le_2222":1.5048973393433473e-11,
		"le_2223":{
			"Re":7.533949852912444e-12,
			"Im":9.356592541498252e-12
		},
		"le_2233":9.225033023319173e-12,
		"le_3311":1.1900266093511581e-11,
		"le_3312":{
			"Re":-5.461289966274546e-13,
			"Im":-1.0706351843263528e-12
		},
		"le_3313":{
			"Re":-6.25601133165895e-13,
			"Im":1.3979037022273824e-12
		},
		"le_3322":1.5048973393433473e-11,