{
	"eft":"SMEFT",
	"basis":"Warsaw",
	"scale":1000,
	"values":{
		"dd_1111":-1.276150583747032e-13,
		"dd_1122":-2.552301167494064e-13,
		"dd_1133":-2.552301167494064e-13,
		"dd_2222":-1.276150583747032e-13,
		"dd_2233":-2.552301167494064e-13,
		"dd_3333":-1.276150583747032e-13,
		"eB_11":9.26383616367181e-18,
		"eB_13":{
			"Re":1.3408210944169708e-17,
			"Im":-5.7134623613116695e-18
		},
		"eB_21":{
			"Re":2.0765218000663491e-19,
			"Im":1.8109717405410444e-19
		},
		"eB_22":3.4968556074013205e-14,
		"eB_23":{
			"Re":-4.600091674397831e-19,
			"Im":-1.8115208096828624e-19
		},
		"eB_31":{
			"Re":4.662515121922399e-14,
			"Im":1.9867754743024532e-14
		},
		"eB_32":{
			"Re":-7.736173480018697e-18,
			"Im":3.0465130345915227e-18
		},
		"eB_33":5.39600260015346e-13,
		"ed_1111":-1.2679148918211616e-13,
		"ed_1122":-1.2679148918211616e-13,
		"ed_1133":-1.2679148918211616e-13,
		"ed_1211":{
			"Re":6.85464039758197e-17,
			"Im":-6.020509377863599e-17
		},
		"ed_1222":{
			"Re":6.85464039758197e-17,
			"Im":-6.020509377863599e-17
		},
		"ed_1233":{
			"Re":6.85464039758197e-17,
			"Im":-6.020509377863599e-17
		},
		"ed_1311":{
			"Re":9.169846120178462e-13,
			"Im":-3.907491233051342e-13
		},
		"ed_1322":{
			"Re":9.169846120178462e-13,
			"Im":-3.907491233051342e-13
		},
		"ed_1333":{
			"Re":9.169846120178462e-13,
			"Im":-3.907491233051342e-13
		},
		"ed_2211":1.0797076221607006e-11,
		"ed_2222":1.0797076221607006e-11,
		"ed_2233":1.0797076221607006e-11,
		"ed_2311":{
			"Re":-1.5233307341431387e-16,
			"Im":-5.59387446773844e-17
		},
		"ed_2322":{
			"Re":-1.5233307341431387e-16,
			"Im":-5.59387446773844e-17
		},
		"ed_2333":{
			"Re":-1.5233307341431387e-16,
			"Im":-5.59387446773844e-17
		},
		"ed_3311":9.852190469615945e-12,
		"ed_3322":9.852190469615945e-12,
		"ed_3333":9.852190469615945e-12,
		"ee_1111":-1.0504681118433977e-13,
		"ee_1112":{
			"Re":-1.1804921466363413e-15,
			"Im":1.8252712538514666e-15
		},
		"ee_1113":{
			"Re":-2.869293304156039e-12,
			"Im":-1.2059751558120003e-12
		},
		"ee_1122":-1.7426086986446663e-11,
		"ee_1123":{
			"Re":-3.0307077021927386e-15,
			"Im":8.1772416200126e-15
		},
		"ee_1133":-1.3044744938846812e-11,
		"ee_1212":{
			"Re":-1.1679423992931949e-11,
			"Im":4.630767220700653e-12
		},
		"ee_1213":{
			"Re":-1.2700429598239236e-15,
			"Im":2.0958550877063284e-14
		},
		"ee_1222":{
			"Re":3.2148947441988467e-14,
			"Im":3.248766620695891e-14
		},
		"ee_1223":{
			"Re":-7.178967142904717e-11,
			"Im":3.059103952410813e-11
		},
		"ee_1232":{
			"Re":1.7221518779309254e-11,
			"Im":-5.058606603567152e-11
		},
		"ee_1233":{
			"Re":-6.734463293177317e-14,
			"Im":-5.59231922334584e-14
		},
		"ee_1313":{
			"Re":-1.2496819360461674e-11,
			"Im":-3.106269066914546e-12
		},
		"ee_1323":{
			"Re":3.1474875290392067e-15,
			"Im":4.279598816652477e-14
		},
		"ee_1333":{
			"Re":-1.966542331001588e-11,
			"Im":1.0870986812007221e-11
		},
		"ee_2222":-1.4965001325096897e-10,
		"ee_2223":{
			"Re":2.0449724855114029e-13,
			"Im":-4.1968964618864785e-13
		},
		"ee_2233":-7.986643619549127e-10,
		"ee_2323":{
			"Re":1.6654732985212684e-10,
			"Im":2.0417379846301105e-10
		},
		"ee_2333":{
			"Re":-1.7924632828973745e-13,
			"Im":3.8754635046030426e-13
		},
		"ee_3333":-1.2330712374064448e-10,
		"ephi_11":1.760838756261305e-17,
		"ephi_13":{
			"Re":2.5340209481449632e-17,
			"Im":-1.0798018576041316e-17
		},
		"ephi_21":{
			"Re":3.917672456164803e-19,
			"Im":3.434088478624848e-19
		},
		"ephi_22":6.605384786173385e-14,
		"ephi_23":{
			"Re":-8.701291278429e-19,
			"Im":-3.2604268345027045e-19
		},
		"ephi_31":{
			"Re":8.808958066321791e-14,
			"Im":3.753690089605018e-14
		},
		"ephi_32":{
			"Re":-1.4628807914675886e-17,
			"Im":5.4814169056089156e-18
		},
		"ephi_33":1.020169364287677e-12,
		"eu_1111":2.535829783642323e-13,
		"eu_1122":2.535829783642323e-13,
		"eu_1133":2.535829783642323e-13,
		"eu_1211":{
			"Re":-1.370928079516394e-16,
			"Im":1.2041018755727198e-16
		},
		"eu_1222":{
			"Re":-1.370928079516394e-16,
			"Im":1.2041018755727198e-16
		},
		"eu_1233":{
			"Re":-1.370928079516394e-16,
			"Im":1.2041018755727198e-16
		},
		"eu_1311":{
			"Re":-1.8339692240356925e-12,
			"Im":7.814982466102684e-13
		},
		"eu_1322":{
			"Re":-1.8339692240356925e-12,
			"Im":7.814982466102684e-13
		},
		"eu_1333":{
			"Re":-1.8339692240356925e-12,
			"Im":7.814982466102684e-13
		},
		"eu_2211":-2.1594152443214012e-11,
		"eu_2222":-2.1594152443214012e-11,
		"eu_2233":-2.1594152443214012e-11,
		"eu_2311":{
			"Re":3.0466614682862773e-16,
			"Im":1.118774893547688e-16
		},
		"eu_2322":{
			"Re":3.0466614682862773e-16,
			"Im":1.118774893547688e-16
		},
		"eu_2333":{
			"Re":3.0466614682862773e-16,
			"Im":1.118774893547688e-16
		},
		"eu_3311":-1.970438093923189e-11,
		"eu_3322":-1.970438093923189e-11,
		"eu_3333":-1.970438093923189e-11,
		"phi":6.114492503789624e-13,
		"phiB":-4.31317443183909e-12,
		"phiBox":-3.526645984974293e-12,
		"phid_11":3.8284517512410963e-13,
		"phid_22":3.8284517512410963e-13,
		"phid_33":3.8284517512410963e-13,
		"phiD":-1.148535525372329e-12,
		"phie_11":1.90187233773174e-13,
		"phie_12":{
			"Re":-1.0281960596372931e-16,
			"Im":9.030764066795428e-17
		},
		"phie_13":{
			"Re":-1.3754769180267684e-12,
			"Im":5.861236849577011e-13
		},
		"phie_22":-1.6195614332410492e-11,
		"phie_23":{
			"Re":2.2849961012147076e-16,
			"Im":8.390811701607186e-17
		},
		"phie_33":-1.477828570442391e-11,
		"phil1_11":5.742677626094601e-13,
		"phil1_13":{
			"Re":-3.860551445202532e-19,
			"Im":1.6450453731609235e-19
		},
		"phil1_22":5.74207894445368e-13,
		"phil1_23":1.3244787567563452e-20,
		"phil1_33":5.587313531509332e-13,
		"phil3_13":{
			"Re":-3.860551445202532e-19,
			"Im":1.6450453731609235e-19
		},
		"phil3_22":-5.98682407964327e-17,
		"phil3_23":1.3244787567563452e-20,
		"phil3_33":-1.5536409535231275e-14,
		"phiq1_11":-1.9142258756205481e-13,
		"phiq1_22":-1.9142258756205481e-13,
		"phiq1_33":-1.9142258756205481e-13,
		"phiu_11":-7.656903502482193e-13,
		"phiu_22":-7.656903502482193e-13,
		"phiu_33":-7.656903502482193e-13,
		"ld_1111":-3.8284517512410963e-13,
		"ld_1122":-3.8284517512410963e-13,
		"ld_1133":-3.8284517512410963e-13,
		"ld_2211":-3.8284517512410963e-13,
		"ld_2222":-3.8284517512410963e-13,
		"ld_2233":-3.8284517512410963e-13,
		"ld_3311":-3.8284517512410963e-13,
		"ld_3322":-3.8284517512410963e-13,
		"ld_3333":-3.8284517512410963e-13,
		"le_1111":-1.90187233773174e-13,
		"le_1112":{
			"Re":1.0281960596372931e-16,
			"Im":-9.030764066795428e-17
		},
		"le_1113":{
			"Re":1.3754769180267684e-12,
			"Im":-5.861236849577011e-13
		},
		"le_1122":1.6195614332410492e-11,
		"le_1123":{
			"Re":-2.2849961012147076e-16,
			"Im":-8.390811701607186e-17
		},
		"le_1133":1.477828570442391e-11,
		"le_2211":-1.90187233773174e-13,
		"le_2212":{
			"Re":1.0281960596372931e-16,
			"Im":-9.030764066795428e-17
		},
		"le_2213":{
			"Re":1.3754769180267684e-12,
			"Im":-5.861236849577011e-13
		},
		"le_2222":1.6195614332410492e-11,
		"le_2223":{
			"Re":-2.2849961012147076e-16,
			"Im":-8.390811701607186e-17
		},
		"le_2233":1.477828570442391e-11,
		"le_3311":-1.90187233773174e-13,
		"le_3312":{
			"Re":1.0281960596372931e-16,
			"Im":-9.030764066795428e-17
		},
		"le_3313":{
			"Re":1.3754769180267684e-12,
			"Im":-5.861236849577011e-13
		},
		"le_3322":1.6195614332410492e-11,
		"le_3323":{
			"Re":-2.2849961012147076e-16,
			"Im":-8.390811701607186e-17
		},
		"le_3333":1.477828570442391e-11,
		"ll_1111":-2.8713388134308223e-13,
		"ll_1122":-5.742677626861645e-13,
		"ll_1133":-5.742677626861645e-13,
		"ll_2222":-2.8713388134308223e-13,
		"ll_2233":-5.742677626861645e-13,
		"ll_3333":-2.8713388134308223e-13,
		"lq1_1111":1.9142258756205481e-13,
		"lq1_1122":1.9142258756205481e-13,
		"lq1_1133":1.9142258756205481e-13,
		"lq1_2211":1.9142258756205481e-13,
		"lq1_2222":1.9142258756205481e-13,
		"lq1_2233":1.9142258756205481e-13,
		"lq1_3311":1.9142258756205481e-13,
		"lq1_3322":1.9142258756205481e-13,