{
	"eft":"SMEFT",
	"basis":"Warsaw",
	"scale":1000,
	"values":{
		"dd_1111":-1.289002735824784e-13,
		"dd_1122":-2.578005471649568e-13,
		"dd_1133":-2.578005471649568e-13,
		"dd_2222":-1.289002735824784e-13,
		"dd_2233":-2.578005471649568e-13,
		"dd_3333":-1.289002735824784e-13,
		"eB_11":2.841505961935678e-16,
		"eB_12":{
			"Re":7.5194478526815505e-19,
			"Im":4.157512651888015e-19
		},
		"eB_13":{
			"Re":-1.5493210806774172e-19,
			"Im":-4.962567599252928e-19
		},
		"eB_21":{
			"Re":1.5548040315348985e-16,
			"Im":-8.596532031281562e-17
		},
		"eB_22":1.2182520773892311e-13,
		"eB_23":{
			"Re":1.422565645313672e-14,
			"Im":1.6956793143362584e-14
		},
		"eB_31":{
			"Re":-5.387544242442528e-16,
			"Im":1.7256624743914945e-15
		},
		"eB_32":{
			"Re":2.3923902821571253e-13,
			"Im":-2.851697372727166e-13
		},
		"eB_33":4.4071328427708015e-13,
		"ed_1111":1.632772593807112e-11,
		"ed_1122":1.632772593807112e-11,
		"ed_1133":1.632772593807112e-11,
		"ed_1211":{
			"Re":4.5424803922187906e-14,
			"Im":2.5121729621770096e-14
		},
		"ed_1222":{
			"Re":4.5424803922187906e-14,
			"Im":2.5121729621770096e-14
		},
		"ed_1233":{
			"Re":4.5424803922187906e-14,
			"Im":2.5121729621770096e-14
		},
		"ed_1311":{
			"Re":-9.324391574024453e-15,
			"Im":-2.98545191310784e-14
		},
		"ed_1322":{
			"Re":-9.324391574024453e-15,
			"Im":-2.98545191310784e-14
		},
		"ed_1333":{
			"Re":-9.324391574024453e-15,
			"Im":-2.98545191310784e-14
		},
		"ed_2211":3.476959854283489e-11,
		"ed_2222":3.476959854283489e-11,
		"ed_2233":3.476959854283489e-11,
		"ed_2311":{
			"Re":4.153971593519811e-12,
			"Im":4.9504218730956865e-12
		},
		"ed_2322":{
			"Re":4.153971593519811e-12,
			"Im":4.9504218730956865e-12
		},
		"ed_2333":{
			"Re":4.153971593519811e-12,
			"Im":4.9504218730956865e-12
		},
		"ed_3311":6.850334187816138e-12,
		"ed_3322":6.850334187816138e-12,
		"ed_3333":6.850334187816138e-12,
		"ee_1111":-7.537356331231946e-10,
		"ee_1112":{
			"Re":-6.102726146475899e-12,
			"Im":-7.204873807882517e-12
		},
		"ee_1113":{
			"Re":1.5145875852242405e-12,
			"Im":-3.1645961797600384e-13
		},
		"ee_1122":-4.748130882031392e-9,
		"ee_1123":{
			"Re":-5.602321416638726e-10,
			"Im":-6.678062990117512e-10
		},
		"ee_1133":-9.821500855780113e-10,
		"ee_1212":{
			"Re":5.430326457081248e-10,
			"Im":-5.737678363605685e-10
		},
		"ee_1213":{
			"Re":2.9663351042492223e-10,
			"Im":4.407656940657201e-11
		},
		"ee_1222":{
			"Re":-7.024336120747395e-12,
			"Im":-1.6527670444031154e-12
		},
		"ee_1223":{
			"Re":1.7003504862910485e-12,
			"Im":8.826572059781948e-12
		},
		"ee_1232":{
			"Re":4.459057443016483e-12,
			"Im":6.84132451720485e-12
		},
		"ee_1233":{
			"Re":-1.4598285006358064e-12,
			"Im":2.6071640525755976e-12
		},
		"ee_1313":{
			"Re":1.532094973843236e-10,
			"Im":4.667195661302202e-11
		},
		"ee_1323":{
			"Re":-1.3426645260387268e-12,
			"Im":2.923205526823557e-12
		},
		"ee_1333":{
			"Re":1.118460994247758e-13,
			"Im":3.547821643855934e-12
		},
		"ee_2222":-3.330068191646232e-9,
		"ee_2223":{
			"Re":-8.164775657197198e-10,
			"Im":-8.878084429934386e-10
		},
		"ee_2233":-2.157693590303598e-9,
		"ee_2323":{
			"Re":1.784901923590175e-10,
			"Im":1.3426309563983485e-10
		},
		"ee_2333":{
			"Re":-1.1725450958722707e-10,
			"Im":-2.708200376828968e-10
		},
		"ee_3333":-1.4544260090635252e-10,
		"ephi_11":-9.261390507678741e-17,
		"ephi_12":{
			"Re":-2.457193760595117e-19,
			"Im":-1.3588214695944675e-19
		},
		"ephi_13":{
			"Re":5.040658053588762e-20,
			"Im":1.6141009988491338e-19
		},
		"ephi_21":{
			"Re":-5.0807973328842565e-17,
			"Im":2.809667109561285e-17
		},
		"ephi_22":-3.9771771215991233e-14,
		"ephi_23":{
			"Re":-4.6386312980464135e-15,
			"Im":-5.528368198787063e-15
		},
		"ephi_31":{
			"Re":1.7559836940102157e-16,
			"Im":-5.622949295090903e-16
		},
		"ephi_32":{
			"Re":-7.81499809793508e-14,
			"Im":9.313997093329138e-14
		},
		"ephi_33":-1.4333457115873201e-13,
		"eu_1111":-3.265545187614224e-11,
		"eu_1122":-3.265545187614224e-11,
		"eu_1133":-3.265545187614224e-11,
		"eu_1211":{
			"Re":-9.084960784437581e-14,
			"Im":-5.024345924354019e-14
		},
		"eu_1222":{
			"Re":-9.084960784437581e-14,
			"Im":-5.024345924354019e-14
		},
		"eu_1233":{
			"Re":-9.084960784437581e-14,
			"Im":-5.024345924354019e-14
		},
		"eu_1311":{
			"Re":1.8648783148048905e-14,
			"Im":5.97090382621568e-14
		},
		"eu_1322":{
			"Re":1.8648783148048905e-14,
			"Im":5.97090382621568e-14
		},
		"eu_1333":{
			"Re":1.8648783148048905e-14,
			"Im":5.97090382621568e-14
		},
		"eu_2211":-6.953919708566979e-11,
		"eu_2222":-6.953919708566979e-11,
		"eu_2233":-6.953919708566979e-11,
		"eu_2311":{
			"Re":-8.307943187039623e-12,
			"Im":-9.900843746191373e-12
		},
		"eu_2322":{
			"Re":-8.307943187039623e-12,
			"Im":-9.900843746191373e-12
		},
		"eu_2333":{
			"Re":-8.307943187039623e-12,
			"Im":-9.900843746191373e-12
		},
		"eu_3311":-1.3700668375632275e-11,
		"eu_3322":-1.3700668375632275e-11,
		"eu_3333":-1.3700668375632275e-11,
		"phi":-4.1552351738555404e-15,
		"phiB":8.224509938475128e-13,
		"phiBox":-4.0664042490652517e-13,
		"phid_11":3.867008207474351e-13,
		"phid_22":3.867008207474351e-13,
		"phid_33":3.867008207474351e-13,
		"phiD":-1.1601024622423055e-12,
		"phie_11":-2.4491588907106687e-11,
		"phie_12":{
			"Re":-6.813720588328187e-14,
			"Im":-3.768259443265515e-14
		},
		"phie_13":{
			"Re":1.398658736103669e-14,
			"Im":4.4781778696617634e-14
		},
		"phie_22":-5.215439781425235e-11,
		"phie_23":{
			"Re":-6.230957390279719e-12,
			"Im":-7.425632809643531e-12
		},
		"phie_33":-1.0275501281724207e-11,
		"phil1_11":5.800512287683925e-13,
		"phil1_13":{
			"Re":0.0,
			"Im":1.4288444295054726e-20
		},
		"phil1_22":5.798426591441871e-13,
		"phil1_23":{
			"Re":-4.0959139744882843e-16,
			"Im":-4.882274939452205e-16
		},
		"phil1_33":5.67362019162747e-13,
		"phil3_13":{
			"Re":0.0,
			"Im":1.4288444295054726e-20
		},
		"phil3_22":-2.0857197696559665e-16,
		"phil3_23":{
			"Re":-4.0959139744882843e-16,
			"Im":-4.882274939452205e-16
		},
		"phil3_33":-1.2689211958405626e-14,
		"phiq1_11":-1.9335041037371756e-13,
		"phiq1_22":-1.9335041037371756e-13,
		"phiq1_33":-1.9335041037371756e-13,
		"phiu_11":-7.734016414948702e-13,
		"phiu_22":-7.734016414948702e-13,
		"phiu_33":-7.734016414948702e-13,
		"ld_1111":-3.867008207474351e-13,
		"ld_1122":-3.867008207474351e-13,
		"ld_1133":-3.867008207474351e-13,
		"ld_2211":-3.867008207474351e-13,
		"ld_2222":-3.867008207474351e-13,
		"ld_2233":-3.867008207474351e-13,
		"ld_3311":-3.867008207474351e-13,
		"ld_3322":-3.867008207474351e-13,
		"ld_3333":-3.867008207474351e-13,
		"le_1111":2.4491588907106687e-11,
		"le_1112":{
			"Re":6.813720588328187e-14,
			"Im":3.768259443265515e-14
		},
		"le_1113":{
			"Re":-1.398658736103669e-14,
			"Im":-4.4781778696617634e-14
		},
		"le_1122":5.215439781425235e-11,
		"le_1123":{
			"Re":6.230957390279719e-12,
			"Im":7.425632809643531e-12
		},
		"le_1133":1.0275501281724207e-11,
		"le_2211":2.4491588907106687e-11,
		"le_2212":{
			"Re":6.813720588328187e-14,
			"Im":3.768259443265515e-14
		},
		"le_2213":{
			"Re":-1.398658736103669e-14,
			"Im":-4.4781778696617634e-14
		},
		"le_2222":5.215439781425235e-11,
		"le_2223":{
			"Re":6.230957390279719e-12,
			"Im":7.425632809643531e-12
		},
		"le_2233":1.0275501281724207e-11,
		"le_3311":2.4491588907106687e-11,
		"le_3312":{
			"Re":6.813720588328187e-14,
			"Im":3.768259443265515e-14
		},
		"le_3313":{
			"Re":-1.398658736103669e-14,
			"Im":-4.4781778696617634e-14
		},
		"le_3322":5.215439781425235e-11,
		"le_3323":{
			"Re":6.230957390279719e-12,
			"Im":7.425632809643531e-12
		},
		"le_3333":1.0275501281724207e-11,
		"ll_1111":-2.9002561556057636e-13,
		"ll_1122":-5.800512311211527e-13,
		"ll_1133":-5.800512311211527e-13,
		"ll_2222":-2.9002561556057636e-13,
		"ll_2233":-5.800512311211527e-13,
		"ll_3333":-2.9002561556057636e-13,
		"lq1_1111":1.9335041037371756e-13,
		"lq1_1122":1.9335041037371756e-13,