{
	"eft":"SMEFT",
	"basis":"Warsaw",
	"scale":1000,
	"values":{
		"dd_1111":-1.4022264046434578e-13,
		"dd_1122":-2.8044528092869156e-13,
		"dd_1133":-2.8044528092869156e-13,
		"dd_2222":-1.4022264046434578e-13,
		"dd_2233":-2.8044528092869156e-13,
		"dd_3333":-1.4022264046434578e-13,
		"eB_11":1.730822001322799e-16,
		"eB_12":{
			"Re":4.0294001028219126e-20,
			"Im":-5.544995949823948e-19
		},
		"eB_13":{
			"Re":1.198470001708313e-18,
			"Im":4.776819930669171e-19
		},
		"eB_21":{
			"Re":8.3316323848173e-18,
			"Im":1.1465445637150675e-16
		},
		"eB_22":5.79913927839428e-14,
		"eB_23":{
			"Re":-4.955634047527748e-18,
			"Im":-9.104621601166063e-18
		},
		"eB_31":{
			"Re":4.167509393611648e-15,
			"Im":-1.6610713580046909e-15
		},
		"eB_32":{
			"Re":-8.334104493730301e-17,
			"Im":1.5311636628581673e-16
		},
		"eB_33":1.7512681794979875e-14,
		"ed_1111":1.2785558673356799e-11,
		"ed_1122":1.2785558673356799e-11,
		"ed_1133":1.2785558673356799e-11,
		"ed_1211":{
			"Re":3.181430297616211e-15,
			"Im":-4.394046807264882e-14
		},
		"ed_1222":{
			"Re":3.181430297616211e-15,
			"Im":-4.394046807264882e-14
		},
		"ed_1233":{
			"Re":3.181430297616211e-15,
			"Im":-4.394046807264882e-14
		},
		"ed_1311":{
			"Re":9.436354920431254e-14,
			"Im":3.760199150230496e-14
		},
		"ed_1322":{
			"Re":9.436354920431254e-14,
			"Im":3.760199150230496e-14
		},
		"ed_1333":{
			"Re":9.436354920431254e-14,
			"Im":3.760199150230496e-14
		},
		"ed_2211":2.1292207251904168e-11,
		"ed_2222":2.1292207251904168e-11,
		"ed_2233":2.1292207251904168e-11,
		"ed_2311":{
			"Re":3.1051184111951043e-16,
			"Im":-4.143999824101633e-15
		},
		"ed_2322":{
			"Re":3.1051184111951043e-16,
			"Im":-4.143999824101633e-15
		},
		"ed_2333":{
			"Re":3.1051184111951043e-16,
			"Im":-4.143999824101633e-15
		},
		"ed_3311":-4.463316974172794e-13,
		"ed_3322":-4.463316974172794e-13,
		"ed_3333":-4.463316974172794e-13,
		"ee_1111":9.740850214746149e-12,
		"ee_1112":{
			"Re":7.142299943147256e-12,
			"Im":1.210694217302344e-11
		},
		"ee_1113":{
			"Re":2.15586611449442e-13,
			"Im":-9.168763311673017e-14
		},
		"ee_1122":{
			"Re":-1.6350003349310853e-9,
			"Im":-1.612310327492468e-20
		},
		"ee_1123":{
			"Re":1.8705224591335476e-13,
			"Im":1.8673314874099095e-13
		},
		"ee_1133":8.498282873090468e-12,
		"ee_1212":{
			"Re":3.607426654929442e-10,
			"Im":-7.133089244725568e-10
		},
		"ee_1213":{
			"Re":8.950627297861097e-12,
			"Im":-5.2766750945461185e-11
		},
		"ee_1222":{
			"Re":-7.52045149143774e-12,
			"Im":-1.1200621821774057e-11
		},
		"ee_1223":{
			"Re":-1.2550801687571898e-11,
			"Im":-5.614471097856586e-12
		},
		"ee_1232":{
			"Re":1.360803000957331e-12,
			"Im":-1.2329756518907949e-11
		},
		"ee_1233":{
			"Re":-1.53664538670268e-13,
			"Im":-8.497767317097335e-13
		},
		"ee_1313":{
			"Re":1.7154548760964224e-12,
			"Im":1.4033401650963418e-11
		},
		"ee_1323":{
			"Re":2.6868009459357304e-13,
			"Im":1.770649114936108e-13
		},
		"ee_1333":{
			"Re":1.6940437911016443e-13,
			"Im":2.2177042519186512e-13
		},
		"ee_2222":-8.45718799475089e-11,
		"ee_2223":{
			"Re":8.082818488202268e-11,
			"Im":-2.450304201958456e-11
		},
		"ee_2233":2.0236429350700077e-11,
		"ee_2323":{
			"Re":-1.8569252294148474e-11,
			"Im":1.246527642139959e-11
		},
		"ee_2333":{
			"Re":-1.4335302998406617e-12,
			"Im":4.2664469919737467e-13
		},
		"ee_3333":-1.3207330750208215e-13,
		"ephi_11":1.1798298372143577e-15,
		"ephi_12":{
			"Re":2.7525216667592574e-19,
			"Im":-3.798152256018161e-18
		},
		"ephi_13":{
			"Re":8.1706366596965e-18,
			"Im":3.2560360948147333e-18
		},
		"ephi_21":{
			"Re":5.691415867720007e-17,
			"Im":7.853476431022462e-16
		},
		"ephi_22":3.9600527681111437e-13,
		"ephi_23":{
			"Re":-4.4451193260314084e-18,
			"Im":-7.111049025181436e-17
		},
		"ephi_31":{
			"Re":2.8409780412891335e-14,
			"Im":-1.1321427311386077e-14
		},
		"ephi_32":{
			"Re":-7.470668958349336e-17,
			"Im":1.1958062535649978e-15
		},
		"ephi_33":1.1905021094490462e-13,
		"eu_1111":-2.5571117346713598e-11,
		"eu_1122":-2.5571117346713598e-11,
		"eu_1133":-2.5571117346713598e-11,
		"eu_1211":{
			"Re":-6.362860595232422e-15,
			"Im":8.788093614529764e-14
		},
		"eu_1222":{
			"Re":-6.362860595232422e-15,
			"Im":8.788093614529764e-14
		},
		"eu_1233":{
			"Re":-6.362860595232422e-15,
			"Im":8.788093614529764e-14
		},
		"eu_1311":{
			"Re":-1.8872709840862508e-13,
			"Im":-7.520398300460992e-14
		},
		"eu_1322":{
			"Re":-1.8872709840862508e-13,
			"Im":-7.520398300460992e-14
		},
		"eu_1333":{
			"Re":-1.8872709840862508e-13,
			"Im":-7.520398300460992e-14
		},
		"eu_2211":-4.2584414503808335e-11,
		"eu_2222":-4.2584414503808335e-11,
		"eu_2233":-4.2584414503808335e-11,
		"eu_2311":{
			"Re":-6.210236822390209e-16,
			"Im":8.287999648203266e-15
		},
		"eu_2322":{
			"Re":-6.210236822390209e-16,
			"Im":8.287999648203266e-15
		},
		"eu_2333":{
			"Re":-6.210236822390209e-16,
			"Im":8.287999648203266e-15
		},
		"eu_3311":8.926633948345588e-13,
		"eu_3322":8.926633948345588e-13,
		"eu_3333":8.926633948345588e-13,
		"phi":2.3160609858426543e-11,
		"phiB":-1.542426074596392e-11,
		"phiBox":-3.801868793815076e-11,
		"phid_11":4.2066792139303726e-13,
		"phid_22":4.2066792139303726e-13,
		"phid_33":4.2066792139303726e-13,
		"phiD":-1.2620037641791118e-12,
		"phie_11":-1.917833801003519e-11,
		"phie_12":{
			"Re":-4.772145446424324e-15,
			"Im":6.591070210897335e-14
		},
		"phie_13":{
			"Re":-1.4154532380646871e-13,
			"Im":-5.6402987253457415e-14
		},
		"phie_22":-3.193831087785626e-11,
		"phie_23":{
			"Re":-4.657677616792909e-16,
			"Im":6.215999736152468e-15
		},
		"phie_33":6.69497546125919e-13,
		"phil1_11":6.310018806564394e-13,
		"phil1_13":{
			"Re":-3.4506878780414494e-20,
			"Im":-1.3753631385726302e-20
		},
		"phil1_22":6.309025973876094e-13,
		"phil1_23":{
			"Re":1.4268480906024966e-19,
			"Im":2.621442952140126e-19
		},
		"phil1_33":6.304976492034946e-13,
		"phil3_13":{
			"Re":-3.4506878780414494e-20,
			"Im":-1.3753631385726302e-20
		},
		"phil3_22":-9.928470194654917e-17,
		"phil3_23":{
			"Re":1.4268480906024966e-19,
			"Im":2.621442952140126e-19
		},
		"phil3_33":-5.042328860613573e-16,
		"phiq1_11":-2.1033396069651863e-13,
		"phiq1_22":-2.1033396069651863e-13,
		"phiq1_33":-2.1033396069651863e-13,
		"phiu_11":-8.413358427860745e-13,
		"phiu_22":-8.413358427860745e-13,
		"phiu_33":-8.413358427860745e-13,
		"ld_1111":-4.2066792139303726e-13,
		"ld_1122":-4.2066792139303726e-13,
		"ld_1133":-4.2066792139303726e-13,
		"ld_2211":-4.2066792139303726e-13,
		"ld_2222":-4.2066792139303726e-13,
		"ld_2233":-4.2066792139303726e-13,
		"ld_3311":-4.2066792139303726e-13,
		"ld_3322":-4.2066792139303726e-13,
		"ld_3333":-4.2066792139303726e-13,
		"le_1111":1.917833801003519e-11,
		"le_1112":{
			"Re":4.772145446424324e-15,
			"Im":-6.591070210897335e-14
		},
		"le_1113":{
			"Re":1.4154532380646871e-13,
			"Im":5.6402987253457415e-14
		},
		"le_1122":3.193831087785626e-11,
		"le_1123":{
			"Re":4.657677616792909e-16,
			"Im":-6.215999736152468e-15
		},
		"le_1133":-6.69497546125919e-13,
		"le_2211":1.917833801003519e-11,
		"le_2212":{
			"Re":4.772145446424324e-15,
			"Im":-6.591070210897335e-14
		},
		"le_2213":{
			"Re":1.4154532380646871e-13,
			"Im":5.6402987253457415e-14
		},
		"le_2222":3.193831087785626e-11,
		"le_2223":{
			"Re":4.657677616792909e-16,
			"Im":-6.215999736152468e-15
		},
		"le_2233":-6.69497546125919e-13,
		"le_3311":1.917833801003519e-11,
		"le_3312":{
			"Re":4.772145446424324e-15,
			"Im":-6.591070210897335e-14
		},
		"le_3313":{
			"Re":1.4154532380646871e-13,
			"Im":5.6402987253457415e-14
		},
		"le_3322":3.193831087785626e-11,
		"le_3323":{
			"Re":4.657677616792909e-16,
			"Im":-6.215999736152468e-15
		},
		"le_3333":-6.69497546125919e-13,
		"ll_1111":-3.1550094104477796e-13,
		"ll_1122":-6.310018820895559e-13,
		"ll_1133":-6.310018820895559e-13,
		"ll_2222":-3.1550094104477796e-13,
		"ll_2233":-6.310018820895559e-13,
		"ll_3333":-3.1550094104477796e-13,