{
	"eft":"SMEFT",
	"basis":"Warsaw",
	"scale":1000,
	"values":{
		"dd_1111":-4.854824529676925e-14,
		"dd_1122":-9.70964905935385e-14,
		"dd_1133":-9.70964905935385e-14,
		"dd_2222":-4.854824529676925e-14,
		"dd_2233":-9.70964905935385e-14,
		"dd_3333":-4.854824529676925e-14,
		"eB_11":6.49152566072288e-17,
		"eB_13":{
			"Re":-5.493053569027156e-20,
			"Im":1.0932938758821085e-20
		},
		"eB_21":{
			"Re":-4.485364260734597e-19,
			"Im":-1.2872191996385811e-19
		},
		"eB_22":3.622478755278108e-14,
		"eB_23":{
			"Re":-1.4294482666422497e-18,
			"Im":-9.103041439983082e-18
		},
		"eB_31":{
			"Re":-1.9101314439161425e-16,
			"Im":-3.8017743382997735e-17
		},
		"eB_32":{
			"Re":-2.403965084651989e-17,
			"Im":1.5308979203058351e-16
		},
		"eB_33":4.804922372972505e-14,
		"ed_1111":4.3551937387370404e-12,
		"ed_1122":4.3551937387370404e-12,
		"ed_1133":4.3551937387370404e-12,
		"ed_1211":{
			"Re":-9.750604446383748e-17,
			"Im":1.7463419311829564e-17
		},
		"ed_1222":{
			"Re":-9.750604446383748e-17,
			"Im":1.7463419311829564e-17
		},
		"ed_1233":{
			"Re":-9.750604446383748e-17,
			"Im":1.7463419311829564e-17
		},
		"ed_1311":{
			"Re":-3.9185312597106316e-15,
			"Im":7.835969282491446e-16
		},
		"ed_1322":{
			"Re":-3.9185312597106316e-15,
			"Im":7.835969282491446e-16
		},
		"ed_1333":{
			"Re":-3.9185312597106316e-15,
			"Im":7.835969282491446e-16
		},
		"ed_2211":1.222690123662569e-11,
		"ed_2222":1.222690123662569e-11,
		"ed_2233":1.222690123662569e-11,
		"ed_2311":{
			"Re":-1.0288057911516093e-15,
			"Im":-2.3465771868709896e-15
		},
		"ed_2322":{
			"Re":-1.0288057911516093e-15,
			"Im":-2.3465771868709896e-15
		},
		"ed_2333":{
			"Re":-1.0288057911516093e-15,
			"Im":-2.3465771868709896e-15
		},
		"ed_3311":6.985170075682586e-13,
		"ed_3322":6.985170075682586e-13,
		"ed_3333":6.985170075682586e-13,
		"ee_1111":-4.0974861377906235e-11,
		"ee_1112":{
			"Re":4.191595335058073e-12,
			"Im":2.517334912085056e-13
		},
		"ee_1113":{
			"Re":-1.5303729640208206e-12,
			"Im":-9.927028641446572e-13
		},
		"ee_1122":-9.835093228408095e-10,
		"ee_1123":{
			"Re":6.5589656195988226e-15,
			"Im":1.8808933555333724e-13
		},
		"ee_1133":-6.563130190113902e-11,
		"ee_1212":{
			"Re":-3.516908021758902e-10,
			"Im":8.022772135749089e-11
		},
		"ee_1213":{
			"Re":-1.580217706745969e-11,
			"Im":4.154937786407583e-11
		},
		"ee_1222":{
			"Re":-1.0534125214643034e-11,
			"Im":3.0871708928772093e-12
		},
		"ee_1223":{
			"Re":4.573088127869346e-13,
			"Im":1.1224245681345566e-12
		},
		"ee_1232":{
			"Re":4.174916424739836e-12,
			"Im":-3.458871095819328e-12
		},
		"ee_1233":{
			"Re":-6.766314587251451e-14,
			"Im":-6.647390617974909e-13
		},
		"ee_1313":{
			"Re":-1.6494516751955068e-11,
			"Im":-2.3372579610026875e-11
		},
		"ee_1323":{
			"Re":-5.455762457493115e-13,
			"Im":-6.813650827205095e-13
		},
		"ee_1333":{
			"Re":4.3686677125555117e-13,
			"Im":1.9041620968424508e-13
		},
		"ee_2222":-4.095802732187921e-10,
		"ee_2223":{
			"Re":6.491602435458427e-11,
			"Im":-9.658092110711823e-11
		},
		"ee_2233":-1.662142804425458e-10,
		"ee_2323":{
			"Re":2.8584874838382185e-11,
			"Im":6.948711074865284e-11
		},
		"ee_2333":{
			"Re":-5.1618641240877215e-12,
			"Im":7.719179605309257e-12
		},
		"ee_3333":-2.078926597373975e-13,
		"ephi_11":6.261921748010832e-17,
		"ephi_13":{
			"Re":-5.288988290322178e-20,
			"Im":1.0562887385417639e-20
		},
		"ephi_21":{
			"Re":-3.156044523675469e-19,
			"Im":-6.925409438085767e-20
		},
		"ephi_22":3.4899621746654626e-14,
		"ephi_23":{
			"Re":-2.4619235815825593e-18,
			"Im":-7.155733090786412e-18
		},
		"ephi_31":{
			"Re":-1.8380480144291652e-16,
			"Im":-3.670859841407707e-17
		},
		"ephi_32":{
			"Re":-4.138915691522558e-17,
			"Im":1.2025140785464447e-16
		},
		"ephi_33":4.6404042611711316e-14,
		"eu_1111":-8.710387477474081e-12,
		"eu_1122":-8.710387477474081e-12,
		"eu_1133":-8.710387477474081e-12,
		"eu_1211":{
			"Re":1.9501208892767495e-16,
			"Im":-3.492683862365913e-17
		},
		"eu_1222":{
			"Re":1.9501208892767495e-16,
			"Im":-3.492683862365913e-17
		},
		"eu_1233":{
			"Re":1.9501208892767495e-16,
			"Im":-3.492683862365913e-17
		},
		"eu_1311":{
			"Re":7.837062519421263e-15,
			"Im":-1.5671938564982893e-15
		},
		"eu_1322":{
			"Re":7.837062519421263e-15,
			"Im":-1.5671938564982893e-15
		},
		"eu_1333":{
			"Re":7.837062519421263e-15,
			"Im":-1.5671938564982893e-15
		},
		"eu_2211":-2.445380247325138e-11,
		"eu_2222":-2.445380247325138e-11,
		"eu_2233":-2.445380247325138e-11,
		"eu_2311":{
			"Re":2.0576115823032187e-15,
			"Im":4.693154373741979e-15
		},
		"eu_2322":{
			"Re":2.0576115823032187e-15,
			"Im":4.693154373741979e-15
		},
		"eu_2333":{
			"Re":2.0576115823032187e-15,
			"Im":4.693154373741979e-15
		},
		"eu_3311":-1.3970340151365173e-12,
		"eu_3322":-1.3970340151365173e-12,
		"eu_3333":-1.3970340151365173e-12,
		"phi":2.8047884975718334e-14,
		"phiB":-8.106337198974433e-13,
		"phiBox":-4.1002347236711873e-13,
		"phid_11":1.4564473589030775e-13,
		"phid_22":1.4564473589030775e-13,
		"phid_33":1.4564473589030775e-13,
		"phiD":-4.369342076709232e-13,
		"phie_11":-6.532790608105557e-12,
		"phie_12":{
			"Re":1.462590666958004e-16,
			"Im":-2.619512896775618e-17
		},
		"phie_13":{
			"Re":5.877796889565935e-15,
			"Im":-1.1753953923737203e-15
		},
		"phie_22":-1.8340351854938542e-11,
		"phie_23":{
			"Re":1.5432086867273635e-15,
			"Im":3.5198657803066864e-15
		},
		"phie_33":-1.047775511352388e-12,
		"phil1_11":2.1846710329796483e-13,
		"phil1_22":2.184050848519091e-13,
		"phil1_23":{
			"Re":4.115730722468718e-20,
			"Im":2.6209879851383457e-19
		},
		"phil1_33":2.1708364931730824e-13,
		"phil3_22":-6.201898355251765e-17,
		"phil3_23":{
			"Re":4.115730722468718e-20,
			"Im":2.6209879851383457e-19
		},
		"phil3_33":-1.3834545181533673e-15,
		"phiq1_11":-7.282236794515387e-14,
		"phiq1_22":-7.282236794515387e-14,
		"phiq1_33":-7.282236794515387e-14,
		"phiu_11":-2.912894717806155e-13,
		"phiu_22":-2.912894717806155e-13,
		"phiu_33":-2.912894717806155e-13,
		"ld_1111":-1.4564473589030775e-13,
		"ld_1122":-1.4564473589030775e-13,
		"ld_1133":-1.4564473589030775e-13,
		"ld_2211":-1.4564473589030775e-13,
		"ld_2222":-1.4564473589030775e-13,
		"ld_2233":-1.4564473589030775e-13,
		"ld_3311":-1.4564473589030775e-13,
		"ld_3322":-1.4564473589030775e-13,
		"ld_3333":-1.4564473589030775e-13,
		"le_1111":6.532790608105557e-12,
		"le_1112":{
			"Re":-1.462590666958004e-16,
			"Im":2.619512896775618e-17
		},
		"le_1113":{
			"Re":-5.877796889565935e-15,
			"Im":1.1753953923737203e-15
		},
		"le_1122":1.8340351854938542e-11,
		"le_1123":{
			"Re":-1.5432086867273635e-15,
			"Im":-3.5198657803066864e-15
		},
		"le_1133":1.047775511352388e-12,
		"le_2211":6.532790608105557e-12,
		"le_2212":{
			"Re":-1.462590666958004e-16,
			"Im":2.619512896775618e-17
		},
		"le_2213":{
			"Re":-5.877796889565935e-15,
			"Im":1.1753953923737203e-15
		},
		"le_2222":1.8340351854938542e-11,
		"le_2223":{
			"Re":-1.5432086867273635e-15,
			"Im":-3.5198657803066864e-15
		},
		"le_2233":1.047775511352388e-12,
		"le_3311":6.532790608105557e-12,
		"le_3312":{
			"Re":-1.462590666958004e-16,
			"Im":2.619512896775618e-17
		},
		"le_3313":{
			"Re":-5.877796889565935e-15,
			"Im":1.1753953923737203e-15
		},
		"le_3322":1.8340351854938542e-11,
		"le_3323":{
			"Re":-1.5432086867273635e-15,
			"Im":-3.5198657803066864e-15
		},
		"le_3333":1.047775511352388e-12,
		"ll_1111":-1.092335519177308e-13,
		"ll_1122":-2.184671038354616e-13,
		"ll_1133":-2.184671038354616e-13,
		"ll_2222":-1.092335519177308e-13,
		"ll_2233":-2.184671038354616e-13,
		"ll_3333":-1.092335519177308e-13,
		"lq1_1111":7.282236794515387e-14,
		"lq1_1122":7.282236794515387e-14,
		"lq1_1133":7.282236794515387e-14,
		"lq1_2211":7.282236794515387e-14,
		"lq1_2222":7.282236794515387e-14,
		"lq1_2233":7.282236794515387e-14,
		"lq1_3311":7.282236794515387e-14,
		"lq1_3322":7.282236794515387e-14,
		"lq1_3333":7.282236794515387e-14,
		"lu_1111":2.912894717806155e-13,