{
	"eft":"SMEFT",
	"basis":"Warsaw",
	"scale":1000,
	"values":{
		"dd_1111":-1.462727865363126e-13,
		"dd_1122":-2.925455730726252e-13,
		"dd_1133":-2.925455730726252e-13,
		"dd_2222":-1.462727865363126e-13,
		"dd_2233":-2.925455730726252e-13,
		"dd_3333":-1.462727865363126e-13,
		"eB_11":3.135092616841931e-16,
		"eB_12":{
			"Re":1.798377497487079e-19,
			"Im":-1.8376504252442894e-19
		},
		"eB_13":{
			"Re":9.477967152969516e-19,
			"Im":-6.178996361721571e-19
		},
		"eB_21":{
			"Re":3.718523804001653e-17,
			"Im":3.7997288440569725e-17
		},
		"eB_22":1.7456098883003046e-14,
		"eB_23":{
			"Re":-4.3331920953811214e-17,
			"Im":3.562175143459879e-17
		},
		"eB_31":{
			"Re":3.2958286053084375e-15,
			"Im":2.1486583180105484e-15
		},
		"eB_32":{
			"Re":-7.28731689385346e-16,
			"Im":-5.990664279451221e-16
		},
		"eB_33":1.079471666110669e-12,
		"ed_1111":1.881306629651258e-11,
		"ed_1122":1.881306629651258e-11,
		"ed_1133":1.881306629651258e-11,
		"ed_1211":{
			"Re":1.1302119233673291e-14,
			"Im":-1.1549279800740506e-14
		},
		"ed_1222":{
			"Re":1.1302119233673291e-14,
			"Im":-1.1549279800740506e-14
		},
		"ed_1233":{
			"Re":1.1302119233673291e-14,
			"Im":-1.1549279800740506e-14
		},
		"ed_1311":{
			"Re":5.952718284264462e-14,
			"Im":-3.880779343186035e-14
		},
		"ed_1322":{
			"Re":5.952718284264462e-14,
			"Im":-3.880779343186035e-14
		},
		"ed_1333":{
			"Re":5.952718284264462e-14,
			"Im":-3.880779343186035e-14
		},
		"ed_2211":4.415405564336979e-12,
		"ed_2222":4.415405564336979e-12,
		"ed_2233":4.415405564336979e-12,
		"ed_2311":{
			"Re":-1.3176747794931206e-14,
			"Im":1.0817396869987517e-14
		},
		"ed_2322":{
			"Re":-1.3176747794931206e-14,
			"Im":1.0817396869987517e-14
		},
		"ed_2333":{
			"Re":-1.3176747794931206e-14,
			"Im":1.0817396869987517e-14
		},
		"ed_3311":1.8619121792067974e-11,
		"ed_3322":1.8619121792067974e-11,
		"ed_3333":1.8619121792067974e-11,
		"ee_1111":-7.015103887962715e-10,
		"ee_1112":{
			"Re":-8.346439902845084e-13,
			"Im":3.855379322323862e-13
		},
		"ee_1113":{
			"Re":-4.5759486644259105e-12,
			"Im":2.6245713839783775e-12
		},
		"ee_1122":-6.29029405072752e-10,
		"ee_1123":{
			"Re":1.7042763127923809e-12,
			"Im":-1.397627083467904e-12
		},
		"ee_1133":-2.465680252948909e-9,
		"ee_1212":{
			"Re":1.456472814976455e-10,
			"Im":9.992037380621687e-13
		},
		"ee_1213":{
			"Re":-4.881820886394147e-13,
			"Im":9.82169506446146e-13
		},
		"ee_1222":{
			"Re":-2.0267099056781026e-13,
			"Im":6.743904718199048e-13
		},
		"ee_1223":{
			"Re":-1.9440928475848976e-12,
			"Im":1.264151478922339e-12
		},
		"ee_1232":{
			"Re":8.342131599228611e-13,
			"Im":6.471007406434559e-13
		},
		"ee_1233":{
			"Re":-1.445742649751369e-12,
			"Im":1.48270452562206e-12
		},
		"ee_1313":{
			"Re":2.1757406543245736e-10,
			"Im":-4.925360455765805e-10
		},
		"ee_1323":{
			"Re":1.2565597498309836e-12,
			"Im":-1.3222654702977053e-13
		},
		"ee_1333":{
			"Re":-4.203295862789892e-12,
			"Im":3.0983069737352314e-12
		},
		"ee_2222":-4.079811113697374e-11,
		"ee_2223":{
			"Re":3.009347299502376e-13,
			"Im":-9.10092016676337e-14
		},
		"ee_2233":-6.227145448327371e-10,
		"ee_2323":{
			"Re":5.736529507170112e-11,
			"Im":-1.3230709203373427e-10
		},
		"ee_2333":{
			"Re":6.088112841661634e-13,
			"Im":-1.334621827474865e-12
		},
		"ee_3333":-6.872998413433416e-10,
		"ephi_11":-9.640680207245422e-18,
		"ephi_13":{
			"Re":-2.8588022756637165e-20,
			"Im":1.8637492764025488e-20
		},
		"ephi_21":{
			"Re":-1.143973002011239e-18,
			"Im":-1.1689795389029281e-18
		},
		"ephi_22":-5.360936975518374e-16,
		"ephi_23":{
			"Re":1.3080574306465772e-18,
			"Im":-1.0742631345997173e-18
		},
		"ephi_31":{
			"Re":-1.013478202819983e-16,
			"Im":-6.607204810880634e-17
		},
		"ephi_32":{
			"Re":2.2424945076320998e-17,
			"Im":1.8417187566889427e-17
		},
		"ephi_33":-3.2559707265267465e-14,
		"eu_1111":-3.762613259302516e-11,
		"eu_1122":-3.762613259302516e-11,
		"eu_1133":-3.762613259302516e-11,
		"eu_1211":{
			"Re":-2.2604238467346583e-14,
			"Im":2.3098559601481012e-14
		},
		"eu_1222":{
			"Re":-2.2604238467346583e-14,
			"Im":2.3098559601481012e-14
		},
		"eu_1233":{
			"Re":-2.2604238467346583e-14,
			"Im":2.3098559601481012e-14
		},
		"eu_1311":{
			"Re":-1.1905436568528925e-13,
			"Im":7.76155868637207e-14
		},
		"eu_1322":{
			"Re":-1.1905436568528925e-13,
			"Im":7.76155868637207e-14
		},
		"eu_1333":{
			"Re":-1.1905436568528925e-13,
			"Im":7.76155868637207e-14
		},
		"eu_2211":-8.830811128673957e-12,
		"eu_2222":-8.830811128673957e-12,
		"eu_2233":-8.830811128673957e-12,
		"eu_2311":{
			"Re":2.6353495589862413e-14,
			"Im":-2.1634793739975034e-14
		},
		"eu_2322":{
			"Re":2.6353495589862413e-14,
			"Im":-2.1634793739975034e-14
		},
		"eu_2333":{
			"Re":2.6353495589862413e-14,
			"Im":-2.1634793739975034e-14
		},
		"eu_3311":-3.723824358413595e-11,
		"eu_3322":-3.723824358413595e-11,
		"eu_3333":-3.723824358413595e-11,
		"phi":-3.6223260208006805e-18,
		"phiB":8.547657973199824e-14,
		"phiBox":-3.30223757552121e-13,
		"phid_11":4.3881835960893773e-13,
		"phid_22":4.3881835960893773e-13,
		"phid_33":4.3881835960893773e-13,
		"phiD":-1.3164550788268132e-12,
		"phie_11":-2.821959944476886e-11,
		"phie_12":{
			"Re":-1.6953178850509932e-14,
			"Im":1.7323919701110754e-14
		},
		"phie_13":{
			"Re":-8.929077426396697e-14,
			"Im":5.821169014779056e-14
		},
		"phie_22":-6.623108346505466e-12,
		"phie_23":{
			"Re":1.976512169239683e-14,
			"Im":-1.6226095304981284e-14
		},
		"phie_33":-2.792868268810198e-11,
		"phil1_11":6.582275368175573e-13,
		"phil1_13":{
			"Re":-2.728938255993737e-20,
			"Im":1.7790839832004573e-20
		},
		"phil1_22":6.581976535373905e-13,
		"phil1_23":{
			"Re":1.2476318485605195e-18,
			"Im":-1.0256372349309104e-18
		},
		"phil1_33":6.271469133849891e-13,
		"phil3_13":{
			"Re":-2.728938255993737e-20,
			"Im":1.7790839832004573e-20
		},
		"phil3_22":-2.988587601621341e-17,
		"phil3_23":{
			"Re":1.2476318485605195e-18,
			"Im":-1.0256372349309104e-18
		},
		"phil3_33":-3.1080626028417515e-14,
		"phiq1_11":-2.1940917980446886e-13,
		"phiq1_22":-2.1940917980446886e-13,
		"phiq1_33":-2.1940917980446886e-13,
		"phiu_11":-8.776367192178755e-13,
		"phiu_22":-8.776367192178755e-13,
		"phiu_33":-8.776367192178755e-13,
		"ld_1111":-4.3881835960893773e-13,
		"ld_1122":-4.3881835960893773e-13,
		"ld_1133":-4.3881835960893773e-13,
		"ld_2211":-4.3881835960893773e-13,
		"ld_2222":-4.3881835960893773e-13,
		"ld_2233":-4.3881835960893773e-13,
		"ld_3311":-4.3881835960893773e-13,
		"ld_3322":-4.3881835960893773e-13,
		"ld_3333":-4.3881835960893773e-13,
		"le_1111":2.821959944476886e-11,
		"le_1112":{
			"Re":1.6953178850509932e-14,
			"Im":-1.7323919701110754e-14
		},
		"le_1113":{
			"Re":8.929077426396697e-14,
			"Im":-5.821169014779056e-14
		},
		"le_1122":6.623108346505466e-12,
		"le_1123":{
			"Re":-1.976512169239683e-14,
			"Im":1.6226095304981284e-14
		},
		"le_1133":2.792868268810198e-11,
		"le_2211":2.821959944476886e-11,
		"le_2212":{
			"Re":1.6953178850509932e-14,
			"Im":-1.7323919701110754e-14
		},
		"le_2213":{
			"Re":8.929077426396697e-14,
			"Im":-5.821169014779056e-14
		},
		"le_2222":6.623108346505466e-12,
		"le_2223":{
			"Re":-1.976512169239683e-14,
			"Im":1.6226095304981284e-14
		},
		"le_2233":2.792868268810198e-11,
		"le_3311":2.821959944476886e-11,
		"le_3312":{
			"Re":1.6953178850509932e-14,
			"Im":-1.7323919701110754e-14
		},
		"le_3313":{
			"Re":8.929077426396697e-14,
			"Im":-5.821169014779056e-14
		},
		"le_3322":6.623108346505466e-12,
		"le_3323":{
			"Re":-1.976512169239683e-14,
			"Im":1.6226095304981284e-14
		},
		"le_3333":2.792868268810198e-11,
		"ll_1111":-3.291137697067033e-13,
		"ll_1122":-6.582275394134066e-13,
		"ll_1133":-6.582275394134066e-13,
		"ll_2222":-3.291137697067033e-13,
		"ll_2233":-6.582275394134066e-13,
		"ll_3333":-3.291137697067033e-13,
		"lq1_1111":2.1940917980446886e-13,
		"lq1_1122":2.1940917980446886e-13,
		"lq1_1133":2.1940917980446886e-13,