{
	"eft":"SMEFT",
	"basis":"Warsaw",
	"scale":1000,
	"values":{
		"dd_1111":-5.545603875130723e-14,
		"dd_1122":-1.1091207750261446e-13,
		"dd_1133":-1.1091207750261446e-13,
		"dd_2222":-5.545603875130723e-14,
		"dd_2233":-1.1091207750261446e-13,
		"dd_3333":-5.545603875130723e-14,
		"eB_11":1.7211632840995083e-16,
		"eB_12":{
			"Re":-8.35011168872651e-20,
			"Im":5.720547143174937e-19
		},
		"eB_13":{
			"Re":1.5113694575980497e-18,
			"Im":-1.6393585794120196e-18
		},
		"eB_21":{
			"Re":-1.7265612544635003e-17,
			"Im":-1.182843466042782e-16
		},
		"eB_22":7.988801048898904e-15,
		"eB_23":{
			"Re":7.225774079933612e-16,
			"Im":-8.768047968321021e-16
		},
		"eB_31":{
			"Re":5.255572857709781e-15,
			"Im":5.700636869891578e-15
		},
		"eB_32":{
			"Re":1.2151897346068972e-14,
			"Im":1.4745606167280636e-14
		},
		"eB_33":2.3774776893021995e-13,
		"ed_1111":1.2069605196679256e-11,
		"ed_1122":1.2069605196679256e-11,
		"ed_1133":1.2069605196679256e-11,
		"ed_1211":{
			"Re":-5.655023128947877e-15,
			"Im":4.157836021939077e-14
		},
		"ed_1222":{
			"Re":-5.655023128947877e-15,
			"Im":4.157836021939077e-14
		},
		"ed_1233":{
			"Re":-5.655023128947877e-15,
			"Im":4.157836021939077e-14
		},
		"ed_1311":{
			"Re":1.1192546283510798e-13,
			"Im":-1.1748793174963653e-13
		},
		"ed_1322":{
			"Re":1.1192546283510798e-13,
			"Im":-1.1748793174963653e-13
		},
		"ed_1333":{
			"Re":1.1192546283510798e-13,
			"Im":-1.1748793174963653e-13
		},
		"ed_2211":2.4824827483587385e-12,
		"ed_2222":2.4824827483587385e-12,
		"ed_2233":2.4824827483587385e-12,
		"ed_2311":{
			"Re":2.531515224306146e-13,
			"Im":-3.071905709873028e-13
		},
		"ed_2322":{
			"Re":2.531515224306146e-13,
			"Im":-3.071905709873028e-13
		},
		"ed_2333":{
			"Re":2.531515224306146e-13,
			"Im":-3.071905709873028e-13
		},
		"ed_3311":4.636431044498144e-12,
		"ed_3322":4.636431044498144e-12,
		"ed_3333":4.636431044498144e-12,
		"ee_1111":-2.896373871745919e-10,
		"ee_1112":{
			"Re":-1.024884170275066e-11,
			"Im":-1.3980896448970215e-11
		},
		"ee_1113":{
			"Re":-1.0463116758208675e-10,
			"Im":6.617034546703317e-12
		},
		"ee_1122":-4.931620248640775e-10,
		"ee_1123":{
			"Re":-4.642980215032602e-11,
			"Im":5.758267528074619e-11
		},
		"ee_1133":-8.914169095374074e-10,
		"ee_1212":{
			"Re":1.2414728138636904e-10,
			"Im":-1.5440209102165523e-10
		},
		"ee_1213":{
			"Re":-6.737690747889878e-11,
			"Im":-2.80210617254154e-11
		},
		"ee_1222":{
			"Re":-2.961969529226638e-13,
			"Im":1.23922327962979e-12
		},
		"ee_1223":{
			"Re":-3.5611141982837823e-12,
			"Im":4.452225507114034e-12
		},
		"ee_1232":{
			"Re":-9.019057572963426e-12,
			"Im":1.7076037101313072e-11
		},
		"ee_1233":{
			"Re":6.464479090280327e-12,
			"Im":-1.6266615986835659e-12
		},
		"ee_1313":{
			"Re":-3.4965324040282293e-10,
			"Im":3.0213138275275598e-12
		},
		"ee_1323":{
			"Re":4.697742623928049e-12,
			"Im":-1.5421184268995078e-12
		},
		"ee_1333":{
			"Re":2.5683242253336958e-11,
			"Im":2.0721149808617566e-12
		},
		"ee_2222":{
			"Re":-7.40837430397501e-12,
			"Im":3.313119850188884e-19
		},
		"ee_2223":{
			"Re":-1.488018746581355e-11,
			"Im":-3.672492520943055e-12
		},
		"ee_2233":{
			"Re":-1.8879599519937395e-10,
			"Im":-1.321404939325092e-18
		},
		"ee_2323":{
			"Re":-5.0529865935702765e-11,
			"Im":-6.091153300539045e-11
		},
		"ee_2333":{
			"Re":8.556811282811654e-12,
			"Im":1.1044312930258415e-11
		},
		"ee_3333":{
			"Re":-3.3821512301825746e-11,
			"Im":3.293925832913446e-19
		},
		"ephi_11":-2.9482775695459446e-15,
		"ephi_12":{
			"Re":1.3676552114033481e-18,
			"Im":-9.860932901350558e-18
		},
		"ephi_13":{
			"Re":-2.6411183959206833e-17,
			"Im":2.796954095564717e-17
		},
		"ephi_21":{
			"Re":2.8279152244684476e-16,
			"Im":2.0389555693869343e-15
		},
		"ephi_22":-1.3796175901733443e-13,
		"ephi_23":{
			"Re":-1.2424987741156065e-14,
			"Im":1.5077208061909887e-14
		},
		"ephi_31":{
			"Re":-9.18442338442341e-14,
			"Im":-9.726346077513625e-14
		},
		"ephi_32":{
			"Re":-2.0896351897079105e-13,
			"Im":-2.5356857623683715e-13
		},
		"ephi_33":-4.098005031247584e-12,
		"eu_1111":-2.4139210393358512e-11,
		"eu_1122":-2.4139210393358512e-11,
		"eu_1133":-2.4139210393358512e-11,
		"eu_1211":{
			"Re":1.1310046257895754e-14,
			"Im":-8.315672043878154e-14
		},
		"eu_1222":{
			"Re":1.1310046257895754e-14,
			"Im":-8.315672043878154e-14
		},
		"eu_1233":{
			"Re":1.1310046257895754e-14,
			"Im":-8.315672043878154e-14
		},
		"eu_1311":{
			"Re":-2.2385092567021595e-13,
			"Im":2.3497586349927306e-13
		},
		"eu_1322":{
			"Re":-2.2385092567021595e-13,
			"Im":2.3497586349927306e-13
		},
		"eu_1333":{
			"Re":-2.2385092567021595e-13,
			"Im":2.3497586349927306e-13
		},
		"eu_2211":-4.964965496717477e-12,
		"eu_2222":-4.964965496717477e-12,
		"eu_2233":-4.964965496717477e-12,
		"eu_2311":{
			"Re":-5.063030448612292e-13,
			"Im":6.143811419746056e-13
		},
		"eu_2322":{
			"Re":-5.063030448612292e-13,
			"Im":6.143811419746056e-13
		},
		"eu_2333":{
			"Re":-5.063030448612292e-13,
			"Im":6.143811419746056e-13
		},
		"eu_3311":-9.272862088996288e-12,
		"eu_3322":-9.272862088996288e-12,
		"eu_3333":-9.272862088996288e-12,
		"phi":-1.7680304066105565e-10,
		"phiB":1.6363319380237546e-11,
		"phiBox":-1.0742026321485932e-10,
		"phid_11":1.663681162539217e-13,
		"phid_22":1.663681162539217e-13,
		"phid_33":1.663681162539217e-13,
		"phiD":-4.99104348761765e-13,
		"phie_11":-1.8104407795018873e-11,
		"phie_12":{
			"Re":8.48253469342179e-15,
			"Im":-6.23675403290861e-14
		},
		"phie_13":{
			"Re":-1.6788819425266184e-13,
			"Im":1.7623189762445462e-13
		},
		"phie_22":-3.723724122538109e-12,
		"phie_23":{
			"Re":-3.797272836459213e-13,
			"Im":4.607858564809533e-13
		},
		"phie_33":-6.954646566747211e-12,
		"phil1_11":2.495521729557634e-13,
		"phil1_13":{
			"Re":-4.351601841632857e-20,
			"Im":4.7201137864751605e-20
		},
		"phil1_22":2.495384970799423e-13,
		"phil1_23":{
			"Re":-2.0804768572890476e-17,
			"Im":2.5245351819607034e-17
		},
		"phil1_33":2.427068353810785e-13,
		"phil3_13":{
			"Re":-4.351601841632857e-20,
			"Im":4.7201137864751605e-20
		},
		"phil3_22":-1.3677300940249649e-17,
		"phil3_23":{
			"Re":-2.0804768572890476e-17,
			"Im":2.5245351819607034e-17
		},
		"phil3_33":-6.845338999804012e-15,
		"phiq1_11":-8.318405812696085e-14,
		"phiq1_22":-8.318405812696085e-14,
		"phiq1_33":-8.318405812696085e-14,
		"phiu_11":-3.327362325078434e-13,
		"phiu_22":-3.327362325078434e-13,
		"phiu_33":-3.327362325078434e-13,
		"ld_1111":-1.663681162539217e-13,
		"ld_1122":-1.663681162539217e-13,
		"ld_1133":-1.663681162539217e-13,
		"ld_2211":-1.663681162539217e-13,
		"ld_2222":-1.663681162539217e-13,
		"ld_2233":-1.663681162539217e-13,
		"ld_3311":-1.663681162539217e-13,
		"ld_3322":-1.663681162539217e-13,
		"ld_3333":-1.663681162539217e-13,
		"le_1111":1.8104407795018873e-11,
		"le_1112":{
			"Re":-8.48253469342179e-15,
			"Im":6.23675403290861e-14
		},
		"le_1113":{
			"Re":1.6788819425266184e-13,
			"Im":-1.7623189762445462e-13
		},
		"le_1122":3.723724122538109e-12,
		"le_1123":{
			"Re":3.797272836459213e-13,
			"Im":-4.607858564809533e-13
		},
		"le_1133":6.954646566747211e-12,
		"le_2211":1.8104407795018873e-11,
		"le_2212":{
			"Re":-8.48253469342179e-15,
			"Im":6.23675403290861e-14
		},
		"le_2213":{
			"Re":1.6788819425266184e-13,
			"Im":-1.7623189762445462e-13
		},
		"le_2222":3.723724122538109e-12,
		"le_2223":{
			"Re":3.797272836459213e-13,
			"Im":-4.607858564809533e-13
		},
		"le_2233":6.954646566747211e-12,
		"le_3311":1.8104407795018873e-11,
		"le_3312":{
			"Re":-8.48253469342179e-15,
			"Im":6.23675403290861e-14
		},
		"le_3313":{
			"Re":1.6788819425266184e-13,
			"Im":-1.7623189762445462e-13
		},
		"le_3322":3.723724122538109e-12,
		"le_3323":{
			"Re":3.797272836459213e-13,
			"Im":-4.607858564809533e-13
		},
		"le_3333":6.954646566747211e-12,
		"ll_1111":-1.2477608719044125e-13,
		"ll_1122":-2.495521743808825e-13,
		"ll_1133":-2.495521743808825e-13,