{
	"eft":"SMEFT",
	"basis":"Warsaw",
	"scale":1000,
	"values":{
		"dd_1111":-4.38859952721982e-14,
		"dd_1122":-8.77719905443964e-14,
		"dd_1133":-8.77719905443964e-14,
		"dd_2222":-4.38859952721982e-14,
		"dd_2233":-8.77719905443964e-14,
		"dd_3333":-4.38859952721982e-14,
		"eB_11":1.0633494150493141e-16,
		"eB_12":{
			"Re":-3.258207763085456e-20,
			"Im":-2.622685119903157e-20
		},
		"eB_13":-1.9619494375481286e-19,
		"eB_21":{
			"Re":-6.737029985275053e-18,
			"Im":5.422953224441053e-18
		},
		"eB_22":1.3634293027046997e-14,
		"eB_23":{
			"Re":-1.3763709722307327e-17,
			"Im":-6.44510557142815e-17
		},
		"eB_31":{
			"Re":-6.822400810298175e-16,
			"Im":-1.1805500754363732e-17
		},
		"eB_32":{
			"Re":-2.314702698927699e-16,
			"Im":1.0839013290780645e-15
		},
		"eB_33":5.819450751477746e-13,
		"ed_1111":6.978174754837761e-12,
		"ed_1122":6.978174754837761e-12,
		"ed_1133":6.978174754837761e-12,
		"ed_1211":{
			"Re":-9.019916470738001e-16,
			"Im":-4.594174489653817e-16
		},
		"ed_1222":{
			"Re":-9.019916470738001e-16,
			"Im":-4.594174489653817e-16
		},
		"ed_1233":{
			"Re":-9.019916470738001e-16,
			"Im":-4.594174489653817e-16
		},
		"ed_1311":{
			"Re":-1.2329131385913132e-14,
			"Im":-1.4744652758709345e-15
		},
		"ed_1322":{
			"Re":-1.2329131385913132e-14,
			"Im":-1.4744652758709345e-15
		},
		"ed_1333":{
			"Re":-1.2329131385913132e-14,
			"Im":-1.4744652758709345e-15
		},
		"ed_2211":4.214445046476838e-12,
		"ed_2222":4.214445046476838e-12,
		"ed_2233":4.214445046476838e-12,
		"ed_2311":{
			"Re":-2.605941417628278e-14,
			"Im":-4.553797757426227e-14
		},
		"ed_2322":{
			"Re":-2.605941417628278e-14,
			"Im":-4.553797757426227e-14
		},
		"ed_2333":{
			"Re":-2.605941417628278e-14,
			"Im":-4.553797757426227e-14
		},
		"ed_3311":1.1209168165839569e-11,
		"ed_3322":1.1209168165839569e-11,
		"ed_3333":1.1209168165839569e-11,
		"ee_1111":-1.9533792391446452e-10,
		"ee_1112":{
			"Re":2.6447476799200104e-12,
			"Im":-1.934699891884165e-11
		},
		"ee_1113":{
			"Re":-1.4709425005895544e-12,
			"Im":5.688106966341429e-11
		},
		"ee_1122":-6.307443964361139e-10,
		"ee_1123":{
			"Re":-1.1811784704211655e-12,
			"Im":5.157964445400748e-12
		},
		"ee_1133":-1.6341844710927621e-9,
		"ee_1212":{
			"Re":-3.991072615920808e-11,
			"Im":1.356114788883089e-10
		},
		"ee_1213":{
			"Re":-3.9806377434149427e-10,
			"Im":1.931554492337391e-10
		},
		"ee_1222":{
			"Re":-8.394112008782049e-12,
			"Im":-1.3019787959695106e-12
		},
		"ee_1223":{
			"Re":-1.3579377755729692e-11,
			"Im":-2.2646998584691178e-11
		},
		"ee_1232":{
			"Re":2.4372754427585888e-11,
			"Im":5.643289239616277e-12
		},
		"ee_1233":{
			"Re":3.8609542904941087e-11,
			"Im":6.858378297186784e-11
		},
		"ee_1313":{
			"Re":3.471260340342353e-10,
			"Im":1.433429282159465e-10
		},
		"ee_1323":{
			"Re":-6.0863193436317415e-12,
			"Im":2.2136912925718912e-11
		},
		"ee_1333":{
			"Re":2.46916385946247e-11,
			"Im":-6.267200144812869e-11
		},
		"ee_2222":-1.3106251317574497e-10,
		"ee_2223":{
			"Re":1.323088644243225e-10,
			"Im":1.4696362375150362e-10
		},
		"ee_2233":-3.9621706568202164e-10,
		"ee_2323":{
			"Re":1.7384287744952703e-11,
			"Im":-1.642624289597287e-10
		},
		"ee_2333":{
			"Re":-3.4009628898521385e-10,
			"Im":-3.7825900998505996e-10
		},
		"ee_3333":-8.692265089167718e-10,
		"ephi_11":-6.3961156034643705e-18,
		"ephi_13":1.1032168224042587e-20,
		"ephi_21":{
			"Re":2.3272129969391274e-19,
			"Im":-1.5239772000718294e-19
		},
		"ephi_22":-8.184140991349047e-16,
		"ephi_23":{
			"Re":3.639833814728154e-18,
			"Im":7.023701919898914e-18
		},
		"ephi_31":{
			"Re":3.8763766487407985e-17,
			"Im":-3.0477248385597152e-18
		},
		"ephi_32":{
			"Re":6.13482212289789e-17,
			"Im":-1.1875541747220734e-16
		},
		"ephi_33":-3.4829000935646045e-14,
		"eu_1111":-1.3956349509675522e-11,
		"eu_1122":-1.3956349509675522e-11,
		"eu_1133":-1.3956349509675522e-11,
		"eu_1211":{
			"Re":1.8039832941476003e-15,
			"Im":9.188348979307633e-16
		},
		"eu_1222":{
			"Re":1.8039832941476003e-15,
			"Im":9.188348979307633e-16
		},
		"eu_1233":{
			"Re":1.8039832941476003e-15,
			"Im":9.188348979307633e-16
		},
		"eu_1311":{
			"Re":2.4658262771826265e-14,
			"Im":2.948930551741869e-15
		},
		"eu_1322":{
			"Re":2.4658262771826265e-14,
			"Im":2.948930551741869e-15
		},
		"eu_1333":{
			"Re":2.4658262771826265e-14,
			"Im":2.948930551741869e-15
		},
		"eu_2211":-8.428890092953676e-12,
		"eu_2222":-8.428890092953676e-12,
		"eu_2233":-8.428890092953676e-12,
		"eu_2311":{
			"Re":5.211882835256556e-14,
			"Im":9.107595514852454e-14
		},
		"eu_2322":{
			"Re":5.211882835256556e-14,
			"Im":9.107595514852454e-14
		},
		"eu_2333":{
			"Re":5.211882835256556e-14,
			"Im":9.107595514852454e-14
		},
		"eu_3311":-2.2418336331679138e-11,
		"eu_3322":-2.2418336331679138e-11,
		"eu_3333":-2.2418336331679138e-11,
		"phi":-6.8478267014209466e-18,
		"phiB":4.736713920870383e-14,
		"phiBox":-9.987958749473964e-14,
		"phid_11":1.316579858165946e-13,
		"phid_22":1.316579858165946e-13,
		"phid_33":1.316579858165946e-13,
		"phiD":-3.9497395744978377e-13,
		"phie_11":-1.0467262132256643e-11,
		"phie_12":{
			"Re":1.3529874706104478e-15,
			"Im":6.891261734478579e-16
		},
		"phie_13":{
			"Re":1.849369707886969e-14,
			"Im":2.2116979138061872e-15
		},
		"phie_22":-6.321667569715252e-12,
		"phie_23":{
			"Re":3.908912126442639e-14,
			"Im":6.830696636139583e-14
		},
		"phie_33":-1.6813752248759356e-11,
		"phil1_11":1.9748697784444107e-13,
		"phil1_22":1.974636360070426e-13,
		"phil1_23":{
			"Re":3.9629082269854547e-19,
			"Im":1.855703324766037e-18
		},
		"phil1_33":1.8073135852884228e-13,
		"phil3_22":-2.334271784927874e-17,
		"phil3_23":{
			"Re":3.9629082269854547e-19,
			"Im":1.855703324766037e-18
		},
		"phil3_33":-1.6755620196049617e-14,
		"phiq1_11":-6.58289929082973e-14,
		"phiq1_22":-6.58289929082973e-14,
		"phiq1_33":-6.58289929082973e-14,
		"phiu_11":-2.633159716331892e-13,
		"phiu_22":-2.633159716331892e-13,
		"phiu_33":-2.633159716331892e-13,
		"ld_1111":-1.316579858165946e-13,
		"ld_1122":-1.316579858165946e-13,
		"ld_1133":-1.316579858165946e-13,
		"ld_2211":-1.316579858165946e-13,
		"ld_2222":-1.316579858165946e-13,
		"ld_2233":-1.316579858165946e-13,
		"ld_3311":-1.316579858165946e-13,
		"ld_3322":-1.316579858165946e-13,
		"ld_3333":-1.316579858165946e-13,
		"le_1111":1.0467262132256643e-11,
		"le_1112":{
			"Re":-1.3529874706104478e-15,
			"Im":-6.891261734478579e-16
		},
		"le_1113":{
			"Re":-1.849369707886969e-14,
			"Im":-2.2116979138061872e-15
		},
		"le_1122":6.321667569715252e-12,
		"le_1123":{
			"Re":-3.908912126442639e-14,
			"Im":-6.830696636139583e-14
		},
		"le_1133":1.6813752248759356e-11,
		"le_2211":1.0467262132256643e-11,
		"le_2212":{
			"Re":-1.3529874706104478e-15,
			"Im":-6.891261734478579e-16
		},
		"le_2213":{
			"Re":-1.849369707886969e-14,
			"Im":-2.2116979138061872e-15
		},
		"le_2222":6.321667569715252e-12,
		"le_2223":{
			"Re":-3.908912126442639e-14,
			"Im":-6.830696636139583e-14
		},
		"le_2233":1.6813752248759356e-11,
		"le_3311":1.0467262132256643e-11,
		"le_3312":{
			"Re":-1.3529874706104478e-15,
			"Im":-6.891261734478579e-16
		},
		"le_3313":{
			"Re":-1.849369707886969e-14,
			"Im":-2.2116979138061872e-15
		},
		"le_3322":6.321667569715252e-12,
		"le_3323":{
			"Re":-3.908912126442639e-14,
			"Im":-6.830696636139583e-14
		},
		"le_3333":1.6813752248759356e-11,
		"ll_1111":-9.874348936244594e-14,
		"ll_1122":-1.9748697872489189e-13,
		"ll_1133":-1.9748697872489189e-13,
		"ll_2222":-9.874348936244594e-14,
		"ll_2233":-1.9748697872489189e-13,
		"ll_3333":-9.874348936244594e-14,
		"lq1_1111":6.58289929082973e-14,
		"lq1_1122":6.58289929082973e-14,
		"lq1_1133":6.58289929082973e-14,
		"lq1_2211":6.58289929082973e-14,
		"lq1_2222":6.58289929082973e-14,
		"lq1_2233":6.58289929082973e-14,
		"lq1_3311":6.58289929082973e-14,
		"lq1_3322":6.58289929082973e-14,
		"lq1_3333":6.58289929082973e-14,
		"lu_1111":2.633159716331892e-13,
		"lu_1122":2.633159716331892e-13,