{
	"eft":"SMEFT",
	"basis":"Warsaw",
	"scale":1000,
	"values":{
		"dd_1111":-3.8540250433383733e-14,
		"dd_1122":-7.708050086676747e-14,
		"dd_1133":-7.708050086676747e-14,
		"dd_2222":-3.8540250433383733e-14,
		"dd_2233":-7.708050086676747e-14,
		"dd_3333":-3.8540250433383733e-14,
		"eB_11":5.699943298464974e-17,
		"eB_12":-1.1556010985477452e-20,
		"eB_13":{
			"Re":0.0,
			"Im":7.39145499066786e-20
		},
		"eB_21":{
			"Re":-2.3894483771537176e-18,
			"Im":-5.681690196414285e-19
		},
		"eB_22":2.3387226691392495e-14,
		"eB_23":{
			"Re":-2.3021345349976533e-17,
			"Im":-6.780771480812972e-18
		},
		"eB_31":{
			"Re":4.802724373661685e-18,
			"Im":-2.570273604024942e-16
		},
		"eB_32":{
			"Re":-3.8715993935958455e-16,
			"Im":1.140351719420876e-16
		},
		"eB_33":3.0764536298701794e-13,
		"ed_1111":3.6589702812912e-12,
		"ed_1122":3.6589702812912e-12,
		"ed_1133":3.6589702812912e-12,
		"ed_1211":{
			"Re":-7.993734880991872e-16,
			"Im":1.8861060013017446e-16
		},
		"ed_1222":{
			"Re":-7.993734880991872e-16,
			"Im":1.8861060013017446e-16
		},
		"ed_1233":{
			"Re":-7.993734880991872e-16,
			"Im":1.8861060013017446e-16
		},
		"ed_1311":{
			"Re":2.1120547674058822e-16,
			"Im":4.9912284746661256e-15
		},
		"ed_1322":{
			"Re":2.1120547674058822e-16,
			"Im":4.9912284746661256e-15
		},
		"ed_1333":{
			"Re":2.1120547674058822e-16,
			"Im":4.9912284746661256e-15
		},
		"ed_2211":7.533889793020525e-12,
		"ed_2222":7.533889793020525e-12,
		"ed_2233":7.533889793020525e-12,
		"ed_2311":{
			"Re":-7.709430944957755e-15,
			"Im":-2.2689631570265382e-15
		},
		"ed_2322":{
			"Re":-7.709430944957755e-15,
			"Im":-2.2689631570265382e-15
		},
		"ed_2333":{
			"Re":-7.709430944957755e-15,
			"Im":-2.2689631570265382e-15
		},
		"ed_3311":5.826799053527471e-12,
		"ed_3322":5.826799053527471e-12,
		"ed_3333":5.826799053527471e-12,
		"ee_1111":-5.819453414103303e-11,
		"ee_1112":{
			"Re":1.9983237117908814e-13,
			"Im":6.42319430518833e-14
		},
		"ee_1113":{
			"Re":-3.1362612661388024e-12,
			"Im":2.5425740487360636e-12
		},
		"ee_1122":-6.682502857106008e-10,
		"ee_1123":{
			"Re":6.700208422812921e-13,
			"Im":2.038115920037531e-13
		},
		"ee_1133":-5.194178400518718e-10,
		"ee_1212":{
			"Re":-1.7978472457662333e-10,
			"Im":-1.1836688053044366e-10
		},
		"ee_1213":{
			"Re":1.4171954200099153e-12,
			"Im":2.8613033941238017e-12
		},
		"ee_1222":{
			"Re":-1.6712426347059874e-13,
			"Im":-4.175075469853393e-14
		},
		"ee_1223":{
			"Re":-2.407283571933519e-14,
			"Im":-8.884074655101407e-13
		},
		"ee_1232":{
			"Re":1.9482412203119673e-12,
			"Im":8.470885206456952e-12
		},
		"ee_1233":{
			"Re":1.4837575426491278e-13,
			"Im":-1.4815694341436167e-13
		},
		"ee_1313":{
			"Re":-2.443545264617382e-11,
			"Im":1.6550435576966363e-10
		},
		"ee_1323":{
			"Re":9.496845674403023e-14,
			"Im":2.2079958342731526e-13
		},
		"ee_1333":{
			"Re":5.3080931244370996e-12,
			"Im":-4.843785980621397e-12
		},
		"ee_2222":-2.4301074834883237e-10,
		"ee_2223":{
			"Re":-4.189826004209338e-12,
			"Im":-2.8413416542163454e-12
		},
		"ee_2233":-1.0514851243749897e-9,
		"ee_2323":{
			"Re":-1.421132631539115e-10,
			"Im":-3.0529807511464747e-10
		},
		"ee_2333":{
			"Re":5.161504715103605e-12,
			"Im":3.1583657345138844e-12
		},
		"ee_3333":-1.470618127612385e-10,
		"ephi_11":-4.882035409293685e-16,
		"ephi_12":{
			"Re":9.993950284179776e-20,
			"Im":-2.3631777208873946e-20
		},
		"ephi_13":{
			"Re":-2.236230140597121e-20,
			"Im":-6.282254817595671e-19
		},
		"ephi_21":{
			"Re":2.06645996232796e-17,
			"Im":4.886368264577081e-18
		},
		"ephi_22":-2.0116196998958434e-13,
		"ephi_23":{
			"Re":1.9922657324269586e-16,
			"Im":5.864733560703247e-17
		},
		"ephi_31":{
			"Re":-7.776455306693934e-17,
			"Im":2.1847160413612537e-15
		},
		"ephi_32":{
			"Re":3.3507063398803967e-15,
			"Im":-9.8636443730338e-16
		},
		"ephi_33":-2.6410512324449594e-12,
		"eu_1111":-7.3179405625824e-12,
		"eu_1122":-7.3179405625824e-12,
		"eu_1133":-7.3179405625824e-12,
		"eu_1211":{
			"Re":1.5987469761983743e-15,
			"Im":-3.772212002603489e-16
		},
		"eu_1222":{
			"Re":1.5987469761983743e-15,
			"Im":-3.772212002603489e-16
		},
		"eu_1233":{
			"Re":1.5987469761983743e-15,
			"Im":-3.772212002603489e-16
		},
		"eu_1311":{
			"Re":-4.2241095348117644e-16,
			"Im":-9.982456949332251e-15
		},
		"eu_1322":{
			"Re":-4.2241095348117644e-16,
			"Im":-9.982456949332251e-15
		},
		"eu_1333":{
			"Re":-4.2241095348117644e-16,
			"Im":-9.982456949332251e-15
		},
		"eu_2211":-1.506777958604105e-11,
		"eu_2222":-1.506777958604105e-11,
		"eu_2233":-1.506777958604105e-11,
		"eu_2311":{
			"Re":1.541886188991551e-14,
			"Im":4.5379263140530764e-15
		},
		"eu_2322":{
			"Re":1.541886188991551e-14,
			"Im":4.5379263140530764e-15
		},
		"eu_2333":{
			"Re":1.541886188991551e-14,
			"Im":4.5379263140530764e-15
		},
		"eu_3311":-1.1653598107054942e-11,
		"eu_3322":-1.1653598107054942e-11,
		"eu_3333":-1.1653598107054942e-11,
		"phi":-1.7280848283089416e-11,
		"phiB":5.913895436275698e-12,
		"phiBox":-2.025273757245382e-11,
		"phid_11":1.156207513001512e-13,
		"phid_22":1.156207513001512e-13,
		"phid_33":1.156207513001512e-13,
		"phiD":-3.468622539004536e-13,
		"phie_11":-5.4884554219368e-12,
		"phie_12":{
			"Re":1.1990602321487804e-15,
			"Im":-2.8291590019526163e-16
		},
		"phie_13":{
			"Re":-3.168082151108634e-16,
			"Im":-7.486842711999198e-15
		},
		"phie_22":-1.1300834689530782e-11,
		"phie_23":{
			"Re":1.1564146417436636e-14,
			"Im":3.403444735539809e-15
		},
		"phie_33":-8.740198580291202e-12,
		"phil1_11":1.7343112647827285e-13,
		"phil1_22":1.7339108663182881e-13,
		"phil1_23":{
			"Re":6.628407654938038e-19,
			"Im":1.9523497391889856e-19
		},
		"phil1_33":1.6457326548284117e-13,
		"phil3_22":-4.0040318397978165e-17,
		"phil3_23":{
			"Re":6.628407654938038e-19,
			"Im":1.9523497391889856e-19
		},
		"phil3_33":-8.857861467385614e-15,
		"phiq1_11":-5.78103756500756e-14,
		"phiq1_22":-5.78103756500756e-14,
		"phiq1_33":-5.78103756500756e-14,
		"phiu_11":-2.312415026003024e-13,
		"phiu_22":-2.312415026003024e-13,
		"phiu_33":-2.312415026003024e-13,
		"ld_1111":-1.156207513001512e-13,
		"ld_1122":-1.156207513001512e-13,
		"ld_1133":-1.156207513001512e-13,
		"ld_2211":-1.156207513001512e-13,
		"ld_2222":-1.156207513001512e-13,
		"ld_2233":-1.156207513001512e-13,
		"ld_3311":-1.156207513001512e-13,
		"ld_3322":-1.156207513001512e-13,
		"ld_3333":-1.156207513001512e-13,
		"le_1111":5.4884554219368e-12,
		"le_1112":{
			"Re":-1.1990602321487804e-15,
			"Im":2.8291590019526163e-16
		},
		"le_1113":{
			"Re":3.168082151108634e-16,
			"Im":7.486842711999198e-15
		},
		"le_1122":1.1300834689530782e-11,
		"le_1123":{
			"Re":-1.1564146417436636e-14,
			"Im":-3.403444735539809e-15
		},
		"le_1133":8.740198580291202e-12,
		"le_2211":5.4884554219368e-12,
		"le_2212":{
			"Re":-1.1990602321487804e-15,
			"Im":2.8291590019526163e-16
		},
		"le_2213":{
			"Re":3.168082151108634e-16,
			"Im":7.486842711999198e-15
		},
		"le_2222":1.1300834689530782e-11,
		"le_2223":{
			"Re":-1.1564146417436636e-14,
			"Im":-3.403444735539809e-15
		},
		"le_2233":8.740198580291202e-12,
		"le_3311":5.4884554219368e-12,
		"le_3312":{
			"Re":-1.1990602321487804e-15,
			"Im":2.8291590019526163e-16
		},
		"le_3313":{
			"Re":3.168082151108634e-16,
			"Im":7.486842711999198e-15
		},
		"le_3322":1.1300834689530782e-11,
		"le_3323":{
			"Re":-1.1564146417436636e-14,
			"Im":-3.403444735539809e-15
		},
		"le_3333":8.740198580291202e-12,
		"ll_1111":-8.67155634751134e-14,
		"ll_1122":-1.734311269502268e-13,
		"ll_1133":-1.734311269502268e-13,
		"ll_2222":-8.67155634751134e-14,
		"ll_2233":-1.734311269502268e-13,
		"ll_3333":-8.67155634751134e-14,
		"lq1_1111":5.78103756500756e-14,
		"lq1_1122":5.78103756500756e-14,
		"lq1_1133":5.78103756500756e-14,
		"lq1_2211":5.78103756500756e-14,
		"lq1_2222":5.78103756500756e-14,
		"lq1_2233":5.78103756500756e-14,
		"lq1_3311":5.78103756500756e-14,
		"lq1_3322":5.78103756500756e-14,