{
	"eft":"SMEFT",
	"basis":"Warsaw",
	"scale":1000,
	"values":{
		"dd_1111":-3.915749522876223e-14,
		"dd_1122":-7.831499045752446e-14,
		"dd_1133":-7.831499045752446e-14,
		"dd_2222":-3.915749522876223e-14,
		"dd_2233":-7.831499045752446e-14,
		"dd_3333":-3.915749522876223e-14,
		"eB_11":1.1944492537770576e-16,
		"eB_12":{
			"Re":1.3854737132289963e-20,
			"Im":3.130126740939765e-20
		},
		"eB_13":{
			"Re":0.0,
			"Im":-5.599553710153058e-20
		},
		"eB_21":{
			"Re":2.864758366727435e-18,
			"Im":-6.472195527351823e-18
		},
		"eB_22":2.864946615893075e-14,
		"eB_23":{
			"Re":-3.4333717461604295e-17,
			"Im":2.0606799434799737e-17
		},
		"eB_31":{
			"Re":-2.7455426504662337e-17,
			"Im":1.9471653569828066e-16
		},
		"eB_32":{
			"Re":-5.77405002546354e-16,
			"Im":-3.4655347453796204e-16
		},
		"eB_33":1.594542609597473e-13,
		"ed_1111":7.589126934437644e-12,
		"ed_1122":7.589126934437644e-12,
		"ed_1133":7.589126934437644e-12,
		"ed_1211":{
			"Re":8.678862898994488e-16,
			"Im":1.941713534925592e-15
		},
		"ed_1222":{
			"Re":8.678862898994488e-16,
			"Im":1.941713534925592e-15
		},
		"ed_1233":{
			"Re":8.678862898994488e-16,
			"Im":1.941713534925592e-15
		},
		"ed_1311":{
			"Re":-1.0457464305247155e-15,
			"Im":-3.490895306053333e-15
		},
		"ed_1322":{
			"Re":-1.0457464305247155e-15,
			"Im":-3.490895306053333e-15
		},
		"ed_1333":{
			"Re":-1.0457464305247155e-15,
			"Im":-3.490895306053333e-15
		},
		"ed_2211":8.844489093233442e-12,
		"ed_2222":8.844489093233442e-12,
		"ed_2233":8.844489093233442e-12,
		"ed_2311":{
			"Re":-1.0725458500073991e-14,
			"Im":6.974414374875936e-15
		},
		"ed_2322":{
			"Re":-1.0725458500073991e-14,
			"Im":6.974414374875936e-15
		},
		"ed_2333":{
			"Re":-1.0725458500073991e-14,
			"Im":6.974414374875936e-15
		},
		"ed_3311":2.764549654245098e-12,
		"ed_3322":2.764549654245098e-12,
		"ed_3333":2.764549654245098e-12,
		"ee_1111":-3.439148022321936e-10,
		"ee_1112":{
			"Re":2.0730418920507722e-11,
			"Im":-6.1644426798228e-12
		},
		"ee_1113":{
			"Re":-7.016646256835094e-11,
			"Im":2.5939773039637407e-11
		},
		"ee_1122":{
			"Re":-1.6473721530002702e-9,
			"Im":1.390784373929679e-20
		},
		"ee_1123":{
			"Re":-2.4355806869877906e-12,
			"Im":-9.086056185833294e-13
		},
		"ee_1133":-5.146511471836881e-10,
		"ee_1212":{
			"Re":-4.265803530980169e-10,
			"Im":-2.6727693463686704e-11
		},
		"ee_1213":{
			"Re":-1.5147967359715022e-11,
			"Im":-4.7652988680636556e-11
		},
		"ee_1222":{
			"Re":-2.4184257602504434e-11,
			"Im":-8.731880684482074e-12
		},
		"ee_1223":{
			"Re":5.243052785862685e-14,
			"Im":-2.1998406531731626e-12
		},
		"ee_1232":{
			"Re":8.031244069400895e-11,
			"Im":3.469142189420618e-11
		},
		"ee_1233":{
			"Re":-4.434491575426722e-13,
			"Im":1.008869241653652e-11
		},
		"ee_1313":{
			"Re":-1.07707112137071e-10,
			"Im":8.771351920607934e-11
		},
		"ee_1323":{
			"Re":-7.558894862823509e-12,
			"Im":3.3098267986936367e-12
		},
		"ee_1333":{
			"Re":2.687163663035568e-11,
			"Im":-9.188278576897428e-12
		},
		"ee_2222":{
			"Re":-4.580337233790183e-10,
			"Im":-1.027446138049007e-20
		},
		"ee_2223":{
			"Re":2.350594930399638e-11,
			"Im":5.3139786661957886e-11
		},
		"ee_2233":{
			"Re":-6.093217156674239e-10,
			"Im":1.637985609935548e-20
		},
		"ee_2323":{
			"Re":1.1944940186624253e-10,
			"Im":-1.1039204578787457e-10
		},
		"ee_2333":{
			"Re":-6.237635511006334e-12,
			"Im":-1.8163795011773874e-11
		},
		"ee_3333":-4.6245596982638726e-11,
		"ephi_11":-9.065446814578993e-18,
		"ephi_21":{
			"Re":-2.1068685367963927e-19,
			"Im":4.727551269696651e-19
		},
		"ephi_22":-2.1749260757172634e-15,
		"ephi_23":{
			"Re":2.5599298216577587e-18,
			"Im":-1.6277236049759373e-18
		},
		"ephi_31":{
			"Re":3.5944361690548534e-18,
			"Im":-1.4272380099166584e-17
		},
		"ephi_32":{
			"Re":4.338960208844253e-17,
			"Im":2.7577089689115877e-17
		},
		"ephi_33":-1.1996373098261003e-14,
		"eu_1111":-1.5178253868875287e-11,
		"eu_1122":-1.5178253868875287e-11,
		"eu_1133":-1.5178253868875287e-11,
		"eu_1211":{
			"Re":-1.7357725797988976e-15,
			"Im":-3.883427069851184e-15
		},
		"eu_1222":{
			"Re":-1.7357725797988976e-15,
			"Im":-3.883427069851184e-15
		},
		"eu_1233":{
			"Re":-1.7357725797988976e-15,
			"Im":-3.883427069851184e-15
		},
		"eu_1311":{
			"Re":2.091492861049431e-15,
			"Im":6.981790612106666e-15
		},
		"eu_1322":{
			"Re":2.091492861049431e-15,
			"Im":6.981790612106666e-15
		},
		"eu_1333":{
			"Re":2.091492861049431e-15,
			"Im":6.981790612106666e-15
		},
		"eu_2211":-1.7688978186466883e-11,
		"eu_2222":-1.7688978186466883e-11,
		"eu_2233":-1.7688978186466883e-11,
		"eu_2311":{
			"Re":2.1450917000147982e-14,
			"Im":-1.3948828749751873e-14
		},
		"eu_2322":{
			"Re":2.1450917000147982e-14,
			"Im":-1.3948828749751873e-14
		},
		"eu_2333":{
			"Re":2.1450917000147982e-14,
			"Im":-1.3948828749751873e-14
		},
		"eu_3311":-5.529099308490196e-12,
		"eu_3322":-5.529099308490196e-12,
		"eu_3333":-5.529099308490196e-12,
		"phi":-1.3339014302137488e-17,
		"phiB":5.482686950566065e-14,
		"phiBox":-8.981028748706474e-14,
		"phid_11":1.1747248568628668e-13,
		"phid_22":1.1747248568628668e-13,
		"phid_33":1.1747248568628668e-13,
		"phiD":-3.5241745705886003e-13,
		"phie_11":-1.138369040165645e-11,
		"phie_12":{
			"Re":-1.3018294348488387e-15,
			"Im":-2.9125703023879118e-15
		},
		"phie_13":{
			"Re":1.5686196457863917e-15,
			"Im":5.2363429590802265e-15
		},
		"phie_22":-1.3266733639850174e-11,
		"phie_23":{
			"Re":1.6088187750110873e-14,
			"Im":-1.0461621562314132e-14
		},
		"phie_33":-4.146824481367646e-12,
		"phil1_11":1.7620872754042886e-13,
		"phil1_22":1.7615967894513887e-13,
		"phil1_23":{
			"Re":9.885515906445855e-19,
			"Im":-5.933200907285174e-19
		},
		"phil1_33":1.7161765086698074e-13,
		"phil3_22":-4.9049584291149895e-17,
		"phil3_23":{
			"Re":9.885515906445855e-19,
			"Im":-5.933200907285174e-19
		},
		"phil3_33":-4.591077662449281e-15,
		"phiq1_11":-5.873624284314334e-14,
		"phiq1_22":-5.873624284314334e-14,
		"phiq1_33":-5.873624284314334e-14,
		"phiu_11":-2.3494497137257335e-13,
		"phiu_22":-2.3494497137257335e-13,
		"phiu_33":-2.3494497137257335e-13,
		"ld_1111":-1.1747248568628668e-13,
		"ld_1122":-1.1747248568628668e-13,
		"ld_1133":-1.1747248568628668e-13,
		"ld_2211":-1.1747248568628668e-13,
		"ld_2222":-1.1747248568628668e-13,
		"ld_2233":-1.1747248568628668e-13,
		"ld_3311":-1.1747248568628668e-13,
		"ld_3322":-1.1747248568628668e-13,
		"ld_3333":-1.1747248568628668e-13,
		"le_1111":1.138369040165645e-11,
		"le_1112":{
			"Re":1.3018294348488387e-15,
			"Im":2.9125703023879118e-15
		},
		"le_1113":{
			"Re":-1.5686196457863917e-15,
			"Im":-5.2363429590802265e-15
		},
		"le_1122":1.3266733639850174e-11,
		"le_1123":{
			"Re":-1.6088187750110873e-14,
			"Im":1.0461621562314132e-14
		},
		"le_1133":4.146824481367646e-12,
		"le_2211":1.138369040165645e-11,
		"le_2212":{
			"Re":1.3018294348488387e-15,
			"Im":2.9125703023879118e-15
		},
		"le_2213":{
			"Re":-1.5686196457863917e-15,
			"Im":-5.2363429590802265e-15
		},
		"le_2222":1.3266733639850174e-11,
		"le_2223":{
			"Re":-1.6088187750110873e-14,
			"Im":1.0461621562314132e-14
		},
		"le_2233":4.146824481367646e-12,
		"le_3311":1.138369040165645e-11,
		"le_3312":{
			"Re":1.3018294348488387e-15,
			"Im":2.9125703023879118e-15
		},
		"le_3313":{
			"Re":-1.5686196457863917e-15,
			"Im":-5.2363429590802265e-15
		},
		"le_3322":1.3266733639850174e-11,
		"le_3323":{
			"Re":-1.6088187750110873e-14,
			"Im":1.0461621562314132e-14
		},
		"le_3333":4.146824481367646e-12,
		"ll_1111":-8.810436426471501e-14,
		"ll_1122":-1.7620872852943001e-13,
		"ll_1133":-1.7620872852943001e-13,
		"ll_2222":-8.810436426471501e-14,
		"ll_2233":-1.7620872852943001e-13,
		"ll_3333":-8.810436426471501e-14,
		"lq1_1111":5.873624284314334e-14,
		"lq1_1122":5.873624284314334e-14,
		"lq1_1133":5.873624284314334e-14,
		"lq1_2211":5.873624284314334e-14,
		"lq1_2222":5.873624284314334e-14,
		"lq1_2233":5.873624284314334e-14,