{
	"eft":"SMEFT",
	"basis":"Warsaw",
	"scale":1000,
	"values":{
		"dd_1111":-2.937875490036109e-14,
		"dd_1122":-5.875750980072217e-14,
		"dd_1133":-5.875750980072217e-14,
		"dd_2222":-2.937875490036109e-14,
		"dd_2233":-5.875750980072217e-14,
		"dd_3333":-2.937875490036109e-14,
		"eB_11":8.421074973298697e-17,
		"eB_13":{
			"Re":-1.1172315324055753e-19,
			"Im":-7.139389632813567e-20
		},
		"eB_21":{
			"Re":4.343016067530867e-20,
			"Im":7.640215319077544e-20
		},
		"eB_22":1.8204295704988577e-14,
		"eB_23":{
			"Re":2.9134619028481703e-18,
			"Im":8.386085067238055e-18
		},
		"eB_31":{
			"Re":-3.8850141426168737e-16,
			"Im":2.482621452101149e-16
		},
		"eB_32":{
			"Re":4.899695115490416e-17,
			"Im":-1.4103242606972044e-16
		},
		"eB_33":2.357635206708035e-13,
		"ed_1111":5.2319025409423786e-12,
		"ed_1122":5.2319025409423786e-12,
		"ed_1133":5.2319025409423786e-12,
		"ed_1211":{
			"Re":1.2075831974173278e-17,
			"Im":-1.62279026221455e-17
		},
		"ed_1222":{
			"Re":1.2075831974173278e-17,
			"Im":-1.62279026221455e-17
		},
		"ed_1233":{
			"Re":1.2075831974173278e-17,
			"Im":-1.62279026221455e-17
		},
		"ed_1311":{
			"Re":-7.008000452731422e-15,
			"Im":-4.69747599348888e-15
		},
		"ed_1322":{
			"Re":-7.008000452731422e-15,
			"Im":-4.69747599348888e-15
		},
		"ed_1333":{
			"Re":-7.008000452731422e-15,
			"Im":-4.69747599348888e-15
		},
		"ed_2211":5.47720606495887e-12,
		"ed_2222":5.47720606495887e-12,
		"ed_2233":5.47720606495887e-12,
		"ed_2311":{
			"Re":8.701279606226536e-16,
			"Im":2.5743118790148345e-15
		},
		"ed_2322":{
			"Re":8.701279606226536e-16,
			"Im":2.5743118790148345e-15
		},
		"ed_2333":{
			"Re":8.701279606226536e-16,
			"Im":2.5743118790148345e-15
		},
		"ed_3311":4.179976370149159e-12,
		"ed_3322":4.179976370149159e-12,
		"ed_3333":4.179976370149159e-12,
		"ee_1111":-2.4446671272198356e-10,
		"ee_1112":{
			"Re":9.768095567935236e-13,
			"Im":-1.0323805605240521e-12
		},
		"ee_1113":{
			"Re":-5.3260525490384066e-11,
			"Im":4.334454292498034e-11
		},
		"ee_1122":-9.637227141990338e-10,
		"ee_1123":{
			"Re":-6.050386876055292e-13,
			"Im":-5.175043177819647e-13
		},
		"ee_1133":-7.1662605623859e-10,
		"ee_1212":{
			"Re":-2.004492675358411e-10,
			"Im":-1.1133755721702181e-10
		},
		"ee_1213":{
			"Re":-5.174567536554396e-12,
			"Im":-1.180040785417917e-11
		},
		"ee_1222":{
			"Re":-3.767096091573784e-13,
			"Im":-1.4614822960033715e-12
		},
		"ee_1223":{
			"Re":1.3209531603211305e-12,
			"Im":7.611725836869635e-13
		},
		"ee_1232":{
			"Re":2.8624309558913687e-11,
			"Im":6.753019212761678e-11
		},
		"ee_1233":{
			"Re":-1.0193654307392074e-12,
			"Im":3.996324071846153e-12
		},
		"ee_1313":{
			"Re":-3.905411767207774e-11,
			"Im":1.6967220454196576e-10
		},
		"ee_1323":{
			"Re":-9.90424449304026e-13,
			"Im":5.821756551029392e-13
		},
		"ee_1333":{
			"Re":4.423371861638301e-11,
			"Im":-3.445003050054885e-11
		},
		"ee_2222":-2.608566043073324e-10,
		"ee_2223":{
			"Re":1.0717234459704794e-11,
			"Im":7.809292789791989e-12
		},
		"ee_2233":-7.721005914709744e-10,
		"ee_2323":{
			"Re":-5.118825940339513e-11,
			"Im":-1.7749103826286755e-10
		},
		"ee_2333":{
			"Re":-8.453081118515148e-12,
			"Im":-6.555014909192331e-12
		},
		"ee_3333":-1.5595475867347095e-10,
		"ephi_11":-2.423225912895068e-18,
		"ephi_22":-5.237601756122822e-16,
		"ephi_23":{
			"Re":-7.985234421381876e-20,
			"Im":-2.344033986837458e-19
		},
		"ephi_31":{
			"Re":1.0995820149527897e-17,
			"Im":-7.267463795822967e-18
		},
		"ephi_32":{
			"Re":-1.371606185651974e-18,
			"Im":4.024658151248732e-18
		},
		"ephi_33":-6.6479337850774e-15,
		"eu_1111":-1.0463805081884757e-11,
		"eu_1122":-1.0463805081884757e-11,
		"eu_1133":-1.0463805081884757e-11,
		"eu_1211":{
			"Re":-2.4151663948346556e-17,
			"Im":3.2455805244291e-17
		},
		"eu_1222":{
			"Re":-2.4151663948346556e-17,
			"Im":3.2455805244291e-17
		},
		"eu_1233":{
			"Re":-2.4151663948346556e-17,
			"Im":3.2455805244291e-17
		},
		"eu_1311":{
			"Re":1.4016000905462843e-14,
			"Im":9.39495198697776e-15
		},
		"eu_1322":{
			"Re":1.4016000905462843e-14,
			"Im":9.39495198697776e-15
		},
		"eu_1333":{
			"Re":1.4016000905462843e-14,
			"Im":9.39495198697776e-15
		},
		"eu_2211":-1.095441212991774e-11,
		"eu_2222":-1.095441212991774e-11,
		"eu_2233":-1.095441212991774e-11,
		"eu_2311":{
			"Re":-1.7402559212453072e-15,
			"Im":-5.148623758029669e-15
		},
		"eu_2322":{
			"Re":-1.7402559212453072e-15,
			"Im":-5.148623758029669e-15
		},
		"eu_2333":{
			"Re":-1.7402559212453072e-15,
			"Im":-5.148623758029669e-15
		},
		"eu_3311":-8.359952740298318e-12,
		"eu_3322":-8.359952740298318e-12,
		"eu_3333":-8.359952740298318e-12,
		"phi":-5.688099336832639e-19,
		"phiB":1.5815645269557208e-14,
		"phiBox":-6.629140148794598e-14,
		"phid_11":8.813626470108325e-14,
		"phid_22":8.813626470108325e-14,
		"phid_33":8.813626470108325e-14,
		"phiD":-2.6440879410324973e-13,
		"phie_11":-7.847853811413568e-12,
		"phie_12":{
			"Re":-1.8113747961254395e-17,
			"Im":2.434185393315514e-17
		},
		"phie_13":{
			"Re":1.0512000679097512e-14,
			"Im":7.046213990233092e-15
		},
		"phie_22":-8.215809097438297e-12,
		"phie_23":{
			"Re":-1.305191940933911e-15,
			"Im":-3.861467818522204e-15
		},
		"phie_33":-6.269964555223734e-12,
		"phil1_11":1.3220439635436185e-13,
		"phil1_22":1.3217323021829926e-13,
		"phil1_23":{
			"Re":-8.388568472271653e-20,
			"Im":-2.4145587327588093e-19
		},
		"phil1_33":1.254161894060144e-13,
		"phil3_22":-3.116683332560155e-17,
		"phil3_23":{
			"Re":-8.388568472271653e-20,
			"Im":-2.4145587327588093e-19
		},
		"phil3_33":-6.788207645610469e-15,
		"phiq1_11":-4.4068132350541624e-14,
		"phiq1_22":-4.4068132350541624e-14,
		"phiq1_33":-4.4068132350541624e-14,
		"phiu_11":-1.762725294021665e-13,
		"phiu_22":-1.762725294021665e-13,
		"phiu_33":-1.762725294021665e-13,
		"ld_1111":-8.813626470108325e-14,
		"ld_1122":-8.813626470108325e-14,
		"ld_1133":-8.813626470108325e-14,
		"ld_2211":-8.813626470108325e-14,
		"ld_2222":-8.813626470108325e-14,
		"ld_2233":-8.813626470108325e-14,
		"ld_3311":-8.813626470108325e-14,
		"ld_3322":-8.813626470108325e-14,
		"ld_3333":-8.813626470108325e-14,
		"le_1111":7.847853811413568e-12,
		"le_1112":{
			"Re":1.8113747961254395e-17,
			"Im":-2.434185393315514e-17
		},
		"le_1113":{
			"Re":-1.0512000679097512e-14,
			"Im":-7.046213990233092e-15
		},
		"le_1122":8.215809097438297e-12,
		"le_1123":{
			"Re":1.305191940933911e-15,
			"Im":3.861467818522204e-15
		},
		"le_1133":6.269964555223734e-12,
		"le_2211":7.847853811413568e-12,
		"le_2212":{
			"Re":1.8113747961254395e-17,
			"Im":-2.434185393315514e-17
		},
		"le_2213":{
			"Re":-1.0512000679097512e-14,
			"Im":-7.046213990233092e-15
		},
		"le_2222":8.215809097438297e-12,
		"le_2223":{
			"Re":1.305191940933911e-15,
			"Im":3.861467818522204e-15
		},
		"le_2233":6.269964555223734e-12,
		"le_3311":7.847853811413568e-12,
		"le_3312":{
			"Re":1.8113747961254395e-17,
			"Im":-2.434185393315514e-17
		},
		"le_3313":{
			"Re":-1.0512000679097512e-14,
			"Im":-7.046213990233092e-15
		},
		"le_3322":8.215809097438297e-12,
		"le_3323":{
			"Re":1.305191940933911e-15,
			"Im":3.861467818522204e-15
		},
		"le_3333":6.269964555223734e-12,
		"ll_1111":-6.610219852581243e-14,
		"ll_1122":-1.3220439705162487e-13,
		"ll_1133":-1.3220439705162487e-13,
		"ll_2222":-6.610219852581243e-14,
		"ll_2233":-1.3220439705162487e-13,
		"ll_3333":-6.610219852581243e-14,
		"lq1_1111":4.4068132350541624e-14,
		"lq1_1122":4.4068132350541624e-14,
		"lq1_1133":4.4068132350541624e-14,
		"lq1_2211":4.4068132350541624e-14,
		"lq1_2222":4.4068132350541624e-14,
		"lq1_2233":4.4068132350541624e-14,
		"lq1_3311":4.4068132350541624e-14,
		"lq1_3322":4.4068132350541624e-14,
		"lq1_3333":4.4068132350541624e-14,
		"lu_1111":1.762725294021665e-13,
		"lu_1122":1.762725294021665e-13,
		"lu_1133":1.762725294021665e-13,
		"lu_2211":1.762725294021665e-13,
		"lu_2222":1.762725294021665e-13,
		"lu_2233":1.762725294021665e-13,