{
	"eft":"SMEFT",
	"basis":"Warsaw",
	"scale":1000,
	"values":{
		"dd_1111":-6.716919284048183e-13,
		"dd_1122":-1.3433838568096366e-12,
		"dd_1133":-1.3433838568096366e-12,
		"dd_2222":-6.716919284048183e-13,
		"dd_2233":-1.3433838568096366e-12,
		"dd_3333":-6.716919284048183e-13,
		"eB_11":2.7368314235301917e-15,
		"eB_12":{
			"Re":-4.061570018277565e-18,
			"Im":6.668996629723692e-19
		},
		"eB_13":{
			"Re":-5.67299985079286e-16,
			"Im":1.855418909165235e-16
		},
		"eB_21":{
			"Re":-8.398150452665466e-16,
			"Im":-1.3789553500911307e-16
		},
		"eB_22":1.6529288681615776e-13,
		"eB_23":{
			"Re":-1.5367646055748525e-16,
			"Im":3.5868638265188785e-16
		},
		"eB_31":{
			"Re":-1.9727052103462507e-12,
			"Im":-6.451956012256313e-13
		},
		"eB_32":{
			"Re":-2.584443621601531e-15,
			"Im":-6.03218430745422e-15
		},
		"eB_33":1.4719793564347797e-12,
		"ed_1111":1.5440986207640424e-10,
		"ed_1122":1.5440986207640424e-10,
		"ed_1133":1.5440986207640424e-10,
		"ed_1211":{
			"Re":-2.419902343547663e-13,
			"Im":5.1542799799488927e-14
		},
		"ed_1222":{
			"Re":-2.419902343547663e-13,
			"Im":5.1542799799488927e-14
		},
		"ed_1233":{
			"Re":-2.419902343547663e-13,
			"Im":5.1542799799488927e-14
		},
		"ed_1311":{
			"Re":-3.243375846895516e-11,
			"Im":1.0612706651525737e-11
		},
		"ed_1322":{
			"Re":-3.243375846895516e-11,
			"Im":1.0612706651525737e-11
		},
		"ed_1333":{
			"Re":-3.243375846895516e-11,
			"Im":1.0612706651525737e-11
		},
		"ed_2211":4.614163568909163e-11,
		"ed_2222":4.614163568909163e-11,
		"ed_2233":4.614163568909163e-11,
		"ed_2311":{
			"Re":-1.155970866538622e-13,
			"Im":5.488481741754831e-14
		},
		"ed_2322":{
			"Re":-1.155970866538622e-13,
			"Im":5.488481741754831e-14
		},
		"ed_2333":{
			"Re":-1.155970866538622e-13,
			"Im":5.488481741754831e-14
		},
		"ed_3311":2.2133590542560666e-11,
		"ed_3322":2.2133590542560666e-11,
		"ed_3333":2.2133590542560666e-11,
		"ee_1111":-1.5540281618444674e-8,
		"ee_1112":{
			"Re":-8.801794446385426e-12,
			"Im":1.1692514646599763e-10
		},
		"ee_1113":{
			"Re":6.586974897389876e-9,
			"Im":-2.209212988029103e-9
		},
		"ee_1122":-1.1660077184905229e-8,
		"ee_1123":{
			"Re":4.428805730002011e-11,
			"Im":2.0998614992103243e-11
		},
		"ee_1133":-7.08581053787471e-9,
		"ee_1212":{
			"Re":9.758482039293024e-10,
			"Im":1.5157202820726214e-9
		},
		"ee_1213":{
			"Re":-7.952857111776678e-11,
			"Im":5.266964586716983e-10
		},
		"ee_1222":{
			"Re":4.560459105501785e-11,
			"Im":-5.4182791147285876e-11
		},
		"ee_1223":{
			"Re":2.4528295443365e-9,
			"Im":-8.032407252419638e-10
		},
		"ee_1232":{
			"Re":-2.0921304145271043e-10,
			"Im":-7.16982165184676e-10
		},
		"ee_1233":{
			"Re":9.222056152975981e-11,
			"Im":-2.0402755268538904e-10
		},
		"ee_1313":{
			"Re":-1.1798185037727605e-10,
			"Im":-2.3497545874381026e-11
		},
		"ee_1323":{
			"Re":-2.8804894147343086e-11,
			"Im":-3.754591150553225e-12
		},
		"ee_1333":{
			"Re":9.034480001683598e-10,
			"Im":-2.4607115018269e-10
		},
		"ee_2222":-9.806064540365205e-10,
		"ee_2223":{
			"Re":1.6571200143354387e-10,
			"Im":1.2931723763380326e-10
		},
		"ee_2233":-1.6646281470494648e-9,
		"ee_2323":{
			"Re":-5.711751367601069e-11,
			"Im":-3.5404185126505836e-10
		},
		"ee_2333":{
			"Re":-7.714472389782771e-11,
			"Im":-7.163028446517799e-11
		},
		"ee_3333":-2.607157372337883e-10,
		"ephi_11":-1.0040850411370278e-16,
		"ephi_12":{
			"Re":1.5197171102588386e-19,
			"Im":-3.0066454572645677e-20
		},
		"ephi_13":{
			"Re":2.0302844836601513e-17,
			"Im":-6.642387828865581e-18
		},
		"ephi_21":{
			"Re":3.1425093430748326e-17,
			"Im":6.217158540655992e-18
		},
		"ephi_22":-6.4124505941805165e-15,
		"ephi_23":{
			"Re":1.2045074739290533e-17,
			"Im":-8.87136810767292e-18
		},
		"ephi_31":{
			"Re":7.175966235394817e-14,
			"Im":2.3477156166368016e-14
		},
		"ephi_32":{
			"Re":2.0408080170653432e-16,
			"Im":1.5272634692368313e-16
		},
		"ephi_33":-5.563498138701447e-14,
		"eu_1111":-3.088197241528085e-10,
		"eu_1122":-3.088197241528085e-10,
		"eu_1133":-3.088197241528085e-10,
		"eu_1211":{
			"Re":4.839804687095326e-13,
			"Im":-1.0308559959897785e-13
		},
		"eu_1222":{
			"Re":4.839804687095326e-13,
			"Im":-1.0308559959897785e-13
		},
		"eu_1233":{
			"Re":4.839804687095326e-13,
			"Im":-1.0308559959897785e-13
		},
		"eu_1311":{
			"Re":6.486751693791032e-11,
			"Im":-2.1225413303051475e-11
		},
		"eu_1322":{
			"Re":6.486751693791032e-11,
			"Im":-2.1225413303051475e-11
		},
		"eu_1333":{
			"Re":6.486751693791032e-11,
			"Im":-2.1225413303051475e-11
		},
		"eu_2211":-9.228327137818326e-11,
		"eu_2222":-9.228327137818326e-11,
		"eu_2233":-9.228327137818326e-11,
		"eu_2311":{
			"Re":2.311941733077244e-13,
			"Im":-1.0976963483509662e-13
		},
		"eu_2322":{
			"Re":2.311941733077244e-13,
			"Im":-1.0976963483509662e-13
		},
		"eu_2333":{
			"Re":2.311941733077244e-13,
			"Im":-1.0976963483509662e-13
		},
		"eu_3311":-4.426718108512133e-11,
		"eu_3322":-4.426718108512133e-11,
		"eu_3333":-4.426718108512133e-11,
		"phi":-3.3455318084002804e-17,
		"phiB":4.954624451416133e-13,
		"phiBox":-1.5194283873689496e-12,
		"phid_11":2.0150757852144547e-12,
		"phid_22":2.0150757852144547e-12,
		"phid_33":2.0150757852144547e-12,
		"phiD":-6.045227355643364e-12,
		"phie_11":-2.3161479311460614e-10,
		"phie_12":{
			"Re":3.6298535153214937e-13,
			"Im":-7.731419969923382e-14
		},
		"phie_13":{
			"Re":4.865063770343269e-11,
			"Im":-1.591905997728859e-11
		},
		"phie_22":-6.921245353363735e-11,
		"phie_23":{
			"Re":1.7339562998079465e-13,
			"Im":-8.232722612632086e-14
		},
		"phie_33":-3.320038581384096e-11,
		"phil1_11":3.022613655160783e-12,
		"phil1_13":{
			"Re":1.633395228028936e-17,
			"Im":-5.342204251603473e-18
		},
		"phil1_22":3.0223306866015442e-12,
		"phil1_23":{
			"Re":4.4247206757800305e-18,
			"Im":-1.0327457098392911e-17
		},
		"phil1_33":2.980231796633696e-12,
		"phil3_11":-2.2660899173725053e-20,
		"phil3_13":{
			"Re":1.633395228028936e-17,
			"Im":-5.342204251603473e-18
		},
		"phil3_22":-2.8299122013794724e-16,
		"phil3_23":{
			"Re":4.4247206757800305e-18,
			"Im":-1.0327457098392911e-17
		},
		"phil3_33":-4.2381881187986324e-14,
		"phiq1_11":-1.0075378926072273e-12,
		"phiq1_22":-1.0075378926072273e-12,
		"phiq1_33":-1.0075378926072273e-12,
		"phiu_11":-4.030151570428909e-12,
		"phiu_22":-4.030151570428909e-12,
		"phiu_33":-4.030151570428909e-12,
		"ld_1111":-2.0150757852144547e-12,
		"ld_1122":-2.0150757852144547e-12,
		"ld_1133":-2.0150757852144547e-12,
		"ld_2211":-2.0150757852144547e-12,
		"ld_2222":-2.0150757852144547e-12,
		"ld_2233":-2.0150757852144547e-12,
		"ld_3311":-2.0150757852144547e-12,
		"ld_3322":-2.0150757852144547e-12,
		"ld_3333":-2.0150757852144547e-12,
		"le_1111":2.3161479311460614e-10,
		"le_1112":{
			"Re":-3.6298535153214937e-13,
			"Im":7.731419969923382e-14
		},
		"le_1113":{
			"Re":-4.865063770343269e-11,
			"Im":1.591905997728859e-11
		},
		"le_1122":6.921245353363735e-11,
		"le_1123":{
			"Re":-1.7339562998079465e-13,
			"Im":8.232722612632086e-14
		},
		"le_1133":3.320038581384096e-11,
		"le_2211":2.3161479311460614e-10,
		"le_2212":{
			"Re":-3.6298535153214937e-13,
			"Im":7.731419969923382e-14
		},
		"le_2213":{
			"Re":-4.865063770343269e-11,
			"Im":1.591905997728859e-11
		},
		"le_2222":6.921245353363735e-11,
		"le_2223":{
			"Re":-1.7339562998079465e-13,
			"Im":8.232722612632086e-14
		},
		"le_2233":3.320038581384096e-11,
		"le_3311":2.3161479311460614e-10,
		"le_3312":{
			"Re":-3.6298535153214937e-13,
			"Im":7.731419969923382e-14
		},
		"le_3313":{
			"Re":-4.865063770343269e-11,
			"Im":1.591905997728859e-11
		},
		"le_3322":6.921245353363735e-11,
		"le_3323":{
			"Re":-1.7339562998079465e-13,
			"Im":8.232722612632086e-14
		},
		"le_3333":3.320038581384096e-11,
		"ll_1111":-1.511306838910841e-12,
		"ll_1122":-3.022613677821682e-12,
		"ll_1133":-3.022613677821682e-12,
		"ll_2222":-1.511306838910841e-12,
		"ll_2233":-3.022613677821682e-12,
		"ll_3333":-1.511306838910841e-12,