{
	"eft":"SMEFT",
	"basis":"Warsaw",
	"scale":1000,
	"values":{
		"dd_1111":-3.788632570176977e-14,
		"dd_1122":-7.577265140353953e-14,
		"dd_1133":-7.577265140353953e-14,
		"dd_2222":-3.788632570176977e-14,
		"dd_2233":-7.577265140353953e-14,
		"dd_3333":-3.788632570176977e-14,
		"eB_11":1.350678152707801e-16,
		"eB_12":-4.502910210426407e-20,
		"eB_13":{
			"Re":6.794921527104864e-19,
			"Im":1.062305819917137e-19
		},
		"eB_21":{
			"Re":-9.310714145472687e-18,
			"Im":-1.6340920216560335e-18
		},
		"eB_22":3.359838513933742e-14,
		"eB_23":{
			"Re":7.324967412607022e-16,
			"Im":3.36421274923382e-16
		},
		"eB_31":{
			"Re":2.362837555608307e-15,
			"Im":-3.694017770225752e-16
		},
		"eB_32":{
			"Re":1.2318715071440205e-14,
			"Im":-5.657742343834961e-15
		},
		"eB_33":3.517944665634131e-13,
		"ed_1111":8.309523076088029e-12,
		"ed_1122":8.309523076088029e-12,
		"ed_1133":8.309523076088029e-12,
		"ed_1211":{
			"Re":-2.7523582305073097e-15,
			"Im":5.96800971336255e-16
		},
		"ed_1222":{
			"Re":-2.7523582305073097e-15,
			"Im":5.96800971336255e-16
		},
		"ed_1233":{
			"Re":-2.7523582305073097e-15,
			"Im":5.96800971336255e-16
		},
		"ed_1311":{
			"Re":4.245600392427251e-14,
			"Im":6.316331135853162e-15
		},
		"ed_1322":{
			"Re":4.245600392427251e-14,
			"Im":6.316331135853162e-15
		},
		"ed_1333":{
			"Re":4.245600392427251e-14,
			"Im":6.316331135853162e-15
		},
		"ed_2211":9.969052352011769e-12,
		"ed_2222":9.969052352011769e-12,
		"ed_2233":9.969052352011769e-12,
		"ed_2311":{
			"Re":2.1394543784256203e-13,
			"Im":9.872956365250829e-14
		},
		"ed_2322":{
			"Re":2.1394543784256203e-13,
			"Im":9.872956365250829e-14
		},
		"ed_2333":{
			"Re":2.1394543784256203e-13,
			"Im":9.872956365250829e-14
		},
		"ed_3311":6.2251484665417405e-12,
		"ed_3322":6.2251484665417405e-12,
		"ed_3333":6.2251484665417405e-12,
		"ee_1111":-5.08105336267971e-10,
		"ee_1112":{
			"Re":1.1375478934142545e-12,
			"Im":2.3093066107175304e-12
		},
		"ee_1113":{
			"Re":1.5091389302987305e-12,
			"Im":-2.9505696520384778e-12
		},
		"ee_1122":-2.1958917404123097e-9,
		"ee_1123":{
			"Re":-4.7717043556001834e-11,
			"Im":-2.202349943212812e-11
		},
		"ee_1133":-1.3661657037328237e-9,
		"ee_1212":{
			"Re":2.007616483350365e-10,
			"Im":-4.2725733942669096e-10
		},
		"ee_1213":{
			"Re":8.233295229171033e-11,
			"Im":-9.415809852627458e-11
		},
		"ee_1222":{
			"Re":-1.5642968776226209e-12,
			"Im":-1.8995513400052945e-12
		},
		"ee_1223":{
			"Re":-1.1588951691934111e-11,
			"Im":-2.323429913296883e-12
		},
		"ee_1232":{
			"Re":6.9687954204520945e-12,
			"Im":-1.0627145563867335e-11
		},
		"ee_1233":{
			"Re":2.743059402297496e-12,
			"Im":-2.2090577868513666e-12
		},
		"ee_1313":{
			"Re":-2.4634404746388637e-10,
			"Im":1.8149425293876853e-10
		},
		"ee_1323":{
			"Re":5.406645386323681e-13,
			"Im":1.5631372374574605e-12
		},
		"ee_1333":{
			"Re":-1.4179704122574601e-11,
			"Im":2.8375048093688818e-12
		},
		"ee_2222":-7.699419635323343e-10,
		"ee_2223":{
			"Re":8.27399977943569e-11,
			"Im":1.3772833265762444e-11
		},
		"ee_2233":-1.6058142336954981e-9,
		"ee_2323":{
			"Re":-3.140077243205312e-10,
			"Im":-1.704255701907035e-10
		},
		"ee_2333":{
			"Re":-1.2796409731314258e-10,
			"Im":-3.6797432369105963e-11
		},
		"ee_3333":-2.800126286963887e-10,
		"ephi_11":-1.3883468885653278e-16,
		"ephi_12":4.5215561545614016e-20,
		"ephi_13":{
			"Re":-6.924414508863263e-19,
			"Im":-1.045887760699904e-19
		},
		"ephi_21":{
			"Re":9.349287905038928e-18,
			"Im":1.909344288518081e-18
		},
		"ephi_22":-3.4361336721869976e-14,
		"ephi_23":{
			"Re":-7.289890184471947e-16,
			"Im":-3.35916460670803e-16
		},
		"ephi_31":{
			"Re":-2.4092555916729058e-15,
			"Im":3.63909734991953e-16
		},
		"ephi_32":{
			"Re":-1.2266938544661447e-14,
			"Im":5.6525660802619714e-15
		},
		"ephi_33":-3.637125348002677e-13,
		"eu_1111":-1.6619046152176057e-11,
		"eu_1122":-1.6619046152176057e-11,
		"eu_1133":-1.6619046152176057e-11,
		"eu_1211":{
			"Re":5.504716461014619e-15,
			"Im":-1.19360194267251e-15
		},
		"eu_1222":{
			"Re":5.504716461014619e-15,
			"Im":-1.19360194267251e-15
		},
		"eu_1233":{
			"Re":5.504716461014619e-15,
			"Im":-1.19360194267251e-15
		},
		"eu_1311":{
			"Re":-8.491200784854502e-14,
			"Im":-1.2632662271706324e-14
		},
		"eu_1322":{
			"Re":-8.491200784854502e-14,
			"Im":-1.2632662271706324e-14
		},
		"eu_1333":{
			"Re":-8.491200784854502e-14,
			"Im":-1.2632662271706324e-14
		},
		"eu_2211":-1.9938104704023538e-11,
		"eu_2222":-1.9938104704023538e-11,
		"eu_2233":-1.9938104704023538e-11,
		"eu_2311":{
			"Re":-4.2789087568512406e-13,
			"Im":-1.9745912730501658e-13
		},
		"eu_2322":{
			"Re":-4.2789087568512406e-13,
			"Im":-1.9745912730501658e-13
		},
		"eu_2333":{
			"Re":-4.2789087568512406e-13,
			"Im":-1.9745912730501658e-13
		},
		"eu_3311":-1.2450296933083481e-11,
		"eu_3322":-1.2450296933083481e-11,
		"eu_3333":-1.2450296933083481e-11,
		"phi":-3.4579608238103386e-14,
		"phiB":7.367790742955832e-13,
		"phiBox":-4.0364900128347415e-13,
		"phid_11":1.1365897710530929e-13,
		"phid_22":1.1365897710530929e-13,
		"phid_33":1.1365897710530929e-13,
		"phiD":-3.409769313159279e-13,
		"phie_11":-1.2464284614132028e-11,
		"phie_12":{
			"Re":4.12853734576097e-15,
			"Im":-8.95201457004358e-16
		},
		"phie_13":{
			"Re":-6.36840058864087e-14,
			"Im":-9.474496703779737e-15
		},
		"phie_22":-1.4953578528017656e-11,
		"phie_23":{
			"Re":-3.209181567638442e-13,
			"Im":-1.480943454787629e-13
		},
		"phie_33":-9.3377226998126e-12,
		"phil1_11":1.7048846453960564e-13,
		"phil1_13":-1.9564238831511687e-20,
		"phil1_22":1.70430943231026e-13,
		"phil1_23":{
			"Re":-2.1090370407021174e-17,
			"Im":-9.686390261238271e-18
		},
		"phil1_33":1.6035944365823035e-13,
		"phil3_13":-1.9564238831511687e-20,
		"phil3_22":-5.752242693795295e-17,
		"phil3_23":{
			"Re":-2.1090370407021174e-17,
			"Im":-9.686390261238271e-18
		},
		"phil3_33":-1.0129021999733587e-14,
		"phiq1_11":-5.6829488552654645e-14,
		"phiq1_22":-5.6829488552654645e-14,
		"phiq1_33":-5.6829488552654645e-14,
		"phiu_11":-2.2731795421061858e-13,
		"phiu_22":-2.2731795421061858e-13,
		"phiu_33":-2.2731795421061858e-13,
		"ld_1111":-1.1365897710530929e-13,
		"ld_1122":-1.1365897710530929e-13,
		"ld_1133":-1.1365897710530929e-13,
		"ld_2211":-1.1365897710530929e-13,
		"ld_2222":-1.1365897710530929e-13,
		"ld_2233":-1.1365897710530929e-13,
		"ld_3311":-1.1365897710530929e-13,
		"ld_3322":-1.1365897710530929e-13,
		"ld_3333":-1.1365897710530929e-13,
		"le_1111":1.2464284614132028e-11,
		"le_1112":{
			"Re":-4.12853734576097e-15,
			"Im":8.95201457004358e-16
		},
		"le_1113":{
			"Re":6.36840058864087e-14,
			"Im":9.474496703779737e-15
		},
		"le_1122":1.4953578528017656e-11,
		"le_1123":{
			"Re":3.209181567638442e-13,
			"Im":1.480943454787629e-13
		},
		"le_1133":9.3377226998126e-12,
		"le_2211":1.2464284614132028e-11,
		"le_2212":{
			"Re":-4.12853734576097e-15,
			"Im":8.95201457004358e-16
		},
		"le_2213":{
			"Re":6.36840058864087e-14,
			"Im":9.474496703779737e-15
		},
		"le_2222":1.4953578528017656e-11,
		"le_2223":{
			"Re":3.209181567638442e-13,
			"Im":1.480943454787629e-13
		},
		"le_2233":9.3377226998126e-12,
		"le_3311":1.2464284614132028e-11,
		"le_3312":{
			"Re":-4.12853734576097e-15,
			"Im":8.95201457004358e-16
		},
		"le_3313":{
			"Re":6.36840058864087e-14,
			"Im":9.474496703779737e-15
		},
		"le_3322":1.4953578528017656e-11,
		"le_3323":{
			"Re":3.209181567638442e-13,
			"Im":1.480943454787629e-13
		},
		"le_3333":9.3377226998126e-12,
		"ll_1111":-8.524423282898197e-14,
		"ll_1122":-1.7048846565796395e-13,
		"ll_1133":-1.7048846565796395e-13,
		"ll_2222":-8.524423282898197e-14,
		"ll_2233":-1.7048846565796395e-13,
		"ll_3333":-8.524423282898197e-14,
		"lq1_1111":5.6829488552654645e-14,
		"lq1_1122":5.6829488552654645e-14,
		"lq1_1133":5.6829488552654645e-14,
		"lq1_2211":5.6829488552654645e-14,
		"lq1_2222":5.6829488552654645e-14,
		"lq1_2233":5.6829488552654645e-14,