{
	"eft":"SMEFT",
	"basis":"Warsaw",
	"scale":1000,
	"values":{
		"dd_1111":-3.181093620249408e-14,
		"dd_1122":-6.362187240498816e-14,
		"dd_1133":-6.362187240498816e-14,
		"dd_2222":-3.181093620249408e-14,
		"dd_2233":-6.362187240498816e-14,
		"dd_3333":-3.181093620249408e-14,
		"eB_11":1.1723695824193572e-16,
		"eB_13":{
			"Re":5.523822405529023e-18,
			"Im":-1.0297096108241288e-18
		},
		"eB_21":{
			"Re":5.675934174791432e-19,
			"Im":-1.8338402552750773e-18
		},
		"eB_22":1.7859055746872312e-14,
		"eB_23":{
			"Re":1.666220522123205e-18,
			"Im":2.4563863900977044e-18
		},
		"eB_31":{
			"Re":1.9208308702654923e-14,
			"Im":3.580669077811575e-15
		},
		"eB_32":{
			"Re":2.802155245482099e-17,
			"Im":-4.131011421688734e-17
		},
		"eB_33":8.166971314372436e-14,
		"ed_1111":7.61874205691501e-12,
		"ed_1122":7.61874205691501e-12,
		"ed_1133":7.61874205691501e-12,
		"ed_1211":{
			"Re":1.830699219246611e-16,
			"Im":5.90896725186166e-16
		},
		"ed_1222":{
			"Re":1.830699219246611e-16,
			"Im":5.90896725186166e-16
		},
		"ed_1233":{
			"Re":1.830699219246611e-16,
			"Im":5.90896725186166e-16
		},
		"ed_1311":{
			"Re":3.677399092083419e-13,
			"Im":-6.855720195191168e-14
		},
		"ed_1322":{
			"Re":3.677399092083419e-13,
			"Im":-6.855720195191168e-14
		},
		"ed_1333":{
			"Re":3.677399092083419e-13,
			"Im":-6.855720195191168e-14
		},
		"ed_2211":5.567485876290743e-12,
		"ed_2222":5.567485876290743e-12,
		"ed_2233":5.567485876290743e-12,
		"ed_2311":{
			"Re":5.360011938910826e-16,
			"Im":7.887109243557287e-16
		},
		"ed_2322":{
			"Re":5.360011938910826e-16,
			"Im":7.887109243557287e-16
		},
		"ed_2333":{
			"Re":5.360011938910826e-16,
			"Im":7.887109243557287e-16
		},
		"ed_3311":1.3775634033860222e-12,
		"ed_3322":1.3775634033860222e-12,
		"ed_3333":1.3775634033860222e-12,
		"ee_1111":{
			"Re":-3.7400617550954424e-10,
			"Im":7.966079736941635e-20
		},
		"ee_1112":{
			"Re":-9.99087524888223e-16,
			"Im":-3.880245792209589e-14
		},
		"ee_1113":{
			"Re":-2.2815490987706784e-11,
			"Im":-5.733143069518031e-12
		},
		"ee_1122":-1.2602371046929175e-9,
		"ee_1123":{
			"Re":-1.1952195147488625e-13,
			"Im":-1.8253289462439676e-13
		},
		"ee_1133":{
			"Re":-3.2224418745112583e-10,
			"Im":-3.26051114202593e-19
		},
		"ee_1212":{
			"Re":-2.338358881359921e-10,
			"Im":2.7163265303653633e-10
		},
		"ee_1213":{
			"Re":-5.99154803635373e-13,
			"Im":-2.1756970404487952e-13
		},
		"ee_1222":{
			"Re":2.9352709159897474e-15,
			"Im":-2.953367678351092e-14
		},
		"ee_1223":{
			"Re":-6.014759375051373e-11,
			"Im":1.1212799207522409e-11
		},
		"ee_1232":{
			"Re":-4.030673254176241e-11,
			"Im":2.3012832937402975e-11
		},
		"ee_1233":{
			"Re":-7.544336426069902e-14,
			"Im":-6.71877862749319e-14
		},
		"ee_1313":{
			"Re":-8.033129577616217e-12,
			"Im":9.59902526214308e-11
		},
		"ee_1323":{
			"Re":1.0468318851498703e-14,
			"Im":1.6480456128215295e-15
		},
		"ee_1333":{
			"Re":-2.0444017945716972e-11,
			"Im":1.4260003188240968e-11
		},
		"ee_2222":-1.973536912513101e-10,
		"ee_2223":{
			"Re":8.11200356852421e-14,
			"Im":3.066603460087621e-13
		},
		"ee_2233":-2.394180260717324e-10,
		"ee_2323":{
			"Re":5.631234601376213e-11,
			"Im":-4.2485877162792374e-11
		},
		"ee_2333":{
			"Re":-5.6717066034473457e-14,
			"Im":-1.5318071287927788e-13
		},
		"ee_3333":{
			"Re":-1.228474224587422e-11,
			"Im":8.336439496259758e-20
		},
		"ephi_11":-1.7198588106846864e-15,
		"ephi_12":{
			"Re":-4.0302838620712425e-20,
			"Im":-1.3012283896612072e-19
		},
		"ephi_13":{
			"Re":-8.099583008064383e-17,
			"Im":1.5099559446130932e-17
		},
		"ephi_21":{
			"Re":-8.333460922431585e-18,
			"Im":2.6905638184775623e-17
		},
		"ephi_22":-2.6214808230160637e-13,
		"ephi_23":{
			"Re":-2.4416646058410798e-17,
			"Im":-3.594774998217554e-17
		},
		"ephi_31":{
			"Re":-2.816627966482924e-13,
			"Im":-5.250868010237936e-14
		},
		"ephi_32":{
			"Re":-4.106417265466648e-16,
			"Im":6.045730797408969e-16
		},
		"ephi_33":-1.200184873509988e-12,
		"eu_1111":-1.523748411383002e-11,
		"eu_1122":-1.523748411383002e-11,
		"eu_1133":-1.523748411383002e-11,
		"eu_1211":{
			"Re":-3.661398438493222e-16,
			"Im":-1.181793450372332e-15
		},
		"eu_1222":{
			"Re":-3.661398438493222e-16,
			"Im":-1.181793450372332e-15
		},
		"eu_1233":{
			"Re":-3.661398438493222e-16,
			"Im":-1.181793450372332e-15
		},
		"eu_1311":{
			"Re":-7.354798184166838e-13,
			"Im":1.3711440390382336e-13
		},
		"eu_1322":{
			"Re":-7.354798184166838e-13,
			"Im":1.3711440390382336e-13
		},
		"eu_1333":{
			"Re":-7.354798184166838e-13,
			"Im":1.3711440390382336e-13
		},
		"eu_2211":-1.1134971752581486e-11,
		"eu_2222":-1.1134971752581486e-11,
		"eu_2233":-1.1134971752581486e-11,
		"eu_2311":{
			"Re":-1.0720023877821651e-15,
			"Im":-1.5774218487114574e-15
		},
		"eu_2322":{
			"Re":-1.0720023877821651e-15,
			"Im":-1.5774218487114574e-15
		},
		"eu_2333":{
			"Re":-1.0720023877821651e-15,
			"Im":-1.5774218487114574e-15
		},
		"eu_3311":-2.7551268067720444e-12,
		"eu_3322":-2.7551268067720444e-12,
		"eu_3333":-2.7551268067720444e-12,
		"phi":-7.549769466337684e-11,
		"phiB":8.506896156991586e-12,
		"phiBox":-5.0625315527628625e-11,
		"phid_11":9.543280860748225e-14,
		"phid_22":9.543280860748225e-14,
		"phid_33":9.543280860748225e-14,
		"phiD":-2.8629842582244674e-13,
		"phie_11":-1.1428113085372509e-11,
		"phie_12":{
			"Re":-2.746048828869918e-16,
			"Im":-8.863450877792494e-16
		},
		"phie_13":{
			"Re":-5.516098638125127e-13,
			"Im":1.0283580292786748e-13
		},
		"phie_22":-8.35122881443612e-12,
		"phie_23":{
			"Re":-8.040017908366257e-16,
			"Im":-1.1830663865335976e-15
		},
		"phie_33":-2.066345105079031e-12,
		"phil1_11":1.4314921194050413e-13,
		"phil1_13":{
			"Re":-1.5904433976689441e-19,
			"Im":2.964785490591183e-20
		},
		"phil1_22":1.4311863714917053e-13,
		"phil1_23":{
			"Re":-4.7974558809472663e-20,
			"Im":-7.072536423952229e-20
		},
		"phil1_33":1.407977423800756e-13,
		"phil3_13":{
			"Re":-1.5904433976689441e-19,
			"Im":2.964785490591183e-20
		},
		"phil3_22":-3.0575762052847003e-17,
		"phil3_23":{
			"Re":-4.7974558809472663e-20,
			"Im":-7.072536423952229e-20
		},
		"phil3_33":-2.351470531147771e-15,
		"phiq1_11":-4.7716404303741124e-14,
		"phiq1_22":-4.7716404303741124e-14,
		"phiq1_33":-4.7716404303741124e-14,
		"phiu_11":-1.908656172149645e-13,
		"phiu_22":-1.908656172149645e-13,
		"phiu_33":-1.908656172149645e-13,
		"ld_1111":-9.543280860748225e-14,
		"ld_1122":-9.543280860748225e-14,
		"ld_1133":-9.543280860748225e-14,
		"ld_2211":-9.543280860748225e-14,
		"ld_2222":-9.543280860748225e-14,
		"ld_2233":-9.543280860748225e-14,
		"ld_3311":-9.543280860748225e-14,
		"ld_3322":-9.543280860748225e-14,
		"ld_3333":-9.543280860748225e-14,
		"le_1111":1.1428113085372509e-11,
		"le_1112":{
			"Re":2.746048828869918e-16,
			"Im":8.863450877792494e-16
		},
		"le_1113":{
			"Re":5.516098638125127e-13,
			"Im":-1.0283580292786748e-13
		},
		"le_1122":8.35122881443612e-12,
		"le_1123":{
			"Re":8.040017908366257e-16,
			"Im":1.1830663865335976e-15
		},
		"le_1133":2.066345105079031e-12,
		"le_2211":1.1428113085372509e-11,
		"le_2212":{
			"Re":2.746048828869918e-16,
			"Im":8.863450877792494e-16
		},
		"le_2213":{
			"Re":5.516098638125127e-13,
			"Im":-1.0283580292786748e-13
		},
		"le_2222":8.35122881443612e-12,
		"le_2223":{
			"Re":8.040017908366257e-16,
			"Im":1.1830663865335976e-15
		},
		"le_2233":2.066345105079031e-12,
		"le_3311":1.1428113085372509e-11,
		"le_3312":{
			"Re":2.746048828869918e-16,
			"Im":8.863450877792494e-16
		},
		"le_3313":{
			"Re":5.516098638125127e-13,
			"Im":-1.0283580292786748e-13
		},
		"le_3322":8.35122881443612e-12,
		"le_3323":{
			"Re":8.040017908366257e-16,
			"Im":1.1830663865335976e-15
		},
		"le_3333":2.066345105079031e-12,
		"ll_1111":-7.157460645561169e-14,
		"ll_1122":-1.4314921291122337e-13,
		"ll_1133":-1.4314921291122337e-13,
		"ll_2222":-7.157460645561169e-14,
		"ll_2233":-1.4314921291122337e-13,
		"ll_3333":-7.157460645561169e-14,