{
	"eft":"SMEFT",
	"basis":"Warsaw",
	"scale":1000,
	"values":{
		"dd_1111":-9.557569573310044e-14,
		"dd_1122":-1.9115139146620087e-13,
		"dd_1133":-1.9115139146620087e-13,
		"dd_2222":-9.557569573310044e-14,
		"dd_2233":-1.9115139146620087e-13,
		"dd_3333":-9.557569573310044e-14,
		"eB_11":7.47582838042442e-17,
		"eB_21":{
			"Re":2.5280214997397023e-19,
			"Im":1.0324223311881202e-19
		},
		"eB_22":1.3430180625034829e-14,
		"eB_23":{
			"Re":-5.868436940899374e-17,
			"Im":4.241845516428467e-16
		},
		"eB_31":{
			"Re":-3.0410334526479646e-17,
			"Im":1.7473290720893078e-18
		},
		"eB_32":{
			"Re":-9.869204669120046e-16,
			"Im":-7.133695394195815e-15
		},
		"eB_33":4.4486021718042394e-13,
		"ed_1111":4.999799951681413e-12,
		"ed_1122":4.999799951681413e-12,
		"ed_1133":4.999799951681413e-12,
		"ed_1211":{
			"Re":9.1911172172903e-17,
			"Im":-3.8189708578543487e-17
		},
		"ed_1222":{
			"Re":9.1911172172903e-17,
			"Im":-3.8189708578543487e-17
		},
		"ed_1233":{
			"Re":9.1911172172903e-17,
			"Im":-3.8189708578543487e-17
		},
		"ed_1311":{
			"Re":-6.536809483221373e-16,
			"Im":-4.226096468893779e-17
		},
		"ed_1322":{
			"Re":-6.536809483221373e-16,
			"Im":-4.226096468893779e-17
		},
		"ed_1333":{
			"Re":-6.536809483221373e-16,
			"Im":-4.226096468893779e-17
		},
		"ed_2211":4.269122168109821e-12,
		"ed_2222":4.269122168109821e-12,
		"ed_2233":4.269122168109821e-12,
		"ed_2311":{
			"Re":-2.108937106822239e-14,
			"Im":1.5345344949119203e-13
		},
		"ed_2322":{
			"Re":-2.108937106822239e-14,
			"Im":1.5345344949119203e-13
		},
		"ed_2333":{
			"Re":-2.108937106822239e-14,
			"Im":1.5345344949119203e-13
		},
		"ed_3311":8.958617127049348e-12,
		"ed_3322":8.958617127049348e-12,
		"ed_3333":8.958617127049348e-12,
		"ee_1111":-9.691029896239326e-12,
		"ee_1112":{
			"Re":3.139099550027433e-13,
			"Im":3.454397342427526e-13
		},
		"ee_1113":{
			"Re":-5.053571268221419e-13,
			"Im":-4.956632038436677e-13
		},
		"ee_1122":-2.0686592114786828e-10,
		"ee_1123":{
			"Re":9.643212776067062e-13,
			"Im":-7.021983243425459e-12
		},
		"ee_1133":-4.218161739243883e-10,
		"ee_1212":{
			"Re":3.165759861702218e-11,
			"Im":-8.788482285557027e-11
		},
		"ee_1213":{
			"Re":6.494657496784328e-11,
			"Im":2.0420445625995958e-11
		},
		"ee_1222":{
			"Re":-1.8586270993944336e-13,
			"Im":-3.500297637788924e-13
		},
		"ee_1223":{
			"Re":2.762264101272962e-13,
			"Im":-1.417806647455536e-13
		},
		"ee_1232":{
			"Re":2.4244253299202275e-13,
			"Im":5.68456578075939e-13
		},
		"ee_1233":{
			"Re":-4.140518317694986e-13,
			"Im":1.956871620983107e-13
		},
		"ee_1313":{
			"Re":4.0927436475230126e-11,
			"Im":-1.7692732375014194e-10
		},
		"ee_1323":{
			"Re":-4.327375919480136e-13,
			"Im":-6.35860149361877e-13
		},
		"ee_1333":{
			"Re":6.510050164271529e-13,
			"Im":1.044742060437561e-12
		},
		"ee_2222":-1.0052396258375808e-11,
		"ee_2223":{
			"Re":3.1982387487896857e-12,
			"Im":5.1471562219913166e-11
		},
		"ee_2233":-3.2124162833374396e-10,
		"ee_2323":{
			"Re":1.525640720146536e-10,
			"Im":-1.811161230731068e-11
		},
		"ee_2333":{
			"Re":-6.942386949511804e-12,
			"Im":-1.2390755218455986e-10
		},
		"ee_3333":-7.185770499537437e-11,
		"ephi_11":-7.360278885044008e-18,
		"ephi_21":{
			"Re":-2.5042984800504642e-20,
			"Im":-1.0358649481903197e-20
		},
		"ephi_22":-1.3223098332645346e-15,
		"ephi_23":{
			"Re":5.729387362526438e-18,
			"Im":-4.1617063609704124e-17
		},
		"ephi_31":{
			"Re":2.999839355897139e-18,
			"Im":-1.8824159810951593e-19
		},
		"ephi_32":{
			"Re":9.693157261474436e-17,
			"Im":7.040699882321156e-16
		},
		"ephi_33":-4.351944920952985e-14,
		"eu_1111":-9.999599903362826e-12,
		"eu_1122":-9.999599903362826e-12,
		"eu_1133":-9.999599903362826e-12,
		"eu_1211":{
			"Re":-1.83822344345806e-16,
			"Im":7.637941715708697e-17
		},
		"eu_1222":{
			"Re":-1.83822344345806e-16,
			"Im":7.637941715708697e-17
		},
		"eu_1233":{
			"Re":-1.83822344345806e-16,
			"Im":7.637941715708697e-17
		},
		"eu_1311":{
			"Re":1.3073618966442745e-15,
			"Im":8.452192937787558e-17
		},
		"eu_1322":{
			"Re":1.3073618966442745e-15,
			"Im":8.452192937787558e-17
		},
		"eu_1333":{
			"Re":1.3073618966442745e-15,
			"Im":8.452192937787558e-17
		},
		"eu_2211":-8.538244336219643e-12,
		"eu_2222":-8.538244336219643e-12,
		"eu_2233":-8.538244336219643e-12,
		"eu_2311":{
			"Re":4.217874213644478e-14,
			"Im":-3.0690689898238405e-13
		},
		"eu_2322":{
			"Re":4.217874213644478e-14,
			"Im":-3.0690689898238405e-13
		},
		"eu_2333":{
			"Re":4.217874213644478e-14,
			"Im":-3.0690689898238405e-13
		},
		"eu_3311":-1.7917234254098695e-11,
		"eu_3322":-1.7917234254098695e-11,
		"eu_3333":-1.7917234254098695e-11,
		"phi":-5.3693974254338846e-17,
		"phiB":1.5810627118133432e-13,
		"phiBox":-2.2085748409062583e-13,
		"phid_11":2.867270871993013e-13,
		"phid_22":2.867270871993013e-13,
		"phid_33":2.867270871993013e-13,
		"phiD":-8.601812615979039e-13,
		"phie_11":-7.499699927522118e-12,
		"phie_12":{
			"Re":-1.3786675825935514e-16,
			"Im":5.728456286781905e-17
		},
		"phie_13":{
			"Re":9.805214224832017e-16,
			"Im":6.33914470333988e-17
		},
		"phie_22":-6.4036832521647336e-12,
		"phie_23":{
			"Re":3.163405660233361e-14,
			"Im":-2.30180174236788e-13
		},
		"phie_33":-1.3437925690574029e-11,
		"phil1_11":4.3009063017995514e-13,
		"phil1_22":4.3006763753363385e-13,
		"phil1_23":{
			"Re":1.6896663400958851e-18,
			"Im":-1.2213309372116234e-17
		},
		"phil1_33":4.172820185127932e-13,
		"phil3_22":-2.2993265318057876e-17,
		"phil3_23":{
			"Re":1.6896663400958851e-18,
			"Im":-1.2213309372116234e-17
		},
		"phil3_33":-1.2808612286158714e-14,
		"phiq1_11":-1.4336354359965064e-13,
		"phiq1_22":-1.4336354359965064e-13,
		"phiq1_33":-1.4336354359965064e-13,
		"phiu_11":-5.734541743986026e-13,
		"phiu_22":-5.734541743986026e-13,
		"phiu_33":-5.734541743986026e-13,
		"ld_1111":-2.867270871993013e-13,
		"ld_1122":-2.867270871993013e-13,
		"ld_1133":-2.867270871993013e-13,
		"ld_2211":-2.867270871993013e-13,
		"ld_2222":-2.867270871993013e-13,
		"ld_2233":-2.867270871993013e-13,
		"ld_3311":-2.867270871993013e-13,
		"ld_3322":-2.867270871993013e-13,
		"ld_3333":-2.867270871993013e-13,
		"le_1111":7.499699927522118e-12,
		"le_1112":{
			"Re":1.3786675825935514e-16,
			"Im":-5.728456286781905e-17
		},
		"le_1113":{
			"Re":-9.805214224832017e-16,
			"Im":-6.33914470333988e-17
		},
		"le_1122":6.4036832521647336e-12,
		"le_1123":{
			"Re":-3.163405660233361e-14,
			"Im":2.30180174236788e-13
		},
		"le_1133":1.3437925690574029e-11,
		"le_2211":7.499699927522118e-12,
		"le_2212":{
			"Re":1.3786675825935514e-16,
			"Im":-5.728456286781905e-17
		},
		"le_2213":{
			"Re":-9.805214224832017e-16,
			"Im":-6.33914470333988e-17
		},
		"le_2222":6.4036832521647336e-12,
		"le_2223":{
			"Re":-3.163405660233361e-14,
			"Im":2.30180174236788e-13
		},
		"le_2233":1.3437925690574029e-11,
		"le_3311":7.499699927522118e-12,
		"le_3312":{
			"Re":1.3786675825935514e-16,
			"Im":-5.728456286781905e-17
		},
		"le_3313":{
			"Re":-9.805214224832017e-16,
			"Im":-6.33914470333988e-17
		},
		"le_3322":6.4036832521647336e-12,
		"le_3323":{
			"Re":-3.163405660233361e-14,
			"Im":2.30180174236788e-13
		},
		"le_3333":1.3437925690574029e-11,
		"ll_1111":-2.1504531539947598e-13,
		"ll_1122":-4.3009063079895195e-13,
		"ll_1133":-4.3009063079895195e-13,
		"ll_2222":-2.1504531539947598e-13,
		"ll_2233":-4.3009063079895195e-13,
		"ll_3333":-2.1504531539947598e-13,
		"lq1_1111":1.4336354359965064e-13,
		"lq1_1122":1.4336354359965064e-13,
		"lq1_1133":1.4336354359965064e-13,
		"lq1_2211":1.4336354359965064e-13,
		"lq1_2222":1.4336354359965064e-13,
		"lq1_2233":1.4336354359965064e-13,
		"lq1_3311":1.4336354359965064e-13,
		"lq1_3322":1.4336354359965064e-13,
		"lq1_3333":1.4336354359965064e-13,
		"lu_1111":5.734541743986026e-13,
		"lu_1122":5.734541743986026e-13,
		"lu_1133":5.734541743986026e-13,
		"lu_2211":5.734541743986026e-13,
		"lu_2222":5.734541743986026e-13,
		"lu_2233":5.734541743986026e-13,