{
	"eft":"SMEFT",
	"basis":"Warsaw",
	"scale":1000,
	"values":{
		"dd_1111":-4.7873465943861865e-14,
		"dd_1122":-9.574693188772373e-14,
		"dd_1133":-9.574693188772373e-14,
		"dd_2222":-4.7873465943861865e-14,
		"dd_2233":-9.574693188772373e-14,
		"dd_3333":-4.7873465943861865e-14,
		"eB_11":1.09380649863714e-16,
		"eB_21":{
			"Re":1.4403551841321431e-19,
			"Im":-4.415282762625778e-19
		},
		"eB_22":1.0138507492882173e-14,
		"eB_23":{
			"Re":1.972943716254821e-17,
			"Im":4.080654088572257e-17
		},
		"eB_31":{
			"Re":2.826873702231002e-17,
			"Im":2.7025267666212774e-17
		},
		"eB_32":{
			"Re":3.3179849306501636e-16,
			"Im":-6.862612785922801e-16
		},
		"eB_33":3.5924120623402344e-13,
		"ed_1111":7.063920438951594e-12,
		"ed_1122":7.063920438951594e-12,
		"ed_1133":7.063920438951594e-12,
		"ed_1211":{
			"Re":4.832881312371697e-17,
			"Im":1.4644917036206427e-16
		},
		"ed_1222":{
			"Re":4.832881312371697e-17,
			"Im":1.4644917036206427e-16
		},
		"ed_1233":{
			"Re":4.832881312371697e-17,
			"Im":1.4644917036206427e-16
		},
		"ed_1311":{
			"Re":5.478279428445485e-16,
			"Im":-5.240139017997488e-16
		},
		"ed_1322":{
			"Re":5.478279428445485e-16,
			"Im":-5.240139017997488e-16
		},
		"ed_1333":{
			"Re":5.478279428445485e-16,
			"Im":-5.240139017997488e-16
		},
		"ed_2211":3.009610971380038e-12,
		"ed_2222":3.009610971380038e-12,
		"ed_2233":3.009610971380038e-12,
		"ed_2311":{
			"Re":6.516310394684009e-15,
			"Im":1.3006799251695073e-14
		},
		"ed_2322":{
			"Re":6.516310394684009e-15,
			"Im":1.3006799251695073e-14
		},
		"ed_2333":{
			"Re":6.516310394684009e-15,
			"Im":1.3006799251695073e-14
		},
		"ed_3311":6.656288498127147e-12,
		"ed_3322":6.656288498127147e-12,
		"ed_3333":6.656288498127147e-12,
		"ee_1111":-1.9925323780316625e-10,
		"ee_1112":{
			"Re":3.1724996422431177e-13,
			"Im":-1.1446333552047291e-12
		},
		"ee_1113":{
			"Re":-1.4168127554909159e-12,
			"Im":4.7613051283433466e-12
		},
		"ee_1122":-4.3056627461486356e-10,
		"ee_1123":{
			"Re":-9.05410379276059e-13,
			"Im":-1.8003618567552582e-12
		},
		"ee_1133":-9.3037772304077e-10,
		"ee_1212":{
			"Re":1.2017050993359803e-10,
			"Im":-3.9308869055251805e-11
		},
		"ee_1213":{
			"Re":9.712367997268066e-12,
			"Im":-1.080531988423363e-10
		},
		"ee_1222":{
			"Re":2.799509053613257e-13,
			"Im":4.078873551528379e-13
		},
		"ee_1223":{
			"Re":3.9149950248978316e-13,
			"Im":-5.060397202970382e-14
		},
		"ee_1232":{
			"Re":-1.1758158080008382e-12,
			"Im":-1.7378747843643442e-12
		},
		"ee_1233":{
			"Re":-1.7744144787087312e-12,
			"Im":3.1978001853484e-13
		},
		"ee_1313":{
			"Re":2.3651186028898124e-10,
			"Im":1.2264338441880055e-10
		},
		"ee_1323":{
			"Re":-2.0898993235424195e-13,
			"Im":1.040078728630399e-12
		},
		"ee_1333":{
			"Re":8.06323169521354e-13,
			"Im":-4.265798100502486e-12
		},
		"ee_2222":-3.964992059670806e-11,
		"ee_2223":{
			"Re":1.8035095657161685e-11,
			"Im":-4.366387458287195e-11
		},
		"ee_2233":-3.6614133530504445e-10,
		"ee_2323":{
			"Re":8.029604688038517e-11,
			"Im":8.177094350758033e-11
		},
		"ee_2333":{
			"Re":-3.810667981778216e-11,
			"Im":8.930063732744892e-11
		},
		"ee_3333":-1.973771401331275e-10,
		"ephi_11":-7.410392664018134e-18,
		"ephi_21":{
			"Re":0.0,
			"Im":3.035064722890809e-20
		},
		"ephi_22":-6.870749527536513e-16,
		"ephi_23":{
			"Re":-1.3404817971087914e-18,
			"Im":-2.7023810306815273e-18
		},
		"ephi_31":{
			"Re":-1.9188666958956508e-18,
			"Im":-1.8351708554344213e-18
		},
		"ephi_32":{
			"Re":-2.2737778601449467e-17,
			"Im":4.58490166927609e-17
		},
		"ephi_33":-2.4128102714647605e-14,
		"eu_1111":-1.4127840877903188e-11,
		"eu_1122":-1.4127840877903188e-11,
		"eu_1133":-1.4127840877903188e-11,
		"eu_1211":{
			"Re":-9.665762624743394e-17,
			"Im":-2.9289834072412855e-16
		},
		"eu_1222":{
			"Re":-9.665762624743394e-17,
			"Im":-2.9289834072412855e-16
		},
		"eu_1233":{
			"Re":-9.665762624743394e-17,
			"Im":-2.9289834072412855e-16
		},
		"eu_1311":{
			"Re":-1.095655885689097e-15,
			"Im":1.0480278035994976e-15
		},
		"eu_1322":{
			"Re":-1.095655885689097e-15,
			"Im":1.0480278035994976e-15
		},
		"eu_1333":{
			"Re":-1.095655885689097e-15,
			"Im":1.0480278035994976e-15
		},
		"eu_2211":-6.019221942760076e-12,
		"eu_2222":-6.019221942760076e-12,
		"eu_2233":-6.019221942760076e-12,
		"eu_2311":{
			"Re":-1.3032620789368017e-14,
			"Im":-2.6013598503390146e-14
		},
		"eu_2322":{
			"Re":-1.3032620789368017e-14,
			"Im":-2.6013598503390146e-14
		},
		"eu_2333":{
			"Re":-1.3032620789368017e-14,
			"Im":-2.6013598503390146e-14
		},
		"eu_3311":-1.3312576996254294e-11,
		"eu_3322":-1.3312576996254294e-11,
		"eu_3333":-1.3312576996254294e-11,
		"phi":-1.0980558359228931e-17,
		"phiB":5.875078259971883e-14,
		"phiBox":-1.0931751018027252e-13,
		"phid_11":1.4362039783158558e-13,
		"phid_22":1.4362039783158558e-13,
		"phid_33":1.4362039783158558e-13,
		"phiD":-4.3086119349475675e-13,
		"phie_11":-1.0595880658427395e-11,
		"phie_12":{
			"Re":-7.249321968557329e-17,
			"Im":-2.1967375554308576e-16
		},
		"phie_13":{
			"Re":-8.217419142668038e-16,
			"Im":7.860208526995932e-16
		},
		"phie_22":-4.5144164570700525e-12,
		"phie_23":{
			"Re":-9.774465592025886e-15,
			"Im":-1.951019887754286e-14
		},
		"phie_33":-9.984432747190714e-12,
		"phil1_11":2.1543059584170918e-13,
		"phil1_22":2.1541323902157992e-13,
		"phil1_23":{
			"Re":-5.680586878298357e-19,
			"Im":-1.1749199878049046e-18
		},
		"phil1_33":2.0508716492282076e-13,
		"phil3_22":-1.7357725798446052e-17,
		"phil3_23":{
			"Re":-5.680586878298357e-19,
			"Im":-1.1749199878049046e-18
		},
		"phil3_33":-1.0343431824557591e-14,
		"phiq1_11":-7.181019891579279e-14,
		"phiq1_22":-7.181019891579279e-14,
		"phiq1_33":-7.181019891579279e-14,
		"phiu_11":-2.8724079566317116e-13,
		"phiu_22":-2.8724079566317116e-13,
		"phiu_33":-2.8724079566317116e-13,
		"ld_1111":-1.4362039783158558e-13,
		"ld_1122":-1.4362039783158558e-13,
		"ld_1133":-1.4362039783158558e-13,
		"ld_2211":-1.4362039783158558e-13,
		"ld_2222":-1.4362039783158558e-13,
		"ld_2233":-1.4362039783158558e-13,
		"ld_3311":-1.4362039783158558e-13,
		"ld_3322":-1.4362039783158558e-13,
		"ld_3333":-1.4362039783158558e-13,
		"le_1111":1.0595880658427395e-11,
		"le_1112":{
			"Re":7.249321968557329e-17,
			"Im":2.1967375554308576e-16
		},
		"le_1113":{
			"Re":8.217419142668038e-16,
			"Im":-7.860208526995932e-16
		},
		"le_1122":4.5144164570700525e-12,
		"le_1123":{
			"Re":9.774465592025886e-15,
			"Im":1.951019887754286e-14
		},
		"le_1133":9.984432747190714e-12,
		"le_2211":1.0595880658427395e-11,
		"le_2212":{
			"Re":7.249321968557329e-17,
			"Im":2.1967375554308576e-16
		},
		"le_2213":{
			"Re":8.217419142668038e-16,
			"Im":-7.860208526995932e-16
		},
		"le_2222":4.5144164570700525e-12,
		"le_2223":{
			"Re":9.774465592025886e-15,
			"Im":1.951019887754286e-14
		},
		"le_2233":9.984432747190714e-12,
		"le_3311":1.0595880658427395e-11,
		"le_3312":{
			"Re":7.249321968557329e-17,
			"Im":2.1967375554308576e-16
		},
		"le_3313":{
			"Re":8.217419142668038e-16,
			"Im":-7.860208526995932e-16
		},
		"le_3322":4.5144164570700525e-12,
		"le_3323":{
			"Re":9.774465592025886e-15,
			"Im":1.951019887754286e-14
		},
		"le_3333":9.984432747190714e-12,
		"ll_1111":-1.0771529837368919e-13,
		"ll_1122":-2.1543059674737837e-13,
		"ll_1133":-2.1543059674737837e-13,
		"ll_2222":-1.0771529837368919e-13,
		"ll_2233":-2.1543059674737837e-13,
		"ll_3333":-1.0771529837368919e-13,
		"lq1_1111":7.181019891579279e-14,
		"lq1_1122":7.181019891579279e-14,
		"lq1_1133":7.181019891579279e-14,
		"lq1_2211":7.181019891579279e-14,
		"lq1_2222":7.181019891579279e-14,
		"lq1_2233":7.181019891579279e-14,
		"lq1_3311":7.181019891579279e-14,
		"lq1_3322":7.181019891579279e-14,
		"lq1_3333":7.181019891579279e-14,
		"lu_1111":2.8724079566317116e-13,
		"lu_1122":2.8724079566317116e-13,
		"lu_1133":2.8724079566317116e-13,
		"lu_2211":2.8724079566317116e-13,
		"lu_2222":2.8724079566317116e-13,
		"lu_2233":2.8724079566317116e-13,