{
	"eft":"SMEFT",
	"basis":"Warsaw",
	"scale":1000,
	"values":{
		"dd_1111":-3.4669889356349145e-14,
		"dd_1122":-6.933977871269829e-14,
		"dd_1133":-6.933977871269829e-14,
		"dd_2222":-3.4669889356349145e-14,
		"dd_2233":-6.933977871269829e-14,
		"dd_3333":-3.4669889356349145e-14,
		"eB_11":9.911463407201785e-17,
		"eB_12":{
			"Re":6.46077948232914e-20,
			"Im":-1.8296293272857532e-20
		},
		"eB_13":{
			"Re":-3.5330224276126205e-19,
			"Im":9.395188803306695e-20
		},
		"eB_21":{
			"Re":1.3359020745653549e-17,
			"Im":3.783143536614724e-18
		},
		"eB_22":1.9211661212832986e-14,
		"eB_23":{
			"Re":2.9695910853906767e-15,
			"Im":8.167040395332221e-17
		},
		"eB_31":{
			"Re":-1.2285584231502327e-15,
			"Im":-3.2670436086614e-16
		},
		"eB_32":{
			"Re":4.994089993718769e-14,
			"Im":-1.3734865691536698e-15
		},
		"eB_33":5.881409431160932e-14,
		"ed_1111":6.3222267514140854e-12,
		"ed_1122":6.3222267514140854e-12,
		"ed_1133":6.3222267514140854e-12,
		"ed_1211":{
			"Re":4.222875002150465e-15,
			"Im":-1.187917924897169e-15
		},
		"ed_1222":{
			"Re":4.222875002150465e-15,
			"Im":-1.187917924897169e-15
		},
		"ed_1233":{
			"Re":4.222875002150465e-15,
			"Im":-1.187917924897169e-15
		},
		"ed_1311":{
			"Re":-2.3089423619852766e-14,
			"Im":6.0996214373530065e-15
		},
		"ed_1322":{
			"Re":-2.3089423619852766e-14,
			"Im":6.0996214373530065e-15
		},
		"ed_1333":{
			"Re":-2.3089423619852766e-14,
			"Im":6.0996214373530065e-15
		},
		"ed_2211":5.92271188900472e-12,
		"ed_2222":5.92271188900472e-12,
		"ed_2233":5.92271188900472e-12,
		"ed_2311":{
			"Re":9.421429851091921e-13,
			"Im":2.5910502702616426e-14
		},
		"ed_2322":{
			"Re":9.421429851091921e-13,
			"Im":2.5910502702616426e-14
		},
		"ed_2333":{
			"Re":9.421429851091921e-13,
			"Im":2.5910502702616426e-14
		},
		"ed_3311":9.370892235254556e-13,
		"ed_3322":9.370892235254556e-13,
		"ed_3333":9.370892235254556e-13,
		"ee_1111":-2.5215396513583586e-10,
		"ee_1112":{
			"Re":-1.954159094593623e-13,
			"Im":-5.646446136072922e-14
		},
		"ee_1113":{
			"Re":1.0486848039377524e-12,
			"Im":3.1653779921492914e-13
		},
		"ee_1122":-1.036588197975712e-9,
		"ee_1123":{
			"Re":-1.627203125221784e-10,
			"Im":-4.475110702138445e-12
		},
		"ee_1133":-1.755065637062903e-10,
		"ee_1212":{
			"Re":-3.952747786484172e-11,
			"Im":2.8045541806349367e-10
		},
		"ee_1213":{
			"Re":-1.7340966461504404e-11,
			"Im":8.485357740358695e-11
		},
		"ee_1222":{
			"Re":-9.998848027559573e-13,
			"Im":6.576324766197399e-13
		},
		"ee_1223":{
			"Re":3.530841034839076e-12,
			"Im":-8.294160085305078e-13
		},
		"ee_1232":{
			"Re":1.5624942381231192e-12,
			"Im":-2.5322032317414952e-12
		},
		"ee_1233":{
			"Re":1.0253946131499517e-12,
			"Im":-8.908741855744409e-13
		},
		"ee_1313":{
			"Re":-2.8737475376388203e-12,
			"Im":5.477496443277908e-11
		},
		"ee_1323":{
			"Re":5.391704352897993e-13,
			"Im":-4.4737295625937786e-14
		},
		"ee_1333":{
			"Re":9.120331875767112e-13,
			"Im":-6.912351701256248e-13
		},
		"ee_2222":-2.1912755027289574e-10,
		"ee_2223":{
			"Re":-7.112172864362939e-11,
			"Im":8.239786714353436e-13
		},
		"ee_2233":-1.6351308342399695e-10,
		"ee_2323":{
			"Re":3.9458129103700665e-11,
			"Im":-5.180378662574404e-12
		},
		"ee_2333":{
			"Re":-1.0188377726083263e-11,
			"Im":-3.057522153746654e-12
		},
		"ee_3333":-3.9890925633270835e-12,
		"ephi_11":-7.092728401779639e-16,
		"ephi_12":{
			"Re":-4.597255684059257e-19,
			"Im":1.2957553844635395e-19
		},
		"ephi_13":{
			"Re":2.5135310505363247e-18,
			"Im":-6.652902253586336e-19
		},
		"ephi_21":{
			"Re":-9.505796035816558e-17,
			"Im":-2.679247633926813e-17
		},
		"ephi_22":-1.3762551598481155e-13,
		"ephi_23":{
			"Re":-2.118361474268373e-14,
			"Im":-5.825882371611393e-16
		},
		"ephi_31":{
			"Re":8.741169661195336e-15,
			"Im":2.313644379156176e-15
		},
		"ephi_32":{
			"Re":-3.5628327502289943e-13,
			"Im":9.798443178768509e-15
		},
		"ephi_33":-4.2909729818007145e-13,
		"eu_1111":-1.2644453502828171e-11,
		"eu_1122":-1.2644453502828171e-11,
		"eu_1133":-1.2644453502828171e-11,
		"eu_1211":{
			"Re":-8.44575000430093e-15,
			"Im":2.375835849794338e-15
		},
		"eu_1222":{
			"Re":-8.44575000430093e-15,
			"Im":2.375835849794338e-15
		},
		"eu_1233":{
			"Re":-8.44575000430093e-15,
			"Im":2.375835849794338e-15
		},
		"eu_1311":{
			"Re":4.617884723970553e-14,
			"Im":-1.2199242874706013e-14
		},
		"eu_1322":{
			"Re":4.617884723970553e-14,
			"Im":-1.2199242874706013e-14
		},
		"eu_1333":{
			"Re":4.617884723970553e-14,
			"Im":-1.2199242874706013e-14
		},
		"eu_2211":-1.184542377800944e-11,
		"eu_2222":-1.184542377800944e-11,
		"eu_2233":-1.184542377800944e-11,
		"eu_2311":{
			"Re":-1.8842859702183843e-12,
			"Im":-5.182100540523285e-14
		},
		"eu_2322":{
			"Re":-1.8842859702183843e-12,
			"Im":-5.182100540523285e-14
		},
		"eu_2333":{
			"Re":-1.8842859702183843e-12,
			"Im":-5.182100540523285e-14
		},
		"eu_3311":-1.874178447050911e-12,
		"eu_3322":-1.874178447050911e-12,
		"eu_3333":-1.874178447050911e-12,
		"phi":-9.777818951216303e-12,
		"phiB":4.558177521451511e-12,
		"phiBox":-1.339534765013399e-11,
		"phid_11":1.0400966806904743e-13,
		"phid_22":1.0400966806904743e-13,
		"phid_33":1.0400966806904743e-13,
		"phiD":-3.120290042071423e-13,
		"phie_11":-9.483340127121121e-12,
		"phie_12":{
			"Re":-6.334312503225689e-15,
			"Im":1.7818768873457507e-15
		},
		"phie_13":{
			"Re":3.463413542977911e-14,
			"Im":-9.149432156029495e-15
		},
		"phie_22":-8.884067833507079e-12,
		"phie_23":{
			"Re":-1.413214477663788e-12,
			"Im":-3.886575405392463e-14
		},
		"phie_33":-1.4056338352881838e-12,
		"phil1_11":1.5601450128290433e-13,
		"phil1_13":1.0172434559424715e-20,
		"phil1_22":1.5598161060078347e-13,
		"phil1_23":{
			"Re":-8.550178099152395e-17,
			"Im":-2.3514904212434947e-18
		},
		"phil1_33":1.5432110066665766e-13,
		"phil3_13":1.0172434559424715e-20,
		"phil3_22":-3.289150278767484e-17,
		"phil3_23":{
			"Re":-8.550178099152395e-17,
			"Im":-2.3514904212434947e-18
		},
		"phil3_33":-1.6934014369134882e-15,
		"phiq1_11":-5.2004834034523715e-14,
		"phiq1_22":-5.2004834034523715e-14,
		"phiq1_33":-5.2004834034523715e-14,
		"phiu_11":-2.0801933613809486e-13,
		"phiu_22":-2.0801933613809486e-13,
		"phiu_33":-2.0801933613809486e-13,
		"ld_1111":-1.0400966806904743e-13,
		"ld_1122":-1.0400966806904743e-13,
		"ld_1133":-1.0400966806904743e-13,
		"ld_2211":-1.0400966806904743e-13,
		"ld_2222":-1.0400966806904743e-13,
		"ld_2233":-1.0400966806904743e-13,
		"ld_3311":-1.0400966806904743e-13,
		"ld_3322":-1.0400966806904743e-13,
		"ld_3333":-1.0400966806904743e-13,
		"le_1111":9.483340127121121e-12,
		"le_1112":{
			"Re":6.334312503225689e-15,
			"Im":-1.7818768873457507e-15
		},
		"le_1113":{
			"Re":-3.463413542977911e-14,
			"Im":9.149432156029495e-15
		},
		"le_1122":8.884067833507079e-12,
		"le_1123":{
			"Re":1.413214477663788e-12,
			"Im":3.886575405392463e-14
		},
		"le_1133":1.4056338352881838e-12,
		"le_2211":9.483340127121121e-12,
		"le_2212":{
			"Re":6.334312503225689e-15,
			"Im":-1.7818768873457507e-15
		},
		"le_2213":{
			"Re":-3.463413542977911e-14,
			"Im":9.149432156029495e-15
		},
		"le_2222":8.884067833507079e-12,
		"le_2223":{
			"Re":1.413214477663788e-12,
			"Im":3.886575405392463e-14
		},
		"le_2233":1.4056338352881838e-12,
		"le_3311":9.483340127121121e-12,
		"le_3312":{
			"Re":6.334312503225689e-15,
			"Im":-1.7818768873457507e-15
		},
		"le_3313":{
			"Re":-3.463413542977911e-14,
			"Im":9.149432156029495e-15
		},
		"le_3322":8.884067833507079e-12,
		"le_3323":{
			"Re":1.413214477663788e-12,
			"Im":3.886575405392463e-14
		},
		"le_3333":1.4056338352881838e-12,
		"ll_1111":-7.800725105178557e-14,
		"ll_1122":-1.5601450210357114e-13,
		"ll_1133":-1.5601450210357114e-13,
		"ll_2222":-7.800725105178557e-14,
		"ll_2233":-1.5601450210357114e-13,
		"ll_3333":-7.800725105178557e-14,
		"lq1_1111":5.2004834034523715e-14,
		"lq1_1122":5.2004834034523715e-14,
		"lq1_1133":5.2004834034523715e-14,