{
	"eft":"SMEFT",
	"basis":"Warsaw",
	"scale":1000,
	"values":{
		"dd_1111":-6.002736677277783e-14,
		"dd_1122":-1.2005473354555566e-13,
		"dd_1133":-1.2005473354555566e-13,
		"dd_2222":-6.002736677277783e-14,
		"dd_2233":-1.2005473354555566e-13,
		"dd_3333":-6.002736677277783e-14,
		"eB_11":6.681563777735996e-17,
		"eB_12":{
			"Re":1.760101604753844e-20,
			"Im":-4.683951371228484e-20
		},
		"eB_13":{
			"Re":-2.3991474897055986e-19,
			"Im":-1.0310320756943197e-19
		},
		"eB_21":{
			"Re":3.639380343606479e-18,
			"Im":9.685054831389458e-18
		},
		"eB_22":3.983973377772142e-14,
		"eB_23":{
			"Re":-1.9222200973578842e-15,
			"Im":5.4587259410023545e-15
		},
		"eB_31":{
			"Re":-8.34269500759798e-16,
			"Im":3.585267761768115e-16
		},
		"eB_32":{
			"Re":-3.2326808230154744e-14,
			"Im":-9.180175928776576e-14
		},
		"eB_33":1.468847737950056e-13,
		"ed_1111":4.500379626714551e-12,
		"ed_1122":4.500379626714551e-12,
		"ed_1133":4.500379626714551e-12,
		"ed_1211":{
			"Re":1.2716637867359308e-15,
			"Im":-3.441285780552658e-15
		},
		"ed_1222":{
			"Re":1.2716637867359308e-15,
			"Im":-3.441285780552658e-15
		},
		"ed_1233":{
			"Re":1.2716637867359308e-15,
			"Im":-3.441285780552658e-15
		},
		"ed_1311":{
			"Re":-1.740214341547228e-14,
			"Im":-7.480453443259642e-15
		},
		"ed_1322":{
			"Re":-1.740214341547228e-14,
			"Im":-7.480453443259642e-15
		},
		"ed_1333":{
			"Re":-1.740214341547228e-14,
			"Im":-7.480453443259642e-15
		},
		"ed_2211":1.3537609544787291e-11,
		"ed_2222":1.3537609544787291e-11,
		"ed_2233":1.3537609544787291e-11,
		"ed_2311":{
			"Re":-6.688947169005839e-13,
			"Im":1.899593056581135e-12
		},
		"ed_2322":{
			"Re":-6.688947169005839e-13,
			"Im":1.899593056581135e-12
		},
		"ed_2333":{
			"Re":-6.688947169005839e-13,
			"Im":1.899593056581135e-12
		},
		"ed_3311":2.71399418046296e-12,
		"ed_3322":2.71399418046296e-12,
		"ed_3333":2.71399418046296e-12,
		"ee_1111":-2.7177796747904538e-11,
		"ee_1112":{
			"Re":7.962482521159894e-14,
			"Im":-4.4323831201700394e-13
		},
		"ee_1113":{
			"Re":4.011775497174114e-13,
			"Im":-8.705799354398279e-14
		},
		"ee_1122":-9.066162901819827e-10,
		"ee_1123":{
			"Re":4.4330245442815886e-11,
			"Im":-1.2588961115575406e-10
		},
		"ee_1133":-1.8931414450818064e-10,
		"ee_1212":{
			"Re":3.4448258071991876e-10,
			"Im":8.041013808549145e-11
		},
		"ee_1213":{
			"Re":-7.508418617243853e-11,
			"Im":1.3042114176871472e-10
		},
		"ee_1222":{
			"Re":-2.280414409949632e-13,
			"Im":2.5962574383170632e-12
		},
		"ee_1223":{
			"Re":2.526716363047626e-12,
			"Im":1.1634770569589276e-12
		},
		"ee_1232":{
			"Re":-2.3038789066163486e-12,
			"Im":1.1092952948610056e-12
		},
		"ee_1233":{
			"Re":-1.7018775276209306e-13,
			"Im":-1.5209596170497492e-12
		},
		"ee_1313":{
			"Re":4.8585181317924026e-11,
			"Im":3.120589669377104e-11
		},
		"ee_1323":{
			"Re":-4.710977214061815e-13,
			"Im":6.97922184130692e-13
		},
		"ee_1333":{
			"Re":2.7672989240220523e-13,
			"Im":3.428212785162011e-13
		},
		"ee_2222":-3.485714527239748e-10,
		"ee_2223":{
			"Re":9.271511660351129e-12,
			"Im":3.135514267562249e-11
		},
		"ee_2233":-4.3729216503142157e-10,
		"ee_2323":{
			"Re":1.74836750705247e-10,
			"Im":7.230778265686594e-11
		},
		"ee_2333":{
			"Re":3.063116823763172e-11,
			"Im":-1.4615879334448147e-10
		},
		"ee_3333":-3.19867265104881e-11,
		"ephi_11":-7.209586066753022e-16,
		"ephi_12":{
			"Re":-1.8897341514894605e-19,
			"Im":5.090858200412453e-19
		},
		"ephi_13":{
			"Re":2.583120694025404e-18,
			"Im":1.11029961983085e-18
		},
		"ephi_21":{
			"Re":-3.907423661273426e-17,
			"Im":-1.0526422314993409e-16
		},
		"ephi_22":-4.272257426991131e-13,
		"ephi_23":{
			"Re":2.0574900065395375e-14,
			"Im":-5.843009173015461e-14
		},
		"ephi_31":{
			"Re":8.982926041323529e-15,
			"Im":-3.861120113789454e-15
		},
		"ephi_32":{
			"Re":3.4603594098601227e-13,
			"Im":9.82697932059759e-13
		},
		"ephi_33":-1.5853519985714848e-12,
		"eu_1111":-9.000759253429102e-12,
		"eu_1122":-9.000759253429102e-12,
		"eu_1133":-9.000759253429102e-12,
		"eu_1211":{
			"Re":-2.5433275734718615e-15,
			"Im":6.882571561105316e-15
		},
		"eu_1222":{
			"Re":-2.5433275734718615e-15,
			"Im":6.882571561105316e-15
		},
		"eu_1233":{
			"Re":-2.5433275734718615e-15,
			"Im":6.882571561105316e-15
		},
		"eu_1311":{
			"Re":3.480428683094456e-14,
			"Im":1.4960906886519283e-14
		},
		"eu_1322":{
			"Re":3.480428683094456e-14,
			"Im":1.4960906886519283e-14
		},
		"eu_1333":{
			"Re":3.480428683094456e-14,
			"Im":1.4960906886519283e-14
		},
		"eu_2211":-2.7075219089574582e-11,
		"eu_2222":-2.7075219089574582e-11,
		"eu_2233":-2.7075219089574582e-11,
		"eu_2311":{
			"Re":1.3377894338011678e-12,
			"Im":-3.79918611316227e-12
		},
		"eu_2322":{
			"Re":1.3377894338011678e-12,
			"Im":-3.79918611316227e-12
		},
		"eu_2333":{
			"Re":1.3377894338011678e-12,
			"Im":-3.79918611316227e-12
		},
		"eu_3311":-5.42798836092592e-12,
		"eu_3322":-5.42798836092592e-12,
		"eu_3333":-5.42798836092592e-12,
		"phi":-4.6851053048277626e-11,
		"phiB":1.1080216545304425e-11,
		"phiBox":-4.558514553650371e-11,
		"phid_11":1.8008210031833347e-13,
		"phid_22":1.8008210031833347e-13,
		"phid_33":1.8008210031833347e-13,
		"phiD":-5.402463009550004e-13,
		"phie_11":-6.750569440071827e-12,
		"phie_12":{
			"Re":-1.9074956801038965e-15,
			"Im":5.161928670828992e-15
		},
		"phie_13":{
			"Re":2.610321512320843e-14,
			"Im":1.1220680164889466e-14
		},
		"phie_22":-2.0306414317180936e-11,
		"phie_23":{
			"Re":1.0033420753508759e-12,
			"Im":-2.8493895848717027e-12
		},
		"phie_33":-4.07099127069444e-12,
		"phil1_11":2.701231499242683e-13,
		"phil1_22":2.700549424917309e-13,
		"phil1_23":{
			"Re":5.5345411895381333e-17,
			"Im":-1.5717005354591802e-16
		},
		"phil1_33":2.6589397905326085e-13,
		"phil3_22":-6.820798576933251e-17,
		"phil3_23":{
			"Re":5.5345411895381333e-17,
			"Im":-1.5717005354591802e-16
		},
		"phil3_33":-4.22917142423933e-15,
		"phiq1_11":-9.004105015916674e-14,
		"phiq1_22":-9.004105015916674e-14,
		"phiq1_33":-9.004105015916674e-14,
		"phiu_11":-3.6016420063666695e-13,
		"phiu_22":-3.6016420063666695e-13,
		"phiu_33":-3.6016420063666695e-13,
		"ld_1111":-1.8008210031833347e-13,
		"ld_1122":-1.8008210031833347e-13,
		"ld_1133":-1.8008210031833347e-13,
		"ld_2211":-1.8008210031833347e-13,
		"ld_2222":-1.8008210031833347e-13,
		"ld_2233":-1.8008210031833347e-13,
		"ld_3311":-1.8008210031833347e-13,
		"ld_3322":-1.8008210031833347e-13,
		"ld_3333":-1.8008210031833347e-13,
		"le_1111":6.750569440071827e-12,
		"le_1112":{
			"Re":1.9074956801038965e-15,
			"Im":-5.161928670828992e-15
		},
		"le_1113":{
			"Re":-2.610321512320843e-14,
			"Im":-1.1220680164889466e-14
		},
		"le_1122":2.0306414317180936e-11,
		"le_1123":{
			"Re":-1.0033420753508759e-12,
			"Im":2.8493895848717027e-12
		},
		"le_1133":4.07099127069444e-12,
		"le_2211":6.750569440071827e-12,
		"le_2212":{
			"Re":1.9074956801038965e-15,
			"Im":-5.161928670828992e-15
		},
		"le_2213":{
			"Re":-2.610321512320843e-14,
			"Im":-1.1220680164889466e-14
		},
		"le_2222":2.0306414317180936e-11,
		"le_2223":{
			"Re":-1.0033420753508759e-12,
			"Im":2.8493895848717027e-12
		},
		"le_2233":4.07099127069444e-12,
		"le_3311":6.750569440071827e-12,
		"le_3312":{
			"Re":1.9074956801038965e-15,
			"Im":-5.161928670828992e-15
		},
		"le_3313":{
			"Re":-2.610321512320843e-14,
			"Im":-1.1220680164889466e-14
		},
		"le_3322":2.0306414317180936e-11,
		"le_3323":{
			"Re":-1.0033420753508759e-12,
			"Im":2.8493895848717027e-12
		},
		"le_3333":4.07099127069444e-12,
		"ll_1111":-1.350615752387501e-13,
		"ll_1122":-2.701231504775002e-13,
		"ll_1133":-2.701231504775002e-13,
		"ll_2222":-1.350615752387501e-13,
		"ll_2233":-2.701231504775002e-13,
		"ll_3333":-1.350615752387501e-13,
		"lq1_1111":9.004105015916674e-14,
		"lq1_1122":9.004105015916674e-14,
		"lq1_1133":9.004105015916674e-14,
		"lq1_2211":9.004105015916674e-14,
		"lq1_2222":9.004105015916674e-14,
		"lq1_2233":9.004105015916674e-14,