{
	"eft":"SMEFT",
	"basis":"Warsaw",
	"scale":1000,
	"values":{
		"dd_1111":-2.3356237492746298e-14,
		"dd_1122":-4.6712474985492595e-14,
		"dd_1133":-4.6712474985492595e-14,
		"dd_2222":-2.3356237492746298e-14,
		"dd_2233":-4.6712474985492595e-14,
		"dd_3333":-2.3356237492746298e-14,
		"eB_11":7.625010981861624e-17,
		"eB_12":{
			"Re":-2.9372864673893455e-19,
			"Im":-5.4068209699570076e-20
		},
		"eB_13":{
			"Re":-1.2311415960775776e-19,
			"Im":-1.711801695689542e-20
		},
		"eB_21":{
			"Re":-6.073457693627296e-17,
			"Im":1.1179739798156392e-17
		},
		"eB_22":1.9394915505139834e-14,
		"eB_23":{
			"Re":-7.201634474992222e-17,
			"Im":-1.8911734262030315e-17
		},
		"eB_31":{
			"Re":-4.28112022763137e-16,
			"Im":5.952547528611396e-17
		},
		"eB_32":{
			"Re":-1.2111300726524994e-15,
			"Im":3.1804682909544977e-16
		},
		"eB_33":2.5272851737863954e-13,
		"ed_1111":4.820918916386401e-12,
		"ed_1122":4.820918916386401e-12,
		"ed_1133":4.820918916386401e-12,
		"ed_1211":{
			"Re":-7.961160506867357e-15,
			"Im":-1.4705134900783304e-15
		},
		"ed_1222":{
			"Re":-7.961160506867357e-15,
			"Im":-1.4705134900783304e-15
		},
		"ed_1233":{
			"Re":-7.961160506867357e-15,
			"Im":-1.4705134900783304e-15
		},
		"ed_1311":{
			"Re":-3.3029415629769493e-15,
			"Im":-1.2355462055712292e-16
		},
		"ed_1322":{
			"Re":-3.3029415629769493e-15,
			"Im":-1.2355462055712292e-16
		},
		"ed_1333":{
			"Re":-3.3029415629769493e-15,
			"Im":-1.2355462055712292e-16
		},
		"ed_2211":6.01675373484003e-12,
		"ed_2222":6.01675373484003e-12,
		"ed_2233":6.01675373484003e-12,
		"ed_2311":{
			"Re":-9.022040359021567e-15,
			"Im":-2.909124370215645e-15
		},
		"ed_2322":{
			"Re":-9.022040359021567e-15,
			"Im":-2.909124370215645e-15
		},
		"ed_2333":{
			"Re":-9.022040359021567e-15,
			"Im":-2.909124370215645e-15
		},
		"ed_3311":4.591158242114563e-12,
		"ed_3322":4.591158242114563e-12,
		"ed_3333":4.591158242114563e-12,
		"ee_1111":{
			"Re":-4.2098344513801495e-10,
			"Im":-3.455441284918231e-19
		},
		"ee_1112":{
			"Re":8.291811045309045e-11,
			"Im":6.019986375341064e-11
		},
		"ee_1113":{
			"Re":-1.5106492351139945e-10,
			"Im":-1.1271984847876246e-10
		},
		"ee_1122":{
			"Re":-1.0323976742523718e-9,
			"Im":1.103779744282916e-19
		},
		"ee_1123":{
			"Re":-3.049675304294096e-10,
			"Im":1.628611174542358e-12
		},
		"ee_1133":{
			"Re":-3.3448604168804396e-10,
			"Im":1.2348242010836242e-18
		},
		"ee_1212":{
			"Re":8.341740703240009e-11,
			"Im":8.169610432243695e-11
		},
		"ee_1213":{
			"Re":8.425656949482002e-11,
			"Im":1.2380052041942497e-10
		},
		"ee_1222":{
			"Re":1.9168000258840748e-10,
			"Im":2.6143128434876044e-11
		},
		"ee_1223":{
			"Re":2.3165643840488242e-10,
			"Im":7.977534616243562e-11
		},
		"ee_1232":{
			"Re":-3.568912885619867e-10,
			"Im":-4.921006431880504e-11
		},
		"ee_1233":{
			"Re":-4.336608835341414e-10,
			"Im":-1.515366256781173e-10
		},
		"ee_1313":{
			"Re":-1.7891787702585195e-13,
			"Im":-3.141684061470514e-11
		},
		"ee_1323":{
			"Re":-3.0766185015732596e-11,
			"Im":-4.081038127437125e-11
		},
		"ee_1333":{
			"Re":5.927914918112572e-11,
			"Im":7.766889653897937e-11
		},
		"ee_2222":-5.179785033980503e-10,
		"ee_2223":{
			"Re":2.8319178505121987e-10,
			"Im":5.719765909778329e-11
		},
		"ee_2233":{
			"Re":-7.732385979604099e-10,
			"Im":-1.1162972487728307e-19
		},
		"ee_2323":{
			"Re":-4.203681907177168e-11,
			"Im":-4.2437392672823926e-11
		},
		"ee_2333":{
			"Re":-6.044193157917397e-11,
			"Im":-4.187523760517684e-11
		},
		"ee_3333":{
			"Re":-4.2177114470321785e-10,
			"Im":-2.733224657595869e-19
		},
		"ephi_11":4.3818631822706765e-16,
		"ephi_12":{
			"Re":-9.90768137511883e-19,
			"Im":-1.8269241467596118e-19
		},
		"ephi_13":{
			"Re":-4.1322413388716985e-19,
			"Im":-3.6464226184553047e-20
		},
		"ephi_21":{
			"Re":-2.0486202919491767e-16,
			"Im":3.777547683654549e-17
		},
		"ephi_22":1.1215563474920126e-13,
		"ephi_23":{
			"Re":-2.3755465283532607e-16,
			"Im":-6.936343176725057e-17
		},
		"ephi_31":{
			"Re":-1.4366766875418423e-15,
			"Im":1.2676418869820736e-16
		},
		"ephi_32":{
			"Re":-3.994350233905632e-15,
			"Im":1.1663286237218326e-15
		},
		"ephi_33":1.453074977586061e-12,
		"eu_1111":-9.641837832772802e-12,
		"eu_1122":-9.641837832772802e-12,
		"eu_1133":-9.641837832772802e-12,
		"eu_1211":{
			"Re":1.5922321013734714e-14,
			"Im":2.941026980156661e-15
		},
		"eu_1222":{
			"Re":1.5922321013734714e-14,
			"Im":2.941026980156661e-15
		},
		"eu_1233":{
			"Re":1.5922321013734714e-14,
			"Im":2.941026980156661e-15
		},
		"eu_1311":{
			"Re":6.605883125953899e-15,
			"Im":2.4710924111424584e-16
		},
		"eu_1322":{
			"Re":6.605883125953899e-15,
			"Im":2.4710924111424584e-16
		},
		"eu_1333":{
			"Re":6.605883125953899e-15,
			"Im":2.4710924111424584e-16
		},
		"eu_2211":-1.203350746968006e-11,
		"eu_2222":-1.203350746968006e-11,
		"eu_2233":-1.203350746968006e-11,
		"eu_2311":{
			"Re":1.8044080718043134e-14,
			"Im":5.81824874043129e-15
		},
		"eu_2322":{
			"Re":1.8044080718043134e-14,
			"Im":5.81824874043129e-15
		},
		"eu_2333":{
			"Re":1.8044080718043134e-14,
			"Im":5.81824874043129e-15
		},
		"eu_3311":-9.182316484229127e-12,
		"eu_3322":-9.182316484229127e-12,
		"eu_3333":-9.182316484229127e-12,
		"phi":3.503760448721704e-12,
		"phiB":-2.488030258931038e-12,
		"phiBox":-5.942288765536294e-12,
		"phid_11":7.006871247823889e-14,
		"phid_22":7.006871247823889e-14,
		"phid_33":7.006871247823889e-14,
		"phiD":-2.1020613743471666e-13,
		"phie_11":-7.231378374579604e-12,
		"phie_12":{
			"Re":1.1941740760301856e-14,
			"Im":2.2057702351173946e-15
		},
		"phie_13":{
			"Re":4.954412344464212e-15,
			"Im":1.853319308358106e-16
		},
		"phie_22":-9.025130602260045e-12,
		"phie_23":{
			"Re":1.3533060538533351e-14,
			"Im":4.3636865553234925e-15
		},
		"phie_33":-6.886737363171849e-12,
		"phil1_11":1.0510306808600923e-13,
		"phil1_22":1.0506986347235964e-13,
		"phil1_23":{
			"Re":2.073526475382647e-18,
			"Im":5.445150239697444e-19
		},
		"phil1_33":9.782639737714309e-14,
		"phil3_22":-3.320524499869399e-17,
		"phil3_23":{
			"Re":2.073526475382647e-18,
			"Im":5.445150239697444e-19
		},
		"phil3_33":-7.276671340215245e-15,
		"phiq1_11":-3.5034356239119443e-14,
		"phiq1_22":-3.5034356239119443e-14,
		"phiq1_33":-3.5034356239119443e-14,
		"phiu_11":-1.4013742495647777e-13,
		"phiu_22":-1.4013742495647777e-13,
		"phiu_33":-1.4013742495647777e-13,
		"ld_1111":-7.006871247823889e-14,
		"ld_1122":-7.006871247823889e-14,
		"ld_1133":-7.006871247823889e-14,
		"ld_2211":-7.006871247823889e-14,
		"ld_2222":-7.006871247823889e-14,
		"ld_2233":-7.006871247823889e-14,
		"ld_3311":-7.006871247823889e-14,
		"ld_3322":-7.006871247823889e-14,
		"ld_3333":-7.006871247823889e-14,
		"le_1111":7.231378374579604e-12,
		"le_1112":{
			"Re":-1.1941740760301856e-14,
			"Im":-2.2057702351173946e-15
		},
		"le_1113":{
			"Re":-4.954412344464212e-15,
			"Im":-1.853319308358106e-16
		},
		"le_1122":9.025130602260045e-12,
		"le_1123":{
			"Re":-1.3533060538533351e-14,
			"Im":-4.3636865553234925e-15
		},
		"le_1133":6.886737363171849e-12,
		"le_2211":7.231378374579604e-12,
		"le_2212":{
			"Re":-1.1941740760301856e-14,
			"Im":-2.2057702351173946e-15
		},
		"le_2213":{
			"Re":-4.954412344464212e-15,
			"Im":-1.853319308358106e-16
		},
		"le_2222":9.025130602260045e-12,
		"le_2223":{
			"Re":-1.3533060538533351e-14,
			"Im":-4.3636865553234925e-15
		},
		"le_2233":6.886737363171849e-12,
		"le_3311":7.231378374579604e-12,
		"le_3312":{
			"Re":-1.1941740760301856e-14,
			"Im":-2.2057702351173946e-15
		},
		"le_3313":{
			"Re":-4.954412344464212e-15,
			"Im":-1.853319308358106e-16
		},
		"le_3322":9.025130602260045e-12,
		"le_3323":{
			"Re":-1.3533060538533351e-14,
			"Im":-4.3636865553234925e-15
		},
		"le_3333":6.886737363171849e-12,
		"ll_1111":-5.2551534358679165e-14,
		"ll_1122":-1.0510306871735833e-13,
		"ll_1133":-1.0510306871735833e-13,
		"ll_2222":-5.2551534358679165e-14,
		"ll_2233":-1.0510306871735833e-13,