{
	"eft":"SMEFT",
	"basis":"Warsaw",
	"scale":1000,
	"values":{
		"dd_1111":-1.041953730725818e-13,
		"dd_1122":-2.083907461451636e-13,
		"dd_1133":-2.083907461451636e-13,
		"dd_2222":-1.041953730725818e-13,
		"dd_2233":-2.083907461451636e-13,
		"dd_3333":-1.041953730725818e-13,
		"eB_11":6.434218747251045e-17,
		"eB_12":{
			"Re":-1.5305397221303338e-19,
			"Im":-1.1967082608449773e-19
		},
		"eB_13":{
			"Re":8.742732012593714e-17,
			"Im":3.450596923943305e-17
		},
		"eB_21":{
			"Re":-3.164712857931327e-17,
			"Im":2.4744460829917708e-17
		},
		"eB_22":4.69415513263702e-14,
		"eB_23":{
			"Re":-4.5858186889578384e-17,
			"Im":1.4853956270315103e-17
		},
		"eB_31":{
			"Re":3.040161016661087e-13,
			"Im":-1.1998961236913078e-13
		},
		"eB_32":{
			"Re":-7.712169981989265e-16,
			"Im":-2.498054184687729e-16
		},
		"eB_33":1.1819591030021977e-12,
		"ed_1111":3.510700843814178e-12,
		"ed_1122":3.510700843814178e-12,
		"ed_1133":3.510700843814178e-12,
		"ed_1211":{
			"Re":-9.889552598316048e-15,
			"Im":-7.71000802959113e-15
		},
		"ed_1222":{
			"Re":-9.889552598316048e-15,
			"Im":-7.71000802959113e-15
		},
		"ed_1233":{
			"Re":-9.889552598316048e-15,
			"Im":-7.71000802959113e-15
		},
		"ed_1311":{
			"Re":5.630416177493225e-12,
			"Im":2.2264881963250865e-12
		},
		"ed_1322":{
			"Re":5.630416177493225e-12,
			"Im":2.2264881963250865e-12
		},
		"ed_1333":{
			"Re":5.630416177493225e-12,
			"Im":2.2264881963250865e-12
		},
		"ed_2211":1.396785009109287e-11,
		"ed_2222":1.396785009109287e-11,
		"ed_2233":1.396785009109287e-11,
		"ed_2311":{
			"Re":-1.4284751131770373e-14,
			"Im":4.459404539205702e-15
		},
		"ed_2322":{
			"Re":-1.4284751131770373e-14,
			"Im":4.459404539205702e-15
		},
		"ed_2333":{
			"Re":-1.4284751131770373e-14,
			"Im":4.459404539205702e-15
		},
		"ed_3311":2.125433275027378e-11,
		"ed_3322":2.125433275027378e-11,
		"ed_3333":2.125433275027378e-11,
		"ee_1111":-3.713313914126883e-11,
		"ee_1112":{
			"Re":-7.728948926875343e-13,
			"Im":1.6357248431585626e-12
		},
		"ee_1113":{
			"Re":-8.015921008233124e-11,
			"Im":-8.285179388031078e-11
		},
		"ee_1122":-4.995485087244831e-10,
		"ee_1123":{
			"Re":-3.4255274515485326e-12,
			"Im":-5.4843793868439345e-12
		},
		"ee_1133":-6.348692797229007e-10,
		"ee_1212":{
			"Re":4.4385705521235504e-11,
			"Im":1.0842805321863769e-10
		},
		"ee_1213":{
			"Re":-1.9877858697599627e-12,
			"Im":2.6586472513712952e-12
		},
		"ee_1222":{
			"Re":4.587937708687462e-12,
			"Im":-5.073398971247395e-12
		},
		"ee_1223":{
			"Re":-7.362534065480317e-10,
			"Im":-2.90858192924603e-10
		},
		"ee_1232":{
			"Re":1.540395456874329e-10,
			"Im":4.300487532587986e-10
		},
		"ee_1233":{
			"Re":-6.879001996887747e-12,
			"Im":9.665337313329056e-12
		},
		"ee_1313":{
			"Re":-2.497264321604037e-13,
			"Im":-9.22282033397595e-12
		},
		"ee_1323":{
			"Re":1.0795843973803968e-12,
			"Im":-9.47462995130286e-12
		},
		"ee_1333":{
			"Re":-6.537493900844366e-10,
			"Im":-7.072070016123741e-12
		},
		"ee_2222":-4.753281796708094e-10,
		"ee_2223":{
			"Re":5.865863711708904e-12,
			"Im":1.0947780364094716e-11
		},
		"ee_2233":-2.820322869260066e-9,
		"ee_2323":{
			"Re":5.639973807667568e-10,
			"Im":-2.8686003976940934e-10
		},
		"ee_2333":{
			"Re":5.183060886476283e-13,
			"Im":-1.7578138523115288e-11
		},
		"ee_3333":-1.2566137080358384e-9,
		"ephi_11":-1.1123102727760982e-17,
		"ephi_12":{
			"Re":2.6556176088998092e-20,
			"Im":2.0721227492776518e-20
		},
		"ephi_13":{
			"Re":-1.508274159500127e-17,
			"Im":-5.960976037367077e-18
		},
		"ephi_21":{
			"Re":5.491113835637837e-18,
			"Im":-4.284601118881899e-18
		},
		"ephi_22":-8.114965379604276e-15,
		"ephi_23":{
			"Re":7.912012358074181e-18,
			"Im":-2.4970443740976398e-18
		},
		"ephi_31":{
			"Re":-5.2626770577800924e-14,
			"Im":2.0798968831097622e-14
		},
		"ephi_32":{
			"Re":1.3351139764764357e-16,
			"Im":4.214017391097822e-17
		},
		"ephi_33":-2.038391748891722e-13,
		"eu_1111":-7.021401687628356e-12,
		"eu_1122":-7.021401687628356e-12,
		"eu_1133":-7.021401687628356e-12,
		"eu_1211":{
			"Re":1.9779105196632096e-14,
			"Im":1.542001605918226e-14
		},
		"eu_1222":{
			"Re":1.9779105196632096e-14,
			"Im":1.542001605918226e-14
		},
		"eu_1233":{
			"Re":1.9779105196632096e-14,
			"Im":1.542001605918226e-14
		},
		"eu_1311":{
			"Re":-1.126083235498645e-11,
			"Im":-4.452976392650173e-12
		},
		"eu_1322":{
			"Re":-1.126083235498645e-11,
			"Im":-4.452976392650173e-12
		},
		"eu_1333":{
			"Re":-1.126083235498645e-11,
			"Im":-4.452976392650173e-12
		},
		"eu_2211":-2.793570018218574e-11,
		"eu_2222":-2.793570018218574e-11,
		"eu_2233":-2.793570018218574e-11,
		"eu_2311":{
			"Re":2.8569502263540745e-14,
			"Im":-8.918809078411404e-15
		},
		"eu_2322":{
			"Re":2.8569502263540745e-14,
			"Im":-8.918809078411404e-15
		},
		"eu_2333":{
			"Re":2.8569502263540745e-14,
			"Im":-8.918809078411404e-15
		},
		"eu_3311":-4.250866550054756e-11,
		"eu_3322":-4.250866550054756e-11,
		"eu_3333":-4.250866550054756e-11,
		"phi":-4.365882871846571e-16,
		"phiB":3.3676885232206807e-13,
		"phiBox":-2.586277523806096e-13,
		"phid_11":3.1258611921774536e-13,
		"phid_22":3.1258611921774536e-13,
		"phid_33":3.1258611921774536e-13,
		"phiD":-9.37758357653236e-13,
		"phie_11":-5.266051265721269e-12,
		"phie_12":{
			"Re":1.4834328897474075e-14,
			"Im":1.1565012044386695e-14
		},
		"phie_13":{
			"Re":-8.445624266239841e-12,
			"Im":-3.3397322944876297e-12
		},
		"phie_22":-2.0951775136639306e-11,
		"phie_23":{
			"Re":2.1427126697655568e-14,
			"Im":-6.689106808808555e-15
		},
		"phie_33":-3.188149912541068e-11,
		"phil1_11":4.688791782938663e-13,
		"phil1_13":{
			"Re":-2.5172460999290417e-18,
			"Im":-9.935111400774306e-19
		},
		"phil1_22":4.687988121082378e-13,
		"phil1_23":{
			"Re":1.3203692156104677e-18,
			"Im":-4.276816838958879e-19
		},
		"phil1_33":4.348476891501407e-13,
		"phil3_13":{
			"Re":-2.5172460999290417e-18,
			"Im":-9.935111400774306e-19
		},
		"phil3_22":-8.036671838027955e-17,
		"phil3_23":{
			"Re":1.3203692156104677e-18,
			"Im":-4.276816838958879e-19
		},
		"phil3_33":-3.403148967647733e-14,
		"phiq1_11":-1.5629305960887268e-13,
		"phiq1_22":-1.5629305960887268e-13,
		"phiq1_33":-1.5629305960887268e-13,
		"phiu_11":-6.251722384354907e-13,
		"phiu_22":-6.251722384354907e-13,
		"phiu_33":-6.251722384354907e-13,
		"ld_1111":-3.1258611921774536e-13,
		"ld_1122":-3.1258611921774536e-13,
		"ld_1133":-3.1258611921774536e-13,
		"ld_2211":-3.1258611921774536e-13,
		"ld_2222":-3.1258611921774536e-13,
		"ld_2233":-3.1258611921774536e-13,
		"ld_3311":-3.1258611921774536e-13,
		"ld_3322":-3.1258611921774536e-13,
		"ld_3333":-3.1258611921774536e-13,
		"le_1111":5.266051265721269e-12,
		"le_1112":{
			"Re":-1.4834328897474075e-14,
			"Im":-1.1565012044386695e-14
		},
		"le_1113":{
			"Re":8.445624266239841e-12,
			"Im":3.3397322944876297e-12
		},
		"le_1122":2.0951775136639306e-11,
		"le_1123":{
			"Re":-2.1427126697655568e-14,
			"Im":6.689106808808555e-15
		},
		"le_1133":3.188149912541068e-11,
		"le_2211":5.266051265721269e-12,
		"le_2212":{
			"Re":-1.4834328897474075e-14,
			"Im":-1.1565012044386695e-14
		},
		"le_2213":{
			"Re":8.445624266239841e-12,
			"Im":3.3397322944876297e-12
		},
		"le_2222":2.0951775136639306e-11,
		"le_2223":{
			"Re":-2.1427126697655568e-14,
			"Im":6.689106808808555e-15
		},
		"le_2233":3.188149912541068e-11,
		"le_3311":5.266051265721269e-12,
		"le_3312":{
			"Re":-1.4834328897474075e-14,
			"Im":-1.1565012044386695e-14
		},
		"le_3313":{
			"Re":8.445624266239841e-12,
			"Im":3.3397322944876297e-12
		},
		"le_3322":2.0951775136639306e-11,
		"le_3323":{
			"Re":-2.1427126697655568e-14,
			"Im":6.689106808808555e-15
		},
		"le_3333":3.188149912541068e-11,
		"ll_1111":-2.34439589413309e-13,
		"ll_1122":-4.68879178826618e-13,
		"ll_1133":-4.68879178826618e-13,
		"ll_2222":-2.34439589413309e-13,
		"ll_2233":-4.68879178826618e-13,
		"ll_3333":-2.34439589413309e-13,
		"lq1_1111":1.5629305960887268e-13,