{
	"eft":"SMEFT",
	"basis":"Warsaw",
	"scale":1000,
	"values":{
		"dd_1111":-1.2486451295737245e-13,
		"dd_1122":-2.497290259147449e-13,
		"dd_1133":-2.497290259147449e-13,
		"dd_2222":-1.2486451295737245e-13,
		"dd_2233":-2.497290259147449e-13,
		"dd_3333":-1.2486451295737245e-13,
		"eB_11":3.5093418814665596e-16,
		"eB_12":{
			"Re":-3.720482579886923e-19,
			"Im":-3.8024869943751365e-19
		},
		"eB_13":{
			"Re":-3.8696042541117445e-18,
			"Im":-2.9524069558847787e-18
		},
		"eB_21":{
			"Re":-7.692880418607725e-17,
			"Im":7.862441796980047e-17
		},
		"eB_22":6.146493657289821e-14,
		"eB_23":{
			"Re":-2.9867516983250756e-17,
			"Im":-7.535268826013984e-17
		},
		"eB_31":{
			"Re":-1.345599977937141e-14,
			"Im":1.0266576305519266e-14
		},
		"eB_32":{
			"Re":-5.022949740019637e-16,
			"Im":1.2672388070233782e-15
		},
		"eB_33":1.222649726070553e-14,
		"ed_1111":2.1695081393386656e-11,
		"ed_1122":2.1695081393386656e-11,
		"ed_1133":2.1695081393386656e-11,
		"ed_1211":{
			"Re":-2.3812597195082368e-14,
			"Im":-2.43434271476399e-14
		},
		"ed_1222":{
			"Re":-2.3812597195082368e-14,
			"Im":-2.43434271476399e-14
		},
		"ed_1233":{
			"Re":-2.3812597195082368e-14,
			"Im":-2.43434271476399e-14
		},
		"ed_1311":{
			"Re":-2.47490134395518e-13,
			"Im":-1.888223123161974e-13
		},
		"ed_1322":{
			"Re":-2.47490134395518e-13,
			"Im":-1.888223123161974e-13
		},
		"ed_1333":{
			"Re":-2.47490134395518e-13,
			"Im":-1.888223123161974e-13
		},
		"ed_2211":1.8259275548672036e-11,
		"ed_2222":1.8259275548672036e-11,
		"ed_2233":1.8259275548672036e-11,
		"ed_2311":{
			"Re":-9.205772638803992e-15,
			"Im":-2.3298142866028058e-14
		},
		"ed_2322":{
			"Re":-9.205772638803992e-15,
			"Im":-2.3298142866028058e-14
		},
		"ed_2333":{
			"Re":-9.205772638803992e-15,
			"Im":-2.3298142866028058e-14
		},
		"ed_3311":-5.245468000548408e-13,
		"ed_3322":-5.245468000548408e-13,
		"ed_3333":-5.245468000548408e-13,
		"ee_1111":-9.850006252922504e-10,
		"ee_1112":{
			"Re":-1.8576689549940093e-11,
			"Im":-1.903285963409266e-11
		},
		"ee_1113":{
			"Re":2.1631899266525905e-11,
			"Im":1.762893797878601e-11
		},
		"ee_1122":-3.1638101115988586e-9,
		"ee_1123":{
			"Re":2.3826744985097575e-12,
			"Im":3.8070256601638805e-12
		},
		"ee_1133":2.6850326002718158e-11,
		"ee_1212":{
			"Re":1.060826576047353e-11,
			"Im":-7.523205150306045e-10
		},
		"ee_1213":{
			"Re":-7.169346112502632e-13,
			"Im":-4.3301275023165294e-12
		},
		"ee_1222":{
			"Re":2.2744452716192408e-11,
			"Im":2.2904589608330448e-11
		},
		"ee_1223":{
			"Re":3.563466455161815e-11,
			"Im":2.717140787635073e-11
		},
		"ee_1232":{
			"Re":1.1979151363395051e-11,
			"Im":1.745003178646406e-11
		},
		"ee_1233":{
			"Re":3.593932663143069e-15,
			"Im":8.619089852635961e-14
		},
		"ee_1313":{
			"Re":-3.258728365100314e-12,
			"Im":7.901093825074314e-12
		},
		"ee_1323":{
			"Re":-1.185220536532764e-13,
			"Im":-3.503339326686799e-13
		},
		"ee_1333":{
			"Re":-3.7562408919405565e-13,
			"Im":-4.805507753018574e-13
		},
		"ee_2222":-6.995662779809344e-10,
		"ee_2223":{
			"Re":4.90987162392414e-12,
			"Im":2.6942299976925893e-12
		},
		"ee_2233":2.2548223085570307e-11,
		"ee_2323":{
			"Re":-7.025135989138673e-12,
			"Im":-2.5766924638696005e-12
		},
		"ee_2333":{
			"Re":-4.86060716324453e-14,
			"Im":-5.1208824048741987e-14
		},
		"ee_3333":-5.564996167455159e-13,
		"ephi_11":1.789891723388316e-15,
		"ephi_12":{
			"Re":-1.898590929390577e-18,
			"Im":-1.9407736910817233e-18
		},
		"ephi_13":{
			"Re":-1.973903051969103e-17,
			"Im":-1.5060016631184635e-17
		},
		"ephi_21":{
			"Re":-3.9257345579783593e-16,
			"Im":4.012956256604614e-16
		},
		"ephi_22":3.13457760304443e-13,
		"ephi_23":{
			"Re":-1.519756232339609e-16,
			"Im":-3.842659419872975e-16
		},
		"ephi_31":{
			"Re":-6.863176971326752e-14,
			"Im":5.2363037258913116e-14
		},
		"ephi_32":{
			"Re":-2.555545737931097e-15,
			"Im":6.461624690455182e-15
		},
		"ephi_33":6.23217949738588e-14,
		"eu_1111":-4.339016278677331e-11,
		"eu_1122":-4.339016278677331e-11,
		"eu_1133":-4.339016278677331e-11,
		"eu_1211":{
			"Re":4.7625194390164737e-14,
			"Im":4.86868542952798e-14
		},
		"eu_1222":{
			"Re":4.7625194390164737e-14,
			"Im":4.86868542952798e-14
		},
		"eu_1233":{
			"Re":4.7625194390164737e-14,
			"Im":4.86868542952798e-14
		},
		"eu_1311":{
			"Re":4.94980268791036e-13,
			"Im":3.776446246323948e-13
		},
		"eu_1322":{
			"Re":4.94980268791036e-13,
			"Im":3.776446246323948e-13
		},
		"eu_1333":{
			"Re":4.94980268791036e-13,
			"Im":3.776446246323948e-13
		},
		"eu_2211":-3.651855109734407e-11,
		"eu_2222":-3.651855109734407e-11,
		"eu_2233":-3.651855109734407e-11,
		"eu_2311":{
			"Re":1.8411545277607984e-14,
			"Im":4.6596285732056115e-14
		},
		"eu_2322":{
			"Re":1.8411545277607984e-14,
			"Im":4.6596285732056115e-14
		},
		"eu_2333":{
			"Re":1.8411545277607984e-14,
			"Im":4.6596285732056115e-14
		},
		"eu_3311":1.0490936001096816e-12,
		"eu_3322":1.0490936001096816e-12,
		"eu_3333":1.0490936001096816e-12,
		"phi":1.3580329548212504e-11,
		"phiB":-1.1949187854714866e-11,
		"phiBox":-2.5692148778074573e-11,
		"phid_11":3.745935388721174e-13,
		"phid_22":3.745935388721174e-13,
		"phid_33":3.745935388721174e-13,
		"phiD":-1.123780616616352e-12,
		"phie_11":-3.2542622090079994e-11,
		"phie_12":{
			"Re":3.571889579262361e-14,
			"Im":3.651514072145999e-14
		},
		"phie_13":{
			"Re":3.712352015932772e-13,
			"Im":2.8323346847429625e-13
		},
		"phie_22":-2.738891332300805e-11,
		"phie_23":{
			"Re":1.3808658958205949e-14,
			"Im":3.4947214299042075e-14
		},
		"phie_33":7.868202000822614e-13,
		"phil1_11":5.618903054024493e-13,
		"phil1_13":{
			"Re":1.1141535852752087e-19,
			"Im":8.500700792840043e-20
		},
		"phil1_22":5.617850766933648e-13,
		"phil1_23":{
			"Re":8.599587695511104e-19,
			"Im":2.1695879545292498e-18
		},
		"phil1_33":5.615382775871044e-13,
		"phil3_13":{
			"Re":1.1141535852752087e-19,
			"Im":8.500700792840043e-20
		},
		"phil3_22":-1.052316148111807e-16,
		"phil3_23":{
			"Re":8.599587695511104e-19,
			"Im":2.1695879545292498e-18
		},
		"phil3_33":-3.520307210717479e-16,
		"phiq1_11":-1.872967694360587e-13,
		"phiq1_22":-1.872967694360587e-13,
		"phiq1_33":-1.872967694360587e-13,
		"phiu_11":-7.491870777442348e-13,
		"phiu_22":-7.491870777442348e-13,
		"phiu_33":-7.491870777442348e-13,
		"ld_1111":-3.745935388721174e-13,
		"ld_1122":-3.745935388721174e-13,
		"ld_1133":-3.745935388721174e-13,
		"ld_2211":-3.745935388721174e-13,
		"ld_2222":-3.745935388721174e-13,
		"ld_2233":-3.745935388721174e-13,
		"ld_3311":-3.745935388721174e-13,
		"ld_3322":-3.745935388721174e-13,
		"ld_3333":-3.745935388721174e-13,
		"le_1111":3.2542622090079994e-11,
		"le_1112":{
			"Re":-3.571889579262361e-14,
			"Im":-3.651514072145999e-14
		},
		"le_1113":{
			"Re":-3.712352015932772e-13,
			"Im":-2.8323346847429625e-13
		},
		"le_1122":2.738891332300805e-11,
		"le_1123":{
			"Re":-1.3808658958205949e-14,
			"Im":-3.4947214299042075e-14
		},
		"le_1133":-7.868202000822614e-13,
		"le_2211":3.2542622090079994e-11,
		"le_2212":{
			"Re":-3.571889579262361e-14,
			"Im":-3.651514072145999e-14
		},
		"le_2213":{
			"Re":-3.712352015932772e-13,
			"Im":-2.8323346847429625e-13
		},
		"le_2222":2.738891332300805e-11,
		"le_2223":{
			"Re":-1.3808658958205949e-14,
			"Im":-3.4947214299042075e-14
		},
		"le_2233":-7.868202000822614e-13,
		"le_3311":3.2542622090079994e-11,
		"le_3312":{
			"Re":-3.571889579262361e-14,
			"Im":-3.651514072145999e-14
		},
		"le_3313":{
			"Re":-3.712352015932772e-13,
			"Im":-2.8323346847429625e-13
		},
		"le_3322":2.738891332300805e-11,
		"le_3323":{
			"Re":-1.3808658958205949e-14,
			"Im":-3.4947214299042075e-14
		},
		"le_3333":-7.868202000822614e-13,
		"ll_1111":-2.80945154154088e-13,
		"ll_1122":-5.61890308308176e-13,
		"ll_1133":-5.61890308308176e-13,
		"ll_2222":-2.80945154154088e-13,
		"ll_2233":-5.61890308308176e-13,
		"ll_3333":-2.80945154154088e-13,
		"lq1_1111":1.872967694360587e-13,