{
	"eft":"SMEFT",
	"basis":"Warsaw",
	"scale":1000,
	"values":{
		"dd_1111":-2.3577288094290292e-14,
		"dd_1122":-4.7154576188580585e-14,
		"dd_1133":-4.7154576188580585e-14,
		"dd_2222":-2.3577288094290292e-14,
		"dd_2233":-4.7154576188580585e-14,
		"dd_3333":-2.3577288094290292e-14,
		"eB_11":9.990307586997802e-17,
		"eB_12":{
			"Re":0.0,
			"Im":1.9749807668500643e-20
		},
		"eB_13":{
			"Re":-2.5400969048507556e-19,
			"Im":2.163023219706939e-20
		},
		"eB_21":{
			"Re":1.5167894672417205e-18,
			"Im":-4.0836882157608275e-18
		},
		"eB_22":1.5172806351346375e-14,
		"eB_23":{
			"Re":-5.133055672325411e-17,
			"Im":-9.2712001391431e-17
		},
		"eB_31":{
			"Re":-8.832826601049802e-16,
			"Im":-7.521606359674847e-17
		},
		"eB_32":{
			"Re":-8.632482127413572e-16,
			"Im":1.559177897335559e-15
		},
		"eB_33":2.101911889711444e-13,
		"ed_1111":6.416097565639268e-12,
		"ed_1122":6.416097565639268e-12,
		"ed_1133":6.416097565639268e-12,
		"ed_1211":{
			"Re":4.863627706964752e-16,
			"Im":1.30701107453057e-15
		},
		"ed_1222":{
			"Re":4.863627706964752e-16,
			"Im":1.30701107453057e-15
		},
		"ed_1233":{
			"Re":4.863627706964752e-16,
			"Im":1.30701107453057e-15
		},
		"ed_1311":{
			"Re":-1.6788324447363593e-14,
			"Im":1.430759143472253e-15
		},
		"ed_1322":{
			"Re":-1.6788324447363593e-14,
			"Im":1.430759143472253e-15
		},
		"ed_1333":{
			"Re":-1.6788324447363593e-14,
			"Im":1.430759143472253e-15
		},
		"ed_2211":4.660626200359509e-12,
		"ed_2222":4.660626200359509e-12,
		"ed_2233":4.660626200359509e-12,
		"ed_2311":{
			"Re":-1.6338464740431127e-14,
			"Im":-2.954945581597951e-14
		},
		"ed_2322":{
			"Re":-1.6338464740431127e-14,
			"Im":-2.954945581597951e-14
		},
		"ed_2333":{
			"Re":-1.6338464740431127e-14,
			"Im":-2.954945581597951e-14
		},
		"ed_3311":3.808426965893456e-12,
		"ed_3322":3.808426965893456e-12,
		"ed_3333":3.808426965893456e-12,
		"ee_1111":-3.9189165755959657e-10,
		"ee_1112":{
			"Re":3.3738843189613867e-13,
			"Im":7.115808622920521e-13
		},
		"ee_1113":{
			"Re":-1.659590403829675e-12,
			"Im":3.5808518546141285e-12
		},
		"ee_1122":-1.2164206993312878e-9,
		"ee_1123":{
			"Re":4.194673127310572e-12,
			"Im":7.592241607937856e-12
		},
		"ee_1133":-9.978350204852044e-10,
		"ee_1212":{
			"Re":2.0381648011990858e-10,
			"Im":-2.482245064258086e-10
		},
		"ee_1213":{
			"Re":-5.390309793181739e-12,
			"Im":1.7513783122397325e-12
		},
		"ee_1222":{
			"Re":-4.662528693569073e-13,
			"Im":-9.877071066631646e-13
		},
		"ee_1223":{
			"Re":3.1354903446415072e-12,
			"Im":-2.5130015826395774e-13
		},
		"ee_1232":{
			"Re":-4.9749401539415935e-12,
			"Im":1.5294938197498396e-12
		},
		"ee_1233":{
			"Re":4.917209656185618e-15,
			"Im":-1.5519650759460106e-13
		},
		"ee_1313":{
			"Re":5.899839824002443e-12,
			"Im":2.6343720990218677e-10
		},
		"ee_1323":{
			"Re":6.187562452517481e-13,
			"Im":2.432667864146714e-13
		},
		"ee_1333":{
			"Re":4.8534340833447505e-12,
			"Im":-3.831951132593916e-12
		},
		"ee_2222":-2.1023974270826516e-10,
		"ee_2223":{
			"Re":-4.1718238677331896e-13,
			"Im":3.3062193744061987e-12
		},
		"ee_2233":-7.289315672199207e-10,
		"ee_2323":{
			"Re":-1.45608495547698e-10,
			"Im":1.2511708737332652e-10
		},
		"ee_2333":{
			"Re":3.485262078891841e-12,
			"Im":1.2933600848451825e-12
		},
		"ee_3333":-1.4150476124918842e-10,
		"ephi_11":-6.199952611640076e-18,
		"ephi_13":1.5691863230114322e-20,
		"ephi_21":{
			"Re":-9.480578718324638e-20,
			"Im":2.549099970012361e-19
		},
		"ephi_22":-9.395758688753975e-16,
		"ephi_23":{
			"Re":3.1614447995013123e-18,
			"Im":5.7155804372218e-18
		},
		"ephi_31":{
			"Re":5.508535167436617e-17,
			"Im":4.6934775921633174e-18
		},
		"ephi_32":{
			"Re":5.36729421297856e-17,
			"Im":-9.70345140508619e-17
		},
		"ephi_33":-1.28795225244438e-14,
		"eu_1111":-1.2832195131278536e-11,
		"eu_1122":-1.2832195131278536e-11,
		"eu_1133":-1.2832195131278536e-11,
		"eu_1211":{
			"Re":-9.727255413929504e-16,
			"Im":-2.61402214906114e-15
		},
		"eu_1222":{
			"Re":-9.727255413929504e-16,
			"Im":-2.61402214906114e-15
		},
		"eu_1233":{
			"Re":-9.727255413929504e-16,
			"Im":-2.61402214906114e-15
		},
		"eu_1311":{
			"Re":3.3576648894727185e-14,
			"Im":-2.861518286944506e-15
		},
		"eu_1322":{
			"Re":3.3576648894727185e-14,
			"Im":-2.861518286944506e-15
		},
		"eu_1333":{
			"Re":3.3576648894727185e-14,
			"Im":-2.861518286944506e-15
		},
		"eu_2211":-9.321252400719018e-12,
		"eu_2222":-9.321252400719018e-12,
		"eu_2233":-9.321252400719018e-12,
		"eu_2311":{
			"Re":3.2676929480862253e-14,
			"Im":5.909891163195902e-14
		},
		"eu_2322":{
			"Re":3.2676929480862253e-14,
			"Im":5.909891163195902e-14
		},
		"eu_2333":{
			"Re":3.2676929480862253e-14,
			"Im":5.909891163195902e-14
		},
		"eu_3311":-7.616853931786913e-12,
		"eu_3322":-7.616853931786913e-12,
		"eu_3333":-7.616853931786913e-12,
		"phi":-4.371739875417457e-18,
		"phiB":2.695398228484401e-14,
		"phiBox":-5.3733659993732663e-14,
		"phid_11":7.073186428287086e-14,
		"phid_22":7.073186428287086e-14,
		"phid_33":7.073186428287086e-14,
		"phiD":-2.1219559284861262e-13,
		"phie_11":-9.6241463484589e-12,
		"phie_12":{
			"Re":-7.295441560447122e-16,
			"Im":-1.9605166117958556e-15
		},
		"phie_13":{
			"Re":2.5182486671045388e-14,
			"Im":-2.1461387152083808e-15
		},
		"phie_22":-6.990939300539261e-12,
		"phie_23":{
			"Re":2.450769711064672e-14,
			"Im":4.43241837239693e-14
		},
		"phie_33":-5.712640448840179e-12,
		"phil1_11":1.0609779559711122e-13,
		"phil1_22":1.0607181968044885e-13,
		"phil1_23":{
			"Re":1.4779321101535763e-18,
			"Im":2.6694049821385294e-18
		},
		"phil1_33":1.0004587867233929e-13,
		"phil3_22":-2.5976743857465146e-17,
		"phil3_23":{
			"Re":1.4779321101535763e-18,
			"Im":2.6694049821385294e-18
		},
		"phil3_33":-6.051917751967009e-15,
		"phiq1_11":-3.536593214143543e-14,
		"phiq1_22":-3.536593214143543e-14,
		"phiq1_33":-3.536593214143543e-14,
		"phiu_11":-1.4146372856574173e-13,
		"phiu_22":-1.4146372856574173e-13,
		"phiu_33":-1.4146372856574173e-13,
		"ld_1111":-7.073186428287086e-14,
		"ld_1122":-7.073186428287086e-14,
		"ld_1133":-7.073186428287086e-14,
		"ld_2211":-7.073186428287086e-14,
		"ld_2222":-7.073186428287086e-14,
		"ld_2233":-7.073186428287086e-14,
		"ld_3311":-7.073186428287086e-14,
		"ld_3322":-7.073186428287086e-14,
		"ld_3333":-7.073186428287086e-14,
		"le_1111":9.6241463484589e-12,
		"le_1112":{
			"Re":7.295441560447122e-16,
			"Im":1.9605166117958556e-15
		},
		"le_1113":{
			"Re":-2.5182486671045388e-14,
			"Im":2.1461387152083808e-15
		},
		"le_1122":6.990939300539261e-12,
		"le_1123":{
			"Re":-2.450769711064672e-14,
			"Im":-4.43241837239693e-14
		},
		"le_1133":5.712640448840179e-12,
		"le_2211":9.6241463484589e-12,
		"le_2212":{
			"Re":7.295441560447122e-16,
			"Im":1.9605166117958556e-15
		},
		"le_2213":{
			"Re":-2.5182486671045388e-14,
			"Im":2.1461387152083808e-15
		},
		"le_2222":6.990939300539261e-12,
		"le_2223":{
			"Re":-2.450769711064672e-14,
			"Im":-4.43241837239693e-14
		},
		"le_2233":5.712640448840179e-12,
		"le_3311":9.6241463484589e-12,
		"le_3312":{
			"Re":7.295441560447122e-16,
			"Im":1.9605166117958556e-15
		},
		"le_3313":{
			"Re":-2.5182486671045388e-14,
			"Im":2.1461387152083808e-15
		},
		"le_3322":6.990939300539261e-12,
		"le_3323":{
			"Re":-2.450769711064672e-14,
			"Im":-4.43241837239693e-14
		},
		"le_3333":5.712640448840179e-12,
		"ll_1111":-5.3048898212153155e-14,
		"ll_1122":-1.0609779642430631e-13,
		"ll_1133":-1.0609779642430631e-13,
		"ll_2222":-5.3048898212153155e-14,
		"ll_2233":-1.0609779642430631e-13,
		"ll_3333":-5.3048898212153155e-14,
		"lq1_1111":3.536593214143543e-14,
		"lq1_1122":3.536593214143543e-14,
		"lq1_1133":3.536593214143543e-14,
		"lq1_2211":3.536593214143543e-14,
		"lq1_2222":3.536593214143543e-14,
		"lq1_2233":3.536593214143543e-14,
		"lq1_3311":3.536593214143543e-14,
		"lq1_3322":3.536593214143543e-14,
		"lq1_3333":3.536593214143543e-14,
		"lu_1111":1.4146372856574173e-13,