{
	"eft":"SMEFT",
	"basis":"Warsaw",
	"scale":1000,
	"values":{
		"dd_1111":-5.344021835094872e-14,
		"dd_1122":-1.0688043670189744e-13,
		"dd_1133":-1.0688043670189744e-13,
		"dd_2222":-5.344021835094872e-14,
		"dd_2233":-1.0688043670189744e-13,
		"dd_3333":-5.344021835094872e-14,
		"eB_11":2.265144652855201e-16,
		"eB_12":{
			"Re":1.9328925306903236e-20,
			"Im":2.5276485072347425e-20
		},
		"eB_13":{
			"Re":2.932635752408062e-20,
			"Im":1.1795735209154583e-20
		},
		"eB_21":{
			"Re":3.996661933324801e-18,
			"Im":-5.2264450347313144e-18
		},
		"eB_22":3.967082709402184e-14,
		"eB_23":{
			"Re":1.0971972885506364e-20,
			"Im":-7.337918423992598e-20
		},
		"eB_31":{
			"Re":1.0197824750514421e-16,
			"Im":-4.101799562656026e-17
		},
		"eB_32":{
			"Re":1.8452042200736308e-19,
			"Im":1.2340495345755002e-18
		},
		"eB_33":7.690136125659355e-13,
		"ed_1111":1.2739349431054068e-11,
		"ed_1122":1.2739349431054068e-11,
		"ed_1133":1.2739349431054068e-11,
		"ed_1211":{
			"Re":3.591610284369375e-16,
			"Im":5.304789105305461e-16
		},
		"ed_1222":{
			"Re":3.591610284369375e-16,
			"Im":5.304789105305461e-16
		},
		"ed_1233":{
			"Re":3.591610284369375e-16,
			"Im":5.304789105305461e-16
		},
		"ed_1311":{
			"Re":2.0706188870340643e-15,
			"Im":6.387000475337462e-16
		},
		"ed_1322":{
			"Re":2.0706188870340643e-15,
			"Im":6.387000475337462e-16
		},
		"ed_1333":{
			"Re":2.0706188870340643e-15,
			"Im":6.387000475337462e-16
		},
		"ed_2211":1.0749269867310199e-11,
		"ed_2222":1.0749269867310199e-11,
		"ed_2233":1.0749269867310199e-11,
		"ed_2311":{
			"Re":5.107423649808185e-16,
			"Im":6.126140669353964e-16
		},
		"ed_2322":{
			"Re":5.107423649808185e-16,
			"Im":6.126140669353964e-16
		},
		"ed_2333":{
			"Re":5.107423649808185e-16,
			"Im":6.126140669353964e-16
		},
		"ed_3311":1.2430939260407353e-11,
		"ed_3322":1.2430939260407353e-11,
		"ed_3333":1.2430939260407353e-11,
		"ee_1111":{
			"Re":-1.4899145685803175e-9,
			"Im":4.4701459072237896e-20
		},
		"ee_1112":{
			"Re":1.3329776957746189e-10,
			"Im":7.782455301752476e-11
		},
		"ee_1113":{
			"Re":-2.8302475423546137e-10,
			"Im":-1.6267261397658488e-10
		},
		"ee_1122":-2.854518896000327e-9,
		"ee_1123":{
			"Re":-1.9852405833248577e-10,
			"Im":1.5241109535820877e-12
		},
		"ee_1133":{
			"Re":-2.986572327174157e-9,
			"Im":-1.648024633872987e-19
		},
		"ee_1212":{
			"Re":-2.5256514094539486e-11,
			"Im":-2.512217261628123e-10
		},
		"ee_1213":{
			"Re":8.740762542310368e-11,
			"Im":-6.903073260838589e-11
		},
		"ee_1222":{
			"Re":-9.081218214094102e-11,
			"Im":-1.2458842946760486e-10
		},
		"ee_1223":{
			"Re":2.430929544098858e-11,
			"Im":-6.333164882136472e-11
		},
		"ee_1232":{
			"Re":1.8870066410779937e-10,
			"Im":2.6316054966822196e-10
		},
		"ee_1233":{
			"Re":-5.33214479782796e-11,
			"Im":1.3226970450388302e-10
		},
		"ee_1313":{
			"Re":-1.0126039027210504e-10,
			"Im":-2.336172387032224e-10
		},
		"ee_1323":{
			"Re":-1.2510388683936118e-10,
			"Im":-9.163510609930617e-11
		},
		"ee_1333":{
			"Re":2.614920254250417e-10,
			"Im":1.948159216891324e-10
		},
		"ee_2222":-9.955874095852596e-10,
		"ee_2223":{
			"Re":5.953970054171106e-11,
			"Im":9.325479741182573e-11
		},
		"ee_2233":{
			"Re":-2.8293824016377154e-9,
			"Im":1.6228431799974058e-20
		},
		"ee_2323":{
			"Re":2.40992485722569e-10,
			"Im":-7.687890878102091e-11
		},
		"ee_2333":{
			"Re":2.8616413831700635e-11,
			"Im":-1.0786025195243571e-10
		},
		"ee_3333":{
			"Re":-1.406458088331314e-9,
			"Im":3.5592567169436696e-20
		},
		"ephi_11":6.266524089851761e-16,
		"ephi_12":{
			"Re":2.8744613055866204e-20,
			"Im":3.958019865545372e-20
		},
		"ephi_13":{
			"Re":9.358288776021075e-20,
			"Im":3.1284381086890166e-20
		},
		"ephi_21":{
			"Re":5.943545149967996e-18,
			"Im":-8.184027867403018e-18
		},
		"ephi_22":1.0980390194198625e-13,
		"ephi_23":{
			"Re":3.467387031950865e-18,
			"Im":4.0828890281029926e-18
		},
		"ephi_31":{
			"Re":3.25361280028851e-16,
			"Im":-1.087628895122475e-16
		},
		"ephi_32":{
			"Re":5.831244199069707e-17,
			"Im":-6.866443651787769e-17
		},
		"ephi_33":2.1280371898200194e-12,
		"eu_1111":-2.5478698862108136e-11,
		"eu_1122":-2.5478698862108136e-11,
		"eu_1133":-2.5478698862108136e-11,
		"eu_1211":{
			"Re":-7.18322056873875e-16,
			"Im":-1.0609578210610923e-15
		},
		"eu_1222":{
			"Re":-7.18322056873875e-16,
			"Im":-1.0609578210610923e-15
		},
		"eu_1233":{
			"Re":-7.18322056873875e-16,
			"Im":-1.0609578210610923e-15
		},
		"eu_1311":{
			"Re":-4.141237774068129e-15,
			"Im":-1.2774000950674924e-15
		},
		"eu_1322":{
			"Re":-4.141237774068129e-15,
			"Im":-1.2774000950674924e-15
		},
		"eu_1333":{
			"Re":-4.141237774068129e-15,
			"Im":-1.2774000950674924e-15
		},
		"eu_2211":-2.1498539734620398e-11,
		"eu_2222":-2.1498539734620398e-11,
		"eu_2233":-2.1498539734620398e-11,
		"eu_2311":{
			"Re":-1.021484729961637e-15,
			"Im":-1.2252281338707929e-15
		},
		"eu_2322":{
			"Re":-1.021484729961637e-15,
			"Im":-1.2252281338707929e-15
		},
		"eu_2333":{
			"Re":-1.021484729961637e-15,
			"Im":-1.2252281338707929e-15
		},
		"eu_3311":-2.4861878520814705e-11,
		"eu_3322":-2.4861878520814705e-11,
		"eu_3333":-2.4861878520814705e-11,
		"phi":1.150836727941701e-12,
		"phiB":-2.980750700055878e-12,
		"phiBox":-3.814867251621881e-12,
		"phid_11":1.6032065505284614e-13,
		"phid_22":1.6032065505284614e-13,
		"phid_33":1.6032065505284614e-13,
		"phiD":-4.809619651585384e-13,
		"phie_11":-1.9109024146581114e-11,
		"phie_12":{
			"Re":-5.387415426570218e-16,
			"Im":-7.957183657963241e-16
		},
		"phie_13":{
			"Re":-3.1059283305438264e-15,
			"Im":-9.580500712988017e-16
		},
		"phie_22":-1.6123904800965294e-11,
		"phie_23":{
			"Re":-7.661135474709501e-16,
			"Im":-9.18921100404319e-16
		},
		"phie_33":-1.8646408890611015e-11,
		"phil1_11":2.404809807037348e-13,
		"phil1_22":2.404130637717545e-13,
		"phil1_33":2.1833920224978553e-13,
		"phil3_22":-6.791880751471845e-17,
		"phil3_33":-2.2141780329483688e-14,
		"phiq1_11":-8.016032752642307e-14,
		"phiq1_22":-8.016032752642307e-14,
		"phiq1_33":-8.016032752642307e-14,
		"phiu_11":-3.206413101056923e-13,
		"phiu_22":-3.206413101056923e-13,
		"phiu_33":-3.206413101056923e-13,
		"ld_1111":-1.6032065505284614e-13,
		"ld_1122":-1.6032065505284614e-13,
		"ld_1133":-1.6032065505284614e-13,
		"ld_2211":-1.6032065505284614e-13,
		"ld_2222":-1.6032065505284614e-13,
		"ld_2233":-1.6032065505284614e-13,
		"ld_3311":-1.6032065505284614e-13,
		"ld_3322":-1.6032065505284614e-13,
		"ld_3333":-1.6032065505284614e-13,
		"le_1111":1.9109024146581114e-11,
		"le_1112":{
			"Re":5.387415426570218e-16,
			"Im":7.957183657963241e-16
		},
		"le_1113":{
			"Re":3.1059283305438264e-15,
			"Im":9.580500712988017e-16
		},
		"le_1122":1.6123904800965294e-11,
		"le_1123":{
			"Re":7.661135474709501e-16,
			"Im":9.18921100404319e-16
		},
		"le_1133":1.8646408890611015e-11,
		"le_2211":1.9109024146581114e-11,
		"le_2212":{
			"Re":5.387415426570218e-16,
			"Im":7.957183657963241e-16
		},
		"le_2213":{
			"Re":3.1059283305438264e-15,
			"Im":9.580500712988017e-16
		},
		"le_2222":1.6123904800965294e-11,
		"le_2223":{
			"Re":7.661135474709501e-16,
			"Im":9.18921100404319e-16
		},
		"le_2233":1.8646408890611015e-11,
		"le_3311":1.9109024146581114e-11,
		"le_3312":{
			"Re":5.387415426570218e-16,
			"Im":7.957183657963241e-16
		},
		"le_3313":{
			"Re":3.1059283305438264e-15,
			"Im":9.580500712988017e-16
		},
		"le_3322":1.6123904800965294e-11,
		"le_3323":{
			"Re":7.661135474709501e-16,
			"Im":9.18921100404319e-16
		},
		"le_3333":1.8646408890611015e-11,
		"ll_1111":-1.202404912896346e-13,
		"ll_1122":-2.404809825792692e-13,
		"ll_1133":-2.404809825792692e-13,
		"ll_2222":-1.202404912896346e-13,
		"ll_2233":-2.404809825792692e-13,
		"ll_3333":-1.202404912896346e-13,
		"lq1_1111":8.016032752642307e-14,
		"lq1_1122":8.016032752642307e-14,
		"lq1_1133":8.016032752642307e-14,
		"lq1_2211":8.016032752642307e-14,
		"lq1_2222":8.016032752642307e-14,