{
	"eft":"SMEFT",
	"basis":"Warsaw",
	"scale":1000,
	"values":{
		"dd_1111":-2.015967301431407e-13,
		"dd_1122":-4.031934602862814e-13,
		"dd_1133":-4.031934602862814e-13,
		"dd_2222":-2.015967301431407e-13,
		"dd_2233":-4.031934602862814e-13,
		"dd_3333":-2.015967301431407e-13,
		"eB_11":5.651629773272449e-17,
		"eB_12":{
			"Re":-5.769155903923746e-20,
			"Im":1.0686780221248492e-19
		},
		"eB_13":{
			"Re":6.315864058553156e-18,
			"Im":-6.051973472792492e-18
		},
		"eB_21":{
			"Re":-1.1928943499189483e-17,
			"Im":-2.20971663048359e-17
		},
		"eB_22":3.091579104361269e-14,
		"eB_23":{
			"Re":-5.059225957337801e-16,
			"Im":1.069630746648969e-17
		},
		"eB_31":{
			"Re":2.1962521177230608e-14,
			"Im":2.1044879105693045e-14
		},
		"eB_32":{
			"Re":-8.508319496850516e-15,
			"Im":-1.798844371231264e-16
		},
		"eB_33":1.15104085350401e-12,
		"ed_1111":2.82825906674325e-12,
		"ed_1122":2.82825906674325e-12,
		"ed_1133":2.82825906674325e-12,
		"ed_1211":{
			"Re":-4.049806667124474e-15,
			"Im":7.55024258333076e-15
		},
		"ed_1222":{
			"Re":-4.049806667124474e-15,
			"Im":7.55024258333076e-15
		},
		"ed_1233":{
			"Re":-4.049806667124474e-15,
			"Im":7.55024258333076e-15
		},
		"ed_1311":{
			"Re":4.458339131489641e-13,
			"Im":-4.2719751183543824e-13
		},
		"ed_1322":{
			"Re":4.458339131489641e-13,
			"Im":-4.2719751183543824e-13
		},
		"ed_1333":{
			"Re":4.458339131489641e-13,
			"Im":-4.2719751183543824e-13
		},
		"ed_2211":9.436688974018444e-12,
		"ed_2222":9.436688974018444e-12,
		"ed_2233":9.436688974018444e-12,
		"ed_2311":{
			"Re":-1.7181100684765102e-13,
			"Im":3.573753419168547e-15
		},
		"ed_2322":{
			"Re":-1.7181100684765102e-13,
			"Im":3.573753419168547e-15
		},
		"ed_2333":{
			"Re":-1.7181100684765102e-13,
			"Im":3.573753419168547e-15
		},
		"ed_3311":2.220469826351014e-11,
		"ed_3322":2.220469826351014e-11,
		"ed_3333":2.220469826351014e-11,
		"ee_1111":-1.095819865925804e-13,
		"ee_1112":{
			"Re":-7.378117614269194e-14,
			"Im":-2.7033574370038603e-13
		},
		"ee_1113":{
			"Re":-2.6535801833811024e-12,
			"Im":1.481532577277044e-11
		},
		"ee_1122":-1.4404451489872828e-10,
		"ee_1123":{
			"Re":2.422587106513139e-12,
			"Im":-6.68301853209845e-14
		},
		"ee_1133":-3.2605806095999775e-10,
		"ee_1212":{
			"Re":-5.185292134182845e-11,
			"Im":-3.882471495927244e-11
		},
		"ee_1213":{
			"Re":-6.1988976073661585e-12,
			"Im":-2.5036191884312217e-12
		},
		"ee_1222":{
			"Re":7.097768918948761e-13,
			"Im":-4.565483242119642e-13
		},
		"ee_1223":{
			"Re":-1.9083120122190553e-11,
			"Im":1.830868635204614e-11
		},
		"ee_1232":{
			"Re":-2.1678651079937564e-11,
			"Im":1.2380538521071813e-11
		},
		"ee_1233":{
			"Re":-1.08931068039675e-12,
			"Im":7.557284765558469e-13
		},
		"ee_1313":{
			"Re":1.3750448437631808e-10,
			"Im":3.339654640768937e-11
		},
		"ee_1323":{
			"Re":-6.307840894123286e-13,
			"Im":4.0632237693538704e-13
		},
		"ee_1333":{
			"Re":-1.1189260176236237e-11,
			"Im":-1.6575040664126197e-12
		},
		"ee_2222":-4.230544103868203e-11,
		"ee_2223":{
			"Re":2.4410795397026182e-11,
			"Im":-4.7117241963575094e-12
		},
		"ee_2233":-9.73768205709177e-10,
		"ee_2323":{
			"Re":-3.4243288129317657e-10,
			"Im":1.488726674219627e-10
		},
		"ee_2333":{
			"Re":-2.111261768401903e-11,
			"Im":5.337985339455806e-12
		},
		"ee_3333":-3.010974545519297e-10,
		"ephi_11":3.8486860625462854e-17,
		"ephi_12":{
			"Re":-3.878844730531994e-20,
			"Im":7.218693042248225e-20
		},
		"ephi_13":{
			"Re":4.2672716344178034e-18,
			"Im":-4.088916904926675e-18
		},
		"ephi_21":{
			"Re":-8.02030269188374e-18,
			"Im":-1.4926120556952235e-17
		},
		"ephi_22":2.100165094603298e-14,
		"ephi_23":{
			"Re":-3.4052547898654676e-16,
			"Im":7.11534524817857e-18
		},
		"ephi_31":{
			"Re":1.4825923842338834e-14,
			"Im":1.420625989263979e-14
		},
		"ephi_32":{
			"Re":-5.721781685212468e-15,
			"Im":-1.1955649591368114e-16
		},
		"ephi_33":7.78859863280969e-13,
		"eu_1111":-5.6565181334865e-12,
		"eu_1122":-5.6565181334865e-12,
		"eu_1133":-5.6565181334865e-12,
		"eu_1211":{
			"Re":8.099613334248948e-15,
			"Im":-1.510048516666152e-14
		},
		"eu_1222":{
			"Re":8.099613334248948e-15,
			"Im":-1.510048516666152e-14
		},
		"eu_1233":{
			"Re":8.099613334248948e-15,
			"Im":-1.510048516666152e-14
		},
		"eu_1311":{
			"Re":-8.916678262979282e-13,
			"Im":8.543950236708765e-13
		},
		"eu_1322":{
			"Re":-8.916678262979282e-13,
			"Im":8.543950236708765e-13
		},
		"eu_1333":{
			"Re":-8.916678262979282e-13,
			"Im":8.543950236708765e-13
		},
		"eu_2211":-1.887337794803689e-11,
		"eu_2222":-1.887337794803689e-11,
		"eu_2233":-1.887337794803689e-11,
		"eu_2311":{
			"Re":3.4362201369530204e-13,
			"Im":-7.147506838337094e-15
		},
		"eu_2322":{
			"Re":3.4362201369530204e-13,
			"Im":-7.147506838337094e-15
		},
		"eu_2333":{
			"Re":3.4362201369530204e-13,
			"Im":-7.147506838337094e-15
		},
		"eu_3311":-4.440939652702028e-11,
		"eu_3322":-4.440939652702028e-11,
		"eu_3333":-4.440939652702028e-11,
		"phi":4.1142797693546247e-14,
		"phiB":-2.3795556354181976e-12,
		"phiBox":-1.0777523499573165e-12,
		"phid_11":6.047901904294221e-13,
		"phid_22":6.047901904294221e-13,
		"phid_33":6.047901904294221e-13,
		"phiD":-1.8143705712882661e-12,
		"phie_11":-4.242388600114878e-12,
		"phie_12":{
			"Re":6.07471000068671e-15,
			"Im":-1.1325363874996135e-14
		},
		"phie_13":{
			"Re":-6.687508697234458e-13,
			"Im":6.40796267753157e-13
		},
		"phie_22":-1.4155033461027657e-11,
		"phie_23":{
			"Re":2.5771651027147647e-13,
			"Im":-5.360630128752821e-15
		},
		"phie_33":-3.330704739526519e-11,
		"phil1_11":9.071852851761795e-13,
		"phil1_13":{
			"Re":-1.818491536303911e-19,
			"Im":1.7425109907653833e-19
		},
		"phil1_22":9.071323559773005e-13,
		"phil1_23":{
			"Re":1.4566747318141953e-17,
			"Im":-3.0797281919287604e-19
		},
		"phil1_33":8.740440078928736e-13,
		"phil3_13":{
			"Re":-1.818491536303911e-19,
			"Im":1.7425109907653833e-19
		},
		"phil3_22":-5.292966683250251e-17,
		"phil3_23":{
			"Re":1.4566747318141953e-17,
			"Im":-3.0797281919287604e-19
		},
		"phil3_33":-3.314127775125951e-14,
		"phiq1_11":-3.0239509521471104e-13,
		"phiq1_22":-3.0239509521471104e-13,
		"phiq1_33":-3.0239509521471104e-13,
		"phiu_11":-1.2095803808588441e-12,
		"phiu_22":-1.2095803808588441e-12,
		"phiu_33":-1.2095803808588441e-12,
		"ld_1111":-6.047901904294221e-13,
		"ld_1122":-6.047901904294221e-13,
		"ld_1133":-6.047901904294221e-13,
		"ld_2211":-6.047901904294221e-13,
		"ld_2222":-6.047901904294221e-13,
		"ld_2233":-6.047901904294221e-13,
		"ld_3311":-6.047901904294221e-13,
		"ld_3322":-6.047901904294221e-13,
		"ld_3333":-6.047901904294221e-13,
		"le_1111":4.242388600114878e-12,
		"le_1112":{
			"Re":-6.07471000068671e-15,
			"Im":1.1325363874996135e-14
		},
		"le_1113":{
			"Re":6.687508697234458e-13,
			"Im":-6.40796267753157e-13
		},
		"le_1122":1.4155033461027657e-11,
		"le_1123":{
			"Re":-2.5771651027147647e-13,
			"Im":5.360630128752821e-15
		},
		"le_1133":3.330704739526519e-11,
		"le_2211":4.242388600114878e-12,
		"le_2212":{
			"Re":-6.07471000068671e-15,
			"Im":1.1325363874996135e-14
		},
		"le_2213":{
			"Re":6.687508697234458e-13,
			"Im":-6.40796267753157e-13
		},
		"le_2222":1.4155033461027657e-11,
		"le_2223":{
			"Re":-2.5771651027147647e-13,
			"Im":5.360630128752821e-15
		},
		"le_2233":3.330704739526519e-11,
		"le_3311":4.242388600114878e-12,
		"le_3312":{
			"Re":-6.07471000068671e-15,
			"Im":1.1325363874996135e-14
		},
		"le_3313":{
			"Re":6.687508697234458e-13,
			"Im":-6.40796267753157e-13
		},
		"le_3322":1.4155033461027657e-11,
		"le_3323":{
			"Re":-2.5771651027147647e-13,
			"Im":5.360630128752821e-15
		},
		"le_3333":3.330704739526519e-11,
		"ll_1111":-4.5359264282206653e-13,
		"ll_1122":-9.071852856441331e-13,
		"ll_1133":-9.071852856441331e-13,
		"ll_2222":-4.5359264282206653e-13,
		"ll_2233":-9.071852856441331e-13,
		"ll_3333":-4.5359264282206653e-13,
		"lq1_1111":3.0239509521471104e-13,
		"lq1_1122":3.0239509521471104e-13,