{
	"eft":"SMEFT",
	"basis":"Warsaw",
	"scale":1000,
	"values":{
		"dd_1111":-6.348952799572427e-14,
		"dd_1122":-1.2697905599144854e-13,
		"dd_1133":-1.2697905599144854e-13,
		"dd_2222":-6.348952799572427e-14,
		"dd_2233":-1.2697905599144854e-13,
		"dd_3333":-6.348952799572427e-14,
		"eB_11":1.1766577294877605e-17,
		"eB_12":{
			"Re":1.7313210366997173e-20,
			"Im":-2.3191223799560442e-20
		},
		"eB_13":{
			"Re":7.146997649364054e-20,
			"Im":7.580996308061319e-20
		},
		"eB_21":{
			"Re":3.57987046453409e-18,
			"Im":4.7952733985549035e-18
		},
		"eB_22":1.1629801046840418e-14,
		"eB_23":{
			"Re":-7.692953713035076e-17,
			"Im":4.411962308595295e-17
		},
		"eB_31":{
			"Re":2.4852670319147664e-16,
			"Im":-2.636183907961526e-16
		},
		"eB_32":{
			"Re":-1.2937573576853232e-15,
			"Im":-7.419788174344213e-16
		},
		"eB_33":1.9801338373292823e-13,
		"ed_1111":5.573891006807311e-13,
		"ed_1122":5.573891006807311e-13,
		"ed_1133":5.573891006807311e-13,
		"ed_1211":{
			"Re":-8.37307719895374e-16,
			"Im":-3.4936880378877722e-15
		},
		"ed_1222":{
			"Re":-8.37307719895374e-16,
			"Im":-3.4936880378877722e-15
		},
		"ed_1233":{
			"Re":-8.37307719895374e-16,
			"Im":-3.4936880378877722e-15
		},
		"ed_1311":{
			"Re":9.94506310233936e-15,
			"Im":7.76030343280915e-15
		},
		"ed_1322":{
			"Re":9.94506310233936e-15,
			"Im":7.76030343280915e-15
		},
		"ed_1333":{
			"Re":9.94506310233936e-15,
			"Im":7.76030343280915e-15
		},
		"ed_2211":6.451241468346712e-12,
		"ed_2222":6.451241468346712e-12,
		"ed_2233":6.451241468346712e-12,
		"ed_2311":{
			"Re":-1.9950499070288093e-13,
			"Im":1.0915597415968656e-13
		},
		"ed_2322":{
			"Re":-1.9950499070288093e-13,
			"Im":1.0915597415968656e-13
		},
		"ed_2333":{
			"Re":-1.9950499070288093e-13,
			"Im":1.0915597415968656e-13
		},
		"ed_3311":6.794537412263757e-12,
		"ed_3322":6.794537412263757e-12,
		"ed_3333":6.794537412263757e-12,
		"ee_1111":2.1099933270999877e-12,
		"ee_1112":{
			"Re":1.1497989995676143e-14,
			"Im":-2.279315749507583e-14
		},
		"ee_1113":{
			"Re":1.0617111528057133e-13,
			"Im":7.245964648768053e-14
		},
		"ee_1122":-5.173429335489364e-11,
		"ee_1123":{
			"Re":1.244664168994838e-12,
			"Im":-6.821571096541298e-13
		},
		"ee_1133":-5.388340287919274e-11,
		"ee_1212":{
			"Re":-2.4973341183364734e-11,
			"Im":-2.363539503423952e-11
		},
		"ee_1213":{
			"Re":-5.0983018264446177e-11,
			"Im":-6.669736468576884e-11
		},
		"ee_1222":{
			"Re":3.378978815283116e-13,
			"Im":1.1802087640384075e-15
		},
		"ee_1223":{
			"Re":-9.604314807533061e-14,
			"Im":-1.192226338334309e-12
		},
		"ee_1232":{
			"Re":-1.6504392515790306e-12,
			"Im":-2.3438662706619407e-13
		},
		"ee_1233":{
			"Re":-3.803475891570179e-12,
			"Im":-8.961379831207183e-13
		},
		"ee_1313":{
			"Re":2.2895542157685775e-11,
			"Im":3.3293954557981755e-11
		},
		"ee_1323":{
			"Re":-3.323581378113445e-13,
			"Im":2.67343821598356e-13
		},
		"ee_1333":{
			"Re":1.0272365443970376e-12,
			"Im":4.314630004138413e-14
		},
		"ee_2222":-1.4872701533249153e-11,
		"ee_2223":{
			"Re":6.240711417721398e-10,
			"Im":9.39663435938266e-11
		},
		"ee_2233":9.634937219018656e-10,
		"ee_2323":{
			"Re":-2.927912314030294e-10,
			"Im":-6.281448734600515e-11
		},
		"ee_2333":{
			"Re":-7.214213473666006e-10,
			"Im":-4.1726791522579427e-11
		},
		"ee_3333":6.580961088258915e-11,
		"ephi_11":2.2503765615386798e-17,
		"ephi_12":{
			"Re":0.0,
			"Im":-7.385869973794021e-20
		},
		"ephi_13":{
			"Re":2.1291328762883442e-19,
			"Im":1.7580298432538732e-19
		},
		"ephi_21":{
			"Re":-1.382617715509809e-18,
			"Im":1.52718299852411e-17
		},
		"ephi_22":3.0949935910472266e-14,
		"ephi_23":{
			"Re":-7.773090656360526e-16,
			"Im":4.262705180267176e-16
		},
		"ephi_31":{
			"Re":7.402296855510804e-16,
			"Im":-6.111750012743847e-16
		},
		"ephi_32":{
			"Re":-1.3071585666823899e-14,
			"Im":-7.168341460073078e-15
		},
		"ephi_33":5.432053589712794e-13,
		"eu_1111":-1.1147782013614621e-12,
		"eu_1122":-1.1147782013614621e-12,
		"eu_1133":-1.1147782013614621e-12,
		"eu_1211":{
			"Re":1.674615439790748e-15,
			"Im":6.9873760757755444e-15
		},
		"eu_1222":{
			"Re":1.674615439790748e-15,
			"Im":6.9873760757755444e-15
		},
		"eu_1233":{
			"Re":1.674615439790748e-15,
			"Im":6.9873760757755444e-15
		},
		"eu_1311":{
			"Re":-1.989012620467872e-14,
			"Im":-1.55206068656183e-14
		},
		"eu_1322":{
			"Re":-1.989012620467872e-14,
			"Im":-1.55206068656183e-14
		},
		"eu_1333":{
			"Re":-1.989012620467872e-14,
			"Im":-1.55206068656183e-14
		},
		"eu_2211":-1.2902482936693424e-11,
		"eu_2222":-1.2902482936693424e-11,
		"eu_2233":-1.2902482936693424e-11,
		"eu_2311":{
			"Re":3.9900998140576186e-13,
			"Im":-2.183119483193731e-13
		},
		"eu_2322":{
			"Re":3.9900998140576186e-13,
			"Im":-2.183119483193731e-13
		},
		"eu_2333":{
			"Re":3.9900998140576186e-13,
			"Im":-2.183119483193731e-13
		},
		"eu_3311":-1.3589074824527513e-11,
		"eu_3322":-1.3589074824527513e-11,
		"eu_3333":-1.3589074824527513e-11,
		"phi":2.250557893129486e-13,
		"phiB":-1.9407684765953438e-12,
		"phiBox":-1.46120788323662e-12,
		"phid_11":1.904685839871728e-13,
		"phid_22":1.904685839871728e-13,
		"phid_33":1.904685839871728e-13,
		"phiD":-5.714057519615184e-13,
		"phie_11":-8.360836510210969e-13,
		"phie_12":{
			"Re":1.2559615798430598e-15,
			"Im":5.240532056831659e-15
		},
		"phie_13":{
			"Re":-1.4917594653509037e-14,
			"Im":-1.1640455149213723e-14
		},
		"phie_22":-9.676862202520068e-12,
		"phie_23":{
			"Re":2.9925748605432057e-13,
			"Im":-1.6373396123952933e-13
		},
		"phie_33":-1.0191806118395635e-11,
		"phil1_11":2.8570287588333224e-13,
		"phil1_22":2.856829650719984e-13,
		"phil1_23":{
			"Re":2.2149892851773928e-18,
			"Im":-1.2703117170179445e-18
		},
		"phil1_33":2.800015869875994e-13,
		"phil3_22":-1.9910908760807184e-17,
		"phil3_23":{
			"Re":2.2149892851773928e-18,
			"Im":-1.2703117170179445e-18
		},
		"phil3_33":-5.701288993159832e-15,
		"phiq1_11":-9.52342919935864e-14,
		"phiq1_22":-9.52342919935864e-14,
		"phiq1_33":-9.52342919935864e-14,
		"phiu_11":-3.809371679743456e-13,
		"phiu_22":-3.809371679743456e-13,
		"phiu_33":-3.809371679743456e-13,
		"ld_1111":-1.904685839871728e-13,
		"ld_1122":-1.904685839871728e-13,
		"ld_1133":-1.904685839871728e-13,
		"ld_2211":-1.904685839871728e-13,
		"ld_2222":-1.904685839871728e-13,
		"ld_2233":-1.904685839871728e-13,
		"ld_3311":-1.904685839871728e-13,
		"ld_3322":-1.904685839871728e-13,
		"ld_3333":-1.904685839871728e-13,
		"le_1111":8.360836510210969e-13,
		"le_1112":{
			"Re":-1.2559615798430598e-15,
			"Im":-5.240532056831659e-15
		},
		"le_1113":{
			"Re":1.4917594653509037e-14,
			"Im":1.1640455149213723e-14
		},
		"le_1122":9.676862202520068e-12,
		"le_1123":{
			"Re":-2.9925748605432057e-13,
			"Im":1.6373396123952933e-13
		},
		"le_1133":1.0191806118395635e-11,
		"le_2211":8.360836510210969e-13,
		"le_2212":{
			"Re":-1.2559615798430598e-15,
			"Im":-5.240532056831659e-15
		},
		"le_2213":{
			"Re":1.4917594653509037e-14,
			"Im":1.1640455149213723e-14
		},
		"le_2222":9.676862202520068e-12,
		"le_2223":{
			"Re":-2.9925748605432057e-13,
			"Im":1.6373396123952933e-13
		},
		"le_2233":1.0191806118395635e-11,
		"le_3311":8.360836510210969e-13,
		"le_3312":{
			"Re":-1.2559615798430598e-15,
			"Im":-5.240532056831659e-15
		},
		"le_3313":{
			"Re":1.4917594653509037e-14,
			"Im":1.1640455149213723e-14
		},
		"le_3322":9.676862202520068e-12,
		"le_3323":{
			"Re":-2.9925748605432057e-13,
			"Im":1.6373396123952933e-13
		},
		"le_3333":1.0191806118395635e-11,
		"ll_1111":-1.428514379903796e-13,
		"ll_1122":-2.857028759807592e-13,
		"ll_1133":-2.857028759807592e-13,
		"ll_2222":-1.428514379903796e-13,
		"ll_2233":-2.857028759807592e-13,
		"ll_3333":-1.428514379903796e-13,
		"lq1_1111":9.52342919935864e-14,
		"lq1_1122":9.52342919935864e-14,
		"lq1_1133":9.52342919935864e-14,
		"lq1_2211":9.52342919935864e-14,
		"lq1_2222":9.52342919935864e-14,
		"lq1_2233":9.52342919935864e-14,
		"lq1_3311":9.52342919935864e-14,