{
	"eft":"SMEFT",
	"basis":"Warsaw",
	"scale":1000,
	"values":{
		"dd_1111":-4.87326706462873e-14,
		"dd_1122":-9.74653412925746e-14,
		"dd_1133":-9.74653412925746e-14,
		"dd_2222":-4.87326706462873e-14,
		"dd_2233":-9.74653412925746e-14,
		"dd_3333":-4.87326706462873e-14,
		"eB_11":6.632881598497992e-17,
		"eB_12":1.355478439645843e-20,
		"eB_13":{
			"Re":1.827894887191095e-19,
			"Im":-4.0103747874272037e-20
		},
		"eB_21":{
			"Re":2.802736828434309e-18,
			"Im":-1.0457351604400412e-18
		},
		"eB_22":1.152883849718221e-14,
		"eB_23":{
			"Re":1.4603924068381777e-15,
			"Im":-9.235544023106594e-16
		},
		"eB_31":{
			"Re":6.356245130912915e-16,
			"Im":1.3945509336640058e-16
		},
		"eB_32":{
			"Re":2.4560051859577522e-14,
			"Im":1.5531814538121128e-14
		},
		"eB_33":5.491313399140549e-13,
		"ed_1111":4.464117330785825e-12,
		"ed_1122":4.464117330785825e-12,
		"ed_1133":4.464117330785825e-12,
		"ed_1211":{
			"Re":5.088117003195504e-16,
			"Im":1.5894479969647482e-16
		},
		"ed_1222":{
			"Re":5.088117003195504e-16,
			"Im":1.5894479969647482e-16
		},
		"ed_1233":{
			"Re":5.088117003195504e-16,
			"Im":1.5894479969647482e-16
		},
		"ed_1311":{
			"Re":6.6106983999714845e-15,
			"Im":-1.8298966116286205e-15
		},
		"ed_1322":{
			"Re":6.6106983999714845e-15,
			"Im":-1.8298966116286205e-15
		},
		"ed_1333":{
			"Re":6.6106983999714845e-15,
			"Im":-1.8298966116286205e-15
		},
		"ed_2211":3.7106521845808414e-12,
		"ed_2222":3.7106521845808414e-12,
		"ed_2233":3.7106521845808414e-12,
		"ed_2311":{
			"Re":4.991919164996208e-13,
			"Im":-3.156326338751831e-13
		},
		"ed_2322":{
			"Re":4.991919164996208e-13,
			"Im":-3.156326338751831e-13
		},
		"ed_2333":{
			"Re":4.991919164996208e-13,
			"Im":-3.156326338751831e-13
		},
		"ed_3311":1.0927817585525425e-11,
		"ed_3322":1.0927817585525425e-11,
		"ed_3333":1.0927817585525425e-11,
		"ee_1111":-4.720292497630542e-11,
		"ee_1112":{
			"Re":-5.9792808282463665e-12,
			"Im":-2.6771463132358507e-12
		},
		"ee_1113":{
			"Re":-8.149750627478494e-11,
			"Im":1.2977948151665719e-11
		},
		"ee_1122":-3.106974382611688e-10,
		"ee_1123":{
			"Re":-3.751566435428315e-11,
			"Im":2.365433409951574e-11
		},
		"ee_1133":-8.516234608024841e-10,
		"ee_1212":{
			"Re":1.061145329665907e-10,
			"Im":4.512756204096962e-11
		},
		"ee_1213":{
			"Re":-6.701654303732139e-11,
			"Im":-9.854564315793274e-12
		},
		"ee_1222":{
			"Re":-5.434656980785576e-12,
			"Im":8.957773320358087e-14
		},
		"ee_1223":{
			"Re":2.4103568391408033e-12,
			"Im":-7.071879486950246e-13
		},
		"ee_1232":{
			"Re":-5.7526860989049755e-11,
			"Im":-3.600960020778954e-11
		},
		"ee_1233":{
			"Re":3.7815959477760696e-11,
			"Im":1.1821928994599315e-11
		},
		"ee_1313":{
			"Re":-3.0682920093626787e-10,
			"Im":9.978697852595484e-11
		},
		"ee_1323":{
			"Re":1.1103870289071342e-11,
			"Im":-1.0052755272185402e-11
		},
		"ee_1333":{
			"Re":1.8573251827739195e-10,
			"Im":-2.930058222649936e-11
		},
		"ee_2222":-3.420465448957108e-11,
		"ee_2223":{
			"Re":-8.84013659460659e-11,
			"Im":3.5748146654915496e-11
		},
		"ee_2233":-7.248483494139302e-10,
		"ee_2323":{
			"Re":-2.03291196375548e-10,
			"Im":1.7870927656304053e-10
		},
		"ee_2333":{
			"Re":4.250285714592039e-11,
			"Im":-7.659581299330232e-12
		},
		"ee_3333":-3.381657097675497e-10,
		"ephi_11":2.139049971904315e-18,
		"ephi_21":{
			"Re":5.904315793322633e-20,
			"Im":-1.99389882206027e-20
		},
		"ephi_22":3.7213650418171735e-16,
		"ephi_23":{
			"Re":4.7461307214828185e-17,
			"Im":-3.001073995720483e-17
		},
		"ephi_31":{
			"Re":1.3104893213882425e-17,
			"Im":3.307058157006612e-18
		},
		"ephi_32":{
			"Re":7.837939481627067e-16,
			"Im":4.956075204423224e-16
		},
		"ephi_33":1.791327239392385e-14,
		"eu_1111":-8.92823466157165e-12,
		"eu_1122":-8.92823466157165e-12,
		"eu_1133":-8.92823466157165e-12,
		"eu_1211":{
			"Re":-1.0176234006391007e-15,
			"Im":-3.1788959939294964e-16
		},
		"eu_1222":{
			"Re":-1.0176234006391007e-15,
			"Im":-3.1788959939294964e-16
		},
		"eu_1233":{
			"Re":-1.0176234006391007e-15,
			"Im":-3.1788959939294964e-16
		},
		"eu_1311":{
			"Re":-1.3221396799942969e-14,
			"Im":3.659793223257241e-15
		},
		"eu_1322":{
			"Re":-1.3221396799942969e-14,
			"Im":3.659793223257241e-15
		},
		"eu_1333":{
			"Re":-1.3221396799942969e-14,
			"Im":3.659793223257241e-15
		},
		"eu_2211":-7.421304369161683e-12,
		"eu_2222":-7.421304369161683e-12,
		"eu_2233":-7.421304369161683e-12,
		"eu_2311":{
			"Re":-9.983838329992417e-13,
			"Im":6.312652677503662e-13
		},
		"eu_2322":{
			"Re":-9.983838329992417e-13,
			"Im":6.312652677503662e-13
		},
		"eu_2333":{
			"Re":-9.983838329992417e-13,
			"Im":6.312652677503662e-13
		},
		"eu_3311":-2.185563517105085e-11,
		"eu_3322":-2.185563517105085e-11,
		"eu_3333":-2.185563517105085e-11,
		"phi":1.047743407991315e-18,
		"phiB":-2.716693985805583e-14,
		"phiBox":-1.0998505827355389e-13,
		"phid_11":1.461980119388619e-13,
		"phid_22":1.461980119388619e-13,
		"phid_33":1.461980119388619e-13,
		"phiD":-4.385940358165857e-13,
		"phie_11":-6.696175996178737e-12,
		"phie_12":{
			"Re":-7.632175504793792e-16,
			"Im":-2.38417199544728e-16
		},
		"phie_13":{
			"Re":-9.916047599957833e-15,
			"Im":2.744844917442994e-15
		},
		"phie_22":-5.56597827687126e-12,
		"phie_23":{
			"Re":-7.487878747494316e-13,
			"Im":4.734489508127749e-13
		},
		"phie_33":-1.6391726378288143e-11,
		"phil1_11":2.1929701735909182e-13,
		"phil1_22":2.192772798534017e-13,
		"phil1_23":{
			"Re":-4.204826460634904e-17,
			"Im":2.6591387153809144e-17
		},
		"phil1_33":2.03486185301777e-13,
		"phil3_22":-1.973805489113163e-17,
		"phil3_23":{
			"Re":-4.204826460634904e-17,
			"Im":2.6591387153809144e-17
		},
		"phil3_33":-1.5810832606515845e-14,
		"phiq1_11":-7.309900596943095e-14,
		"phiq1_22":-7.309900596943095e-14,
		"phiq1_33":-7.309900596943095e-14,
		"phiu_11":-2.923960238777238e-13,
		"phiu_22":-2.923960238777238e-13,
		"phiu_33":-2.923960238777238e-13,
		"ld_1111":-1.461980119388619e-13,
		"ld_1122":-1.461980119388619e-13,
		"ld_1133":-1.461980119388619e-13,
		"ld_2211":-1.461980119388619e-13,
		"ld_2222":-1.461980119388619e-13,
		"ld_2233":-1.461980119388619e-13,
		"ld_3311":-1.461980119388619e-13,
		"ld_3322":-1.461980119388619e-13,
		"ld_3333":-1.461980119388619e-13,
		"le_1111":6.696175996178737e-12,
		"le_1112":{
			"Re":7.632175504793792e-16,
			"Im":2.38417199544728e-16
		},
		"le_1113":{
			"Re":9.916047599957833e-15,
			"Im":-2.744844917442994e-15
		},
		"le_1122":5.56597827687126e-12,
		"le_1123":{
			"Re":7.487878747494316e-13,
			"Im":-4.734489508127749e-13
		},
		"le_1133":1.6391726378288143e-11,
		"le_2211":6.696175996178737e-12,
		"le_2212":{
			"Re":7.632175504793792e-16,
			"Im":2.38417199544728e-16
		},
		"le_2213":{
			"Re":9.916047599957833e-15,
			"Im":-2.744844917442994e-15
		},
		"le_2222":5.56597827687126e-12,
		"le_2223":{
			"Re":7.487878747494316e-13,
			"Im":-4.734489508127749e-13
		},
		"le_2233":1.6391726378288143e-11,
		"le_3311":6.696175996178737e-12,
		"le_3312":{
			"Re":7.632175504793792e-16,
			"Im":2.38417199544728e-16
		},
		"le_3313":{
			"Re":9.916047599957833e-15,
			"Im":-2.744844917442994e-15
		},
		"le_3322":5.56597827687126e-12,
		"le_3323":{
			"Re":7.487878747494316e-13,
			"Im":-4.734489508127749e-13
		},
		"le_3333":1.6391726378288143e-11,
		"ll_1111":-1.0964850895414642e-13,
		"ll_1122":-2.1929701790829284e-13,
		"ll_1133":-2.1929701790829284e-13,
		"ll_2222":-1.0964850895414642e-13,
		"ll_2233":-2.1929701790829284e-13,
		"ll_3333":-1.0964850895414642e-13,
		"lq1_1111":7.309900596943095e-14,
		"lq1_1122":7.309900596943095e-14,
		"lq1_1133":7.309900596943095e-14,
		"lq1_2211":7.309900596943095e-14,
		"lq1_2222":7.309900596943095e-14,
		"lq1_2233":7.309900596943095e-14,
		"lq1_3311":7.309900596943095e-14,
		"lq1_3322":7.309900596943095e-14,
		"lq1_3333":7.309900596943095e-14,
		"lu_1111":2.923960238777238e-13,
		"lu_1122":2.923960238777238e-13,
		"lu_1133":2.923960238777238e-13,
		"lu_2211":2.923960238777238e-13,