{
	"eft":"SMEFT",
	"basis":"Warsaw",
	"scale":1000,
	"values":{
		"dd_1111":-8.928494886309023e-13,
		"dd_1122":-1.7856989772618046e-12,
		"dd_1133":-1.7856989772618046e-12,
		"dd_2222":-8.928494886309023e-13,
		"dd_2233":-1.7856989772618046e-12,
		"dd_3333":-8.928494886309023e-13,
		"eB_11":2.1562489440539468e-15,
		"eB_12":{
			"Re":-4.357610562736006e-19,
			"Im":3.0268312944754806e-20
		},
		"eB_13":{
			"Re":-2.3851378383646494e-16,
			"Im":7.091909993198574e-16
		},
		"eB_21":{
			"Re":-9.01027655692133e-17,
			"Im":-6.258610461335829e-18
		},
		"eB_22":6.542699838310913e-14,
		"eB_23":{
			"Re":1.012789974830706e-17,
			"Im":-3.043320230473202e-17
		},
		"eB_31":{
			"Re":-8.293978432730516e-13,
			"Im":-2.4661110810595565e-12
		},
		"eB_32":{
			"Re":1.7032527824868305e-16,
			"Im":5.118083491514493e-16
		},
		"eB_33":2.0248756706393656e-12,
		"ed_1111":1.6653503526411294e-10,
		"ed_1122":1.6653503526411294e-10,
		"ed_1133":1.6653503526411294e-10,
		"ed_1211":{
			"Re":-3.4836911165024716e-14,
			"Im":2.4885737323843733e-15
		},
		"ed_1222":{
			"Re":-3.4836911165024716e-14,
			"Im":2.4885737323843733e-15
		},
		"ed_1233":{
			"Re":-3.4836911165024716e-14,
			"Im":2.4885737323843733e-15
		},
		"ed_1311":{
			"Re":-1.9173944328648285e-11,
			"Im":5.70060917331768e-11
		},
		"ed_1322":{
			"Re":-1.9173944328648285e-11,
			"Im":5.70060917331768e-11
		},
		"ed_1333":{
			"Re":-1.9173944328648285e-11,
			"Im":5.70060917331768e-11
		},
		"ed_2211":1.8490201490017173e-11,
		"ed_2222":1.8490201490017173e-11,
		"ed_2233":1.8490201490017173e-11,
		"ed_2311":{
			"Re":4.293544881168428e-15,
			"Im":-1.2206148454979394e-14
		},
		"ed_2322":{
			"Re":4.293544881168428e-15,
			"Im":-1.2206148454979394e-14
		},
		"ed_2333":{
			"Re":4.293544881168428e-15,
			"Im":-1.2206148454979394e-14
		},
		"ed_3311":4.000982036405912e-11,
		"ed_3322":4.000982036405912e-11,
		"ed_3333":4.000982036405912e-11,
		"ee_1111":-3.8380155152991856e-10,
		"ee_1112":{
			"Re":4.557596054531291e-12,
			"Im":-5.503802389909002e-11
		},
		"ee_1113":{
			"Re":6.354016124945202e-10,
			"Im":1.5205540068538973e-9
		},
		"ee_1122":-3.1759395136756484e-9,
		"ee_1123":{
			"Re":-4.596359520762209e-11,
			"Im":-6.990560215982535e-12
		},
		"ee_1133":-9.505657565370386e-10,
		"ee_1212":{
			"Re":-3.3240924467785326e-10,
			"Im":-1.6200357009569022e-9
		},
		"ee_1213":{
			"Re":-1.2649085319886744e-10,
			"Im":-5.613985569297388e-11
		},
		"ee_1222":{
			"Re":7.840750384987041e-12,
			"Im":-1.4251357029750886e-12
		},
		"ee_1223":{
			"Re":3.596414169782656e-10,
			"Im":-1.0690571220111873e-9
		},
		"ee_1232":{
			"Re":-1.2651650267619178e-9,
			"Im":5.675857948176938e-10
		},
		"ee_1233":{
			"Re":-2.243054966726748e-11,
			"Im":1.1360573337306193e-10
		},
		"ee_1313":{
			"Re":7.867242744390818e-10,
			"Im":-8.533225747195704e-10
		},
		"ee_1323":{
			"Re":7.572121547723248e-12,
			"Im":-2.5206800882293457e-12
		},
		"ee_1333":{
			"Re":-6.786372401698405e-10,
			"Im":-1.418546073823774e-9
		},
		"ee_2222":2.0175708543785154e-11,
		"ee_2223":{
			"Re":1.0911178890004304e-11,
			"Im":-1.473778982633251e-11
		},
		"ee_2233":-8.031364723625569e-10,
		"ee_2323":{
			"Re":2.530781523125287e-10,
			"Im":-1.6144182639081686e-11
		},
		"ee_2333":{
			"Re":1.3496831315378955e-11,
			"Im":1.676550981698204e-11
		},
		"ee_3333":-5.18460274172219e-10,
		"ephi_11":1.902258225329546e-14,
		"ephi_12":{
			"Re":-3.852500508553782e-18,
			"Im":2.73291730546891e-19
		},
		"ephi_13":{
			"Re":-2.1175785272167566e-15,
			"Im":6.295921808622509e-15
		},
		"ephi_21":{
			"Re":-7.965853386660085e-16,
			"Im":-5.65088015731705e-17
		},
		"ephi_22":5.536235898587678e-13,
		"ephi_23":{
			"Re":9.601180051424975e-17,
			"Im":-2.7659886201688364e-16
		},
		"ephi_31":{
			"Re":-7.363091434770562e-12,
			"Im":-2.189172544758563e-11
		},
		"ephi_32":{
			"Re":1.614572299125601e-15,
			"Im":4.651383169429808e-15
		},
		"ephi_33":1.756157905867147e-11,
		"eu_1111":-3.330700705282259e-10,
		"eu_1122":-3.330700705282259e-10,
		"eu_1133":-3.330700705282259e-10,
		"eu_1211":{
			"Re":6.967382233004943e-14,
			"Im":-4.977147464768747e-15
		},
		"eu_1222":{
			"Re":6.967382233004943e-14,
			"Im":-4.977147464768747e-15
		},
		"eu_1233":{
			"Re":6.967382233004943e-14,
			"Im":-4.977147464768747e-15
		},
		"eu_1311":{
			"Re":3.834788865729657e-11,
			"Im":-1.140121834663536e-10
		},
		"eu_1322":{
			"Re":3.834788865729657e-11,
			"Im":-1.140121834663536e-10
		},
		"eu_1333":{
			"Re":3.834788865729657e-11,
			"Im":-1.140121834663536e-10
		},
		"eu_2211":-3.6980402980034346e-11,
		"eu_2222":-3.6980402980034346e-11,
		"eu_2233":-3.6980402980034346e-11,
		"eu_2311":{
			"Re":-8.587089762336857e-15,
			"Im":2.4412296909958788e-14
		},
		"eu_2322":{
			"Re":-8.587089762336857e-15,
			"Im":2.4412296909958788e-14
		},
		"eu_2333":{
			"Re":-8.587089762336857e-15,
			"Im":2.4412296909958788e-14
		},
		"eu_3311":-8.001964072811824e-11,
		"eu_3322":-8.001964072811824e-11,
		"eu_3333":-8.001964072811824e-11,
		"phi":3.10879454090252e-10,
		"phiB":-1.2592881321933144e-10,
		"phiBox":-3.9670193758503244e-10,
		"phid_11":2.6785484658927068e-12,
		"phid_22":2.6785484658927068e-12,
		"phid_33":2.6785484658927068e-12,
		"phiD":-8.035645397678119e-12,
		"phie_11":-2.498025528961692e-10,
		"phie_12":{
			"Re":5.2255366747537125e-14,
			"Im":-3.732860598576576e-15
		},
		"phie_13":{
			"Re":2.8760916492972417e-11,
			"Im":-8.550913759976516e-11
		},
		"phie_22":-2.773530223502575e-11,
		"phie_23":{
			"Re":-6.440317321752617e-15,
			"Im":1.830922268246904e-14
		},
		"phie_33":-6.001473054608866e-11,
		"phil1_11":4.01782268098537e-12,
		"phil1_13":{
			"Re":6.867394440053746e-18,
			"Im":-2.041934116899771e-17
		},
		"phil1_22":4.017710683939574e-12,
		"phil1_23":{
			"Re":-2.9160697257072374e-19,
			"Im":8.762462317223408e-19
		},
		"phil1_33":3.959521582238255e-12,
		"phil3_11":-1.7853690035329456e-20,
		"phil3_13":{
			"Re":6.867394440053746e-18,
			"Im":-2.041934116899771e-17
		},
		"phil3_22":-1.1201489948561805e-16,
		"phil3_23":{
			"Re":-2.9160697257072374e-19,
			"Im":8.762462317223408e-19
		},
		"phil3_33":-5.830111660080476e-14,
		"phiq1_11":-1.3392742329463534e-12,
		"phiq1_22":-1.3392742329463534e-12,
		"phiq1_33":-1.3392742329463534e-12,
		"phiu_11":-5.3570969317854136e-12,
		"phiu_22":-5.3570969317854136e-12,
		"phiu_33":-5.3570969317854136e-12,
		"ld_1111":-2.6785484658927068e-12,
		"ld_1122":-2.6785484658927068e-12,
		"ld_1133":-2.6785484658927068e-12,
		"ld_2211":-2.6785484658927068e-12,
		"ld_2222":-2.6785484658927068e-12,
		"ld_2233":-2.6785484658927068e-12,
		"ld_3311":-2.6785484658927068e-12,
		"ld_3322":-2.6785484658927068e-12,
		"ld_3333":-2.6785484658927068e-12,
		"le_1111":2.498025528961692e-10,
		"le_1112":{
			"Re":-5.2255366747537125e-14,
			"Im":3.732860598576576e-15
		},
		"le_1113":{
			"Re":-2.8760916492972417e-11,
			"Im":8.550913759976516e-11
		},
		"le_1122":2.773530223502575e-11,
		"le_1123":{
			"Re":6.440317321752617e-15,
			"Im":-1.830922268246904e-14
		},
		"le_1133":6.001473054608866e-11,
		"le_2211":2.498025528961692e-10,
		"le_2212":{
			"Re":-5.2255366747537125e-14,
			"Im":3.732860598576576e-15
		},
		"le_2213":{
			"Re":-2.8760916492972417e-11,
			"Im":8.550913759976516e-11
		},
		"le_2222":2.773530223502575e-11,
		"le_2223":{
			"Re":6.440317321752617e-15,
			"Im":-1.830922268246904e-14
		},
		"le_2233":6.001473054608866e-11,
		"le_3311":2.498025528961692e-10,
		"le_3312":{
			"Re":-5.2255366747537125e-14,
			"Im":3.732860598576576e-15
		},
		"le_3313":{
			"Re":-2.8760916492972417e-11,
			"Im":8.550913759976516e-11
		},
		"le_3322":2.773530223502575e-11,
		"le_3323":{
			"Re":6.440317321752617e-15,
			"Im":-1.830922268246904e-14
		},
		"le_3333":6.001473054608866e-11,
		"ll_1111":-2.0089113494195298e-12,
		"ll_1122":-4.0178226988390596e-12,
		"ll_1133":-4.0178226988390596e-12,
		"ll_2222":-2.0089113494195298e-12,
		"ll_2233":-4.0178226988390596e-12,
		"ll_3333":-2.0089113494195298e-12,