{
	"eft":"SMEFT",
	"basis":"Warsaw",
	"scale":1000,
	"values":{
		"dd_1111":-3.9728071981277094e-13,
		"dd_1122":-7.945614396255419e-13,
		"dd_1133":-7.945614396255419e-13,
		"dd_2222":-3.9728071981277094e-13,
		"dd_2233":-7.945614396255419e-13,
		"dd_3333":-3.9728071981277094e-13,
		"eB_11":8.565948130775532e-16,
		"eB_12":{
			"Re":-2.6982403058856514e-19,
			"Im":1.5430464260527525e-19
		},
		"eB_13":{
			"Re":-1.194524329513935e-16,
			"Im":2.3312531509061276e-16
		},
		"eB_21":{
			"Re":-5.579179466142449e-17,
			"Im":-3.190573099348969e-17
		},
		"eB_22":1.2319537715034312e-13,
		"eB_23":{
			"Re":-1.0207141136006205e-16,
			"Im":6.062124676862379e-17
		},
		"eB_31":{
			"Re":-4.1537888783624216e-13,
			"Im":-8.106602077181263e-13
		},
		"eB_32":{
			"Re":-1.7165791499908641e-15,
			"Im":-1.0194937726724506e-15
		},
		"eB_33":3.8744842633916253e-13,
		"ed_1111":4.8938243664191085e-11,
		"ed_1122":4.8938243664191085e-11,
		"ed_1133":4.8938243664191085e-11,
		"ed_1211":{
			"Re":-1.6028883494218127e-14,
			"Im":9.396558694867312e-15
		},
		"ed_1222":{
			"Re":-1.6028883494218127e-14,
			"Im":9.396558694867312e-15
		},
		"ed_1233":{
			"Re":-1.6028883494218127e-14,
			"Im":9.396558694867312e-15
		},
		"ed_1311":{
			"Re":-7.159164069106744e-12,
			"Im":1.396436800897408e-11
		},
		"ed_1322":{
			"Re":-7.159164069106744e-12,
			"Im":1.396436800897408e-11
		},
		"ed_1333":{
			"Re":-7.159164069106744e-12,
			"Im":1.396436800897408e-11
		},
		"ed_2211":3.329448794174761e-11,
		"ed_2222":3.329448794174761e-11,
		"ed_2233":3.329448794174761e-11,
		"ed_2311":{
			"Re":-2.948815142729949e-14,
			"Im":1.7632095746431363e-14
		},
		"ed_2322":{
			"Re":-2.948815142729949e-14,
			"Im":1.7632095746431363e-14
		},
		"ed_2333":{
			"Re":-2.948815142729949e-14,
			"Im":1.7632095746431363e-14
		},
		"ed_3311":4.288010723066688e-12,
		"ed_3322":4.288010723066688e-12,
		"ed_3333":4.288010723066688e-12,
		"ee_1111":-2.460678232192063e-9,
		"ee_1112":{
			"Re":2.8275496366143555e-12,
			"Im":4.097846965543441e-12
		},
		"ee_1113":{
			"Re":6.399702042666852e-10,
			"Im":-1.5279691444223494e-9
		},
		"ee_1122":-4.581627311776488e-9,
		"ee_1123":{
			"Re":5.006702527020254e-12,
			"Im":2.4465483296430267e-13
		},
		"ee_1133":-1.1577854451819717e-9,
		"ee_1212":{
			"Re":-1.3197297912232642e-10,
			"Im":6.564428506601305e-10
		},
		"ee_1213":{
			"Re":-3.5740933541595e-12,
			"Im":2.273628785682409e-12
		},
		"ee_1222":{
			"Re":5.4075272113965904e-12,
			"Im":4.89449945150843e-13
		},
		"ee_1223":{
			"Re":6.52895033547231e-10,
			"Im":-1.2740112881896567e-9
		},
		"ee_1232":{
			"Re":2.914813095776609e-10,
			"Im":-1.8464577997390803e-10
		},
		"ee_1233":{
			"Re":8.757435640646574e-13,
			"Im":1.4316498026483776e-12
		},
		"ee_1313":{
			"Re":2.1326631576952915e-10,
			"Im":1.7730028896131354e-10
		},
		"ee_1323":{
			"Re":-4.2448706850017436e-13,
			"Im":1.2086384240902436e-12
		},
		"ee_1333":{
			"Re":6.404596768457471e-11,
			"Im":-1.8207536116777163e-10
		},
		"ee_2222":-1.0599350650278313e-9,
		"ee_2223":{
			"Re":4.387316352513583e-12,
			"Im":9.065223683055538e-13
		},
		"ee_2233":-5.089672716953002e-10,
		"ee_2323":{
			"Re":-6.924877034778233e-11,
			"Im":-4.556619665535363e-12
		},
		"ee_2333":{
			"Re":1.8412570608576657e-13,
			"Im":6.37629538774631e-14
		},
		"ee_3333":-3.306594565161229e-11,
		"ephi_11":-5.0651403865378915e-15,
		"ephi_12":{
			"Re":1.5861388285082694e-18,
			"Im":-9.227511293337262e-19
		},
		"ephi_13":{
			"Re":7.064223615066124e-16,
			"Im":-1.3781491943114728e-15
		},
		"ephi_21":{
			"Re":3.2796768661957444e-16,
			"Im":1.9079827437268985e-16
		},
		"ephi_22":-7.282017677017353e-13,
		"ephi_23":{
			"Re":6.022591091230928e-16,
			"Im":-3.5936189034600957e-16
		},
		"ephi_31":{
			"Re":2.456727662706045e-12,
			"Im":4.7927947351475485e-12
		},
		"ephi_32":{
			"Re":1.0129457685202235e-14,
			"Im":6.0441416722820375e-15
		},
		"ephi_33":-2.289866180455633e-12,
		"eu_1111":-9.787648732838217e-11,
		"eu_1122":-9.787648732838217e-11,
		"eu_1133":-9.787648732838217e-11,
		"eu_1211":{
			"Re":3.2057766988436254e-14,
			"Im":-1.8793117389734624e-14
		},
		"eu_1222":{
			"Re":3.2057766988436254e-14,
			"Im":-1.8793117389734624e-14
		},
		"eu_1233":{
			"Re":3.2057766988436254e-14,
			"Im":-1.8793117389734624e-14
		},
		"eu_1311":{
			"Re":1.4318328138213489e-11,
			"Im":-2.792873601794816e-11
		},
		"eu_1322":{
			"Re":1.4318328138213489e-11,
			"Im":-2.792873601794816e-11
		},
		"eu_1333":{
			"Re":1.4318328138213489e-11,
			"Im":-2.792873601794816e-11
		},
		"eu_2211":-6.658897588349522e-11,
		"eu_2222":-6.658897588349522e-11,
		"eu_2233":-6.658897588349522e-11,
		"eu_2311":{
			"Re":5.897630285459898e-14,
			"Im":-3.5264191492862726e-14
		},
		"eu_2322":{
			"Re":5.897630285459898e-14,
			"Im":-3.5264191492862726e-14
		},
		"eu_2333":{
			"Re":5.897630285459898e-14,
			"Im":-3.5264191492862726e-14
		},
		"eu_3311":-8.576021446133377e-12,
		"eu_3322":-8.576021446133377e-12,
		"eu_3333":-8.576021446133377e-12,
		"phi":-7.71870997680438e-11,
		"phiB":4.613057145024973e-11,
		"phiBox":-1.1992696025752438e-10,
		"phid_11":1.1918421594383127e-12,
		"phid_22":1.1918421594383127e-12,
		"phid_33":1.1918421594383127e-12,
		"phiD":-3.5755264783149382e-12,
		"phie_11":-7.34073654962867e-11,
		"phie_12":{
			"Re":2.4043325241327008e-14,
			"Im":-1.409483804230148e-14
		},
		"phie_13":{
			"Re":1.0738746103660122e-11,
			"Im":-2.094655201346114e-11
		},
		"phie_22":-4.99417319126213e-11,
		"phie_23":{
			"Re":4.423222714094936e-14,
			"Im":-2.6448143619647e-14
		},
		"phie_33":-6.432016084600043e-12,
		"phil1_11":1.7877632320648845e-12,
		"phil1_13":{
			"Re":3.439327324008005e-18,
			"Im":-6.712247262769266e-18
		},
		"phil1_22":1.787552321369253e-12,
		"phil1_23":{
			"Re":2.9388852568082117e-18,
			"Im":-1.7454337703745208e-18
		},
		"phil1_33":1.7766076525659895e-12,
		"phil3_13":{
			"Re":3.439327324008005e-18,
			"Im":-6.712247262769266e-18
		},
		"phil3_22":-2.1091778821617303e-16,
		"phil3_23":{
			"Re":2.9388852568082117e-18,
			"Im":-1.7454337703745208e-18
		},
		"phil3_33":-1.1155586591479626e-14,
		"phiq1_11":-5.959210797191563e-13,
		"phiq1_22":-5.959210797191563e-13,
		"phiq1_33":-5.959210797191563e-13,
		"phiu_11":-2.3836843188766253e-12,
		"phiu_22":-2.3836843188766253e-12,
		"phiu_33":-2.3836843188766253e-12,
		"ld_1111":-1.1918421594383127e-12,
		"ld_1122":-1.1918421594383127e-12,
		"ld_1133":-1.1918421594383127e-12,
		"ld_2211":-1.1918421594383127e-12,
		"ld_2222":-1.1918421594383127e-12,
		"ld_2233":-1.1918421594383127e-12,
		"ld_3311":-1.1918421594383127e-12,
		"ld_3322":-1.1918421594383127e-12,
		"ld_3333":-1.1918421594383127e-12,
		"le_1111":7.34073654962867e-11,
		"le_1112":{
			"Re":-2.4043325241327008e-14,
			"Im":1.409483804230148e-14
		},
		"le_1113":{
			"Re":-1.0738746103660122e-11,
			"Im":2.094655201346114e-11
		},
		"le_1122":4.99417319126213e-11,
		"le_1123":{
			"Re":-4.423222714094936e-14,
			"Im":2.6448143619647e-14
		},
		"le_1133":6.432016084600043e-12,
		"le_2211":7.34073654962867e-11,
		"le_2212":{
			"Re":-2.4043325241327008e-14,
			"Im":1.409483804230148e-14
		},
		"le_2213":{
			"Re":-1.0738746103660122e-11,
			"Im":2.094655201346114e-11
		},
		"le_2222":4.99417319126213e-11,
		"le_2223":{
			"Re":-4.423222714094936e-14,
			"Im":2.6448143619647e-14
		},
		"le_2233":6.432016084600043e-12,
		"le_3311":7.34073654962867e-11,
		"le_3312":{
			"Re":-2.4043325241327008e-14,
			"Im":1.409483804230148e-14
		},
		"le_3313":{
			"Re":-1.0738746103660122e-11,
			"Im":2.094655201346114e-11
		},
		"le_3322":4.99417319126213e-11,
		"le_3323":{
			"Re":-4.423222714094936e-14,
			"Im":2.6448143619647e-14
		},
		"le_3333":6.432016084600043e-12,
		"ll_1111":-8.938816195787346e-13,
		"ll_1122":-1.7877632391574691e-12,
		"ll_1133":-1.7877632391574691e-12,
		"ll_2222":-8.938816195787346e-13,
		"ll_2233":-1.7877632391574691e-12,
		"ll_3333":-8.938816195787346e-13,
		"lq1_1111":5.959210797191563e-13,