{
	"eft":"SMEFT",
	"basis":"Warsaw",
	"scale":1000,
	"values":{
		"dd_1111":-5.451764470926131e-13,
		"dd_1122":-1.0903528941852262e-12,
		"dd_1133":-1.0903528941852262e-12,
		"dd_2222":-5.451764470926131e-13,
		"dd_2233":-1.0903528941852262e-12,
		"dd_3333":-5.451764470926131e-13,
		"eB_11":5.747381325867119e-16,
		"eB_12":{
			"Re":-1.761149887672625e-19,
			"Im":2.0075254235873584e-18
		},
		"eB_13":{
			"Re":9.422554368691097e-20,
			"Im":7.624368414575112e-19
		},
		"eB_21":{
			"Re":-3.641547889070277e-17,
			"Im":-4.1509811400438297e-16
		},
		"eB_22":1.282022307313706e-13,
		"eB_23":{
			"Re":-1.867747191659567e-16,
			"Im":1.6958910263722739e-15
		},
		"eB_31":{
			"Re":3.2765595957650576e-16,
			"Im":-2.6512659426438793e-15
		},
		"eB_32":{
			"Re":-3.1410713773206427e-15,
			"Im":-2.8520534180311445e-14
		},
		"eB_33":2.5182659189358327e-12,
		"ed_1111":2.968013491850975e-11,
		"ed_1122":2.968013491850975e-11,
		"ed_1133":2.968013491850975e-11,
		"ed_1211":{
			"Re":-1.0098696396167206e-14,
			"Im":1.1510268428472364e-13
		},
		"ed_1222":{
			"Re":-1.0098696396167206e-14,
			"Im":1.1510268428472364e-13
		},
		"ed_1233":{
			"Re":-1.0098696396167206e-14,
			"Im":1.1510268428472364e-13
		},
		"ed_1311":{
			"Re":5.4040432466511e-15,
			"Im":4.370408882810425e-14
		},
		"ed_1322":{
			"Re":5.4040432466511e-15,
			"Im":4.370408882810425e-14
		},
		"ed_1333":{
			"Re":5.4040432466511e-15,
			"Im":4.370408882810425e-14
		},
		"ed_2211":3.2276700767330184e-11,
		"ed_2222":3.2276700767330184e-11,
		"ed_2233":3.2276700767330184e-11,
		"ed_2311":{
			"Re":-5.1974436726734444e-14,
			"Im":4.702707167820657e-13
		},
		"ed_2322":{
			"Re":-5.1974436726734444e-14,
			"Im":4.702707167820657e-13
		},
		"ed_2333":{
			"Re":-5.1974436726734444e-14,
			"Im":4.702707167820657e-13
		},
		"ed_3311":3.824957371904674e-11,
		"ed_3322":3.824957371904674e-11,
		"ed_3333":3.824957371904674e-11,
		"ee_1111":-8.004851759709924e-10,
		"ee_1112":{
			"Re":2.0593049752779476e-12,
			"Im":-8.979245844984489e-12
		},
		"ee_1113":{
			"Re":-1.8667849221037784e-12,
			"Im":7.961991169219365e-12
		},
		"ee_1122":-2.2295394898057037e-9,
		"ee_1123":{
			"Re":3.2892575903445746e-12,
			"Im":-3.0612218236613585e-11
		},
		"ee_1133":-2.6185566689171386e-9,
		"ee_1212":{
			"Re":-1.980680501880497e-10,
			"Im":-1.9221545474661848e-11
		},
		"ee_1213":{
			"Re":-3.075808242087296e-10,
			"Im":-8.569728502395781e-11
		},
		"ee_1222":{
			"Re":-3.7225852420107533e-13,
			"Im":-9.513048405610924e-12
		},
		"ee_1223":{
			"Re":-1.5974214151912078e-12,
			"Im":-5.558710945126136e-12
		},
		"ee_1232":{
			"Re":2.8800697939176397e-13,
			"Im":9.457521949027702e-12
		},
		"ee_1233":{
			"Re":-1.2112300572272704e-12,
			"Im":5.5114132147447736e-12
		},
		"ee_1313":{
			"Re":2.1433042497657417e-10,
			"Im":8.944682038001338e-11
		},
		"ee_1323":{
			"Re":7.7715603560585e-13,
			"Im":1.919179816724905e-12
		},
		"ee_1333":{
			"Re":2.350505948148919e-12,
			"Im":-1.430989235440623e-11
		},
		"ee_2222":-1.033919433570891e-9,
		"ee_2223":{
			"Re":2.761830468900727e-10,
			"Im":1.4977797141197647e-11
		},
		"ee_2233":-2.3908911865163916e-9,
		"ee_2323":{
			"Re":-1.9215870517976254e-10,
			"Im":-5.916933099649959e-11
		},
		"ee_2333":{
			"Re":-3.1620271948610874e-10,
			"Im":-7.884493121824194e-11
		},
		"ee_3333":-1.4300737945392582e-9,
		"ephi_11":-6.301478932024533e-16,
		"ephi_12":{
			"Re":1.9311419353328347e-19,
			"Im":-2.201144481257352e-18
		},
		"ephi_13":{
			"Re":-1.0327847901775584e-19,
			"Im":-8.35385559032785e-19
		},
		"ephi_21":{
			"Re":3.9930497762110473e-17,
			"Im":4.551337899429523e-16
		},
		"ephi_22":-1.4056292619839958e-13,
		"ephi_23":{
			"Re":2.0517368056866635e-16,
			"Im":-1.858505440560587e-15
		},
		"ephi_31":{
			"Re":-3.5932882800885993e-16,
			"Im":2.906492962408041e-15
		},
		"ephi_32":{
			"Re":3.452334229108166e-15,
			"Im":3.1271994088082224e-14
		},
		"ephi_33":-2.7596147764091496e-12,
		"eu_1111":-5.93602698370195e-11,
		"eu_1122":-5.93602698370195e-11,
		"eu_1133":-5.93602698370195e-11,
		"eu_1211":{
			"Re":2.0197392792334412e-14,
			"Im":-2.3020536856944727e-13
		},
		"eu_1222":{
			"Re":2.0197392792334412e-14,
			"Im":-2.3020536856944727e-13
		},
		"eu_1233":{
			"Re":2.0197392792334412e-14,
			"Im":-2.3020536856944727e-13
		},
		"eu_1311":{
			"Re":-1.08080864933022e-14,
			"Im":-8.74081776562085e-14
		},
		"eu_1322":{
			"Re":-1.08080864933022e-14,
			"Im":-8.74081776562085e-14
		},
		"eu_1333":{
			"Re":-1.08080864933022e-14,
			"Im":-8.74081776562085e-14
		},
		"eu_2211":-6.455340153466037e-11,
		"eu_2222":-6.455340153466037e-11,
		"eu_2233":-6.455340153466037e-11,
		"eu_2311":{
			"Re":1.0394887345346889e-13,
			"Im":-9.405414335641314e-13
		},
		"eu_2322":{
			"Re":1.0394887345346889e-13,
			"Im":-9.405414335641314e-13
		},
		"eu_2333":{
			"Re":1.0394887345346889e-13,
			"Im":-9.405414335641314e-13
		},
		"eu_3311":-7.649914743809348e-11,
		"eu_3322":-7.649914743809348e-11,
		"eu_3333":-7.649914743809348e-11,
		"phi":-7.392817225325885e-13,
		"phiB":1.2097723303593731e-11,
		"phiBox":-7.192295983186662e-12,
		"phid_11":1.6355293412778393e-12,
		"phid_22":1.6355293412778393e-12,
		"phid_33":1.6355293412778393e-12,
		"phiD":-4.9065880238335175e-12,
		"phie_11":-4.4520202377764686e-11,
		"phie_12":{
			"Re":1.5148044594250752e-14,
			"Im":-1.7265402642708545e-13
		},
		"phie_13":{
			"Re":-8.106064869976637e-15,
			"Im":-6.555613324215658e-14
		},
		"phie_22":-4.841505115099531e-11,
		"phie_23":{
			"Re":7.79616550901049e-14,
			"Im":-7.054060751731002e-13
		},
		"phie_33":-5.737436057857016e-11,
		"phil1_11":2.4532940071579406e-12,
		"phil1_13":{
			"Re":0.0,
			"Im":-2.1952419024584662e-20
		},
		"phil1_22":2.4530745220984253e-12,
		"phil1_23":{
			"Re":5.377700388257143e-18,
			"Im":-4.8828845101174796e-17
		},
		"phil1_33":2.3807869848925505e-12,
		"phil3_13":{
			"Re":0.0,
			"Im":-2.1952419024584662e-20
		},
		"phil3_22":-2.1948981833337233e-16,
		"phil3_23":{
			"Re":5.377700388257143e-18,
			"Im":-4.8828845101174796e-17
		},
		"phil3_33":-7.250702702420827e-14,
		"phiq1_11":-8.177646706389196e-13,
		"phiq1_22":-8.177646706389196e-13,
		"phiq1_33":-8.177646706389196e-13,
		"phiu_11":-3.2710586825556786e-12,
		"phiu_22":-3.2710586825556786e-12,
		"phiu_33":-3.2710586825556786e-12,
		"ld_1111":-1.6355293412778393e-12,
		"ld_1122":-1.6355293412778393e-12,
		"ld_1133":-1.6355293412778393e-12,
		"ld_2211":-1.6355293412778393e-12,
		"ld_2222":-1.6355293412778393e-12,
		"ld_2233":-1.6355293412778393e-12,
		"ld_3311":-1.6355293412778393e-12,
		"ld_3322":-1.6355293412778393e-12,
		"ld_3333":-1.6355293412778393e-12,
		"le_1111":4.4520202377764686e-11,
		"le_1112":{
			"Re":-1.5148044594250752e-14,
			"Im":1.7265402642708545e-13
		},
		"le_1113":{
			"Re":8.106064869976637e-15,
			"Im":6.555613324215658e-14
		},
		"le_1122":4.841505115099531e-11,
		"le_1123":{
			"Re":-7.79616550901049e-14,
			"Im":7.054060751731002e-13
		},
		"le_1133":5.737436057857016e-11,
		"le_2211":4.4520202377764686e-11,
		"le_2212":{
			"Re":-1.5148044594250752e-14,
			"Im":1.7265402642708545e-13
		},
		"le_2213":{
			"Re":8.106064869976637e-15,
			"Im":6.555613324215658e-14
		},
		"le_2222":4.841505115099531e-11,
		"le_2223":{
			"Re":-7.79616550901049e-14,
			"Im":7.054060751731002e-13
		},
		"le_2233":5.737436057857016e-11,
		"le_3311":4.4520202377764686e-11,
		"le_3312":{
			"Re":-1.5148044594250752e-14,
			"Im":1.7265402642708545e-13
		},
		"le_3313":{
			"Re":8.106064869976637e-15,
			"Im":6.555613324215658e-14
		},
		"le_3322":4.841505115099531e-11,
		"le_3323":{
			"Re":-7.79616550901049e-14,
			"Im":7.054060751731002e-13
		},
		"le_3333":5.737436057857016e-11,
		"ll_1111":-1.2266470059583794e-12,
		"ll_1122":-2.4532940119167587e-12,
		"ll_1133":-2.4532940119167587e-12,
		"ll_2222":-1.2266470059583794e-12,
		"ll_2233":-2.4532940119167587e-12,
		"ll_3333":-1.2266470059583794e-12,
		"lq1_1111":8.177646706389196e-13,
		"lq1_1122":8.177646706389196e-13,