{
	"eft":"SMEFT",
	"basis":"Warsaw",
	"scale":1000,
	"values":{
		"dd_1111":-9.098069391919367e-14,
		"dd_1122":-1.8196138783838733e-13,
		"dd_1133":-1.8196138783838733e-13,
		"dd_2222":-9.098069391919367e-14,
		"dd_2233":-1.8196138783838733e-13,
		"dd_3333":-9.098069391919367e-14,
		"eB_11":2.6755100089155725e-17,
		"eB_12":{
			"Re":-5.150831218914178e-18,
			"Im":-3.683273650252612e-18
		},
		"eB_13":{
			"Re":-2.5853271237411553e-18,
			"Im":1.831801566391918e-17
		},
		"eB_21":{
			"Re":-1.0650427134842885e-15,
			"Im":7.615943128878484e-16
		},
		"eB_22":2.4266740320182505e-14,
		"eB_23":{
			"Re":-2.969043004439697e-15,
			"Im":-6.114341808989054e-15
		},
		"eB_31":{
			"Re":-8.99010827003791e-15,
			"Im":-6.369830053559278e-14
		},
		"eB_32":{
			"Re":-4.993168262236451e-14,
			"Im":1.0282753540267772e-13
		},
		"eB_33":6.834252383435257e-13,
		"ed_1111":1.3607466039418976e-12,
		"ed_1122":1.3607466039418976e-12,
		"ed_1133":1.3607466039418976e-12,
		"ed_1211":{
			"Re":-3.67442975806365e-13,
			"Im":-2.627221708255494e-13
		},
		"ed_1222":{
			"Re":-3.67442975806365e-13,
			"Im":-2.627221708255494e-13
		},
		"ed_1233":{
			"Re":-3.67442975806365e-13,
			"Im":-2.627221708255494e-13
		},
		"ed_1311":{
			"Re":-1.8436544768841106e-13,
			"Im":1.3066561890418213e-12
		},
		"ed_1322":{
			"Re":-1.8436544768841106e-13,
			"Im":1.3066561890418213e-12
		},
		"ed_1333":{
			"Re":-1.8436544768841106e-13,
			"Im":1.3066561890418213e-12
		},
		"ed_2211":7.82018994717021e-12,
		"ed_2222":7.82018994717021e-12,
		"ed_2233":7.82018994717021e-12,
		"ed_2311":{
			"Re":-1.0243945065590731e-12,
			"Im":-2.109600710612169e-12
		},
		"ed_2322":{
			"Re":-1.0243945065590731e-12,
			"Im":-2.109600710612169e-12
		},
		"ed_2333":{
			"Re":-1.0243945065590731e-12,
			"Im":-2.109600710612169e-12
		},
		"ed_3311":1.3468664014301385e-11,
		"ed_3322":1.3468664014301385e-11,
		"ed_3333":1.3468664014301385e-11,
		"ee_1111":-5.67466864180498e-12,
		"ee_1112":{
			"Re":1.3491395520030742e-11,
			"Im":5.815368599151253e-12
		},
		"ee_1113":{
			"Re":-1.985724766319639e-12,
			"Im":-4.113938263478963e-11
		},
		"ee_1122":-1.146544973514037e-10,
		"ee_1123":{
			"Re":6.638851568039947e-12,
			"Im":1.3045809536634305e-11
		},
		"ee_1133":{
			"Re":-1.5330094871538605e-10,
			"Im":-1.7847103291653683e-20
		},
		"ee_1212":{
			"Re":2.4782522664380152e-11,
			"Im":-1.2859235483527594e-11
		},
		"ee_1213":{
			"Re":-2.3945767804940652e-12,
			"Im":6.420889905627749e-11
		},
		"ee_1222":{
			"Re":5.448298119771904e-11,
			"Im":-8.46683083865727e-13
		},
		"ee_1223":{
			"Re":3.40443902244049e-11,
			"Im":-3.9447690269051695e-11
		},
		"ee_1232":{
			"Re":1.1278469900970499e-11,
			"Im":9.308906516007155e-11
		},
		"ee_1233":{
			"Re":-1.1989542241509942e-10,
			"Im":1.2734770900567322e-11
		},
		"ee_1313":{
			"Re":6.641973075264327e-11,
			"Im":-4.011260626401886e-12
		},
		"ee_1323":{
			"Re":3.927412604968504e-11,
			"Im":-1.4411126036308974e-11
		},
		"ee_1333":{
			"Re":2.4955838197095353e-12,
			"Im":2.0148399207729776e-11
		},
		"ee_2222":{
			"Re":-1.9367169787740917e-10,
			"Im":-3.70354286516706e-20
		},
		"ee_2223":{
			"Re":-2.2736136397019794e-11,
			"Im":3.886857529023186e-10
		},
		"ee_2233":{
			"Re":-5.640015243778658e-10,
			"Im":1.5233201771941997e-19
		},
		"ee_2323":{
			"Re":2.45727104973504e-10,
			"Im":5.981970139269167e-11
		},
		"ee_2333":{
			"Re":9.023379658553964e-11,
			"Im":-2.4959567624483244e-10
		},
		"ee_3333":{
			"Re":-3.7811676188202886e-10,
			"Im":-3.1798102291548427e-20
		},
		"ephi_11":-1.1767673381659045e-16,
		"ephi_12":{
			"Re":2.267200736302818e-17,
			"Im":1.6211021737109487e-17
		},
		"ephi_13":{
			"Re":1.13752875384041e-17,
			"Im":-8.061422636297283e-17
		},
		"ephi_21":{
			"Re":4.687916690589581e-15,
			"Im":-3.351971360940431e-15
		},
		"ephi_22":-1.0675714061417489e-13,
		"ephi_23":{
			"Re":1.3067472030208395e-14,
			"Im":2.691067906577979e-14
		},
		"ephi_31":{
			"Re":3.956123217818041e-14,
			"Im":2.80361971557161e-13
		},
		"ephi_32":{
			"Re":2.1979058109485416e-13,
			"Im":-4.5262876982778696e-13
		},
		"ephi_33":-3.006897481206481e-12,
		"eu_1111":-2.721493207883795e-12,
		"eu_1122":-2.721493207883795e-12,
		"eu_1133":-2.721493207883795e-12,
		"eu_1211":{
			"Re":7.3488595161273e-13,
			"Im":5.254443416510988e-13
		},
		"eu_1222":{
			"Re":7.3488595161273e-13,
			"Im":5.254443416510988e-13
		},
		"eu_1233":{
			"Re":7.3488595161273e-13,
			"Im":5.254443416510988e-13
		},
		"eu_1311":{
			"Re":3.687308953768221e-13,
			"Im":-2.6133123780836425e-12
		},
		"eu_1322":{
			"Re":3.687308953768221e-13,
			"Im":-2.6133123780836425e-12
		},
		"eu_1333":{
			"Re":3.687308953768221e-13,
			"Im":-2.6133123780836425e-12
		},
		"eu_2211":-1.564037989434042e-11,
		"eu_2222":-1.564037989434042e-11,
		"eu_2233":-1.564037989434042e-11,
		"eu_2311":{
			"Re":2.0487890131181463e-12,
			"Im":4.219201421224338e-12
		},
		"eu_2322":{
			"Re":2.0487890131181463e-12,
			"Im":4.219201421224338e-12
		},
		"eu_2333":{
			"Re":2.0487890131181463e-12,
			"Im":4.219201421224338e-12
		},
		"eu_3311":-2.693732802860277e-11,
		"eu_3322":-2.693732802860277e-11,
		"eu_3333":-2.693732802860277e-11,
		"phi":-5.030680604237498e-12,
		"phiB":6.948920542373143e-12,
		"phiBox":-1.1999027269280195e-11,
		"phid_11":2.7294208175758096e-13,
		"phid_22":2.7294208175758096e-13,
		"phid_33":2.7294208175758096e-13,
		"phiD":-8.18826245272743e-13,
		"phie_11":-2.0411199059128466e-12,
		"phie_12":{
			"Re":5.511644637095469e-13,
			"Im":3.940832562383238e-13
		},
		"phie_13":{
			"Re":2.765481715326164e-13,
			"Im":-1.95998428356273e-12
		},
		"phie_22":-1.1730284920755315e-11,
		"phie_23":{
			"Re":1.5365917598386074e-12,
			"Im":3.1644010659182487e-12
		},
		"phie_33":-2.0202996021452066e-11,
		"phil1_11":4.094131224148399e-13,
		"phil1_13":{
			"Re":7.44378829169611e-20,
			"Im":-5.274204152891543e-19
		},
		"phil1_22":4.093715765385069e-13,
		"phil1_23":{
			"Re":8.548600040218074e-17,
			"Im":1.7604683581905488e-16
		},
		"phil1_33":3.897356406623708e-13,
		"phil3_13":{
			"Re":7.44378829169611e-20,
			"Im":-5.274204152891543e-19
		},
		"phil3_22":-4.154609786455656e-17,
		"phil3_23":{
			"Re":8.548600040218074e-17,
			"Im":1.7604683581905488e-16
		},
		"phil3_33":-1.9677481974000694e-14,
		"phiq1_11":-1.3647104087879048e-13,
		"phiq1_22":-1.3647104087879048e-13,
		"phiq1_33":-1.3647104087879048e-13,
		"phiu_11":-5.458841635151619e-13,
		"phiu_22":-5.458841635151619e-13,
		"phiu_33":-5.458841635151619e-13,
		"ld_1111":-2.7294208175758096e-13,
		"ld_1122":-2.7294208175758096e-13,
		"ld_1133":-2.7294208175758096e-13,
		"ld_2211":-2.7294208175758096e-13,
		"ld_2222":-2.7294208175758096e-13,
		"ld_2233":-2.7294208175758096e-13,
		"ld_3311":-2.7294208175758096e-13,
		"ld_3322":-2.7294208175758096e-13,
		"ld_3333":-2.7294208175758096e-13,
		"le_1111":2.0411199059128466e-12,
		"le_1112":{
			"Re":-5.511644637095469e-13,
			"Im":-3.940832562383238e-13
		},
		"le_1113":{
			"Re":-2.765481715326164e-13,
			"Im":1.95998428356273e-12
		},
		"le_1122":1.1730284920755315e-11,
		"le_1123":{
			"Re":-1.5365917598386074e-12,
			"Im":-3.1644010659182487e-12
		},
		"le_1133":2.0202996021452066e-11,
		"le_2211":2.0411199059128466e-12,
		"le_2212":{
			"Re":-5.511644637095469e-13,
			"Im":-3.940832562383238e-13
		},
		"le_2213":{
			"Re":-2.765481715326164e-13,
			"Im":1.95998428356273e-12
		},
		"le_2222":1.1730284920755315e-11,
		"le_2223":{
			"Re":-1.5365917598386074e-12,
			"Im":-3.1644010659182487e-12
		},
		"le_2233":2.0202996021452066e-11,
		"le_3311":2.0411199059128466e-12,
		"le_3312":{
			"Re":-5.511644637095469e-13,
			"Im":-3.940832562383238e-13
		},
		"le_3313":{
			"Re":-2.765481715326164e-13,
			"Im":1.95998428356273e-12
		},
		"le_3322":1.1730284920755315e-11,
		"le_3323":{
			"Re":-1.5365917598386074e-12,
			"Im":-3.1644010659182487e-12
		},
		"le_3333":2.0202996021452066e-11,
		"ll_1111":-2.0470656131818575e-13,
		"ll_1122":-4.094131226363715e-13,