{
	"eft":"SMEFT",
	"basis":"Warsaw",
	"scale":1000,
	"values":{
		"dd_1111":-6.772813819837719e-13,
		"dd_1122":-1.3545627639675438e-12,
		"dd_1133":-1.3545627639675438e-12,
		"dd_2222":-6.772813819837719e-13,
		"dd_2233":-1.3545627639675438e-12,
		"dd_3333":-6.772813819837719e-13,
		"eB_11":1.99208128000164e-15,
		"eB_12":{
			"Re":4.019013252630186e-19,
			"Im":4.694450489154281e-19
		},
		"eB_13":{
			"Re":-2.1765169940280946e-18,
			"Im":-5.130781516523391e-19
		},
		"eB_21":{
			"Re":8.310155386945314e-17,
			"Im":-9.706763966419596e-17
		},
		"eB_22":1.2123494703846413e-13,
		"eB_23":{
			"Re":8.361630067777888e-17,
			"Im":-1.1577781845175973e-15
		},
		"eB_31":{
			"Re":-7.568529045397932e-15,
			"Im":1.784156477525618e-15
		},
		"eB_32":{
			"Re":1.4062115574802845e-15,
			"Im":1.947085736716705e-14
		},
		"eB_33":1.347788209366512e-13,
		"ed_1111":1.221640595407868e-10,
		"ed_1122":1.221640595407868e-10,
		"ed_1133":1.221640595407868e-10,
		"ed_1211":{
			"Re":1.9759305851569038e-14,
			"Im":3.039840915094326e-14
		},
		"ed_1222":{
			"Re":1.9759305851569038e-14,
			"Im":3.039840915094326e-14
		},
		"ed_1233":{
			"Re":1.9759305851569038e-14,
			"Im":3.039840915094326e-14
		},
		"ed_1311":{
			"Re":-1.368427986576166e-13,
			"Im":-3.348566782629519e-14
		},
		"ed_1322":{
			"Re":-1.368427986576166e-13,
			"Im":-3.348566782629519e-14
		},
		"ed_1333":{
			"Re":-1.368427986576166e-13,
			"Im":-3.348566782629519e-14
		},
		"ed_2211":4.2093469243832656e-11,
		"ed_2222":4.2093469243832656e-11,
		"ed_2233":4.2093469243832656e-11,
		"ed_2311":{
			"Re":1.724499590810099e-14,
			"Im":-2.1660013602537502e-13
		},
		"ed_2322":{
			"Re":1.724499590810099e-14,
			"Im":-2.1660013602537502e-13
		},
		"ed_2333":{
			"Re":1.724499590810099e-14,
			"Im":-2.1660013602537502e-13
		},
		"ed_3311":-9.640559053014301e-13,
		"ed_3322":-9.640559053014301e-13,
		"ed_3333":-9.640559053014301e-13,
		"ee_1111":-6.064178397653065e-9,
		"ee_1112":{
			"Re":-3.400134224507637e-13,
			"Im":-5.3602512465622336e-12
		},
		"ee_1113":{
			"Re":1.3510085645931258e-11,
			"Im":4.369759314002591e-12
		},
		"ee_1122":-6.924856328174696e-9,
		"ee_1123":{
			"Re":-3.890544029777073e-12,
			"Im":5.2097943724335956e-11
		},
		"ee_1133":-1.1929153877521512e-10,
		"ee_1212":{
			"Re":8.675946351276155e-10,
			"Im":-2.5311483863529263e-10
		},
		"ee_1213":{
			"Re":-2.4424484034726715e-10,
			"Im":-1.0983517008722452e-9
		},
		"ee_1222":{
			"Re":-5.444908380195252e-13,
			"Im":-1.844735750139805e-12
		},
		"ee_1223":{
			"Re":7.516828587541169e-12,
			"Im":1.0168956251170359e-12
		},
		"ee_1232":{
			"Re":-1.8181732609310286e-12,
			"Im":7.902961310881742e-13
		},
		"ee_1233":{
			"Re":8.097234676347602e-13,
			"Im":2.3690517043446305e-12
		},
		"ee_1313":{
			"Re":5.900196638279335e-11,
			"Im":-9.241474172320452e-12
		},
		"ee_1323":{
			"Re":6.323583268219463e-14,
			"Im":-6.039352849655457e-14
		},
		"ee_1333":{
			"Re":8.165067854325294e-16,
			"Im":6.631413580144301e-14
		},
		"ee_2222":-9.661445051090394e-10,
		"ee_2223":{
			"Re":1.3232951300807876e-11,
			"Im":-2.0566348237854212e-10
		},
		"ee_2233":2.453727659443508e-10,
		"ee_2323":{
			"Re":1.1881802737050142e-11,
			"Im":1.5382466989647814e-12
		},
		"ee_2333":{
			"Re":-9.898389396829435e-13,
			"Im":1.549803066534725e-11
		},
		"ee_3333":-1.6667697307936082e-12,
		"ephi_11":3.77144705217345e-15,
		"ephi_12":{
			"Re":6.41106065444642e-19,
			"Im":9.024507779580338e-19
		},
		"ephi_13":{
			"Re":-4.0994108407399155e-18,
			"Im":-9.921262494937237e-19
		},
		"ephi_21":{
			"Re":1.3256199341221754e-16,
			"Im":-1.8660048165938294e-16
		},
		"ephi_22":2.6860370300923026e-13,
		"ephi_23":{
			"Re":1.2198952236532672e-16,
			"Im":-1.5928513181547277e-15
		},
		"ephi_31":{
			"Re":-1.4250671397424077e-14,
			"Im":3.4489296851078963e-15
		},
		"ephi_32":{
			"Re":2.050727115051173e-15,
			"Im":2.6776267793831354e-14
		},
		"ephi_33":3.0222346035129787e-13,
		"eu_1111":-2.443281190815736e-10,
		"eu_1122":-2.443281190815736e-10,
		"eu_1133":-2.443281190815736e-10,
		"eu_1211":{
			"Re":-3.9518611703138075e-14,
			"Im":-6.079681830188652e-14
		},
		"eu_1222":{
			"Re":-3.9518611703138075e-14,
			"Im":-6.079681830188652e-14
		},
		"eu_1233":{
			"Re":-3.9518611703138075e-14,
			"Im":-6.079681830188652e-14
		},
		"eu_1311":{
			"Re":2.736855973152332e-13,
			"Im":6.697133565259038e-14
		},
		"eu_1322":{
			"Re":2.736855973152332e-13,
			"Im":6.697133565259038e-14
		},
		"eu_1333":{
			"Re":2.736855973152332e-13,
			"Im":6.697133565259038e-14
		},
		"eu_2211":-8.418693848766531e-11,
		"eu_2222":-8.418693848766531e-11,
		"eu_2233":-8.418693848766531e-11,
		"eu_2311":{
			"Re":-3.448999181620198e-14,
			"Im":4.3320027205075005e-13
		},
		"eu_2322":{
			"Re":-3.448999181620198e-14,
			"Im":4.3320027205075005e-13
		},
		"eu_2333":{
			"Re":-3.448999181620198e-14,
			"Im":4.3320027205075005e-13
		},
		"eu_3311":1.9281118106028602e-12,
		"eu_3322":1.9281118106028602e-12,
		"eu_3333":1.9281118106028602e-12,
		"phi":3.841924316116199e-12,
		"phiB":-2.421612375650541e-11,
		"phiBox":-2.076488152163326e-11,
		"phid_11":2.0318441459513155e-12,
		"phid_22":2.0318441459513155e-12,
		"phid_33":2.0318441459513155e-12,
		"phiD":-6.095532437853946e-12,
		"phie_11":-1.8324608931118046e-10,
		"phie_12":{
			"Re":-2.9638958777353645e-14,
			"Im":-4.5597613726414944e-14
		},
		"phie_13":{
			"Re":2.0526419798642522e-13,
			"Im":5.022850173944284e-14
		},
		"phie_22":-6.314020386574899e-11,
		"phie_23":{
			"Re":-2.586749386215141e-14,
			"Im":3.249002040380609e-13
		},
		"phie_33":1.4460838579521439e-12,
		"phil1_11":3.0477662024325874e-12,
		"phil1_13":{
			"Re":6.266724070638757e-20,
			"Im":1.4772773251487196e-20
		},
		"phil1_22":3.047558657511315e-12,
		"phil1_23":{
			"Re":-2.407517541066529e-18,
			"Im":3.333526196801738e-17
		},
		"phil1_33":3.043885607456015e-12,
		"phil3_11":-1.6494385676759695e-20,
		"phil3_13":{
			"Re":6.266724070638757e-20,
			"Im":1.4772773251487196e-20
		},
		"phil3_22":-2.0756141565809159e-16,
		"phil3_23":{
			"Re":-2.407517541066529e-18,
			"Im":3.333526196801738e-17
		},
		"phil3_33":-3.8806114709579e-15,
		"phiq1_11":-1.0159220729756578e-12,
		"phiq1_22":-1.0159220729756578e-12,
		"phiq1_33":-1.0159220729756578e-12,
		"phiu_11":-4.063688291902631e-12,
		"phiu_22":-4.063688291902631e-12,
		"phiu_33":-4.063688291902631e-12,
		"ld_1111":-2.0318441459513155e-12,
		"ld_1122":-2.0318441459513155e-12,
		"ld_1133":-2.0318441459513155e-12,
		"ld_2211":-2.0318441459513155e-12,
		"ld_2222":-2.0318441459513155e-12,
		"ld_2233":-2.0318441459513155e-12,
		"ld_3311":-2.0318441459513155e-12,
		"ld_3322":-2.0318441459513155e-12,
		"ld_3333":-2.0318441459513155e-12,
		"le_1111":1.8324608931118046e-10,
		"le_1112":{
			"Re":2.9638958777353645e-14,
			"Im":4.5597613726414944e-14
		},
		"le_1113":{
			"Re":-2.0526419798642522e-13,
			"Im":-5.022850173944284e-14
		},
		"le_1122":6.314020386574899e-11,
		"le_1123":{
			"Re":2.586749386215141e-14,
			"Im":-3.249002040380609e-13
		},
		"le_1133":-1.4460838579521439e-12,
		"le_2211":1.8324608931118046e-10,
		"le_2212":{
			"Re":2.9638958777353645e-14,
			"Im":4.5597613726414944e-14
		},
		"le_2213":{
			"Re":-2.0526419798642522e-13,
			"Im":-5.022850173944284e-14
		},
		"le_2222":6.314020386574899e-11,
		"le_2223":{
			"Re":2.586749386215141e-14,
			"Im":-3.249002040380609e-13
		},
		"le_2233":-1.4460838579521439e-12,
		"le_3311":1.8324608931118046e-10,
		"le_3312":{
			"Re":2.9638958777353645e-14,
			"Im":4.5597613726414944e-14
		},
		"le_3313":{
			"Re":-2.0526419798642522e-13,
			"Im":-5.022850173944284e-14
		},
		"le_3322":6.314020386574899e-11,
		"le_3323":{
			"Re":2.586749386215141e-14,
			"Im":-3.249002040380609e-13
		},
		"le_3333":-1.4460838579521439e-12,
		"ll_1111":-1.5238831094634866e-12,
		"ll_1122":-3.047766218926973e-12,
		"ll_1133":-3.047766218926973e-12,
		"ll_2222":-1.5238831094634866e-12,
		"ll_2233":-3.047766218926973e-12,
		"ll_3333":-1.5238831094634866e-12,