{
	"eft":"SMEFT",
	"basis":"Warsaw",
	"scale":1000,
	"values":{
		"dd_1111":-4.830252963585749e-14,
		"dd_1122":-9.660505927171498e-14,
		"dd_1133":-9.660505927171498e-14,
		"dd_2222":-4.830252963585749e-14,
		"dd_2233":-9.660505927171498e-14,
		"dd_3333":-4.830252963585749e-14,
		"eB_11":1.684454219961367e-16,
		"eB_12":-1.0238123814004774e-20,
		"eB_13":{
			"Re":5.991750723762436e-19,
			"Im":-7.747003937235148e-19
		},
		"eB_21":-2.1169474798194314e-18,
		"eB_22":1.7182526165327722e-14,
		"eB_23":{
			"Re":6.7015143870721016e-18,
			"Im":-1.3248015519235147e-17
		},
		"eB_31":{
			"Re":2.0835463040264494e-15,
			"Im":2.6939107057125665e-15
		},
		"eB_32":{
			"Re":1.127022710564569e-16,
			"Im":2.2279761704139776e-16
		},
		"eB_33":2.619343747084134e-13,
		"ed_1111":1.1309525484360327e-11,
		"ed_1122":1.1309525484360327e-11,
		"ed_1133":1.1309525484360327e-11,
		"ed_1211":{
			"Re":-7.094376674857117e-16,
			"Im":9.694116737007435e-19
		},
		"ed_1222":{
			"Re":-7.094376674857117e-16,
			"Im":9.694116737007435e-19
		},
		"ed_1233":{
			"Re":-7.094376674857117e-16,
			"Im":9.694116737007435e-19
		},
		"ed_1311":{
			"Re":4.1588745810214134e-14,
			"Im":-5.3797278635811186e-14
		},
		"ed_1322":{
			"Re":4.1588745810214134e-14,
			"Im":-5.3797278635811186e-14
		},
		"ed_1333":{
			"Re":4.1588745810214134e-14,
			"Im":-5.3797278635811186e-14
		},
		"ed_2211":5.37563040748993e-12,
		"ed_2222":5.37563040748993e-12,
		"ed_2233":5.37563040748993e-12,
		"ed_2311":{
			"Re":2.782658282606254e-15,
			"Im":-4.319424079694563e-15
		},
		"ed_2322":{
			"Re":2.782658282606254e-15,
			"Im":-4.319424079694563e-15
		},
		"ed_2333":{
			"Re":2.782658282606254e-15,
			"Im":-4.319424079694563e-15
		},
		"ed_3311":4.841345363184956e-12,
		"ed_3322":4.841345363184956e-12,
		"ed_3333":4.841345363184956e-12,
		"ee_1111":-4.292775303408921e-10,
		"ee_1112":{
			"Re":-1.7165713733968426e-12,
			"Im":8.080506273774853e-14
		},
		"ee_1113":{
			"Re":7.419440841534964e-12,
			"Im":-9.22794714878611e-13
		},
		"ee_1122":-1.1673668157874104e-9,
		"ee_1123":{
			"Re":-5.733204374806946e-13,
			"Im":9.476387124805074e-13
		},
		"ee_1133":-1.0540603537864878e-9,
		"ee_1212":{
			"Re":1.4237532576224834e-10,
			"Im":-3.3414156821183053e-10
		},
		"ee_1213":{
			"Re":9.205733771431091e-11,
			"Im":-1.4876347518247864e-10
		},
		"ee_1222":{
			"Re":-3.040923047905354e-13,
			"Im":7.869748695698044e-13
		},
		"ee_1223":{
			"Re":-4.463553097717459e-12,
			"Im":5.814300906308297e-12
		},
		"ee_1232":{
			"Re":8.214236484355046e-12,
			"Im":-4.705507039241152e-12
		},
		"ee_1233":{
			"Re":4.311849694457901e-12,
			"Im":-1.6448390998238535e-12
		},
		"ee_1313":{
			"Re":-2.1479121160367868e-10,
			"Im":2.4837167275118135e-10
		},
		"ee_1323":{
			"Re":5.435079771476731e-13,
			"Im":-5.676818061199261e-13
		},
		"ee_1333":{
			"Re":-1.2188309953627247e-11,
			"Im":6.721181158269666e-12
		},
		"ee_2222":-1.1272243465962666e-10,
		"ee_2223":{
			"Re":8.051382332026769e-11,
			"Im":1.276368806610514e-11
		},
		"ee_2233":{
			"Re":-4.707901914030562e-10,
			"Im":-1.42173442908915e-20
		},
		"ee_2323":{
			"Re":-1.4602414638514393e-10,
			"Im":-4.682893223289262e-11
		},
		"ee_2333":{
			"Re":-7.316300007787038e-11,
			"Im":-1.1291619090629447e-11
		},
		"ee_3333":-9.179802409095549e-11,
		"ephi_11":-7.09083499730621e-17,
		"ephi_13":{
			"Re":-2.533216931053452e-19,
			"Im":3.276423799263204e-19
		},
		"ephi_21":8.951730414961264e-19,
		"ephi_22":-7.18135598134908e-15,
		"ephi_23":{
			"Re":-3.318126723488416e-18,
			"Im":5.484866271423869e-18
		},
		"ephi_31":{
			"Re":-8.821147904257527e-16,
			"Im":-1.1409131582081187e-15
		},
		"ephi_32":{
			"Re":-5.586837805632966e-17,
			"Im":-9.23718523852593e-17
		},
		"ephi_33":-1.0925498648373419e-13,
		"eu_1111":-2.2619050968720653e-11,
		"eu_1122":-2.2619050968720653e-11,
		"eu_1133":-2.2619050968720653e-11,
		"eu_1211":{
			"Re":1.4188753349714235e-15,
			"Im":-1.938823347401487e-18
		},
		"eu_1222":{
			"Re":1.4188753349714235e-15,
			"Im":-1.938823347401487e-18
		},
		"eu_1233":{
			"Re":1.4188753349714235e-15,
			"Im":-1.938823347401487e-18
		},
		"eu_1311":{
			"Re":-8.317749162042827e-14,
			"Im":1.0759455727162237e-13
		},
		"eu_1322":{
			"Re":-8.317749162042827e-14,
			"Im":1.0759455727162237e-13
		},
		"eu_1333":{
			"Re":-8.317749162042827e-14,
			"Im":1.0759455727162237e-13
		},
		"eu_2211":-1.075126081497986e-11,
		"eu_2222":-1.075126081497986e-11,
		"eu_2233":-1.075126081497986e-11,
		"eu_2311":{
			"Re":-5.565316565212508e-15,
			"Im":8.638848159389126e-15
		},
		"eu_2322":{
			"Re":-5.565316565212508e-15,
			"Im":8.638848159389126e-15
		},
		"eu_2333":{
			"Re":-5.565316565212508e-15,
			"Im":8.638848159389126e-15
		},
		"eu_3311":-9.682690726369912e-12,
		"eu_3322":-9.682690726369912e-12,
		"eu_3333":-9.682690726369912e-12,
		"phi":-2.522302560420899e-15,
		"phiB":3.6195499820783696e-13,
		"phiBox":-1.6895424105804576e-13,
		"phid_11":1.4490758890757245e-13,
		"phid_22":1.4490758890757245e-13,
		"phid_33":1.4490758890757245e-13,
		"phiD":-4.3472276672271736e-13,
		"phie_11":-1.6964288226540503e-11,
		"phie_12":{
			"Re":1.0641565012285698e-15,
			"Im":-1.4541175105522986e-18
		},
		"phie_13":{
			"Re":-6.238311871532129e-14,
			"Im":8.06959179537169e-14
		},
		"phie_22":-8.063445611234891e-12,
		"phie_23":{
			"Re":-4.1739874239097346e-15,
			"Im":6.4791361195418285e-15
		},
		"phie_33":-7.262018044777429e-12,
		"phil1_11":2.1736138196663458e-13,
		"phil1_13":{
			"Re":-1.7251713902944375e-20,
			"Im":2.2305516649771664e-20
		},
		"phil1_22":2.1733196585805144e-13,
		"phil1_23":{
			"Re":-1.9295296859348475e-19,
			"Im":3.8144272693657525e-19
		},
		"phil1_33":2.0981965290202033e-13,
		"phil3_13":{
			"Re":-1.7251713902944375e-20,
			"Im":2.2305516649771664e-20
		},
		"phil3_22":-2.941750330724441e-17,
		"phil3_23":{
			"Re":-1.9295296859348475e-19,
			"Im":3.8144272693657525e-19
		},
		"phil3_33":-7.541730459338358e-15,
		"phiq1_11":-7.245379445378622e-14,
		"phiq1_22":-7.245379445378622e-14,
		"phiq1_33":-7.245379445378622e-14,
		"phiu_11":-2.898151778151449e-13,
		"phiu_22":-2.898151778151449e-13,
		"phiu_33":-2.898151778151449e-13,
		"ld_1111":-1.4490758890757245e-13,
		"ld_1122":-1.4490758890757245e-13,
		"ld_1133":-1.4490758890757245e-13,
		"ld_2211":-1.4490758890757245e-13,
		"ld_2222":-1.4490758890757245e-13,
		"ld_2233":-1.4490758890757245e-13,
		"ld_3311":-1.4490758890757245e-13,
		"ld_3322":-1.4490758890757245e-13,
		"ld_3333":-1.4490758890757245e-13,
		"le_1111":1.6964288226540503e-11,
		"le_1112":{
			"Re":-1.0641565012285698e-15,
			"Im":1.4541175105522986e-18
		},
		"le_1113":{
			"Re":6.238311871532129e-14,
			"Im":-8.06959179537169e-14
		},
		"le_1122":8.063445611234891e-12,
		"le_1123":{
			"Re":4.1739874239097346e-15,
			"Im":-6.4791361195418285e-15
		},
		"le_1133":7.262018044777429e-12,
		"le_2211":1.6964288226540503e-11,
		"le_2212":{
			"Re":-1.0641565012285698e-15,
			"Im":1.4541175105522986e-18
		},
		"le_2213":{
			"Re":6.238311871532129e-14,
			"Im":-8.06959179537169e-14
		},
		"le_2222":8.063445611234891e-12,
		"le_2223":{
			"Re":4.1739874239097346e-15,
			"Im":-6.4791361195418285e-15
		},
		"le_2233":7.262018044777429e-12,
		"le_3311":1.6964288226540503e-11,
		"le_3312":{
			"Re":-1.0641565012285698e-15,
			"Im":1.4541175105522986e-18
		},
		"le_3313":{
			"Re":6.238311871532129e-14,
			"Im":-8.06959179537169e-14
		},
		"le_3322":8.063445611234891e-12,
		"le_3323":{
			"Re":4.1739874239097346e-15,
			"Im":-6.4791361195418285e-15
		},
		"le_3333":7.262018044777429e-12,
		"ll_1111":-1.0868069168067934e-13,
		"ll_1122":-2.1736138336135868e-13,
		"ll_1133":-2.1736138336135868e-13,
		"ll_2222":-1.0868069168067934e-13,
		"ll_2233":-2.1736138336135868e-13,
		"ll_3333":-1.0868069168067934e-13,
		"lq1_1111":7.245379445378622e-14,
		"lq1_1122":7.245379445378622e-14,
		"lq1_1133":7.245379445378622e-14,
		"lq1_2211":7.245379445378622e-14,
		"lq1_2222":7.245379445378622e-14,
		"lq1_2233":7.245379445378622e-14,