{
	"eft":"SMEFT",
	"basis":"Warsaw",
	"scale":1000,
	"values":{
		"dd_1111":-4.60370561308204e-13,
		"dd_1122":-9.20741122616408e-13,
		"dd_1133":-9.20741122616408e-13,
		"dd_2222":-4.60370561308204e-13,
		"dd_2233":-9.20741122616408e-13,
		"dd_3333":-4.60370561308204e-13,
		"eB_11":1.837909572729067e-15,
		"eB_12":1.4949598980985614e-20,
		"eB_13":{
			"Re":-1.3318952166151986e-17,
			"Im":-1.6679118115895823e-17
		},
		"eB_21":{
			"Re":3.0911440867531836e-18,
			"Im":-1.4236749938481987e-18
		},
		"eB_22":3.1202568788087135e-13,
		"eB_23":{
			"Re":3.091134985135475e-17,
			"Im":2.005558931894088e-18
		},
		"eB_31":{
			"Re":-4.631476648258415e-14,
			"Im":5.799926683694484e-14
		},
		"eB_32":{
			"Re":5.198495636131721e-16,
			"Im":-3.37283535193125e-17
		},
		"eB_33":3.1786250441434617e-13,
		"ed_1111":1.0454279188964549e-10,
		"ed_1122":1.0454279188964549e-10,
		"ed_1133":1.0454279188964549e-10,
		"ed_1211":{
			"Re":3.1377308086789827e-16,
			"Im":-1.2348977726587437e-16
		},
		"ed_1222":{
			"Re":3.1377308086789827e-16,
			"Im":-1.2348977726587437e-16
		},
		"ed_1233":{
			"Re":3.1377308086789827e-16,
			"Im":-1.2348977726587437e-16
		},
		"ed_1311":{
			"Re":-2.9926106302457335e-13,
			"Im":-3.92392214254735e-13
		},
		"ed_1322":{
			"Re":-2.9926106302457335e-13,
			"Im":-3.92392214254735e-13
		},
		"ed_1333":{
			"Re":-2.9926106302457335e-13,
			"Im":-3.92392214254735e-13
		},
		"ed_2211":8.570070757176488e-11,
		"ed_2222":8.570070757176488e-11,
		"ed_2233":8.570070757176488e-11,
		"ed_2311":{
			"Re":8.49544321184994e-15,
			"Im":5.543814010796395e-16
		},
		"ed_2322":{
			"Re":8.49544321184994e-15,
			"Im":5.543814010796395e-16
		},
		"ed_2333":{
			"Re":8.49544321184994e-15,
			"Im":5.543814010796395e-16
		},
		"ed_3311":3.1052369221355273e-12,
		"ed_3322":3.1052369221355273e-12,
		"ed_3333":3.1052369221355273e-12,
		"ee_1111":-1.1286862188390435e-8,
		"ee_1112":{
			"Re":1.9417139258263406e-13,
			"Im":5.088473225550345e-14
		},
		"ee_1113":{
			"Re":-3.168853271589412e-10,
			"Im":-3.7878071729043726e-10
		},
		"ee_1122":-2.1889091473570957e-8,
		"ee_1123":{
			"Re":-2.312287893923319e-12,
			"Im":-2.22690522502558e-13
		},
		"ee_1133":-7.656419480521328e-10,
		"ee_1212":{
			"Re":1.2468747757539058e-10,
			"Im":2.214061003372901e-9
		},
		"ee_1213":{
			"Re":-4.3482626925259205e-14,
			"Im":7.780416122524073e-13
		},
		"ee_1222":{
			"Re":3.462516877786248e-15,
			"Im":3.474410119739759e-13
		},
		"ee_1223":{
			"Re":1.404370585948337e-10,
			"Im":1.7660638238040808e-10
		},
		"ee_1232":{
			"Re":-6.744679008781693e-10,
			"Im":-4.933342284547025e-10
		},
		"ee_1233":{
			"Re":-2.090918472012393e-13,
			"Im":-1.8609916113713952e-13
		},
		"ee_1313":{
			"Re":2.955944416258509e-11,
			"Im":-1.5128851876535454e-10
		},
		"ee_1323":{
			"Re":9.190277630376538e-15,
			"Im":-1.1403358456374343e-14
		},
		"ee_1333":{
			"Re":4.493398034223748e-11,
			"Im":5.472369079476155e-11
		},
		"ee_2222":-6.5818698436829214e-9,
		"ee_2223":{
			"Re":-9.588700747901948e-13,
			"Im":-2.1661858264225577e-14
		},
		"ee_2233":-8.665897571882266e-10,
		"ee_2323":{
			"Re":-1.6089899476353318e-10,
			"Im":-4.0895040817821466e-11
		},
		"ee_2333":{
			"Re":-1.4490514357347823e-13,
			"Im":-1.354804460936683e-14
		},
		"ee_3333":-1.0046584184401924e-11,
		"ephi_11":-2.207188766060364e-14,
		"ephi_12":-1.0075447391746354e-19,
		"ephi_13":{
			"Re":9.253464838403279e-17,
			"Im":1.1836436727630751e-16
		},
		"ephi_21":{
			"Re":-2.0833113495978926e-17,
			"Im":1.7861364795419093e-18
		},
		"ephi_22":-3.757642083953238e-12,
		"ephi_23":{
			"Re":-3.644219060058492e-16,
			"Im":-2.3736962075262004e-17
		},
		"ephi_31":{
			"Re":3.218033312164412e-13,
			"Im":-4.116293812026167e-13
		},
		"ephi_32":{
			"Re":-6.128945534953509e-15,
			"Im":3.992145286582487e-16
		},
		"ephi_33":-4.0771008380488555e-12,
		"eu_1111":-2.0908558377929098e-10,
		"eu_1122":-2.0908558377929098e-10,
		"eu_1133":-2.0908558377929098e-10,
		"eu_1211":{
			"Re":-6.275461617357965e-16,
			"Im":2.4697955453174874e-16
		},
		"eu_1222":{
			"Re":-6.275461617357965e-16,
			"Im":2.4697955453174874e-16
		},
		"eu_1233":{
			"Re":-6.275461617357965e-16,
			"Im":2.4697955453174874e-16
		},
		"eu_1311":{
			"Re":5.985221260491467e-13,
			"Im":7.8478442850947e-13
		},
		"eu_1322":{
			"Re":5.985221260491467e-13,
			"Im":7.8478442850947e-13
		},
		"eu_1333":{
			"Re":5.985221260491467e-13,
			"Im":7.8478442850947e-13
		},
		"eu_2211":-1.7140141514352976e-10,
		"eu_2222":-1.7140141514352976e-10,
		"eu_2233":-1.7140141514352976e-10,
		"eu_2311":{
			"Re":-1.699088642369988e-14,
			"Im":-1.108762802159279e-15
		},
		"eu_2322":{
			"Re":-1.699088642369988e-14,
			"Im":-1.108762802159279e-15
		},
		"eu_2333":{
			"Re":-1.699088642369988e-14,
			"Im":-1.108762802159279e-15
		},
		"eu_3311":-6.210473844271055e-12,
		"eu_3322":-6.210473844271055e-12,
		"eu_3333":-6.210473844271055e-12,
		"phi":-7.903692053612861e-10,
		"phiB":1.1051569710859714e-10,
		"phiBox":-5.905956523525735e-10,
		"phid_11":1.3811116839246119e-12,
		"phid_22":1.3811116839246119e-12,
		"phid_33":1.3811116839246119e-12,
		"phiD":-4.1433350517738355e-12,
		"phie_11":-1.5681418783446817e-10,
		"phie_12":{
			"Re":-4.7065962130183e-16,
			"Im":1.8523466589882417e-16
		},
		"phie_13":{
			"Re":4.488915945368588e-13,
			"Im":5.885883213821009e-13
		},
		"phie_22":-1.2855106135764733e-10,
		"phie_23":{
			"Re":-1.2743164817774913e-14,
			"Im":-8.315721016194596e-16
		},
		"phie_33":-4.6578553832032885e-12,
		"phil1_11":2.07166751066907e-12,
		"phil1_13":{
			"Re":3.834851662740304e-19,
			"Im":4.802325516442212e-19
		},
		"phil1_22":2.071133319413617e-12,
		"phil1_23":{
			"Re":-8.900132675321532e-19,
			"Im":-5.774494050848192e-20
		},
		"phil1_33":2.062515487961037e-12,
		"phil3_11":-1.521784760287338e-20,
		"phil3_13":{
			"Re":3.834851662740304e-19,
			"Im":4.802325516442212e-19
		},
		"phil3_22":-5.342064733009334e-16,
		"phil3_23":{
			"Re":-8.900132675321532e-19,
			"Im":-5.774494050848192e-20
		},
		"phil3_33":-9.152037925880717e-15,
		"phiq1_11":-6.905558419623059e-13,
		"phiq1_22":-6.905558419623059e-13,
		"phiq1_33":-6.905558419623059e-13,
		"phiu_11":-2.7622233678492238e-12,
		"phiu_22":-2.7622233678492238e-12,
		"phiu_33":-2.7622233678492238e-12,
		"ld_1111":-1.3811116839246119e-12,
		"ld_1122":-1.3811116839246119e-12,
		"ld_1133":-1.3811116839246119e-12,
		"ld_2211":-1.3811116839246119e-12,
		"ld_2222":-1.3811116839246119e-12,
		"ld_2233":-1.3811116839246119e-12,
		"ld_3311":-1.3811116839246119e-12,
		"ld_3322":-1.3811116839246119e-12,
		"ld_3333":-1.3811116839246119e-12,
		"le_1111":1.5681418783446817e-10,
		"le_1112":{
			"Re":4.7065962130183e-16,
			"Im":-1.8523466589882417e-16
		},
		"le_1113":{
			"Re":-4.488915945368588e-13,
			"Im":-5.885883213821009e-13
		},
		"le_1122":1.2855106135764733e-10,
		"le_1123":{
			"Re":1.2743164817774913e-14,
			"Im":8.315721016194596e-16
		},
		"le_1133":4.6578553832032885e-12,
		"le_2211":1.5681418783446817e-10,
		"le_2212":{
			"Re":4.7065962130183e-16,
			"Im":-1.8523466589882417e-16
		},
		"le_2213":{
			"Re":-4.488915945368588e-13,
			"Im":-5.885883213821009e-13
		},
		"le_2222":1.2855106135764733e-10,
		"le_2223":{
			"Re":1.2743164817774913e-14,
			"Im":8.315721016194596e-16
		},
		"le_2233":4.6578553832032885e-12,
		"le_3311":1.5681418783446817e-10,
		"le_3312":{
			"Re":4.7065962130183e-16,
			"Im":-1.8523466589882417e-16
		},
		"le_3313":{
			"Re":-4.488915945368588e-13,
			"Im":-5.885883213821009e-13
		},
		"le_3322":1.2855106135764733e-10,
		"le_3323":{
			"Re":1.2743164817774913e-14,
			"Im":8.315721016194596e-16
		},
		"le_3333":4.6578553832032885e-12,
		"ll_1111":-1.0358337629434589e-12,
		"ll_1122":-2.0716675258869177e-12,
		"ll_1133":-2.0716675258869177e-12,
		"ll_2222":-1.0358337629434589e-12,
		"ll_2233":-2.0716675258869177e-12,
		"ll_3333":-1.0358337629434589e-12,
		"lq1_1111":6.905558419623059e-13,
		"lq1_1122":6.905558419623059e-13,
		"lq1_1133":6.905558419623059e-13,