{
	"eft":"SMEFT",
	"basis":"Warsaw",
	"scale":1000,
	"values":{
		"dd_1111":-2.874811698865916e-13,
		"dd_1122":-5.749623397731832e-13,
		"dd_1133":-5.749623397731832e-13,
		"dd_2222":-2.874811698865916e-13,
		"dd_2233":-5.749623397731832e-13,
		"dd_3333":-2.874811698865916e-13,
		"eB_11":4.848911798316502e-16,
		"eB_13":{
			"Re":3.3012347267661576e-20,
			"Im":3.01833278774665e-20
		},
		"eB_21":{
			"Re":0.0,
			"Im":1.61672639746189e-20
		},
		"eB_22":1.0962551599375446e-13,
		"eB_23":{
			"Re":-4.0173313763548995e-18,
			"Im":-1.998186229137954e-18
		},
		"eB_31":{
			"Re":1.1479575387541507e-16,
			"Im":-1.049582403234278e-16
		},
		"eB_32":{
			"Re":-6.756120237162889e-17,
			"Im":3.360436358264333e-17
		},
		"eB_33":1.2463115042144994e-12,
		"ed_1111":2.6689084107407514e-11,
		"ed_1122":2.6689084107407514e-11,
		"ed_1133":2.6689084107407514e-11,
		"ed_1211":{
			"Re":-9.541460378349608e-19,
			"Im":-3.458603674871319e-18
		},
		"ed_1222":{
			"Re":-9.541460378349608e-19,
			"Im":-3.458603674871319e-18
		},
		"ed_1233":{
			"Re":-9.541460378349608e-19,
			"Im":-3.458603674871319e-18
		},
		"ed_1311":{
			"Re":2.732380343096416e-15,
			"Im":-4.4267456464012305e-16
		},
		"ed_1322":{
			"Re":2.732380343096416e-15,
			"Im":-4.4267456464012305e-16
		},
		"ed_1333":{
			"Re":2.732380343096416e-15,
			"Im":-4.4267456464012305e-16
		},
		"ed_2211":2.928378935899855e-11,
		"ed_2222":2.928378935899855e-11,
		"ed_2233":2.928378935899855e-11,
		"ed_2311":{
			"Re":-1.1500440872790555e-15,
			"Im":-5.886130461653201e-16
		},
		"ed_2322":{
			"Re":-1.1500440872790555e-15,
			"Im":-5.886130461653201e-16
		},
		"ed_2333":{
			"Re":-1.1500440872790555e-15,
			"Im":-5.886130461653201e-16
		},
		"ed_3311":1.939090719503749e-11,
		"ed_3322":1.939090719503749e-11,
		"ed_3333":1.939090719503749e-11,
		"ee_1111":-1.0506069259036936e-9,
		"ee_1112":{
			"Re":9.55470817018962e-15,
			"Im":-8.519785404324534e-15
		},
		"ee_1113":{
			"Re":-8.768729727893318e-12,
			"Im":2.260341100246906e-11
		},
		"ee_1122":-3.161051728285303e-9,
		"ee_1123":{
			"Re":1.1825801712944636e-13,
			"Im":5.978219945400917e-14
		},
		"ee_1133":-2.111813123498069e-9,
		"ee_1212":{
			"Re":-2.7171625942306717e-10,
			"Im":3.265908519325434e-10
		},
		"ee_1213":{
			"Re":-1.6813059346537868e-13,
			"Im":2.2807559257194186e-15
		},
		"ee_1222":{
			"Re":-1.3747044355440662e-14,
			"Im":2.072558211271823e-15
		},
		"ee_1223":{
			"Re":-2.344124202825519e-13,
			"Im":-1.656105569904829e-13
		},
		"ee_1232":{
			"Re":2.489215402823383e-11,
			"Im":8.646680832245679e-12
		},
		"ee_1233":{
			"Re":3.9622538160760175e-15,
			"Im":1.0050844911965535e-14
		},
		"ee_1313":{
			"Re":2.2245573411846618e-10,
			"Im":1.968317638246218e-10
		},
		"ee_1323":{
			"Re":8.049675435971132e-16,
			"Im":9.804782771573615e-15
		},
		"ee_1333":{
			"Re":6.415972254604399e-12,
			"Im":-1.7324096726626984e-11
		},
		"ee_2222":-1.2711962294076647e-9,
		"ee_2223":{
			"Re":2.4883256963744305e-13,
			"Im":2.0364596303515813e-13
		},
		"ee_2233":-2.3154586186946257e-9,
		"ee_2323":{
			"Re":9.794045006701122e-12,
			"Im":-3.218259661482617e-10
		},
		"ee_2333":{
			"Re":-7.154038120605818e-15,
			"Im":-4.221800011651395e-14
		},
		"ee_3333":-5.489164964447242e-10,
		"ephi_11":3.9924953879301477e-16,
		"ephi_13":3.4890674035385976e-20,
		"ephi_21":{
			"Re":0.0,
			"Im":1.1073632264167461e-20
		},
		"ephi_22":9.014596199521416e-14,
		"ephi_23":{
			"Re":-3.333140601657263e-18,
			"Im":-1.6909364936343639e-18
		},
		"ephi_31":{
			"Re":1.212599008580588e-16,
			"Im":-1.2312408886637994e-17
		},
		"ephi_32":{
			"Re":-5.601530293358918e-17,
			"Im":2.841753150080336e-17
		},
		"ephi_33":1.0307267535527316e-12,
		"eu_1111":-5.337816821481503e-11,
		"eu_1122":-5.337816821481503e-11,
		"eu_1133":-5.337816821481503e-11,
		"eu_1211":{
			"Re":1.9082920756699217e-18,
			"Im":6.917207349742638e-18
		},
		"eu_1222":{
			"Re":1.9082920756699217e-18,
			"Im":6.917207349742638e-18
		},
		"eu_1233":{
			"Re":1.9082920756699217e-18,
			"Im":6.917207349742638e-18
		},
		"eu_1311":{
			"Re":-5.464760686192832e-15,
			"Im":8.853491292802461e-16
		},
		"eu_1322":{
			"Re":-5.464760686192832e-15,
			"Im":8.853491292802461e-16
		},
		"eu_1333":{
			"Re":-5.464760686192832e-15,
			"Im":8.853491292802461e-16
		},
		"eu_2211":-5.85675787179971e-11,
		"eu_2222":-5.85675787179971e-11,
		"eu_2233":-5.85675787179971e-11,
		"eu_2311":{
			"Re":2.300088174558111e-15,
			"Im":1.1772260923306402e-15
		},
		"eu_2322":{
			"Re":2.300088174558111e-15,
			"Im":1.1772260923306402e-15
		},
		"eu_2333":{
			"Re":2.300088174558111e-15,
			"Im":1.1772260923306402e-15
		},
		"eu_3311":-3.878181439007498e-11,
		"eu_3322":-3.878181439007498e-11,
		"eu_3333":-3.878181439007498e-11,
		"phi":1.5787484123568992e-13,
		"phiB":-4.7197556180396705e-12,
		"phiBox":-2.368769033065234e-12,
		"phid_11":8.624435096597747e-13,
		"phid_22":8.624435096597747e-13,
		"phid_33":8.624435096597747e-13,
		"phiD":-2.5873305289793243e-12,
		"phie_11":-4.0033626161111256e-11,
		"phie_12":{
			"Re":1.4312190567522934e-18,
			"Im":5.187905512306954e-18
		},
		"phie_13":{
			"Re":-4.098570514644396e-15,
			"Im":6.640118469594272e-16
		},
		"phie_22":-4.39256840384978e-11,
		"phie_23":{
			"Re":1.7250661309185806e-15,
			"Im":8.829195692479764e-16
		},
		"phie_33":-2.9086360792556188e-11,
		"phil1_11":1.2936652604747749e-12,
		"phil1_22":1.2934775791081138e-12,
		"phil1_23":{
			"Re":1.1566878322113661e-19,
			"Im":5.753266238727109e-20
		},
		"phil1_33":1.2577809119925082e-12,
		"phil3_22":-1.8768538154838547e-16,
		"phil3_23":{
			"Re":1.1566878322113661e-19,
			"Im":5.753266238727109e-20
		},
		"phil3_33":-3.588435249715399e-14,
		"phiq1_11":-4.3122175482988736e-13,
		"phiq1_22":-4.3122175482988736e-13,
		"phiq1_33":-4.3122175482988736e-13,
		"phiu_11":-1.7248870193195494e-12,
		"phiu_22":-1.7248870193195494e-12,
		"phiu_33":-1.7248870193195494e-12,
		"ld_1111":-8.624435096597747e-13,
		"ld_1122":-8.624435096597747e-13,
		"ld_1133":-8.624435096597747e-13,
		"ld_2211":-8.624435096597747e-13,
		"ld_2222":-8.624435096597747e-13,
		"ld_2233":-8.624435096597747e-13,
		"ld_3311":-8.624435096597747e-13,
		"ld_3322":-8.624435096597747e-13,
		"ld_3333":-8.624435096597747e-13,
		"le_1111":4.0033626161111256e-11,
		"le_1112":{
			"Re":-1.4312190567522934e-18,
			"Im":-5.187905512306954e-18
		},
		"le_1113":{
			"Re":4.098570514644396e-15,
			"Im":-6.640118469594272e-16
		},
		"le_1122":4.39256840384978e-11,
		"le_1123":{
			"Re":-1.7250661309185806e-15,
			"Im":-8.829195692479764e-16
		},
		"le_1133":2.9086360792556188e-11,
		"le_2211":4.0033626161111256e-11,
		"le_2212":{
			"Re":-1.4312190567522934e-18,
			"Im":-5.187905512306954e-18
		},
		"le_2213":{
			"Re":4.098570514644396e-15,
			"Im":-6.640118469594272e-16
		},
		"le_2222":4.39256840384978e-11,
		"le_2223":{
			"Re":-1.7250661309185806e-15,
			"Im":-8.829195692479764e-16
		},
		"le_2233":2.9086360792556188e-11,
		"le_3311":4.0033626161111256e-11,
		"le_3312":{
			"Re":-1.4312190567522934e-18,
			"Im":-5.187905512306954e-18
		},
		"le_3313":{
			"Re":4.098570514644396e-15,
			"Im":-6.640118469594272e-16
		},
		"le_3322":4.39256840384978e-11,
		"le_3323":{
			"Re":-1.7250661309185806e-15,
			"Im":-8.829195692479764e-16
		},
		"le_3333":2.9086360792556188e-11,
		"ll_1111":-6.468326322448311e-13,
		"ll_1122":-1.2936652644896622e-12,
		"ll_1133":-1.2936652644896622e-12,
		"ll_2222":-6.468326322448311e-13,
		"ll_2233":-1.2936652644896622e-12,
		"ll_3333":-6.468326322448311e-13,
		"lq1_1111":4.3122175482988736e-13,
		"lq1_1122":4.3122175482988736e-13,
		"lq1_1133":4.3122175482988736e-13,
		"lq1_2211":4.3122175482988736e-13,
		"lq1_2222":4.3122175482988736e-13,
		"lq1_2233":4.3122175482988736e-13,
		"lq1_3311":4.3122175482988736e-13,
		"lq1_3322":4.3122175482988736e-13,
		"lq1_3333":4.3122175482988736e-13,
		"lu_1111":1.7248870193195494e-12,
		"lu_1122":1.7248870193195494e-12,
		"lu_1133":1.7248870193195494e-12,
		"lu_2211":1.7248870193195494e-12,