{
	"eft":"SMEFT",
	"basis":"Warsaw",
	"scale":1000,
	"values":{
		"dd_1111":-2.1984119842664258e-13,
		"dd_1122":-4.3968239685328517e-13,
		"dd_1133":-4.3968239685328517e-13,
		"dd_2222":-2.1984119842664258e-13,
		"dd_2233":-4.3968239685328517e-13,
		"dd_3333":-2.1984119842664258e-13,
		"eB_11":9.609983856918219e-17,
		"eB_12":{
			"Re":0.0,
			"Im":7.685206583510924e-20
		},
		"eB_13":{
			"Re":-6.809795937579155e-19,
			"Im":3.8377670925810856e-19
		},
		"eB_21":{
			"Re":1.5321802573387232e-18,
			"Im":-1.589078136230457e-17
		},
		"eB_22":1.499596002920587e-13,
		"eB_23":{
			"Re":1.7687464456353991e-15,
			"Im":-8.655155425978085e-15
		},
		"eB_31":{
			"Re":-2.368009920814583e-15,
			"Im":-1.3345290567162625e-15
		},
		"eB_32":{
			"Re":2.9745775332603766e-14,
			"Im":1.4555749887453397e-13
		},
		"eB_33":5.225025290442563e-13,
		"ed_1111":5.074643617902503e-12,
		"ed_1122":5.074643617902503e-12,
		"ed_1133":5.074643617902503e-12,
		"ed_1211":{
			"Re":5.278878301393014e-16,
			"Im":5.073773999417618e-15
		},
		"ed_1222":{
			"Re":5.278878301393014e-16,
			"Im":5.073773999417618e-15
		},
		"ed_1233":{
			"Re":5.278878301393014e-16,
			"Im":5.073773999417618e-15
		},
		"ed_1311":{
			"Re":-4.5137436682180587e-14,
			"Im":2.543414677739516e-14
		},
		"ed_1322":{
			"Re":-4.5137436682180587e-14,
			"Im":2.543414677739516e-14
		},
		"ed_1333":{
			"Re":-4.5137436682180587e-14,
			"Im":2.543414677739516e-14
		},
		"ed_2211":4.617204595912023e-11,
		"ed_2222":4.617204595912023e-11,
		"ed_2233":4.617204595912023e-11,
		"ed_2311":{
			"Re":5.575959436686772e-13,
			"Im":-2.7308545110039518e-12
		},
		"ed_2322":{
			"Re":5.575959436686772e-13,
			"Im":-2.7308545110039518e-12
		},
		"ed_2333":{
			"Re":5.575959436686772e-13,
			"Im":-2.7308545110039518e-12
		},
		"ed_3311":8.660996071827912e-12,
		"ed_3322":8.660996071827912e-12,
		"ed_3333":8.660996071827912e-12,
		"ee_1111":-2.156839617664875e-11,
		"ee_1112":{
			"Re":-6.953500008740411e-14,
			"Im":-3.591330339581815e-13
		},
		"ee_1113":{
			"Re":4.165781891143382e-12,
			"Im":-1.3803460486411417e-13
		},
		"ee_1122":-1.1253319464061737e-9,
		"ee_1123":{
			"Re":-1.3433458525274304e-11,
			"Im":6.574030009587671e-11
		},
		"ee_1133":-2.2230599214354716e-10,
		"ee_1212":{
			"Re":3.2775374574170185e-10,
			"Im":-8.862712250078857e-11
		},
		"ee_1213":{
			"Re":-6.350156880069595e-13,
			"Im":-3.972133897713629e-11
		},
		"ee_1222":{
			"Re":-5.279368447199917e-14,
			"Im":7.640073944309314e-13
		},
		"ee_1223":{
			"Re":9.08257621086481e-12,
			"Im":-4.9988429115698526e-12
		},
		"ee_1232":{
			"Re":2.0764289176151503e-11,
			"Im":-9.132039142625826e-12
		},
		"ee_1233":{
			"Re":-5.714803927327589e-14,
			"Im":-2.345884594548123e-12
		},
		"ee_1313":{
			"Re":-7.290977108789096e-11,
			"Im":-3.989662277579413e-12
		},
		"ee_1323":{
			"Re":-7.826842753739461e-14,
			"Im":-9.4797976954122e-13
		},
		"ee_1333":{
			"Re":-3.0849835809849293e-12,
			"Im":-5.252536202244372e-13
		},
		"ee_2222":-2.205238702991006e-9,
		"ee_2223":{
			"Re":-4.076959458818907e-11,
			"Im":2.665156416964177e-10
		},
		"ee_2233":-1.8356022268633745e-9,
		"ee_2323":{
			"Re":-4.867503373055922e-10,
			"Im":-1.5919926996443822e-10
		},
		"ee_2333":{
			"Re":-1.7545532025820274e-11,
			"Im":4.558690555033766e-11
		},
		"ee_3333":-6.743546635794671e-11,
		"ephi_11":-7.004972677305066e-17,
		"ephi_12":{
			"Re":0.0,
			"Im":-5.571232084933032e-20
		},
		"ephi_13":{
			"Re":4.946619687755183e-19,
			"Im":-2.787451245128376e-19
		},
		"ephi_21":{
			"Re":-1.173159785608787e-18,
			"Im":1.1519727386571955e-17
		},
		"ephi_22":-1.0808126893068115e-13,
		"ephi_23":{
			"Re":-1.2696422024826747e-15,
			"Im":6.2165973770316645e-15
		},
		"ephi_31":{
			"Re":1.7215085432291588e-15,
			"Im":9.70080953052379e-16
		},
		"ephi_32":{
			"Re":-2.1369543426434323e-14,
			"Im":-1.046324563060812e-13
		},
		"ephi_33":-3.800996578057983e-13,
		"eu_1111":-1.0149287235805006e-11,
		"eu_1122":-1.0149287235805006e-11,
		"eu_1133":-1.0149287235805006e-11,
		"eu_1211":{
			"Re":-1.0557756602786028e-15,
			"Im":-1.0147547998835237e-14
		},
		"eu_1222":{
			"Re":-1.0557756602786028e-15,
			"Im":-1.0147547998835237e-14
		},
		"eu_1233":{
			"Re":-1.0557756602786028e-15,
			"Im":-1.0147547998835237e-14
		},
		"eu_1311":{
			"Re":9.027487336436117e-14,
			"Im":-5.086829355479032e-14
		},
		"eu_1322":{
			"Re":9.027487336436117e-14,
			"Im":-5.086829355479032e-14
		},
		"eu_1333":{
			"Re":9.027487336436117e-14,
			"Im":-5.086829355479032e-14
		},
		"eu_2211":-9.234409191824046e-11,
		"eu_2222":-9.234409191824046e-11,
		"eu_2233":-9.234409191824046e-11,
		"eu_2311":{
			"Re":-1.1151918873373545e-12,
			"Im":5.4617090220079035e-12
		},
		"eu_2322":{
			"Re":-1.1151918873373545e-12,
			"Im":5.4617090220079035e-12
		},
		"eu_2333":{
			"Re":-1.1151918873373545e-12,
			"Im":5.4617090220079035e-12
		},
		"eu_3311":-1.7321992143655825e-11,
		"eu_3322":-1.7321992143655825e-11,
		"eu_3333":-1.7321992143655825e-11,
		"phi":-6.417683361929984e-14,
		"phiB":2.92375572144829e-12,
		"phiBox":-1.3587358671344898e-12,
		"phid_11":6.595235952799276e-13,
		"phid_22":6.595235952799276e-13,
		"phid_33":6.595235952799276e-13,
		"phiD":-1.978570785839783e-12,
		"phie_11":-7.611965426853752e-12,
		"phie_12":{
			"Re":-7.918317452089533e-16,
			"Im":-7.610660999126434e-15
		},
		"phie_13":{
			"Re":6.770615502327096e-14,
			"Im":-3.815122016609278e-14
		},
		"phie_22":-6.92580689386804e-11,
		"phie_23":{
			"Re":-8.363939155030169e-13,
			"Im":4.096281766505932e-12
		},
		"phie_33":-1.2991494107741872e-11,
		"phil1_11":9.89285392124187e-13,
		"phil1_13":{
			"Re":1.9607065892550666e-20,
			"Im":-1.1049868888031609e-20
		},
		"phil1_22":9.890286531951793e-13,
		"phil1_23":{
			"Re":-5.0926530581350747e-17,
			"Im":2.4920306614613337e-16
		},
		"phil1_33":9.74241268822926e-13,
		"phil3_13":{
			"Re":1.9607065892550666e-20,
			"Im":-1.1049868888031609e-20
		},
		"phil3_22":-2.567397247120997e-16,
		"phil3_23":{
			"Re":-5.0926530581350747e-17,
			"Im":2.4920306614613337e-16
		},
		"phil3_33":-1.5044124096965347e-14,
		"phiq1_11":-3.297617976399638e-13,
		"phiq1_22":-3.297617976399638e-13,
		"phiq1_33":-3.297617976399638e-13,
		"phiu_11":-1.3190471905598553e-12,
		"phiu_22":-1.3190471905598553e-12,
		"phiu_33":-1.3190471905598553e-12,
		"ld_1111":-6.595235952799276e-13,
		"ld_1122":-6.595235952799276e-13,
		"ld_1133":-6.595235952799276e-13,
		"ld_2211":-6.595235952799276e-13,
		"ld_2222":-6.595235952799276e-13,
		"ld_2233":-6.595235952799276e-13,
		"ld_3311":-6.595235952799276e-13,
		"ld_3322":-6.595235952799276e-13,
		"ld_3333":-6.595235952799276e-13,
		"le_1111":7.611965426853752e-12,
		"le_1112":{
			"Re":7.918317452089533e-16,
			"Im":7.610660999126434e-15
		},
		"le_1113":{
			"Re":-6.770615502327096e-14,
			"Im":3.815122016609278e-14
		},
		"le_1122":6.92580689386804e-11,
		"le_1123":{
			"Re":8.363939155030169e-13,
			"Im":-4.096281766505932e-12
		},
		"le_1133":1.2991494107741872e-11,
		"le_2211":7.611965426853752e-12,
		"le_2212":{
			"Re":7.918317452089533e-16,
			"Im":7.610660999126434e-15
		},
		"le_2213":{
			"Re":-6.770615502327096e-14,
			"Im":3.815122016609278e-14
		},
		"le_2222":6.92580689386804e-11,
		"le_2223":{
			"Re":8.363939155030169e-13,
			"Im":-4.096281766505932e-12
		},
		"le_2233":1.2991494107741872e-11,
		"le_3311":7.611965426853752e-12,
		"le_3312":{
			"Re":7.918317452089533e-16,
			"Im":7.610660999126434e-15
		},
		"le_3313":{
			"Re":-6.770615502327096e-14,
			"Im":3.815122016609278e-14
		},
		"le_3322":6.92580689386804e-11,
		"le_3323":{
			"Re":8.363939155030169e-13,
			"Im":-4.096281766505932e-12
		},
		"le_3333":1.2991494107741872e-11,
		"ll_1111":-4.946426964599457e-13,
		"ll_1122":-9.892853929198914e-13,
		"ll_1133":-9.892853929198914e-13,
		"ll_2222":-4.946426964599457e-13,
		"ll_2233":-9.892853929198914e-13,
		"ll_3333":-4.946426964599457e-13,
		"lq1_1111":3.297617976399638e-13,
		"lq1_1122":3.297617976399638e-13,