{
	"eft":"SMEFT",
	"basis":"Warsaw",
	"scale":1000,
	"values":{
		"dd_1111":-1.144095089328207e-13,
		"dd_1122":-2.288190178656414e-13,
		"dd_1133":-2.288190178656414e-13,
		"dd_2222":-1.144095089328207e-13,
		"dd_2233":-2.288190178656414e-13,
		"dd_3333":-1.144095089328207e-13,
		"eB_11":1.247396735664388e-16,
		"eB_12":{
			"Re":3.040923811004715e-19,
			"Im":2.6284336731237326e-19
		},
		"eB_13":{
			"Re":3.3460289859868484e-20,
			"Im":1.6247474981209434e-19
		},
		"eB_21":{
			"Re":6.287749703928728e-17,
			"Im":-5.434839567558774e-17
		},
		"eB_22":1.7878591573472974e-15,
		"eB_23":{
			"Re":-1.6553603484985505e-15,
			"Im":3.4139822584721684e-15
		},
		"eB_31":{
			"Re":1.1635341068629354e-16,
			"Im":-5.649828907702661e-16
		},
		"eB_32":{
			"Re":-2.7838912209516655e-14,
			"Im":-5.741441883917235e-14
		},
		"eB_33":4.990854536274738e-13,
		"ed_1111":1.1656761470836876e-11,
		"ed_1122":1.1656761470836876e-11,
		"ed_1133":1.1656761470836876e-11,
		"ed_1211":{
			"Re":3.106307499389196e-14,
			"Im":2.594516579391192e-14
		},
		"ed_1222":{
			"Re":3.106307499389196e-14,
			"Im":2.594516579391192e-14
		},
		"ed_1233":{
			"Re":3.106307499389196e-14,
			"Im":2.594516579391192e-14
		},
		"ed_1311":{
			"Re":3.221514224802804e-15,
			"Im":2.1357008415658964e-14
		},
		"ed_1322":{
			"Re":3.221514224802804e-15,
			"Im":2.1357008415658964e-14
		},
		"ed_1333":{
			"Re":3.221514224802804e-15,
			"Im":2.1357008415658964e-14
		},
		"ed_2211":7.153700872883442e-14,
		"ed_2222":7.153700872883442e-14,
		"ed_2233":7.153700872883442e-14,
		"ed_2311":{
			"Re":-8.626123104891312e-13,
			"Im":1.7811604182332548e-12
		},
		"ed_2322":{
			"Re":-8.626123104891312e-13,
			"Im":1.7811604182332548e-12
		},
		"ed_2333":{
			"Re":-8.626123104891312e-13,
			"Im":1.7811604182332548e-12
		},
		"ed_3311":1.4538519328935459e-11,
		"ed_3322":1.4538519328935459e-11,
		"ed_3333":1.4538519328935459e-11,
		"ee_1111":3.151936390452242e-10,
		"ee_1112":{
			"Re":-1.0906436603535998e-12,
			"Im":2.2672199727048065e-12
		},
		"ee_1113":{
			"Re":3.707672713229996e-12,
			"Im":-1.9008160792739692e-11
		},
		"ee_1122":-2.4839996893840092e-11,
		"ee_1123":{
			"Re":6.730947895606912e-11,
			"Im":-1.392236048348628e-10
		},
		"ee_1133":-1.1550947721631095e-9,
		"ee_1212":{
			"Re":6.010298414525684e-12,
			"Im":1.0442994777737062e-12
		},
		"ee_1213":{
			"Re":-3.106531793089714e-11,
			"Im":-2.868255500536574e-10
		},
		"ee_1222":{
			"Re":-4.587867358253941e-14,
			"Im":-8.438118489573558e-14
		},
		"ee_1223":{
			"Re":-1.1579730466445854e-12,
			"Im":-5.766795036568121e-13
		},
		"ee_1232":{
			"Re":-1.2376074165903841e-13,
			"Im":6.458375542327482e-13
		},
		"ee_1233":{
			"Re":2.968546094906372e-12,
			"Im":-4.508790414272528e-12
		},
		"ee_1313":{
			"Re":9.648617772107604e-10,
			"Im":3.3783002300819403e-10
		},
		"ee_1323":{
			"Re":3.7796700870183986e-12,
			"Im":-4.646534330748665e-12
		},
		"ee_1333":{
			"Re":-2.9250080222106762e-12,
			"Im":2.109935234921783e-11
		},
		"ee_2222":-5.960287161260631e-13,
		"ee_2223":{
			"Re":1.0453011670437e-12,
			"Im":-5.565076554103717e-12
		},
		"ee_2233":5.09657581819014e-11,
		"ee_2323":{
			"Re":1.5504408691812437e-11,
			"Im":1.1073772582177531e-11
		},
		"ee_2333":{
			"Re":-7.896838241080635e-11,
			"Im":1.6847033503142085e-10
		},
		"ee_3333":6.235893001692342e-10,
		"ephi_11":1.8613170722213044e-16,
		"ephi_12":{
			"Re":4.652925059358563e-19,
			"Im":3.9145001563415627e-19
		},
		"ephi_13":{
			"Re":4.8886819698533737e-20,
			"Im":3.05164943377827e-19
		},
		"ephi_21":{
			"Re":9.620888338713068e-17,
			"Im":-8.094041280265623e-17
		},
		"ephi_22":2.428388460693454e-15,
		"ephi_23":{
			"Re":-2.6437798052240173e-15,
			"Im":5.457693359770324e-15
		},
		"ephi_31":{
			"Re":1.6992859617975525e-16,
			"Im":-1.0608357419777359e-15
		},
		"ephi_32":{
			"Re":-4.444528681192813e-14,
			"Im":-9.175076957704084e-14
		},
		"ephi_33":7.872067561607126e-13,
		"eu_1111":-2.3313522941673753e-11,
		"eu_1122":-2.3313522941673753e-11,
		"eu_1133":-2.3313522941673753e-11,
		"eu_1211":{
			"Re":-6.212614998778392e-14,
			"Im":-5.189033158782384e-14
		},
		"eu_1222":{
			"Re":-6.212614998778392e-14,
			"Im":-5.189033158782384e-14
		},
		"eu_1233":{
			"Re":-6.212614998778392e-14,
			"Im":-5.189033158782384e-14
		},
		"eu_1311":{
			"Re":-6.443028449605608e-15,
			"Im":-4.271401683131793e-14
		},
		"eu_1322":{
			"Re":-6.443028449605608e-15,
			"Im":-4.271401683131793e-14
		},
		"eu_1333":{
			"Re":-6.443028449605608e-15,
			"Im":-4.271401683131793e-14
		},
		"eu_2211":-1.4307401745766884e-13,
		"eu_2222":-1.4307401745766884e-13,
		"eu_2233":-1.4307401745766884e-13,
		"eu_2311":{
			"Re":1.7252246209782624e-12,
			"Im":-3.5623208364665095e-12
		},
		"eu_2322":{
			"Re":1.7252246209782624e-12,
			"Im":-3.5623208364665095e-12
		},
		"eu_2333":{
			"Re":1.7252246209782624e-12,
			"Im":-3.5623208364665095e-12
		},
		"eu_3311":-2.9077038657870917e-11,
		"eu_3322":-2.9077038657870917e-11,
		"eu_3333":-2.9077038657870917e-11,
		"phi":1.1716857718964544e-13,
		"phiB":-2.311997715159332e-12,
		"phiBox":-1.2956671541293713e-12,
		"phid_11":3.432285267984621e-13,
		"phid_22":3.432285267984621e-13,
		"phid_33":3.432285267984621e-13,
		"phiD":-1.0296855803953862e-12,
		"phie_11":-1.7485142206255324e-11,
		"phie_12":{
			"Re":-4.659461249083797e-14,
			"Im":-3.89177486908679e-14
		},
		"phie_13":{
			"Re":-4.832271337204209e-15,
			"Im":-3.203551262348842e-14
		},
		"phie_22":-1.0730551309325148e-13,
		"phie_23":{
			"Re":1.293918465733697e-12,
			"Im":-2.6717406273498824e-12
		},
		"phie_33":-2.180777899340319e-11,
		"phil1_11":5.148427891648516e-13,
		"phil1_22":5.148397292768386e-13,
		"phil1_23":{
			"Re":4.766186788332023e-17,
			"Im":-9.829688835236842e-17
		},
		"phil1_33":5.004729009014711e-13,
		"phil3_22":-3.0609208545993903e-18,
		"phil3_23":{
			"Re":4.766186788332023e-17,
			"Im":-9.829688835236842e-17
		},
		"phil3_33":-1.4369889296221963e-14,
		"phiq1_11":-1.7161426339923105e-13,
		"phiq1_22":-1.7161426339923105e-13,
		"phiq1_33":-1.7161426339923105e-13,
		"phiu_11":-6.864570535969242e-13,
		"phiu_22":-6.864570535969242e-13,
		"phiu_33":-6.864570535969242e-13,
		"ld_1111":-3.432285267984621e-13,
		"ld_1122":-3.432285267984621e-13,
		"ld_1133":-3.432285267984621e-13,
		"ld_2211":-3.432285267984621e-13,
		"ld_2222":-3.432285267984621e-13,
		"ld_2233":-3.432285267984621e-13,
		"ld_3311":-3.432285267984621e-13,
		"ld_3322":-3.432285267984621e-13,
		"ld_3333":-3.432285267984621e-13,
		"le_1111":1.7485142206255324e-11,
		"le_1112":{
			"Re":4.659461249083797e-14,
			"Im":3.89177486908679e-14
		},
		"le_1113":{
			"Re":4.832271337204209e-15,
			"Im":3.203551262348842e-14
		},
		"le_1122":1.0730551309325148e-13,
		"le_1123":{
			"Re":-1.293918465733697e-12,
			"Im":2.6717406273498824e-12
		},
		"le_1133":2.180777899340319e-11,
		"le_2211":1.7485142206255324e-11,
		"le_2212":{
			"Re":4.659461249083797e-14,
			"Im":3.89177486908679e-14
		},
		"le_2213":{
			"Re":4.832271337204209e-15,
			"Im":3.203551262348842e-14
		},
		"le_2222":1.0730551309325148e-13,
		"le_2223":{
			"Re":-1.293918465733697e-12,
			"Im":2.6717406273498824e-12
		},
		"le_2233":2.180777899340319e-11,
		"le_3311":1.7485142206255324e-11,
		"le_3312":{
			"Re":4.659461249083797e-14,
			"Im":3.89177486908679e-14
		},
		"le_3313":{
			"Re":4.832271337204209e-15,
			"Im":3.203551262348842e-14
		},
		"le_3322":1.0730551309325148e-13,
		"le_3323":{
			"Re":-1.293918465733697e-12,
			"Im":2.6717406273498824e-12
		},
		"le_3333":2.180777899340319e-11,
		"ll_1111":-2.5742139509884655e-13,
		"ll_1122":-5.148427901976931e-13,
		"ll_1133":-5.148427901976931e-13,
		"ll_2222":-2.5742139509884655e-13,
		"ll_2233":-5.148427901976931e-13,
		"ll_3333":-2.5742139509884655e-13,
		"lq1_1111":1.7161426339923105e-13,
		"lq1_1122":1.7161426339923105e-13,
		"lq1_1133":1.7161426339923105e-13,
		"lq1_2211":1.7161426339923105e-13,
		"lq1_2222":1.7161426339923105e-13,
		"lq1_2233":1.7161426339923105e-13,