{
	"eft":"SMEFT",
	"basis":"Warsaw",
	"scale":1000,
	"values":{
		"dd_1111":-6.262640838851413e-14,
		"dd_1122":-1.2525281677702826e-13,
		"dd_1133":-1.2525281677702826e-13,
		"dd_2222":-6.262640838851413e-14,
		"dd_2233":-1.2525281677702826e-13,
		"dd_3333":-6.262640838851413e-14,
		"eB_11":5.740393552468535e-17,
		"eB_12":{
			"Re":-2.1316135071954652e-19,
			"Im":7.644777799725672e-19
		},
		"eB_13":{
			"Re":-4.866087204446266e-17,
			"Im":-2.7220379867469397e-17
		},
		"eB_21":{
			"Re":-4.4075593575395695e-17,
			"Im":-1.5807186346751742e-16
		},
		"eB_22":2.822691745140051e-14,
		"eB_23":{
			"Re":1.1764758748987052e-17,
			"Im":-4.2624875053583476e-17
		},
		"eB_31":{
			"Re":-1.69211278594847e-13,
			"Im":9.465500899785179e-14
		},
		"eB_32":{
			"Re":1.9785304527578823e-16,
			"Im":7.168409921348184e-16
		},
		"eB_33":7.801596785608016e-13,
		"ed_1111":3.312595219809197e-12,
		"ed_1122":3.312595219809197e-12,
		"ed_1133":3.312595219809197e-12,
		"ed_1211":{
			"Re":-1.3664993089664815e-14,
			"Im":4.91923375374536e-14
		},
		"ed_1222":{
			"Re":-1.3664993089664815e-14,
			"Im":4.91923375374536e-14
		},
		"ed_1233":{
			"Re":-1.3664993089664815e-14,
			"Im":4.91923375374536e-14
		},
		"ed_1311":{
			"Re":-3.1293818191204777e-12,
			"Im":-1.7505444768588967e-12
		},
		"ed_1322":{
			"Re":-3.1293818191204777e-12,
			"Im":-1.7505444768588967e-12
		},
		"ed_1333":{
			"Re":-3.1293818191204777e-12,
			"Im":-1.7505444768588967e-12
		},
		"ed_2211":8.396718271207254e-12,
		"ed_2222":8.396718271207254e-12,
		"ed_2233":8.396718271207254e-12,
		"ed_2311":{
			"Re":3.4639127880489026e-15,
			"Im":-1.314921049895272e-14
		},
		"ed_2322":{
			"Re":3.4639127880489026e-15,
			"Im":-1.314921049895272e-14
		},
		"ed_2333":{
			"Re":3.4639127880489026e-15,
			"Im":-1.314921049895272e-14
		},
		"ed_3311":1.4049172412928644e-11,
		"ed_3322":1.4049172412928644e-11,
		"ed_3333":1.4049172412928644e-11,
		"ee_1111":{
			"Re":-7.81993405480031e-11,
			"Im":2.1206377180557546e-19
		},
		"ee_1112":{
			"Re":-2.144187991557667e-12,
			"Im":-1.8930995828873233e-12
		},
		"ee_1113":{
			"Re":2.055450393805896e-10,
			"Im":3.5564714648009316e-11
		},
		"ee_1122":-4.5750743233064846e-10,
		"ee_1123":{
			"Re":-9.602687907628838e-12,
			"Im":7.0483315970424e-12
		},
		"ee_1133":{
			"Re":-6.379465335854869e-10,
			"Im":-8.444218094791089e-19
		},
		"ee_1212":{
			"Re":6.080898713398802e-11,
			"Im":2.193035078291042e-11
		},
		"ee_1213":{
			"Re":9.853322941149737e-12,
			"Im":1.4003900558721145e-13
		},
		"ee_1222":{
			"Re":-8.63732800611827e-12,
			"Im":-1.349054587028363e-11
		},
		"ee_1223":{
			"Re":4.074562140489307e-10,
			"Im":2.2900639694560403e-10
		},
		"ee_1232":{
			"Re":7.129076351403053e-11,
			"Im":2.864759607329889e-10
		},
		"ee_1233":{
			"Re":3.982784403644766e-11,
			"Im":3.023623510410782e-11
		},
		"ee_1313":{
			"Re":-1.3622497694723166e-10,
			"Im":-2.3599823052207106e-11
		},
		"ee_1323":{
			"Re":1.942630316827552e-11,
			"Im":-7.802346376058069e-12
		},
		"ee_1333":{
			"Re":2.361663978649857e-10,
			"Im":2.1049953079137953e-10
		},
		"ee_2222":-2.8765323507442436e-10,
		"ee_2223":{
			"Re":4.40915300669485e-11,
			"Im":-2.265496440900114e-11
		},
		"ee_2233":-1.8545758761242749e-9,
		"ee_2323":{
			"Re":-2.5258244410128455e-10,
			"Im":3.619223022571617e-10
		},
		"ee_2333":{
			"Re":-7.396343273768514e-11,
			"Im":3.91990540705297e-11
		},
		"ee_3333":{
			"Re":-8.356782450993521e-10,
			"Im":2.1011174188222395e-19
		},
		"ephi_11":4.728328406951566e-18,
		"ephi_12":{
			"Re":-1.7530220072017057e-20,
			"Im":6.303685111458799e-20
		},
		"ephi_13":{
			"Re":-4.03929194972317e-18,
			"Im":-2.2595385149285566e-18
		},
		"ephi_21":{
			"Re":-3.624650198079051e-18,
			"Im":-1.3033866615341049e-17
		},
		"ephi_22":2.325310721825668e-15,
		"ephi_23":{
			"Re":9.40090067473343e-19,
			"Im":-3.518056970061202e-18
		},
		"ephi_31":{
			"Re":-1.3946615669975069e-14,
			"Im":7.801593883373252e-15
		},
		"ephi_32":{
			"Re":1.569403075935551e-17,
			"Im":5.874487554457398e-17
		},
		"ephi_33":6.474995911114676e-14,
		"eu_1111":-6.625190439618394e-12,
		"eu_1122":-6.625190439618394e-12,
		"eu_1133":-6.625190439618394e-12,
		"eu_1211":{
			"Re":2.732998617932963e-14,
			"Im":-9.83846750749072e-14
		},
		"eu_1222":{
			"Re":2.732998617932963e-14,
			"Im":-9.83846750749072e-14
		},
		"eu_1233":{
			"Re":2.732998617932963e-14,
			"Im":-9.83846750749072e-14
		},
		"eu_1311":{
			"Re":6.2587636382409555e-12,
			"Im":3.5010889537177933e-12
		},
		"eu_1322":{
			"Re":6.2587636382409555e-12,
			"Im":3.5010889537177933e-12
		},
		"eu_1333":{
			"Re":6.2587636382409555e-12,
			"Im":3.5010889537177933e-12
		},
		"eu_2211":-1.6793436542414507e-11,
		"eu_2222":-1.6793436542414507e-11,
		"eu_2233":-1.6793436542414507e-11,
		"eu_2311":{
			"Re":-6.927825576097805e-15,
			"Im":2.629842099790544e-14
		},
		"eu_2322":{
			"Re":-6.927825576097805e-15,
			"Im":2.629842099790544e-14
		},
		"eu_2333":{
			"Re":-6.927825576097805e-15,
			"Im":2.629842099790544e-14
		},
		"eu_3311":-2.8098344825857287e-11,
		"eu_3322":-2.8098344825857287e-11,
		"eu_3333":-2.8098344825857287e-11,
		"phi":2.840996030585641e-17,
		"phiB":-9.647263636811529e-14,
		"phiBox":-1.442118842601387e-13,
		"phid_11":1.8787922516554238e-13,
		"phid_22":1.8787922516554238e-13,
		"phid_33":1.8787922516554238e-13,
		"phiD":-5.636376754966271e-13,
		"phie_11":-4.96889282971379e-12,
		"phie_12":{
			"Re":2.0497489634497448e-14,
			"Im":-7.378850630618034e-14
		},
		"phie_13":{
			"Re":4.6940727286807146e-12,
			"Im":2.625816715288345e-12
		},
		"phie_22":-1.2595077406810896e-11,
		"phie_23":{
			"Re":-5.1958691820741385e-15,
			"Im":1.9723815748429567e-14
		},
		"phie_33":-2.1073758619392955e-11,
		"phil1_11":2.818188372730103e-13,
		"phil1_13":{
			"Re":1.4010653671715394e-18,
			"Im":7.837412259837343e-19
		},
		"phil1_22":2.817705115924567e-13,
		"phil1_23":{
			"Re":-3.387361414582761e-19,
			"Im":1.2272742700341013e-18
		},
		"phil1_33":2.593561349530067e-13,
		"phil3_13":{
			"Re":1.4010653671715394e-18,
			"Im":7.837412259837343e-19
		},
		"phil3_22":-4.8326155856841804e-17,
		"phil3_23":{
			"Re":-3.387361414582761e-19,
			"Im":1.2272742700341013e-18
		},
		"phil3_33":-2.246270279530686e-14,
		"phiq1_11":-9.393961258277119e-14,
		"phiq1_22":-9.393961258277119e-14,
		"phiq1_33":-9.393961258277119e-14,
		"phiu_11":-3.7575845033108477e-13,
		"phiu_22":-3.7575845033108477e-13,
		"phiu_33":-3.7575845033108477e-13,
		"ld_1111":-1.8787922516554238e-13,
		"ld_1122":-1.8787922516554238e-13,
		"ld_1133":-1.8787922516554238e-13,
		"ld_2211":-1.8787922516554238e-13,
		"ld_2222":-1.8787922516554238e-13,
		"ld_2233":-1.8787922516554238e-13,
		"ld_3311":-1.8787922516554238e-13,
		"ld_3322":-1.8787922516554238e-13,
		"ld_3333":-1.8787922516554238e-13,
		"le_1111":4.96889282971379e-12,
		"le_1112":{
			"Re":-2.0497489634497448e-14,
			"Im":7.378850630618034e-14
		},
		"le_1113":{
			"Re":-4.6940727286807146e-12,
			"Im":-2.625816715288345e-12
		},
		"le_1122":1.2595077406810896e-11,
		"le_1123":{
			"Re":5.1958691820741385e-15,
			"Im":-1.9723815748429567e-14
		},
		"le_1133":2.1073758619392955e-11,
		"le_2211":4.96889282971379e-12,
		"le_2212":{
			"Re":-2.0497489634497448e-14,
			"Im":7.378850630618034e-14
		},
		"le_2213":{
			"Re":-4.6940727286807146e-12,
			"Im":-2.625816715288345e-12
		},
		"le_2222":1.2595077406810896e-11,
		"le_2223":{
			"Re":5.1958691820741385e-15,
			"Im":-1.9723815748429567e-14
		},
		"le_2233":2.1073758619392955e-11,
		"le_3311":4.96889282971379e-12,
		"le_3312":{
			"Re":-2.0497489634497448e-14,
			"Im":7.378850630618034e-14
		},
		"le_3313":{
			"Re":-4.6940727286807146e-12,
			"Im":-2.625816715288345e-12
		},
		"le_3322":1.2595077406810896e-11,
		"le_3323":{
			"Re":5.1958691820741385e-15,
			"Im":-1.9723815748429567e-14
		},
		"le_3333":2.1073758619392955e-11,
		"ll_1111":-1.4090941887415678e-13,
		"ll_1122":-2.8181883774831356e-13,
		"ll_1133":-2.8181883774831356e-13,