{
	"eft":"SMEFT",
	"basis":"Warsaw",
	"scale":1000,
	"values":{
		"dd_1111":-3.928981850852422e-14,
		"dd_1122":-7.857963701704845e-14,
		"dd_1133":-7.857963701704845e-14,
		"dd_2222":-3.928981850852422e-14,
		"dd_2233":-7.857963701704845e-14,
		"dd_3333":-3.928981850852422e-14,
		"eB_11":7.131270084381733e-17,
		"eB_13":1.2173866514208957e-20,
		"eB_21":{
			"Re":4.698204288308924e-19,
			"Im":2.2791044762655733e-19
		},
		"eB_22":7.186429623496315e-15,
		"eB_23":{
			"Re":1.1465734560822897e-16,
			"Im":1.0643837455430799e-16
		},
		"eB_31":{
			"Re":4.2332893591179335e-17,
			"Im":2.9322512449221213e-17
		},
		"eB_32":{
			"Re":1.9282422594323818e-15,
			"Im":-1.7900202621312314e-15
		},
		"eB_33":4.299729918427878e-13,
		"ed_1111":4.736019732204729e-12,
		"ed_1122":4.736019732204729e-12,
		"ed_1133":4.736019732204729e-12,
		"ed_1211":{
			"Re":1.4446370422630742e-16,
			"Im":-9.669073948908976e-17
		},
		"ed_1222":{
			"Re":1.4446370422630742e-16,
			"Im":-9.669073948908976e-17
		},
		"ed_1233":{
			"Re":1.4446370422630742e-16,
			"Im":-9.669073948908976e-17
		},
		"ed_1311":{
			"Re":8.695302128067589e-16,
			"Im":-5.41333475949401e-16
		},
		"ed_1322":{
			"Re":8.695302128067589e-16,
			"Im":-5.41333475949401e-16
		},
		"ed_1333":{
			"Re":8.695302128067589e-16,
			"Im":-5.41333475949401e-16
		},
		"ed_2211":2.1862872943047282e-12,
		"ed_2222":2.1862872943047282e-12,
		"ed_2233":2.1862872943047282e-12,
		"ed_2311":{
			"Re":3.716534526536486e-14,
			"Im":3.5682166743743597e-14
		},
		"ed_2322":{
			"Re":3.716534526536486e-14,
			"Im":3.5682166743743597e-14
		},
		"ed_2333":{
			"Re":3.716534526536486e-14,
			"Im":3.5682166743743597e-14
		},
		"ed_3311":8.39083976432349e-12,
		"ed_3322":8.39083976432349e-12,
		"ed_3333":8.39083976432349e-12,
		"ee_1111":-8.11996023886537e-11,
		"ee_1112":{
			"Re":5.731235009066266e-13,
			"Im":1.470366491642568e-12
		},
		"ee_1113":{
			"Re":-4.61457091104674e-12,
			"Im":-9.905235431433596e-12
		},
		"ee_1122":-2.487922777867682e-10,
		"ee_1123":{
			"Re":-4.202296551850062e-12,
			"Im":-3.8800274444815535e-12
		},
		"ee_1133":-9.214419966545682e-10,
		"ee_1212":{
			"Re":-2.993052059544048e-11,
			"Im":7.064150933820418e-11
		},
		"ee_1213":{
			"Re":-9.264513483384687e-11,
			"Im":1.410244104273629e-10
		},
		"ee_1222":{
			"Re":4.633700834119564e-13,
			"Im":4.745915353647003e-13
		},
		"ee_1223":{
			"Re":7.893654921963893e-13,
			"Im":1.2319384486224076e-12
		},
		"ee_1232":{
			"Re":-3.1318564635546245e-12,
			"Im":-3.4012571923040768e-12
		},
		"ee_1233":{
			"Re":-5.462143041626765e-12,
			"Im":-8.577819775559155e-12
		},
		"ee_1313":{
			"Re":1.8107391069364556e-10,
			"Im":-2.0129485029967043e-10
		},
		"ee_1323":{
			"Re":-1.0327072124311024e-12,
			"Im":-2.110312250398914e-12
		},
		"ee_1333":{
			"Re":6.375403270998556e-12,
			"Im":1.5056582988978105e-11
		},
		"ee_2222":-2.6520673772530467e-11,
		"ee_2223":{
			"Re":6.818592372076068e-11,
			"Im":1.0958402648610232e-11
		},
		"ee_2233":{
			"Re":-2.796618561879241e-10,
			"Im":5.915497231374252e-20
		},
		"ee_2323":{
			"Re":-1.0815271306399814e-10,
			"Im":-3.729222891343844e-11
		},
		"ee_2333":{
			"Re":-2.559125371820477e-10,
			"Im":-4.4740638664908926e-11
		},
		"ee_3333":{
			"Re":-4.052833928899484e-10,
			"Im":-2.328307033080418e-20
		},
		"ephi_11":-9.125206260305693e-18,
		"ephi_21":{
			"Re":-5.629657501265637e-20,
			"Im":-3.460159307911289e-20
		},
		"ephi_22":-9.192768974413797e-16,
		"ephi_23":{
			"Re":-1.4194811539219832e-17,
			"Im":-1.350089000291971e-17
		},
		"ephi_31":{
			"Re":-5.512772013228224e-18,
			"Im":-3.537581022631327e-18
		},
		"ephi_32":{
			"Re":-2.3984955725559874e-16,
			"Im":2.2809862939317984e-16
		},
		"ephi_33":-5.479462746657201e-14,
		"eu_1111":-9.472039464409457e-12,
		"eu_1122":-9.472039464409457e-12,
		"eu_1133":-9.472039464409457e-12,
		"eu_1211":{
			"Re":-2.8892740845261484e-16,
			"Im":1.9338147897817952e-16
		},
		"eu_1222":{
			"Re":-2.8892740845261484e-16,
			"Im":1.9338147897817952e-16
		},
		"eu_1233":{
			"Re":-2.8892740845261484e-16,
			"Im":1.9338147897817952e-16
		},
		"eu_1311":{
			"Re":-1.7390604256135179e-15,
			"Im":1.082666951898802e-15
		},
		"eu_1322":{
			"Re":-1.7390604256135179e-15,
			"Im":1.082666951898802e-15
		},
		"eu_1333":{
			"Re":-1.7390604256135179e-15,
			"Im":1.082666951898802e-15
		},
		"eu_2211":-4.3725745886094564e-12,
		"eu_2222":-4.3725745886094564e-12,
		"eu_2233":-4.3725745886094564e-12,
		"eu_2311":{
			"Re":-7.433069053072973e-14,
			"Im":-7.136433348748719e-14
		},
		"eu_2322":{
			"Re":-7.433069053072973e-14,
			"Im":-7.136433348748719e-14
		},
		"eu_2333":{
			"Re":-7.433069053072973e-14,
			"Im":-7.136433348748719e-14
		},
		"eu_3311":-1.678167952864698e-11,
		"eu_3322":-1.678167952864698e-11,
		"eu_3333":-1.678167952864698e-11,
		"phi":-5.610611342523199e-17,
		"phiB":8.87017819124156e-14,
		"phiBox":-9.285221605192918e-14,
		"phid_11":1.1786945552557267e-13,
		"phid_22":1.1786945552557267e-13,
		"phid_33":1.1786945552557267e-13,
		"phiD":-3.53608366576718e-13,
		"phie_11":-7.104029598307093e-12,
		"phie_12":{
			"Re":-2.166955563394706e-16,
			"Im":1.4503610923362202e-16
		},
		"phie_13":{
			"Re":-1.3042953192101147e-15,
			"Im":8.120002139241094e-16
		},
		"phie_22":-3.2794309414570923e-12,
		"phie_23":{
			"Re":-5.57480178980481e-14,
			"Im":-5.3523250115615496e-14
		},
		"phie_33":-1.2586259646485232e-11,
		"phil1_11":1.7680418269789154e-13,
		"phil1_22":1.7679187969486046e-13,
		"phil1_23":{
			"Re":-3.3012650467241263e-18,
			"Im":-3.0646207940912203e-18
		},
		"phil1_33":1.6442421058380875e-13,
		"phil3_22":-1.2303593498555264e-17,
		"phil3_23":{
			"Re":-3.3012650467241263e-18,
			"Im":-3.0646207940912203e-18
		},
		"phil3_33":-1.2379972704550267e-14,
		"phiq1_11":-5.893472776278633e-14,
		"phiq1_22":-5.893472776278633e-14,
		"phiq1_33":-5.893472776278633e-14,
		"phiu_11":-2.3573891105114534e-13,
		"phiu_22":-2.3573891105114534e-13,
		"phiu_33":-2.3573891105114534e-13,
		"ld_1111":-1.1786945552557267e-13,
		"ld_1122":-1.1786945552557267e-13,
		"ld_1133":-1.1786945552557267e-13,
		"ld_2211":-1.1786945552557267e-13,
		"ld_2222":-1.1786945552557267e-13,
		"ld_2233":-1.1786945552557267e-13,
		"ld_3311":-1.1786945552557267e-13,
		"ld_3322":-1.1786945552557267e-13,
		"ld_3333":-1.1786945552557267e-13,
		"le_1111":7.104029598307093e-12,
		"le_1112":{
			"Re":2.166955563394706e-16,
			"Im":-1.4503610923362202e-16
		},
		"le_1113":{
			"Re":1.3042953192101147e-15,
			"Im":-8.120002139241094e-16
		},
		"le_1122":3.2794309414570923e-12,
		"le_1123":{
			"Re":5.57480178980481e-14,
			"Im":5.3523250115615496e-14
		},
		"le_1133":1.2586259646485232e-11,
		"le_2211":7.104029598307093e-12,
		"le_2212":{
			"Re":2.166955563394706e-16,
			"Im":-1.4503610923362202e-16
		},
		"le_2213":{
			"Re":1.3042953192101147e-15,
			"Im":-8.120002139241094e-16
		},
		"le_2222":3.2794309414570923e-12,
		"le_2223":{
			"Re":5.57480178980481e-14,
			"Im":5.3523250115615496e-14
		},
		"le_2233":1.2586259646485232e-11,
		"le_3311":7.104029598307093e-12,
		"le_3312":{
			"Re":2.166955563394706e-16,
			"Im":-1.4503610923362202e-16
		},
		"le_3313":{
			"Re":1.3042953192101147e-15,
			"Im":-8.120002139241094e-16
		},
		"le_3322":3.2794309414570923e-12,
		"le_3323":{
			"Re":5.57480178980481e-14,
			"Im":5.3523250115615496e-14
		},
		"le_3333":1.2586259646485232e-11,
		"ll_1111":-8.84020916441795e-14,
		"ll_1122":-1.76804183288359e-13,
		"ll_1133":-1.76804183288359e-13,
		"ll_2222":-8.84020916441795e-14,
		"ll_2233":-1.76804183288359e-13,
		"ll_3333":-8.84020916441795e-14,
		"lq1_1111":5.893472776278633e-14,
		"lq1_1122":5.893472776278633e-14,
		"lq1_1133":5.893472776278633e-14,
		"lq1_2211":5.893472776278633e-14,
		"lq1_2222":5.893472776278633e-14,
		"lq1_2233":5.893472776278633e-14,
		"lq1_3311":5.893472776278633e-14,
		"lq1_3322":5.893472776278633e-14,
		"lq1_3333":5.893472776278633e-14,
		"lu_1111":2.3573891105114534e-13,
		"lu_1122":2.3573891105114534e-13,