{
	"eft":"SMEFT",
	"basis":"Warsaw",
	"scale":1000,
	"values":{
		"dd_1111":-1.0334597421741191e-12,
		"dd_1122":-2.0669194843482383e-12,
		"dd_1133":-2.0669194843482383e-12,
		"dd_2222":-1.0334597421741191e-12,
		"dd_2233":-2.0669194843482383e-12,
		"dd_3333":-1.0334597421741191e-12,
		"eB_11":5.03085328871096e-17,
		"eB_12":{
			"Re":-4.985760425972056e-18,
			"Im":-7.407978518578757e-18
		},
		"eB_13":{
			"Re":3.221997163548453e-19,
			"Im":7.932838249048087e-20
		},
		"eB_21":{
			"Re":-1.030910854419192e-15,
			"Im":1.5317554017084754e-15
		},
		"eB_22":2.445806091705442e-13,
		"eB_23":{
			"Re":-3.7758092226109426e-16,
			"Im":8.800630765331948e-17
		},
		"eB_31":{
			"Re":1.1204038003569893e-15,
			"Im":-2.75853195105288e-16
		},
		"eB_32":{
			"Re":-6.349941966623173e-15,
			"Im":-1.4800402068750003e-15
		},
		"eB_33":1.885146451533587e-12,
		"ed_1111":-2.8889441125356964e-12,
		"ed_1122":-2.8889441125356964e-12,
		"ed_1133":-2.8889441125356964e-12,
		"ed_1211":{
			"Re":-3.2907064886095574e-13,
			"Im":-4.889431930096017e-13
		},
		"ed_1222":{
			"Re":-3.2907064886095574e-13,
			"Im":-4.889431930096017e-13
		},
		"ed_1233":{
			"Re":-3.2907064886095574e-13,
			"Im":-4.889431930096017e-13
		},
		"ed_1311":{
			"Re":2.134060647850286e-14,
			"Im":5.0478203388362085e-15
		},
		"ed_1322":{
			"Re":2.134060647850286e-14,
			"Im":5.0478203388362085e-15
		},
		"ed_1333":{
			"Re":2.134060647850286e-14,
			"Im":5.0478203388362085e-15
		},
		"ed_2211":7.186173009991804e-11,
		"ed_2222":7.186173009991804e-11,
		"ed_2233":7.186173009991804e-11,
		"ed_2311":{
			"Re":-1.206290630094594e-13,
			"Im":2.811387410780163e-14
		},
		"ed_2322":{
			"Re":-1.206290630094594e-13,
			"Im":2.811387410780163e-14
		},
		"ed_2333":{
			"Re":-1.206290630094594e-13,
			"Im":2.811387410780163e-14
		},
		"ed_3311":2.9525629275273705e-11,
		"ed_3322":2.9525629275273705e-11,
		"ed_3333":2.9525629275273705e-11,
		"ee_1111":-1.7373368322362193e-12,
		"ee_1112":{
			"Re":8.286030236361792e-13,
			"Im":5.420534944589595e-13
		},
		"ee_1113":{
			"Re":-2.78027979640012e-13,
			"Im":5.482804429159251e-13
		},
		"ee_1122":-7.13803896319686e-12,
		"ee_1123":{
			"Re":3.32828709393844e-14,
			"Im":2.3045753736328417e-13
		},
		"ee_1133":-7.935403819427264e-12,
		"ee_1212":{
			"Re":-1.560321038017691e-12,
			"Im":-6.12026970641283e-11
		},
		"ee_1213":{
			"Re":1.2150741710061925e-13,
			"Im":4.5056204417588106e-13
		},
		"ee_1222":{
			"Re":8.493563630079121e-12,
			"Im":1.3374158138844755e-11
		},
		"ee_1223":{
			"Re":-1.3465260628855068e-12,
			"Im":-2.7316162319013366e-13
		},
		"ee_1232":{
			"Re":-1.286972585465399e-11,
			"Im":6.8970957636520325e-12
		},
		"ee_1233":{
			"Re":9.67298925143982e-12,
			"Im":1.417716819418512e-11
		},
		"ee_1313":{
			"Re":1.4322314673391072e-11,
			"Im":2.3909736734827022e-11
		},
		"ee_1323":{
			"Re":9.77624650295629e-12,
			"Im":4.691101882358297e-12
		},
		"ee_1333":{
			"Re":2.9273192676422285e-12,
			"Im":-5.7944479004875355e-12
		},
		"ee_2222":-1.0637671722827014e-9,
		"ee_2223":{
			"Re":-2.4128223594913377e-12,
			"Im":6.242549201426593e-13
		},
		"ee_2233":-2.186395102320784e-9,
		"ee_2323":{
			"Re":-5.76680704701096e-10,
			"Im":3.249893541249918e-10
		},
		"ee_2333":{
			"Re":8.255482919657258e-12,
			"Im":-2.175429281094443e-12
		},
		"ee_3333":-1.7468962905592377e-10,
		"ephi_11":7.970148745970444e-17,
		"ephi_12":{
			"Re":-7.913383406360936e-18,
			"Im":-1.1757938669430319e-17
		},
		"ephi_13":{
			"Re":5.128609848197893e-19,
			"Im":1.2274185741821676e-19
		},
		"ephi_21":{
			"Re":-1.636256352339007e-15,
			"Im":2.431197990841974e-15
		},
		"ephi_22":3.881672926148887e-13,
		"ephi_23":{
			"Re":-5.998833266236134e-16,
			"Im":1.3981238953355802e-16
		},
		"ephi_31":{
			"Re":1.7827428260072777e-15,
			"Im":-4.266552700472364e-16
		},
		"ephi_32":{
			"Re":-1.0084779020998759e-14,
			"Im":-2.3504187572279103e-15
		},
		"ephi_33":2.9899513523857623e-12,
		"eu_1111":5.777888225071393e-12,
		"eu_1122":5.777888225071393e-12,
		"eu_1133":5.777888225071393e-12,
		"eu_1211":{
			"Re":6.581412977219115e-13,
			"Im":9.778863860192034e-13
		},
		"eu_1222":{
			"Re":6.581412977219115e-13,
			"Im":9.778863860192034e-13
		},
		"eu_1233":{
			"Re":6.581412977219115e-13,
			"Im":9.778863860192034e-13
		},
		"eu_1311":{
			"Re":-4.268121295700572e-14,
			"Im":-1.0095640677672417e-14
		},
		"eu_1322":{
			"Re":-4.268121295700572e-14,
			"Im":-1.0095640677672417e-14
		},
		"eu_1333":{
			"Re":-4.268121295700572e-14,
			"Im":-1.0095640677672417e-14
		},
		"eu_2211":-1.4372346019983609e-10,
		"eu_2222":-1.4372346019983609e-10,
		"eu_2233":-1.4372346019983609e-10,
		"eu_2311":{
			"Re":2.412581260189188e-13,
			"Im":-5.622774821560326e-14
		},
		"eu_2322":{
			"Re":2.412581260189188e-13,
			"Im":-5.622774821560326e-14
		},
		"eu_2333":{
			"Re":2.412581260189188e-13,
			"Im":-5.622774821560326e-14
		},
		"eu_3311":-5.905125855054741e-11,
		"eu_3322":-5.905125855054741e-11,
		"eu_3333":-5.905125855054741e-11,
		"phi":3.1682097995604393e-12,
		"phiB":-3.009834533942024e-11,
		"phiBox":-2.180484538072181e-11,
		"phid_11":3.1003792265223574e-12,
		"phid_22":3.1003792265223574e-12,
		"phid_33":3.1003792265223574e-12,
		"phiD":-9.301137679567072e-12,
		"phie_11":4.333416168803542e-12,
		"phie_12":{
			"Re":4.936059732914334e-13,
			"Im":7.334147895144023e-13
		},
		"phie_13":{
			"Re":-3.201090971775431e-14,
			"Im":-7.571730508254338e-15
		},
		"phie_22":-1.0779259514987701e-10,
		"phie_23":{
			"Re":1.8094359451418888e-13,
			"Im":-4.217081116170239e-14
		},
		"phie_33":-4.428844391291058e-11,
		"phil1_11":4.650568839366983e-12,
		"phil1_12":{
			"Re":0.0,
			"Im":1.2682898339478807e-20
		},
		"phil1_22":4.650150103282864e-12,
		"phil1_23":{
			"Re":1.087147704630807e-17,
			"Im":-2.533916565100706e-18
		},
		"phil1_33":4.596290868709021e-12,
		"phil3_12":{
			"Re":0.0,
			"Im":1.2682898339478807e-20
		},
		"phil3_22":-4.187365006712973e-16,
		"phil3_23":{
			"Re":1.087147704630807e-17,
			"Im":-2.533916565100706e-18
		},
		"phil3_33":-5.427797107451513e-14,
		"phiq1_11":-1.5501896132611787e-12,
		"phiq1_22":-1.5501896132611787e-12,
		"phiq1_33":-1.5501896132611787e-12,
		"phiu_11":-6.200758453044715e-12,
		"phiu_22":-6.200758453044715e-12,
		"phiu_33":-6.200758453044715e-12,
		"ld_1111":-3.1003792265223574e-12,
		"ld_1122":-3.1003792265223574e-12,
		"ld_1133":-3.1003792265223574e-12,
		"ld_2211":-3.1003792265223574e-12,
		"ld_2222":-3.1003792265223574e-12,
		"ld_2233":-3.1003792265223574e-12,
		"ld_3311":-3.1003792265223574e-12,
		"ld_3322":-3.1003792265223574e-12,
		"ld_3333":-3.1003792265223574e-12,
		"le_1111":-4.333416168803542e-12,
		"le_1112":{
			"Re":-4.936059732914334e-13,
			"Im":-7.334147895144023e-13
		},
		"le_1113":{
			"Re":3.201090971775431e-14,
			"Im":7.571730508254338e-15
		},
		"le_1122":1.0779259514987701e-10,
		"le_1123":{
			"Re":-1.8094359451418888e-13,
			"Im":4.217081116170239e-14
		},
		"le_1133":4.428844391291058e-11,
		"le_2211":-4.333416168803542e-12,
		"le_2212":{
			"Re":-4.936059732914334e-13,
			"Im":-7.334147895144023e-13
		},
		"le_2213":{
			"Re":3.201090971775431e-14,
			"Im":7.571730508254338e-15
		},
		"le_2222":1.0779259514987701e-10,
		"le_2223":{
			"Re":-1.8094359451418888e-13,
			"Im":4.217081116170239e-14
		},
		"le_2233":4.428844391291058e-11,
		"le_3311":-4.333416168803542e-12,
		"le_3312":{
			"Re":-4.936059732914334e-13,
			"Im":-7.334147895144023e-13
		},
		"le_3313":{
			"Re":3.201090971775431e-14,
			"Im":7.571730508254338e-15
		},
		"le_3322":1.0779259514987701e-10,
		"le_3323":{
			"Re":-1.8094359451418888e-13,
			"Im":4.217081116170239e-14
		},
		"le_3333":4.428844391291058e-11,
		"ll_1111":-2.325284419891768e-12,
		"ll_1122":-4.650568839783536e-12,
		"ll_1133":-4.650568839783536e-12,
		"ll_2222":-2.325284419891768e-12,
		"ll_2233":-4.650568839783536e-12,
		"ll_3333":-2.325284419891768e-12,
		"lq1_1111":1.5501896132611787e-12,
		"lq1_1122":1.5501896132611787e-12,