{
	"eft":"SMEFT",
	"basis":"Warsaw",
	"scale":1000,
	"values":{
		"dd_1111":-3.6023266097883903e-13,
		"dd_1122":-7.204653219576781e-13,
		"dd_1133":-7.204653219576781e-13,
		"dd_2222":-3.6023266097883903e-13,
		"dd_2233":-7.204653219576781e-13,
		"dd_3333":-3.6023266097883903e-13,
		"eB_11":9.941766487955365e-16,
		"eB_12":{
			"Re":-4.968271355828742e-20,
			"Im":2.76251873819716e-19
		},
		"eB_13":{
			"Re":-9.254226300993594e-17,
			"Im":-2.0035869334998784e-16
		},
		"eB_21":{
			"Re":-1.0272946212463106e-17,
			"Im":-5.712088647317254e-17
		},
		"eB_22":3.627861689407155e-15,
		"eB_23":{
			"Re":-1.7810264939608773e-17,
			"Im":1.3983899485645284e-17
		},
		"eB_31":{
			"Re":-3.218025898439246e-13,
			"Im":6.967189294997925e-13
		},
		"eB_32":{
			"Re":-2.9952294225950254e-16,
			"Im":-2.3517329654578545e-16
		},
		"eB_33":4.265850717605057e-13,
		"ed_1111":6.94772860773321e-11,
		"ed_1122":6.94772860773321e-11,
		"ed_1133":6.94772860773321e-11,
		"ed_1211":{
			"Re":-4.152692956847227e-15,
			"Im":1.8418560838484216e-14
		},
		"ed_1222":{
			"Re":-4.152692956847227e-15,
			"Im":1.8418560838484216e-14
		},
		"ed_1233":{
			"Re":-4.152692956847227e-15,
			"Im":1.8418560838484216e-14
		},
		"ed_1311":{
			"Re":-5.687763592914271e-12,
			"Im":-1.3564226756487124e-11
		},
		"ed_1322":{
			"Re":-5.687763592914271e-12,
			"Im":-1.3564226756487124e-11
		},
		"ed_1333":{
			"Re":-5.687763592914271e-12,
			"Im":-1.3564226756487124e-11
		},
		"ed_2211":-2.879539649364985e-13,
		"ed_2222":-2.879539649364985e-13,
		"ed_2233":-2.879539649364985e-13,
		"ed_2311":{
			"Re":-6.464957986890729e-15,
			"Im":5.509795760906211e-15
		},
		"ed_2322":{
			"Re":-6.464957986890729e-15,
			"Im":5.509795760906211e-15
		},
		"ed_2333":{
			"Re":-6.464957986890729e-15,
			"Im":5.509795760906211e-15
		},
		"ed_3311":8.32253074339999e-12,
		"ed_3322":8.32253074339999e-12,
		"ed_3333":8.32253074339999e-12,
		"ee_1111":-2.1893390292532034e-9,
		"ee_1112":{
			"Re":1.217391257396849e-12,
			"Im":-3.3273963457726327e-13
		},
		"ee_1113":{
			"Re":-5.549203830456838e-10,
			"Im":4.740108045782476e-10
		},
		"ee_1122":-6.619105391274608e-11,
		"ee_1123":{
			"Re":-4.6592717991936084e-14,
			"Im":-3.5294671043255586e-13
		},
		"ee_1133":-3.7945517161360236e-10,
		"ee_1212":{
			"Re":1.3516267957222902e-10,
			"Im":-4.3312300792100064e-11
		},
		"ee_1213":{
			"Re":1.1392101136946334e-12,
			"Im":6.005003597549356e-13
		},
		"ee_1222":{
			"Re":-4.626288906098536e-15,
			"Im":-1.318942735265185e-13
		},
		"ee_1223":{
			"Re":5.173066980505062e-12,
			"Im":1.2355491439877159e-11
		},
		"ee_1232":{
			"Re":-3.968292406427975e-11,
			"Im":8.83721316083589e-11
		},
		"ee_1233":{
			"Re":-8.794507227325708e-13,
			"Im":4.109537811317012e-14
		},
		"ee_1313":{
			"Re":-2.3839508413322566e-10,
			"Im":-2.8867207434439033e-10
		},
		"ee_1323":{
			"Re":-4.108982423859194e-13,
			"Im":1.7216531759763642e-13
		},
		"ee_1333":{
			"Re":3.546400623698289e-10,
			"Im":1.1326047611982016e-10
		},
		"ee_2222":5.261078475325529e-12,
		"ee_2223":{
			"Re":7.464892794327881e-14,
			"Im":4.040714627460185e-14
		},
		"ee_2233":-1.0447874348692241e-11,
		"ee_2323":{
			"Re":-1.5765697192335592e-11,
			"Im":-1.0787262875879314e-11
		},
		"ee_2333":{
			"Re":-1.1538667897525456e-13,
			"Im":-1.0950760315333074e-13
		},
		"ee_3333":-3.232607622398111e-11,
		"ephi_11":-5.649639321135952e-16,
		"ephi_12":{
			"Re":3.1523715603689764e-20,
			"Im":-1.484375652305117e-19
		},
		"ephi_13":{
			"Re":4.689982013749332e-17,
			"Im":1.0872274066222924e-16
		},
		"ephi_21":{
			"Re":6.518212718190978e-18,
			"Im":3.069270801559283e-17
		},
		"ephi_22":-2.785367511538182e-15,
		"ephi_23":{
			"Re":1.0417405993603273e-17,
			"Im":-8.694704345286326e-18
		},
		"ephi_31":{
			"Re":1.6327660053443362e-13,
			"Im":-3.7847738145385647e-13
		},
		"ephi_32":{
			"Re":1.753694436862247e-16,
			"Im":1.4636033774936614e-16
		},
		"ephi_33":-2.7501886075296473e-13,
		"eu_1111":-1.389545721546642e-10,
		"eu_1122":-1.389545721546642e-10,
		"eu_1133":-1.389545721546642e-10,
		"eu_1211":{
			"Re":8.305385913694454e-15,
			"Im":-3.683712167696843e-14
		},
		"eu_1222":{
			"Re":8.305385913694454e-15,
			"Im":-3.683712167696843e-14
		},
		"eu_1233":{
			"Re":8.305385913694454e-15,
			"Im":-3.683712167696843e-14
		},
		"eu_1311":{
			"Re":1.1375527185828542e-11,
			"Im":2.7128453512974247e-11
		},
		"eu_1322":{
			"Re":1.1375527185828542e-11,
			"Im":2.7128453512974247e-11
		},
		"eu_1333":{
			"Re":1.1375527185828542e-11,
			"Im":2.7128453512974247e-11
		},
		"eu_2211":5.75907929872997e-13,
		"eu_2222":5.75907929872997e-13,
		"eu_2233":5.75907929872997e-13,
		"eu_2311":{
			"Re":1.2929915973781458e-14,
			"Im":-1.1019591521812422e-14
		},
		"eu_2322":{
			"Re":1.2929915973781458e-14,
			"Im":-1.1019591521812422e-14
		},
		"eu_2333":{
			"Re":1.2929915973781458e-14,
			"Im":-1.1019591521812422e-14
		},
		"eu_3311":-1.664506148679998e-11,
		"eu_3322":-1.664506148679998e-11,
		"eu_3333":-1.664506148679998e-11,
		"phi":-4.193255175356082e-14,
		"phiB":3.5262634483385414e-12,
		"phiBox":-1.5775915674876118e-12,
		"phid_11":1.0806979829365171e-12,
		"phid_22":1.0806979829365171e-12,
		"phid_33":1.0806979829365171e-12,
		"phiD":-3.2420939488095512e-12,
		"phie_11":-1.0421592911599813e-10,
		"phie_12":{
			"Re":6.229039435270839e-15,
			"Im":-2.762784125772632e-14
		},
		"phie_13":{
			"Re":8.531645389371406e-12,
			"Im":2.0346340134730684e-11
		},
		"phie_22":4.3193094740474633e-13,
		"phie_23":{
			"Re":9.69743698033609e-15,
			"Im":-8.264693641359316e-15
		},
		"phie_33":-1.2483796115099983e-11,
		"phil1_11":1.6210469661730167e-12,
		"phil1_13":{
			"Re":2.664517799525447e-18,
			"Im":5.7688161857829735e-18
		},
		"phil1_22":1.621040763290518e-12,
		"phil1_23":{
			"Re":5.128010316838311e-19,
			"Im":-4.026306238294184e-19
		},
		"phil1_33":1.6087645481948648e-12,
		"phil3_13":{
			"Re":2.664517799525447e-18,
			"Im":5.7688161857829735e-18
		},
		"phil3_22":-6.211114257559738e-18,
		"phil3_23":{
			"Re":5.128010316838311e-19,
			"Im":-4.026306238294184e-19
		},
		"phil3_33":-1.2282426209910932e-14,
		"phiq1_11":-5.403489914682586e-13,
		"phiq1_22":-5.403489914682586e-13,
		"phiq1_33":-5.403489914682586e-13,
		"phiu_11":-2.1613959658730343e-12,
		"phiu_22":-2.1613959658730343e-12,
		"phiu_33":-2.1613959658730343e-12,
		"ld_1111":-1.0806979829365171e-12,
		"ld_1122":-1.0806979829365171e-12,
		"ld_1133":-1.0806979829365171e-12,
		"ld_2211":-1.0806979829365171e-12,
		"ld_2222":-1.0806979829365171e-12,
		"ld_2233":-1.0806979829365171e-12,
		"ld_3311":-1.0806979829365171e-12,
		"ld_3322":-1.0806979829365171e-12,
		"ld_3333":-1.0806979829365171e-12,
		"le_1111":1.0421592911599813e-10,
		"le_1112":{
			"Re":-6.229039435270839e-15,
			"Im":2.762784125772632e-14
		},
		"le_1113":{
			"Re":-8.531645389371406e-12,
			"Im":-2.0346340134730684e-11
		},
		"le_1122":-4.3193094740474633e-13,
		"le_1123":{
			"Re":-9.69743698033609e-15,
			"Im":8.264693641359316e-15
		},
		"le_1133":1.2483796115099983e-11,
		"le_2211":1.0421592911599813e-10,
		"le_2212":{
			"Re":-6.229039435270839e-15,
			"Im":2.762784125772632e-14
		},
		"le_2213":{
			"Re":-8.531645389371406e-12,
			"Im":-2.0346340134730684e-11
		},
		"le_2222":-4.3193094740474633e-13,
		"le_2223":{
			"Re":-9.69743698033609e-15,
			"Im":8.264693641359316e-15
		},
		"le_2233":1.2483796115099983e-11,
		"le_3311":1.0421592911599813e-10,
		"le_3312":{
			"Re":-6.229039435270839e-15,
			"Im":2.762784125772632e-14
		},
		"le_3313":{
			"Re":-8.531645389371406e-12,
			"Im":-2.0346340134730684e-11
		},
		"le_3322":-4.3193094740474633e-13,
		"le_3323":{
			"Re":-9.69743698033609e-15,
			"Im":8.264693641359316e-15
		},
		"le_3333":1.2483796115099983e-11,
		"ll_1111":-8.105234872023878e-13,
		"ll_1122":-1.6210469744047756e-12,
		"ll_1133":-1.6210469744047756e-12,
		"ll_2222":-8.105234872023878e-13,
		"ll_2233":-1.6210469744047756e-12,
		"ll_3333":-8.105234872023878e-13,
		"lq1_1111":5.403489914682586e-13,