{
	"eft":"SMEFT",
	"basis":"Warsaw",
	"scale":1000,
	"values":{
		"dd_1111":-1.8841471210938584e-13,
		"dd_1122":-3.768294242187717e-13,
		"dd_1133":-3.768294242187717e-13,
		"dd_2222":-1.8841471210938584e-13,
		"dd_2233":-3.768294242187717e-13,
		"dd_3333":-1.8841471210938584e-13,
		"eB_11":1.6446381403463121e-16,
		"eB_12":{
			"Re":1.0059035664087941e-18,
			"Im":2.9183449848462e-18
		},
		"eB_13":{
			"Re":8.104795961112025e-20,
			"Im":-7.190100880070644e-18
		},
		"eB_21":{
			"Re":2.0799172373141558e-16,
			"Im":-6.034292193715267e-16
		},
		"eB_22":5.909434598489955e-14,
		"eB_23":{
			"Re":5.755407130300049e-15,
			"Im":2.06637683186445e-15
		},
		"eB_31":{
			"Re":2.8183278057101497e-16,
			"Im":2.5002555688500962e-14
		},
		"eB_32":{
			"Re":9.67911753931861e-14,
			"Im":-3.475115449408374e-14
		},
		"eB_33":7.984318936424992e-13,
		"ed_1111":1.1890465856335332e-11,
		"ed_1122":1.1890465856335332e-11,
		"ed_1133":1.1890465856335332e-11,
		"ed_1211":{
			"Re":9.794638869206333e-14,
			"Im":2.8471170937299726e-13
		},
		"ed_1222":{
			"Re":9.794638869206333e-14,
			"Im":2.8471170937299726e-13
		},
		"ed_1233":{
			"Re":9.794638869206333e-14,
			"Im":2.8471170937299726e-13
		},
		"ed_1311":{
			"Re":7.95966616563717e-15,
			"Im":-7.013912631303761e-13
		},
		"ed_1322":{
			"Re":7.95966616563717e-15,
			"Im":-7.013912631303761e-13
		},
		"ed_1333":{
			"Re":7.95966616563717e-15,
			"Im":-7.013912631303761e-13
		},
		"ed_2211":2.5364169877025385e-11,
		"ed_2222":2.5364169877025385e-11,
		"ed_2233":2.5364169877025385e-11,
		"ed_2311":{
			"Re":3.3774124214475045e-12,
			"Im":1.2128850372702908e-12
		},
		"ed_2322":{
			"Re":3.3774124214475045e-12,
			"Im":1.2128850372702908e-12
		},
		"ed_2333":{
			"Re":3.3774124214475045e-12,
			"Im":1.2128850372702908e-12
		},
		"ed_3311":1.8546820333452134e-11,
		"ed_3322":1.8546820333452134e-11,
		"ed_3333":1.8546820333452134e-11,
		"ee_1111":8.094595292048476e-12,
		"ee_1112":{
			"Re":4.0696360385816584e-11,
			"Im":-4.9058576561603855e-11
		},
		"ee_1113":{
			"Re":-1.2740028918539245e-10,
			"Im":7.544711992743581e-11
		},
		"ee_1122":-1.2949074515109151e-9,
		"ee_1123":{
			"Re":-1.8147062272809376e-10,
			"Im":-6.515974469361569e-11
		},
		"ee_1133":-9.287793772686266e-10,
		"ee_1212":{
			"Re":-5.315206598378369e-10,
			"Im":5.290708942119052e-10
		},
		"ee_1213":{
			"Re":-5.614683088107775e-10,
			"Im":-1.5125319354040691e-10
		},
		"ee_1222":{
			"Re":-1.3898730067579784e-10,
			"Im":-1.1701367571879347e-11
		},
		"ee_1223":{
			"Re":-6.262037369706487e-11,
			"Im":-1.069099606035894e-11
		},
		"ee_1232":{
			"Re":2.651040263730208e-10,
			"Im":-1.4321938682461787e-10
		},
		"ee_1233":{
			"Re":1.9294975603770605e-10,
			"Im":1.1182403007809421e-10
		},
		"ee_1313":{
			"Re":-2.9349314384481807e-10,
			"Im":3.8524108044339544e-10
		},
		"ee_1323":{
			"Re":-8.424456390468215e-11,
			"Im":3.1480173212583104e-11
		},
		"ee_1333":{
			"Re":1.5862055799749606e-10,
			"Im":-5.811115366624922e-11
		},
		"ee_2222":3.955293962386177e-10,
		"ee_2223":{
			"Re":3.439567725166064e-10,
			"Im":1.0290464060018513e-9
		},
		"ee_2233":-9.994534668561802e-10,
		"ee_2323":{
			"Re":1.0756279223307588e-9,
			"Im":-1.6141676634272624e-10
		},
		"ee_2333":{
			"Re":8.12440952874801e-11,
			"Im":-8.761242840342611e-10
		},
		"ee_3333":-3.3434166539500775e-11,
		"ephi_11":-2.0942555564494417e-16,
		"ephi_12":{
			"Re":-1.500798142142752e-18,
			"Im":-4.360723499656314e-18
		},
		"ephi_13":{
			"Re":-1.2169090020228994e-19,
			"Im":1.073872352789925e-17
		},
		"ephi_21":{
			"Re":-3.1032202065449454e-16,
			"Im":9.016725748022192e-16
		},
		"ephi_22":-8.485555002596969e-14,
		"ephi_23":{
			"Re":-1.0240531733671597e-14,
			"Im":-3.6773891640977495e-15
		},
		"ephi_31":{
			"Re":-4.233284791107282e-16,
			"Im":-3.7357081995649034e-14
		},
		"ephi_32":{
			"Re":-1.7227614420867147e-13,
			"Im":6.186459866479915e-14
		},
		"ephi_33":-1.0788404463047812e-12,
		"eu_1111":-2.3780931712670664e-11,
		"eu_1122":-2.3780931712670664e-11,
		"eu_1133":-2.3780931712670664e-11,
		"eu_1211":{
			"Re":-1.9589277738412665e-13,
			"Im":-5.694234187459945e-13
		},
		"eu_1222":{
			"Re":-1.9589277738412665e-13,
			"Im":-5.694234187459945e-13
		},
		"eu_1233":{
			"Re":-1.9589277738412665e-13,
			"Im":-5.694234187459945e-13
		},
		"eu_1311":{
			"Re":-1.591933233127434e-14,
			"Im":1.4027825262607521e-12
		},
		"eu_1322":{
			"Re":-1.591933233127434e-14,
			"Im":1.4027825262607521e-12
		},
		"eu_1333":{
			"Re":-1.591933233127434e-14,
			"Im":1.4027825262607521e-12
		},
		"eu_2211":-5.072833975405077e-11,
		"eu_2222":-5.072833975405077e-11,
		"eu_2233":-5.072833975405077e-11,
		"eu_2311":{
			"Re":-6.754824842895009e-12,
			"Im":-2.4257700745405817e-12
		},
		"eu_2322":{
			"Re":-6.754824842895009e-12,
			"Im":-2.4257700745405817e-12
		},
		"eu_2333":{
			"Re":-6.754824842895009e-12,
			"Im":-2.4257700745405817e-12
		},
		"eu_3311":-3.709364066690427e-11,
		"eu_3322":-3.709364066690427e-11,
		"eu_3333":-3.709364066690427e-11,
		"phi":-2.0034925080339765e-13,
		"phiB":3.855505992198016e-12,
		"phiBox":-2.177149161232336e-12,
		"phid_11":5.652441363281575e-13,
		"phid_22":5.652441363281575e-13,
		"phid_33":5.652441363281575e-13,
		"phiD":-1.6957324089844724e-12,
		"phie_11":-1.7835698784502996e-11,
		"phie_12":{
			"Re":-1.469195830380949e-13,
			"Im":-4.270675640594959e-13
		},
		"phie_13":{
			"Re":-1.1939499248455762e-14,
			"Im":1.0520868946955634e-12
		},
		"phie_22":-3.804625481553811e-11,
		"phie_23":{
			"Re":-5.0661186321712684e-12,
			"Im":-1.8193275559054398e-12
		},
		"phie_33":-2.7820230500178207e-11,
		"phil1_11":8.478662031304797e-13,
		"phil1_13":{
			"Re":0.0,
			"Im":2.0702056716805141e-19
		},
		"phil1_22":8.477650314690309e-13,
		"phil1_23":{
			"Re":-1.6571222967125428e-16,
			"Im":-5.949603640488747e-17
		},
		"phil1_33":8.248773999922767e-13,
		"phil3_13":{
			"Re":0.0,
			"Im":2.0702056716805141e-19
		},
		"phil3_22":-1.011730232052913e-16,
		"phil3_23":{
			"Re":-1.6571222967125428e-16,
			"Im":-5.949603640488747e-17
		},
		"phil3_33":-2.2988804499959474e-14,
		"phiq1_11":-2.8262206816407874e-13,
		"phiq1_22":-2.8262206816407874e-13,
		"phiq1_33":-2.8262206816407874e-13,
		"phiu_11":-1.130488272656315e-12,
		"phiu_22":-1.130488272656315e-12,
		"phiu_33":-1.130488272656315e-12,
		"ld_1111":-5.652441363281575e-13,
		"ld_1122":-5.652441363281575e-13,
		"ld_1133":-5.652441363281575e-13,
		"ld_2211":-5.652441363281575e-13,
		"ld_2222":-5.652441363281575e-13,
		"ld_2233":-5.652441363281575e-13,
		"ld_3311":-5.652441363281575e-13,
		"ld_3322":-5.652441363281575e-13,
		"ld_3333":-5.652441363281575e-13,
		"le_1111":1.7835698784502996e-11,
		"le_1112":{
			"Re":1.469195830380949e-13,
			"Im":4.270675640594959e-13
		},
		"le_1113":{
			"Re":1.1939499248455762e-14,
			"Im":-1.0520868946955634e-12
		},
		"le_1122":3.804625481553811e-11,
		"le_1123":{
			"Re":5.0661186321712684e-12,
			"Im":1.8193275559054398e-12
		},
		"le_1133":2.7820230500178207e-11,
		"le_2211":1.7835698784502996e-11,
		"le_2212":{
			"Re":1.469195830380949e-13,
			"Im":4.270675640594959e-13
		},
		"le_2213":{
			"Re":1.1939499248455762e-14,
			"Im":-1.0520868946955634e-12
		},
		"le_2222":3.804625481553811e-11,
		"le_2223":{
			"Re":5.0661186321712684e-12,
			"Im":1.8193275559054398e-12
		},
		"le_2233":2.7820230500178207e-11,
		"le_3311":1.7835698784502996e-11,
		"le_3312":{
			"Re":1.469195830380949e-13,
			"Im":4.270675640594959e-13
		},
		"le_3313":{
			"Re":1.1939499248455762e-14,
			"Im":-1.0520868946955634e-12
		},
		"le_3322":3.804625481553811e-11,
		"le_3323":{
			"Re":5.0661186321712684e-12,
			"Im":1.8193275559054398e-12
		},
		"le_3333":2.7820230500178207e-11,
		"ll_1111":-4.239331022461181e-13,
		"ll_1122":-8.478662044922362e-13,
		"ll_1133":-8.478662044922362e-13,
		"ll_2222":-4.239331022461181e-13,
		"ll_2233":-8.478662044922362e-13,
		"ll_3333":-4.239331022461181e-13,
		"lq1_1111":2.8262206816407874e-13,
		"lq1_1122":2.8262206816407874e-13,