{
	"eft":"SMEFT",
	"basis":"Warsaw",
	"scale":1000,
	"values":{
		"dd_1111":-3.920546258767633e-14,
		"dd_1122":-7.841092517535265e-14,
		"dd_1133":-7.841092517535265e-14,
		"dd_2222":-3.920546258767633e-14,
		"dd_2233":-7.841092517535265e-14,
		"dd_3333":-3.920546258767633e-14,
		"eB_11":1.8356994056563763e-17,
		"eB_12":{
			"Re":1.1534162969673085e-20,
			"Im":-2.211276111400441e-20
		},
		"eB_13":1.0688564019728423e-20,
		"eB_21":{
			"Re":2.3849308402654745e-18,
			"Im":4.5722785505003996e-18
		},
		"eB_22":2.5583494251884864e-14,
		"eB_23":{
			"Re":4.09222456838903e-16,
			"Im":-1.6413475771484062e-16
		},
		"eB_31":{
			"Re":3.716796489936597e-17,
			"Im":1.8844651385382413e-17
		},
		"eB_32":{
			"Re":6.8820713631530455e-15,
			"Im":2.760325336231605e-15
		},
		"eB_33":3.2012187388028015e-13,
		"ed_1111":1.0008531835284712e-12,
		"ed_1122":1.0008531835284712e-12,
		"ed_1133":1.0008531835284712e-12,
		"ed_1211":{
			"Re":7.755052626707434e-16,
			"Im":-1.486895978091988e-15
		},
		"ed_1222":{
			"Re":7.755052626707434e-16,
			"Im":-1.486895978091988e-15
		},
		"ed_1233":{
			"Re":7.755052626707434e-16,
			"Im":-1.486895978091988e-15
		},
		"ed_1311":{
			"Re":7.185923108803723e-16,
			"Im":-3.6355464116139713e-16
		},
		"ed_1322":{
			"Re":7.185923108803723e-16,
			"Im":-3.6355464116139713e-16
		},
		"ed_1333":{
			"Re":7.185923108803723e-16,
			"Im":-3.6355464116139713e-16
		},
		"ed_2211":8.084291597002257e-12,
		"ed_2222":8.084291597002257e-12,
		"ed_2233":8.084291597002257e-12,
		"ed_2311":{
			"Re":1.3290726710563328e-13,
			"Im":-5.3310000964546946e-14
		},
		"ed_2322":{
			"Re":1.3290726710563328e-13,
			"Im":-5.3310000964546946e-14
		},
		"ed_2333":{
			"Re":1.3290726710563328e-13,
			"Im":-5.3310000964546946e-14
		},
		"ed_3311":5.9574637645432255e-12,
		"ed_3322":5.9574637645432255e-12,
		"ed_3333":5.9574637645432255e-12,
		"ee_1111":-4.177710359797413e-12,
		"ee_1112":{
			"Re":-3.9467683541514365e-14,
			"Im":1.498532824178995e-14
		},
		"ee_1113":{
			"Re":-2.064162459622109e-14,
			"Im":5.0328215924680625e-14
		},
		"ee_1122":-2.1100762812400588e-10,
		"ee_1123":{
			"Re":-3.4213659014656046e-12,
			"Im":1.3721527821037321e-12
		},
		"ee_1133":-1.5626012874548798e-10,
		"ee_1212":{
			"Re":-6.653051177100972e-11,
			"Im":1.542927604697294e-11
		},
		"ee_1213":{
			"Re":-1.2043802748326453e-11,
			"Im":-1.0783676516863208e-13
		},
		"ee_1222":{
			"Re":-5.565433577658562e-14,
			"Im":1.0206058191067047e-13
		},
		"ee_1223":{
			"Re":-1.1415291937579365e-13,
			"Im":4.7640233303428647e-14
		},
		"ee_1232":{
			"Re":7.172743680719693e-14,
			"Im":2.6738821031350235e-13
		},
		"ee_1233":{
			"Re":-1.0989429674064786e-13,
			"Im":2.5820540611499896e-13
		},
		"ee_1313":{
			"Re":4.412933578644478e-11,
			"Im":2.5002016429365976e-11
		},
		"ee_1323":{
			"Re":-1.4313733224583976e-13,
			"Im":5.4783337066152834e-14
		},
		"ee_1333":{
			"Re":-1.0287007626546418e-14,
			"Im":-1.3107386449295083e-13
		},
		"ee_2222":-3.2317506576822275e-10,
		"ee_2223":{
			"Re":5.30098561677205e-11,
			"Im":2.9068517680063358e-11
		},
		"ee_2233":-1.1412359528232601e-9,
		"ee_2323":{
			"Re":-2.5001800401734535e-10,
			"Im":-2.2950752187556732e-10
		},
		"ee_2333":{
			"Re":-7.10830042617173e-11,
			"Im":-2.1514780178100495e-11
		},
		"ee_3333":-1.7544620736197986e-10,
		"ephi_11":-3.337488597200787e-18,
		"ephi_21":{
			"Re":-4.331421706098649e-19,
			"Im":-8.304532617802103e-19
		},
		"ephi_22":-4.64655179172059e-15,
		"ephi_23":{
			"Re":-7.401741032091959e-17,
			"Im":2.968851715845398e-17
		},
		"ephi_31":{
			"Re":-6.749912078559558e-18,
			"Im":-3.4170506086327903e-18
		},
		"ephi_32":{
			"Re":-1.2488132953664918e-15,
			"Im":-5.009012212307141e-16
		},
		"ephi_33":-5.797178393027029e-14,
		"eu_1111":-2.0017063670569423e-12,
		"eu_1122":-2.0017063670569423e-12,
		"eu_1133":-2.0017063670569423e-12,
		"eu_1211":{
			"Re":-1.5510105253414869e-15,
			"Im":2.973791956183976e-15
		},
		"eu_1222":{
			"Re":-1.5510105253414869e-15,
			"Im":2.973791956183976e-15
		},
		"eu_1233":{
			"Re":-1.5510105253414869e-15,
			"Im":2.973791956183976e-15
		},
		"eu_1311":{
			"Re":-1.4371846217607446e-15,
			"Im":7.271092823227943e-16
		},
		"eu_1322":{
			"Re":-1.4371846217607446e-15,
			"Im":7.271092823227943e-16
		},
		"eu_1333":{
			"Re":-1.4371846217607446e-15,
			"Im":7.271092823227943e-16
		},
		"eu_2211":-1.6168583194004515e-11,
		"eu_2222":-1.6168583194004515e-11,
		"eu_2233":-1.6168583194004515e-11,
		"eu_2311":{
			"Re":-2.6581453421126655e-13,
			"Im":1.0662000192909389e-13
		},
		"eu_2322":{
			"Re":-2.6581453421126655e-13,
			"Im":1.0662000192909389e-13
		},
		"eu_2333":{
			"Re":-2.6581453421126655e-13,
			"Im":1.0662000192909389e-13
		},
		"eu_3311":-1.1914927529086451e-11,
		"eu_3322":-1.1914927529086451e-11,
		"eu_3333":-1.1914927529086451e-11,
		"phi":-1.730793241847324e-16,
		"phiB":1.2894021381616694e-13,
		"phiBox":-9.76359088827389e-14,
		"phid_11":1.1761638776302896e-13,
		"phid_22":1.1761638776302896e-13,
		"phid_33":1.1761638776302896e-13,
		"phiD":-3.528491632890869e-13,
		"phie_11":-1.5012797752927055e-12,
		"phie_12":{
			"Re":-1.1632578940061156e-15,
			"Im":2.2303439671379826e-15
		},
		"phie_13":{
			"Re":-1.0778884663205592e-15,
			"Im":5.453319617420974e-16
		},
		"phie_22":-1.2126437395503389e-11,
		"phie_23":{
			"Re":-1.993609006584501e-13,
			"Im":7.996500144682046e-14
		},
		"phie_33":-8.936195646814839e-12,
		"phil1_11":1.7642458149254798e-13,
		"phil1_22":1.7638078118589585e-13,
		"phil1_23":{
			"Re":-1.1782514115693502e-17,
			"Im":4.725840596798822e-18
		},
		"phil1_33":1.672074909529114e-13,
		"phil3_22":-4.380045864759703e-17,
		"phil3_23":{
			"Re":-1.1782514115693502e-17,
			"Im":4.725840596798822e-18
		},
		"phil3_33":-9.217090691632062e-15,
		"phiq1_11":-5.880819388151448e-14,
		"phiq1_22":-5.880819388151448e-14,
		"phiq1_33":-5.880819388151448e-14,
		"phiu_11":-2.352327755260579e-13,
		"phiu_22":-2.352327755260579e-13,
		"phiu_33":-2.352327755260579e-13,
		"ld_1111":-1.1761638776302896e-13,
		"ld_1122":-1.1761638776302896e-13,
		"ld_1133":-1.1761638776302896e-13,
		"ld_2211":-1.1761638776302896e-13,
		"ld_2222":-1.1761638776302896e-13,
		"ld_2233":-1.1761638776302896e-13,
		"ld_3311":-1.1761638776302896e-13,
		"ld_3322":-1.1761638776302896e-13,
		"ld_3333":-1.1761638776302896e-13,
		"le_1111":1.5012797752927055e-12,
		"le_1112":{
			"Re":1.1632578940061156e-15,
			"Im":-2.2303439671379826e-15
		},
		"le_1113":{
			"Re":1.0778884663205592e-15,
			"Im":-5.453319617420974e-16
		},
		"le_1122":1.2126437395503389e-11,
		"le_1123":{
			"Re":1.993609006584501e-13,
			"Im":-7.996500144682046e-14
		},
		"le_1133":8.936195646814839e-12,
		"le_2211":1.5012797752927055e-12,
		"le_2212":{
			"Re":1.1632578940061156e-15,
			"Im":-2.2303439671379826e-15
		},
		"le_2213":{
			"Re":1.0778884663205592e-15,
			"Im":-5.453319617420974e-16
		},
		"le_2222":1.2126437395503389e-11,
		"le_2223":{
			"Re":1.993609006584501e-13,
			"Im":-7.996500144682046e-14
		},
		"le_2233":8.936195646814839e-12,
		"le_3311":1.5012797752927055e-12,
		"le_3312":{
			"Re":1.1632578940061156e-15,
			"Im":-2.2303439671379826e-15
		},
		"le_3313":{
			"Re":1.0778884663205592e-15,
			"Im":-5.453319617420974e-16
		},
		"le_3322":1.2126437395503389e-11,
		"le_3323":{
			"Re":1.993609006584501e-13,
			"Im":-7.996500144682046e-14
		},
		"le_3333":8.936195646814839e-12,
		"ll_1111":-8.821229082227173e-14,
		"ll_1122":-1.7642458164454346e-13,
		"ll_1133":-1.7642458164454346e-13,
		"ll_2222":-8.821229082227173e-14,
		"ll_2233":-1.7642458164454346e-13,
		"ll_3333":-8.821229082227173e-14,
		"lq1_1111":5.880819388151448e-14,
		"lq1_1122":5.880819388151448e-14,
		"lq1_1133":5.880819388151448e-14,
		"lq1_2211":5.880819388151448e-14,
		"lq1_2222":5.880819388151448e-14,
		"lq1_2233":5.880819388151448e-14,
		"lq1_3311":5.880819388151448e-14,
		"lq1_3322":5.880819388151448e-14,
		"lq1_3333":5.880819388151448e-14,
		"lu_1111":2.352327755260579e-13,