{
	"eft":"SMEFT",
	"basis":"Warsaw",
	"scale":1000,
	"values":{
		"dd_1111":-6.351521651012152e-14,
		"dd_1122":-1.2703043302024304e-13,
		"dd_1133":-1.2703043302024304e-13,
		"dd_2222":-6.351521651012152e-14,
		"dd_2233":-1.2703043302024304e-13,
		"dd_3333":-6.351521651012152e-14,
		"eB_11":6.174321642389654e-17,
		"eB_12":{
			"Re":2.682610080096749e-20,
			"Im":-2.0968666599517032e-20
		},
		"eB_13":{
			"Re":-4.920660836962087e-20,
			"Im":3.709146099293471e-20
		},
		"eB_21":{
			"Re":5.546860686164824e-18,
			"Im":4.335712941105614e-18
		},
		"eB_22":2.0719099211782395e-14,
		"eB_23":{
			"Re":-1.2871194745441548e-17,
			"Im":4.646096442754526e-18
		},
		"eB_31":{
			"Re":-1.7110899923721244e-16,
			"Im":-1.2898029311581354e-16
		},
		"eB_32":{
			"Re":-2.1646045882091045e-16,
			"Im":-7.81354169224284e-17
		},
		"eB_33":1.502649539134242e-13,
		"ed_1111":4.322183142931607e-12,
		"ed_1122":4.322183142931607e-12,
		"ed_1133":4.322183142931607e-12,
		"ed_1211":{
			"Re":2.042628156254653e-15,
			"Im":-1.5965645596378578e-15
		},
		"ed_1222":{
			"Re":2.042628156254653e-15,
			"Im":-1.5965645596378578e-15
		},
		"ed_1233":{
			"Re":2.042628156254653e-15,
			"Im":-1.5965645596378578e-15
		},
		"ed_1311":{
			"Re":-3.661904251768842e-15,
			"Im":2.8595398673663693e-15
		},
		"ed_1322":{
			"Re":-3.661904251768842e-15,
			"Im":2.8595398673663693e-15
		},
		"ed_1333":{
			"Re":-3.661904251768842e-15,
			"Im":2.8595398673663693e-15
		},
		"ed_2211":7.248359389503888e-12,
		"ed_2222":7.248359389503888e-12,
		"ed_2233":7.248359389503888e-12,
		"ed_2311":{
			"Re":-4.737445025960861e-15,
			"Im":1.7095863400848042e-15
		},
		"ed_2322":{
			"Re":-4.737445025960861e-15,
			"Im":1.7095863400848042e-15
		},
		"ed_2333":{
			"Re":-4.737445025960861e-15,
			"Im":1.7095863400848042e-15
		},
		"ed_3311":2.9112859713956585e-12,
		"ed_3322":2.9112859713956585e-12,
		"ed_3333":2.9112859713956585e-12,
		"ee_1111":-1.2117655966581719e-11,
		"ee_1112":{
			"Re":-6.369625747379065e-14,
			"Im":-5.1836441244541573e-14
		},
		"ee_1113":{
			"Re":-4.133934789303257e-11,
			"Im":-1.7429485548379363e-11
		},
		"ee_1122":-4.305291321901281e-10,
		"ee_1123":{
			"Re":2.7736242483046617e-13,
			"Im":-1.583506638408677e-13
		},
		"ee_1133":-1.612278761282271e-10,
		"ee_1212":{
			"Re":2.257711253843876e-11,
			"Im":-1.950203900382708e-10
		},
		"ee_1213":{
			"Re":9.068090632996972e-14,
			"Im":2.475791802648571e-13
		},
		"ee_1222":{
			"Re":5.297245108425706e-14,
			"Im":9.030363761779712e-14
		},
		"ee_1223":{
			"Re":3.546657529608611e-13,
			"Im":-2.7382839694265573e-13
		},
		"ee_1232":{
			"Re":2.0568440707004008e-11,
			"Im":7.1932388217881e-11
		},
		"ee_1233":{
			"Re":-1.49682313622722e-13,
			"Im":-1.0310003059485655e-14
		},
		"ee_1313":{
			"Re":-5.776115799455216e-11,
			"Im":-5.912181728466917e-11
		},
		"ee_1323":{
			"Re":4.5335897453028877e-14,
			"Im":-9.805730555626692e-14
		},
		"ee_1333":{
			"Re":2.911822887049184e-11,
			"Im":1.2247708079666325e-11
		},
		"ee_2222":-2.9594026923966214e-11,
		"ee_2223":{
			"Re":6.386642139818277e-14,
			"Im":3.261431011163974e-14
		},
		"ee_2233":-2.9483348580207317e-10,
		"ee_2323":{
			"Re":8.660307227427878e-11,
			"Im":-1.0670420579222738e-10
		},
		"ee_2333":{
			"Re":2.0146621513796913e-14,
			"Im":7.760546615460846e-15
		},
		"ee_3333":-3.260266665053367e-12,
		"ephi_11":-1.6937928890781893e-17,
		"ephi_13":{
			"Re":1.3239780126194208e-20,
			"Im":-1.0244276428908555e-20
		},
		"ephi_21":{
			"Re":-1.5211979374259073e-18,
			"Im":-1.189014339515269e-18
		},
		"ephi_22":-5.6818729174263536e-15,
		"ephi_23":{
			"Re":3.520991957507772e-18,
			"Im":-1.2707017716227676e-18
		},
		"ephi_31":{
			"Re":4.614002127225586e-17,
			"Im":3.5698822244218904e-17
		},
		"ephi_32":{
			"Re":5.934081583595233e-17,
			"Im":2.141570170809615e-17
		},
		"ephi_33":-4.1139992037538473e-14,
		"eu_1111":-8.644366285863214e-12,
		"eu_1122":-8.644366285863214e-12,
		"eu_1133":-8.644366285863214e-12,
		"eu_1211":{
			"Re":-4.085256312509306e-15,
			"Im":3.1931291192757157e-15
		},
		"eu_1222":{
			"Re":-4.085256312509306e-15,
			"Im":3.1931291192757157e-15
		},
		"eu_1233":{
			"Re":-4.085256312509306e-15,
			"Im":3.1931291192757157e-15
		},
		"eu_1311":{
			"Re":7.323808503537684e-15,
			"Im":-5.7190797347327385e-15
		},
		"eu_1322":{
			"Re":7.323808503537684e-15,
			"Im":-5.7190797347327385e-15
		},
		"eu_1333":{
			"Re":7.323808503537684e-15,
			"Im":-5.7190797347327385e-15
		},
		"eu_2211":-1.4496718779007776e-11,
		"eu_2222":-1.4496718779007776e-11,
		"eu_2233":-1.4496718779007776e-11,
		"eu_2311":{
			"Re":9.474890051921722e-15,
			"Im":-3.4191726801696085e-15
		},
		"eu_2322":{
			"Re":9.474890051921722e-15,
			"Im":-3.4191726801696085e-15
		},
		"eu_2333":{
			"Re":9.474890051921722e-15,
			"Im":-3.4191726801696085e-15
		},
		"eu_3311":-5.822571942791317e-12,
		"eu_3322":-5.822571942791317e-12,
		"eu_3333":-5.822571942791317e-12,
		"phi":-7.359614722861577e-16,
		"phiB":2.881459252908319e-13,
		"phiBox":-1.7195847004510375e-13,
		"phid_11":1.9054564953036454e-13,
		"phid_22":1.9054564953036454e-13,
		"phid_33":1.9054564953036454e-13,
		"phiD":-5.716369485910936e-13,
		"phie_11":-6.483274714397406e-12,
		"phie_12":{
			"Re":-3.0639422343819786e-15,
			"Im":2.3948468394567853e-15
		},
		"phie_13":{
			"Re":5.492856377652708e-15,
			"Im":-4.289309801049743e-15
		},
		"phie_22":-1.0872539084255828e-11,
		"phie_23":{
			"Re":7.106167538941285e-15,
			"Im":-2.5643795101272028e-15
		},
		"phie_33":-4.3669289570934894e-12,
		"phil1_11":2.8581847378431447e-13,
		"phil1_22":2.8578300196955e-13,
		"phil1_23":{
			"Re":3.7059313642141237e-19,
			"Im":-1.3377246532972883e-19
		},
		"phil1_33":2.814919792291337e-13,
		"phil3_22":-3.547232599683969e-17,
		"phil3_23":{
			"Re":3.7059313642141237e-19,
			"Im":-1.3377246532972883e-19
		},
		"phil3_33":-4.326495066413087e-15,
		"phiq1_11":-9.527282476518227e-14,
		"phiq1_22":-9.527282476518227e-14,
		"phiq1_33":-9.527282476518227e-14,
		"phiu_11":-3.810912990607291e-13,
		"phiu_22":-3.810912990607291e-13,
		"phiu_33":-3.810912990607291e-13,
		"ld_1111":-1.9054564953036454e-13,
		"ld_1122":-1.9054564953036454e-13,
		"ld_1133":-1.9054564953036454e-13,
		"ld_2211":-1.9054564953036454e-13,
		"ld_2222":-1.9054564953036454e-13,
		"ld_2233":-1.9054564953036454e-13,
		"ld_3311":-1.9054564953036454e-13,
		"ld_3322":-1.9054564953036454e-13,
		"ld_3333":-1.9054564953036454e-13,
		"le_1111":6.483274714397406e-12,
		"le_1112":{
			"Re":3.0639422343819786e-15,
			"Im":-2.3948468394567853e-15
		},
		"le_1113":{
			"Re":-5.492856377652708e-15,
			"Im":4.289309801049743e-15
		},
		"le_1122":1.0872539084255828e-11,
		"le_1123":{
			"Re":-7.106167538941285e-15,
			"Im":2.5643795101272028e-15
		},
		"le_1133":4.3669289570934894e-12,
		"le_2211":6.483274714397406e-12,
		"le_2212":{
			"Re":3.0639422343819786e-15,
			"Im":-2.3948468394567853e-15
		},
		"le_2213":{
			"Re":-5.492856377652708e-15,
			"Im":4.289309801049743e-15
		},
		"le_2222":1.0872539084255828e-11,
		"le_2223":{
			"Re":-7.106167538941285e-15,
			"Im":2.5643795101272028e-15
		},
		"le_2233":4.3669289570934894e-12,
		"le_3311":6.483274714397406e-12,
		"le_3312":{
			"Re":3.0639422343819786e-15,
			"Im":-2.3948468394567853e-15
		},
		"le_3313":{
			"Re":-5.492856377652708e-15,
			"Im":4.289309801049743e-15
		},
		"le_3322":1.0872539084255828e-11,
		"le_3323":{
			"Re":-7.106167538941285e-15,
			"Im":2.5643795101272028e-15
		},
		"le_3333":4.3669289570934894e-12,
		"ll_1111":-1.429092371477734e-13,
		"ll_1122":-2.858184742955468e-13,
		"ll_1133":-2.858184742955468e-13,
		"ll_2222":-1.429092371477734e-13,
		"ll_2233":-2.858184742955468e-13,
		"ll_3333":-1.429092371477734e-13,
		"lq1_1111":9.527282476518227e-14,
		"lq1_1122":9.527282476518227e-14,
		"lq1_1133":9.527282476518227e-14,
		"lq1_2211":9.527282476518227e-14,
		"lq1_2222":9.527282476518227e-14,
		"lq1_2233":9.527282476518227e-14,
		"lq1_3311":9.527282476518227e-14,