{
	"eft":"SMEFT",
	"basis":"Warsaw",
	"scale":1000,
	"values":{
		"dd_1111":-3.978528592018458e-14,
		"dd_1122":-7.957057184036916e-14,
		"dd_1133":-7.957057184036916e-14,
		"dd_2222":-3.978528592018458e-14,
		"dd_2233":-7.957057184036916e-14,
		"dd_3333":-3.978528592018458e-14,
		"eB_11":1.0843391314138712e-16,
		"eB_12":{
			"Re":0.0,
			"Im":-1.1182805530307735e-20
		},
		"eB_13":{
			"Re":-3.5520062284089014e-19,
			"Im":-1.630127322272667e-19
		},
		"eB_21":{
			"Re":1.2603725828393362e-18,
			"Im":2.3122802981067645e-18
		},
		"eB_22":1.9844334975681128e-14,
		"eB_23":{
			"Re":-1.5426589442360738e-16,
			"Im":-4.501480686292514e-16
		},
		"eB_31":{
			"Re":-1.235159770537541e-15,
			"Im":5.668536482907977e-16
		},
		"eB_32":{
			"Re":-2.594356386315934e-15,
			"Im":7.570335108739139e-15
		},
		"eB_33":5.6808598600397e-13,
		"ed_1111":6.428437817855641e-12,
		"ed_1122":6.428437817855641e-12,
		"ed_1133":6.428437817855641e-12,
		"ed_1211":{
			"Re":3.739023904565631e-16,
			"Im":-6.877067633775909e-16
		},
		"ed_1222":{
			"Re":3.739023904565631e-16,
			"Im":-6.877067633775909e-16
		},
		"ed_1233":{
			"Re":3.739023904565631e-16,
			"Im":-6.877067633775909e-16
		},
		"ed_1311":{
			"Re":-2.1735778710436094e-14,
			"Im":-1.0021001542391724e-14
		},
		"ed_1322":{
			"Re":-2.1735778710436094e-14,
			"Im":-1.0021001542391724e-14
		},
		"ed_1333":{
			"Re":-2.1735778710436094e-14,
			"Im":-1.0021001542391724e-14
		},
		"ed_2211":5.66179707271357e-12,
		"ed_2222":5.66179707271357e-12,
		"ed_2233":5.66179707271357e-12,
		"ed_2311":{
			"Re":-4.5940152450153014e-14,
			"Im":-1.3394467123250296e-13
		},
		"ed_2322":{
			"Re":-4.5940152450153014e-14,
			"Im":-1.3394467123250296e-13
		},
		"ed_2333":{
			"Re":-4.5940152450153014e-14,
			"Im":-1.3394467123250296e-13
		},
		"ed_3311":9.809296617112135e-12,
		"ed_3322":9.809296617112135e-12,
		"ed_3333":9.809296617112135e-12,
		"ee_1111":-3.379674002031843e-10,
		"ee_1112":{
			"Re":3.9286343067863405e-12,
			"Im":-3.0982151502793994e-12
		},
		"ee_1113":{
			"Re":-3.728921948978765e-11,
			"Im":-2.73103220013868e-12
		},
		"ee_1122":-9.623627149159675e-10,
		"ee_1123":{
			"Re":6.915308550232265e-12,
			"Im":2.1556354203419794e-11
		},
		"ee_1133":-1.643961261969242e-9,
		"ee_1212":{
			"Re":-5.938560467034475e-11,
			"Im":1.7385388806917698e-10
		},
		"ee_1213":{
			"Re":4.329473623428548e-12,
			"Im":-7.258687945392871e-12
		},
		"ee_1222":{
			"Re":-3.897631928689848e-12,
			"Im":2.5309118864946884e-12
		},
		"ee_1223":{
			"Re":3.4026165375682346e-12,
			"Im":1.400118875035409e-12
		},
		"ee_1232":{
			"Re":8.041455307545476e-12,
			"Im":-3.562455084959602e-11
		},
		"ee_1233":{
			"Re":-8.553672445788891e-13,
			"Im":1.7624527836828131e-12
		},
		"ee_1313":{
			"Re":-3.0652722504265426e-10,
			"Im":-5.895085568580682e-11
		},
		"ee_1323":{
			"Re":-4.9855450905591024e-12,
			"Im":-5.978698227128826e-12
		},
		"ee_1333":{
			"Re":6.733398416379186e-11,
			"Im":7.66543622944571e-12
		},
		"ee_2222":-2.619236548803156e-10,
		"ee_2223":{
			"Re":-5.948066275862364e-13,
			"Im":1.8115667410291895e-11
		},
		"ee_2233":-1.4590086673097568e-9,
		"ee_2323":{
			"Re":3.86262805044604e-11,
			"Im":2.7415651739895866e-10
		},
		"ee_2333":{
			"Re":7.2322359572078664e-12,
			"Im":2.1788501192159695e-11
		},
		"ee_3333":-7.815218553405228e-10,
		"ephi_11":1.4829998506258897e-17,
		"ephi_13":{
			"Re":-4.862680357387675e-20,
			"Im":-2.2387240177338257e-20
		},
		"ephi_21":{
			"Re":1.7209208606128362e-19,
			"Im":3.162790153665865e-19
		},
		"ephi_22":2.7139168517367367e-15,
		"ephi_23":{
			"Re":-2.121045266302204e-17,
			"Im":-6.185730801724834e-17
		},
		"ephi_31":{
			"Re":-1.6836688117659985e-16,
			"Im":7.751529973907645e-17
		},
		"ephi_32":{
			"Re":-3.5518600611832096e-16,
			"Im":1.035847637503346e-15
		},
		"ephi_33":7.804580705303621e-14,
		"eu_1111":-1.2856875635711281e-11,
		"eu_1122":-1.2856875635711281e-11,
		"eu_1133":-1.2856875635711281e-11,
		"eu_1211":{
			"Re":-7.478047809131262e-16,
			"Im":1.3754135267551817e-15
		},
		"eu_1222":{
			"Re":-7.478047809131262e-16,
			"Im":1.3754135267551817e-15
		},
		"eu_1233":{
			"Re":-7.478047809131262e-16,
			"Im":1.3754135267551817e-15
		},
		"eu_1311":{
			"Re":4.347155742087219e-14,
			"Im":2.004200308478345e-14
		},
		"eu_1322":{
			"Re":4.347155742087219e-14,
			"Im":2.004200308478345e-14
		},
		"eu_1333":{
			"Re":4.347155742087219e-14,
			"Im":2.004200308478345e-14
		},
		"eu_2211":-1.132359414542714e-11,
		"eu_2222":-1.132359414542714e-11,
		"eu_2233":-1.132359414542714e-11,
		"eu_2311":{
			"Re":9.188030490030603e-14,
			"Im":2.678893424650059e-13
		},
		"eu_2322":{
			"Re":9.188030490030603e-14,
			"Im":2.678893424650059e-13
		},
		"eu_2333":{
			"Re":9.188030490030603e-14,
			"Im":2.678893424650059e-13
		},
		"eu_3311":-1.961859323422427e-11,
		"eu_3322":-1.961859323422427e-11,
		"eu_3333":-1.961859323422427e-11,
		"phi":9.06259885809187e-17,
		"phiB":-1.0494816324263512e-13,
		"phiBox":-9.566887009231857e-14,
		"phid_11":1.1935585776055371e-13,
		"phid_22":1.1935585776055371e-13,
		"phid_33":1.1935585776055371e-13,
		"phiD":-3.5806757328166114e-13,
		"phie_11":-9.642656726783472e-12,
		"phie_12":{
			"Re":-5.608535856848951e-16,
			"Im":1.031560145066503e-15
		},
		"phie_13":{
			"Re":3.2603668065654265e-14,
			"Im":1.5031502313587606e-14
		},
		"phie_22":-8.492695609070345e-12,
		"phie_23":{
			"Re":6.891022867523001e-14,
			"Im":2.0091700684875505e-13
		},
		"phie_33":-1.4713944925668218e-11,
		"phil1_11":1.7903378574300033e-13,
		"phil1_13":1.0227093558977087e-20,
		"phil1_22":1.789998119630585e-13,
		"phil1_23":{
			"Re":4.441691916560186e-18,
			"Im":1.2960862445690032e-17
		},
		"phil1_33":1.6267720347400198e-13,
		"phil3_13":1.0227093558977087e-20,
		"phil3_22":-3.397467777206963e-17,
		"phil3_23":{
			"Re":4.441691916560186e-18,
			"Im":1.2960862445690032e-17
		},
		"phil3_33":-1.635658316682857e-14,
		"phiq1_11":-5.967792888027686e-14,
		"phiq1_22":-5.967792888027686e-14,
		"phiq1_33":-5.967792888027686e-14,
		"phiu_11":-2.3871171552110743e-13,
		"phiu_22":-2.3871171552110743e-13,
		"phiu_33":-2.3871171552110743e-13,
		"ld_1111":-1.1935585776055371e-13,
		"ld_1122":-1.1935585776055371e-13,
		"ld_1133":-1.1935585776055371e-13,
		"ld_2211":-1.1935585776055371e-13,
		"ld_2222":-1.1935585776055371e-13,
		"ld_2233":-1.1935585776055371e-13,
		"ld_3311":-1.1935585776055371e-13,
		"ld_3322":-1.1935585776055371e-13,
		"ld_3333":-1.1935585776055371e-13,
		"le_1111":9.642656726783472e-12,
		"le_1112":{
			"Re":5.608535856848951e-16,
			"Im":-1.031560145066503e-15
		},
		"le_1113":{
			"Re":-3.2603668065654265e-14,
			"Im":-1.5031502313587606e-14
		},
		"le_1122":8.492695609070345e-12,
		"le_1123":{
			"Re":-6.891022867523001e-14,
			"Im":-2.0091700684875505e-13
		},
		"le_1133":1.4713944925668218e-11,
		"le_2211":9.642656726783472e-12,
		"le_2212":{
			"Re":5.608535856848951e-16,
			"Im":-1.031560145066503e-15
		},
		"le_2213":{
			"Re":-3.2603668065654265e-14,
			"Im":-1.5031502313587606e-14
		},
		"le_2222":8.492695609070345e-12,
		"le_2223":{
			"Re":-6.891022867523001e-14,
			"Im":-2.0091700684875505e-13
		},
		"le_2233":1.4713944925668218e-11,
		"le_3311":9.642656726783472e-12,
		"le_3312":{
			"Re":5.608535856848951e-16,
			"Im":-1.031560145066503e-15
		},
		"le_3313":{
			"Re":-3.2603668065654265e-14,
			"Im":-1.5031502313587606e-14
		},
		"le_3322":8.492695609070345e-12,
		"le_3323":{
			"Re":-6.891022867523001e-14,
			"Im":-2.0091700684875505e-13
		},
		"le_3333":1.4713944925668218e-11,
		"ll_1111":-8.951689332041529e-14,
		"ll_1122":-1.7903378664083057e-13,
		"ll_1133":-1.7903378664083057e-13,
		"ll_2222":-8.951689332041529e-14,
		"ll_2233":-1.7903378664083057e-13,
		"ll_3333":-8.951689332041529e-14,
		"lq1_1111":5.967792888027686e-14,
		"lq1_1122":5.967792888027686e-14,
		"lq1_1133":5.967792888027686e-14,
		"lq1_2211":5.967792888027686e-14,
		"lq1_2222":5.967792888027686e-14,
		"lq1_2233":5.967792888027686e-14,