{
	"eft":"SMEFT",
	"basis":"Warsaw",
	"scale":1000,
	"values":{
		"dd_1111":-7.892356745721666e-14,
		"dd_1122":-1.5784713491443333e-13,
		"dd_1133":-1.5784713491443333e-13,
		"dd_2222":-7.892356745721666e-14,
		"dd_2233":-1.5784713491443333e-13,
		"dd_3333":-7.892356745721666e-14,
		"eB_11":2.7774063663698177e-16,
		"eB_12":{
			"Re":1.3779969858741268e-19,
			"Im":-1.6998030453113185e-19
		},
		"eB_13":{
			"Re":-9.083580940413997e-19,
			"Im":5.478194136633293e-19
		},
		"eB_21":{
			"Re":2.849298660028588e-17,
			"Im":3.51470038684136e-17
		},
		"eB_22":1.0319005823402713e-14,
		"eB_23":{
			"Re":5.541778896174463e-16,
			"Im":1.8257185918821153e-16
		},
		"eB_31":{
			"Re":-3.1586863953913688e-15,
			"Im":-1.904964287124805e-15
		},
		"eB_32":{
			"Re":9.319849681979224e-15,
			"Im":-3.070390060072945e-15
		},
		"eB_33":1.2986500991623103e-13,
		"ed_1111":1.9732355693572405e-11,
		"ed_1122":1.9732355693572405e-11,
		"ed_1133":1.9732355693572405e-11,
		"ed_1211":{
			"Re":9.777833714987523e-15,
			"Im":-1.2558753803954644e-14
		},
		"ed_1222":{
			"Re":9.777833714987523e-15,
			"Im":-1.2558753803954644e-14
		},
		"ed_1233":{
			"Re":9.777833714987523e-15,
			"Im":-1.2558753803954644e-14
		},
		"ed_1311":{
			"Re":-6.52898753880303e-14,
			"Im":4.106400456206972e-14
		},
		"ed_1322":{
			"Re":-6.52898753880303e-14,
			"Im":4.106400456206972e-14
		},
		"ed_1333":{
			"Re":-6.52898753880303e-14,
			"Im":4.106400456206972e-14
		},
		"ed_2211":3.1806255001798425e-12,
		"ed_2222":3.1806255001798425e-12,
		"ed_2233":3.1806255001798425e-12,
		"ed_2311":{
			"Re":1.9604202641500368e-13,
			"Im":6.458584061475795e-14
		},
		"ed_2322":{
			"Re":1.9604202641500368e-13,
			"Im":6.458584061475795e-14
		},
		"ed_2333":{
			"Re":1.9604202641500368e-13,
			"Im":6.458584061475795e-14
		},
		"ed_3311":2.261938434294773e-12,
		"ed_3322":2.261938434294773e-12,
		"ed_3333":2.261938434294773e-12,
		"ee_1111":-4.872712172279255e-10,
		"ee_1112":{
			"Re":1.0905749817899956e-11,
			"Im":1.0586271108881144e-11
		},
		"ee_1113":{
			"Re":-3.165641794151064e-11,
			"Im":-6.254848122466779e-11
		},
		"ee_1122":-7.247967204356667e-10,
		"ee_1123":{
			"Re":-4.2688469988081477e-11,
			"Im":-1.4065074658713971e-11
		},
		"ee_1133":-5.247718172384868e-10,
		"ee_1212":{
			"Re":-2.0245997079669912e-10,
			"Im":2.0233325818768883e-10
		},
		"ee_1213":{
			"Re":-1.2930832625037984e-10,
			"Im":1.49342336792429e-10
		},
		"ee_1222":{
			"Re":-9.864956405670504e-13,
			"Im":3.01107445976868e-12
		},
		"ee_1223":{
			"Re":2.050415915735166e-12,
			"Im":3.359969811175004e-13
		},
		"ee_1232":{
			"Re":-9.918654442298032e-13,
			"Im":-1.2135365482396819e-11
		},
		"ee_1233":{
			"Re":-1.4307783267421526e-12,
			"Im":-8.129415327280856e-12
		},
		"ee_1313":{
			"Re":9.240119865562262e-11,
			"Im":-1.8195635659099933e-10
		},
		"ee_1323":{
			"Re":2.566959542441389e-14,
			"Im":-1.9125386365290013e-12
		},
		"ee_1333":{
			"Re":5.094951634373541e-12,
			"Im":6.957812534969878e-12
		},
		"ee_2222":-1.2007146346710902e-11,
		"ee_2223":{
			"Re":2.6941739718961835e-11,
			"Im":-4.803071803686808e-12
		},
		"ee_2233":-6.651809697779281e-11,
		"ee_2323":{
			"Re":-3.37129295173876e-11,
			"Im":1.0820063071265069e-11
		},
		"ee_2333":{
			"Re":-2.8800672975948532e-11,
			"Im":4.16981247044334e-12
		},
		"ee_3333":-7.534991146662817e-12,
		"ephi_11":1.1184884845237407e-17,
		"ephi_13":{
			"Re":-3.6793234661736126e-20,
			"Im":2.2872317010361046e-20
		},
		"ephi_21":{
			"Re":1.1267691400381853e-18,
			"Im":1.4315012456996448e-18
		},
		"ephi_22":4.175423794592197e-16,
		"ephi_23":{
			"Re":2.273147588930401e-17,
			"Im":7.48884417899753e-18
		},
		"ephi_31":{
			"Re":-1.260868275202412e-16,
			"Im":-7.841565008706483e-17
		},
		"ephi_32":{
			"Re":3.768269755748744e-16,
			"Im":-1.2414498526670384e-16
		},
		"ephi_33":5.332171592155142e-15,
		"eu_1111":-3.946471138714481e-11,
		"eu_1122":-3.946471138714481e-11,
		"eu_1133":-3.946471138714481e-11,
		"eu_1211":{
			"Re":-1.9555667429975047e-14,
			"Im":2.511750760790929e-14
		},
		"eu_1222":{
			"Re":-1.9555667429975047e-14,
			"Im":2.511750760790929e-14
		},
		"eu_1233":{
			"Re":-1.9555667429975047e-14,
			"Im":2.511750760790929e-14
		},
		"eu_1311":{
			"Re":1.305797507760606e-13,
			"Im":-8.212800912413944e-14
		},
		"eu_1322":{
			"Re":1.305797507760606e-13,
			"Im":-8.212800912413944e-14
		},
		"eu_1333":{
			"Re":1.305797507760606e-13,
			"Im":-8.212800912413944e-14
		},
		"eu_2211":-6.361251000359685e-12,
		"eu_2222":-6.361251000359685e-12,
		"eu_2233":-6.361251000359685e-12,
		"eu_2311":{
			"Re":-3.9208405283000737e-13,
			"Im":-1.291716812295159e-13
		},
		"eu_2322":{
			"Re":-3.9208405283000737e-13,
			"Im":-1.291716812295159e-13
		},
		"eu_2333":{
			"Re":-3.9208405283000737e-13,
			"Im":-1.291716812295159e-13
		},
		"eu_3311":-4.523876868589546e-12,
		"eu_3322":-4.523876868589546e-12,
		"eu_3333":-4.523876868589546e-12,
		"phi":3.2017421465719374e-18,
		"phiB":-5.436785391839176e-14,
		"phiBox":-1.7841029853930121e-13,
		"phid_11":2.3677070237164996e-13,
		"phid_22":2.3677070237164996e-13,
		"phid_33":2.3677070237164996e-13,
		"phiD":-7.103121071149498e-13,
		"phie_11":-2.959853354035861e-11,
		"phie_12":{
			"Re":-1.4666750572481307e-14,
			"Im":1.8838130705931947e-14
		},
		"phie_13":{
			"Re":9.793481308204553e-14,
			"Im":-6.159600684310448e-14
		},
		"phie_22":-4.770938250269766e-12,
		"phie_23":{
			"Re":-2.9406303962250627e-13,
			"Im":-9.68787609221372e-14
		},
		"phie_33":-3.3929076514421597e-12,
		"phil1_11":3.5515605125778907e-13,
		"phil1_13":{
			"Re":2.615384831962091e-20,
			"Im":-1.5773059045193272e-20
		},
		"phil1_22":3.551383868078354e-13,
		"phil1_23":{
			"Re":-1.5956135099382654e-17,
			"Im":-5.25668978342592e-18
		},
		"phil1_33":3.5141692270846815e-13,
		"phil3_13":{
			"Re":2.615384831962091e-20,
			"Im":-1.5773059045193272e-20
		},
		"phil3_22":-1.7666749639524468e-17,
		"phil3_23":{
			"Re":-1.5956135099382654e-17,
			"Im":-5.25668978342592e-18
		},
		"phil3_33":-3.7391308490067306e-15,
		"phiq1_11":-1.1838535118582498e-13,
		"phiq1_22":-1.1838535118582498e-13,
		"phiq1_33":-1.1838535118582498e-13,
		"phiu_11":-4.735414047432999e-13,
		"phiu_22":-4.735414047432999e-13,
		"phiu_33":-4.735414047432999e-13,
		"ld_1111":-2.3677070237164996e-13,
		"ld_1122":-2.3677070237164996e-13,
		"ld_1133":-2.3677070237164996e-13,
		"ld_2211":-2.3677070237164996e-13,
		"ld_2222":-2.3677070237164996e-13,
		"ld_2233":-2.3677070237164996e-13,
		"ld_3311":-2.3677070237164996e-13,
		"ld_3322":-2.3677070237164996e-13,
		"ld_3333":-2.3677070237164996e-13,
		"le_1111":2.959853354035861e-11,
		"le_1112":{
			"Re":1.4666750572481307e-14,
			"Im":-1.8838130705931947e-14
		},
		"le_1113":{
			"Re":-9.793481308204553e-14,
			"Im":6.159600684310448e-14
		},
		"le_1122":4.770938250269766e-12,
		"le_1123":{
			"Re":2.9406303962250627e-13,
			"Im":9.68787609221372e-14
		},
		"le_1133":3.3929076514421597e-12,
		"le_2211":2.959853354035861e-11,
		"le_2212":{
			"Re":1.4666750572481307e-14,
			"Im":-1.8838130705931947e-14
		},
		"le_2213":{
			"Re":-9.793481308204553e-14,
			"Im":6.159600684310448e-14
		},
		"le_2222":4.770938250269766e-12,
		"le_2223":{
			"Re":2.9406303962250627e-13,
			"Im":9.68787609221372e-14
		},
		"le_2233":3.3929076514421597e-12,
		"le_3311":2.959853354035861e-11,
		"le_3312":{
			"Re":1.4666750572481307e-14,
			"Im":-1.8838130705931947e-14
		},
		"le_3313":{
			"Re":-9.793481308204553e-14,
			"Im":6.159600684310448e-14
		},
		"le_3322":4.770938250269766e-12,
		"le_3323":{
			"Re":2.9406303962250627e-13,
			"Im":9.68787609221372e-14
		},
		"le_3333":3.3929076514421597e-12,
		"ll_1111":-1.7757802677873746e-13,
		"ll_1122":-3.551560535574749e-13,
		"ll_1133":-3.551560535574749e-13,
		"ll_2222":-1.7757802677873746e-13,
		"ll_2233":-3.551560535574749e-13,
		"ll_3333":-1.7757802677873746e-13,
		"lq1_1111":1.1838535118582498e-13,
		"lq1_1122":1.1838535118582498e-13,
		"lq1_1133":1.1838535118582498e-13,