{
	"eft":"SMEFT",
	"basis":"Warsaw",
	"scale":1000,
	"values":{
		"dd_1111":-2.592468741125558e-13,
		"dd_1122":-5.184937482251116e-13,
		"dd_1133":-5.184937482251116e-13,
		"dd_2222":-2.592468741125558e-13,
		"dd_2233":-5.184937482251116e-13,
		"dd_3333":-2.592468741125558e-13,
		"eB_11":1.0544620009394937e-15,
		"eB_12":{
			"Re":3.447997913343308e-20,
			"Im":1.0028000378013292e-18
		},
		"eB_13":{
			"Re":-1.307461049158569e-18,
			"Im":-9.188138109213741e-19
		},
		"eB_21":{
			"Re":7.129461047434401e-18,
			"Im":-2.0735000390232954e-16
		},
		"eB_22":1.5404889509583997e-13,
		"eB_23":{
			"Re":-6.918689131099484e-15,
			"Im":9.137534311899211e-15
		},
		"eB_31":{
			"Re":-4.54651029761522e-15,
			"Im":3.195044667398309e-15
		},
		"eB_32":{
			"Re":-1.1635459282344026e-13,
			"Im":-1.536698736025285e-13
		},
		"eB_33":2.775148087010261e-12,
		"ed_1111":6.612925210133627e-11,
		"ed_1122":6.612925210133627e-11,
		"ed_1133":6.612925210133627e-11,
		"ed_1211":{
			"Re":5.2161256764140346e-15,
			"Im":7.582229887680163e-14
		},
		"ed_1222":{
			"Re":5.2161256764140346e-15,
			"Im":7.582229887680163e-14
		},
		"ed_1233":{
			"Re":5.2161256764140346e-15,
			"Im":7.582229887680163e-14
		},
		"ed_1311":{
			"Re":-1.0110623260538742e-13,
			"Im":-6.612785361429817e-14
		},
		"ed_1322":{
			"Re":-1.0110623260538742e-13,
			"Im":-6.612785361429817e-14
		},
		"ed_1333":{
			"Re":-1.0110623260538742e-13,
			"Im":-6.612785361429817e-14
		},
		"ed_2211":4.4265619565750507e-11,
		"ed_2222":4.4265619565750507e-11,
		"ed_2233":4.4265619565750507e-11,
		"ed_2311":{
			"Re":-2.2723864987735692e-12,
			"Im":3.0000885034773206e-12
		},
		"ed_2322":{
			"Re":-2.2723864987735692e-12,
			"Im":3.0000885034773206e-12
		},
		"ed_2333":{
			"Re":-2.2723864987735692e-12,
			"Im":3.0000885034773206e-12
		},
		"ed_3311":4.786675372128378e-11,
		"ed_3322":4.786675372128378e-11,
		"ed_3333":4.786675372128378e-11,
		"ee_1111":-4.314982888316835e-9,
		"ee_1112":{
			"Re":4.3747208356490224e-11,
			"Im":5.50560062964988e-11
		},
		"ee_1113":{
			"Re":-1.1069800241861853e-10,
			"Im":2.531457052771691e-12
		},
		"ee_1122":-1.1413831297427582e-8,
		"ee_1123":{
			"Re":5.412692668649277e-10,
			"Im":-7.14756670207871e-10
		},
		"ee_1133":-1.2271777222492274e-8,
		"ee_1212":{
			"Re":1.1169012856944032e-9,
			"Im":-2.146217729818707e-9
		},
		"ee_1213":{
			"Re":6.852240493920593e-10,
			"Im":1.9884356894997806e-10
		},
		"ee_1222":{
			"Re":-2.71535478051976e-11,
			"Im":-5.642331657050697e-11
		},
		"ee_1223":{
			"Re":2.7454804005317654e-11,
			"Im":6.969902963942671e-13
		},
		"ee_1232":{
			"Re":-3.1615122139468976e-11,
			"Im":7.676455972269894e-11
		},
		"ee_1233":{
			"Re":-2.4473784999742163e-11,
			"Im":-1.8495836437729367e-11
		},
		"ee_1313":{
			"Re":-2.6408461461067632e-9,
			"Im":-2.9841541525075276e-10
		},
		"ee_1323":{
			"Re":-3.6818951821161546e-11,
			"Im":4.5413603589437744e-11
		},
		"ee_1333":{
			"Re":1.0672265130250279e-10,
			"Im":1.2892071756799647e-11
		},
		"ee_2222":-2.4625266802730662e-9,
		"ee_2223":{
			"Re":4.619862925896984e-10,
			"Im":-6.469711461579204e-11
		},
		"ee_2233":-8.423731731595654e-9,
		"ee_2323":{
			"Re":-5.8181004102774e-10,
			"Im":-1.5056900791464569e-9
		},
		"ee_2333":{
			"Re":-7.21540544101967e-11,
			"Im":-4.519852202687275e-10
		},
		"ee_3333":-2.7723296382516075e-9,
		"ephi_11":-2.6617331450907474e-16,
		"ephi_12":{
			"Re":-1.7030810749239107e-20,
			"Im":-2.848923531831195e-19
		},
		"ephi_13":{
			"Re":3.7691469073913847e-19,
			"Im":2.5122032447879797e-19
		},
		"ephi_21":{
			"Re":-3.521493217554181e-18,
			"Im":5.890791822223602e-17
		},
		"ephi_22":-3.773822343501984e-14,
		"ephi_23":{
			"Re":1.8138253843354862e-15,
			"Im":-2.394917372370938e-15
		},
		"ephi_31":{
			"Re":1.31333943976939e-15,
			"Im":-8.754608299248478e-16
		},
		"ephi_32":{
			"Re":3.0572029613489727e-14,
			"Im":4.0366358777763275e-14
		},
		"ephi_33":-6.81487122288631e-13,
		"eu_1111":-1.3225850420267254e-10,
		"eu_1122":-1.3225850420267254e-10,
		"eu_1133":-1.3225850420267254e-10,
		"eu_1211":{
			"Re":-1.0432251352828069e-14,
			"Im":-1.5164459775360326e-13
		},
		"eu_1222":{
			"Re":-1.0432251352828069e-14,
			"Im":-1.5164459775360326e-13
		},
		"eu_1233":{
			"Re":-1.0432251352828069e-14,
			"Im":-1.5164459775360326e-13
		},
		"eu_1311":{
			"Re":2.0221246521077483e-13,
			"Im":1.3225570722859635e-13
		},
		"eu_1322":{
			"Re":2.0221246521077483e-13,
			"Im":1.3225570722859635e-13
		},
		"eu_1333":{
			"Re":2.0221246521077483e-13,
			"Im":1.3225570722859635e-13
		},
		"eu_2211":-8.853123913150101e-11,
		"eu_2222":-8.853123913150101e-11,
		"eu_2233":-8.853123913150101e-11,
		"eu_2311":{
			"Re":4.5447729975471384e-12,
			"Im":-6.000177006954641e-12
		},
		"eu_2322":{
			"Re":4.5447729975471384e-12,
			"Im":-6.000177006954641e-12
		},
		"eu_2333":{
			"Re":4.5447729975471384e-12,
			"Im":-6.000177006954641e-12
		},
		"eu_3311":-9.573350744256756e-11,
		"eu_3322":-9.573350744256756e-11,
		"eu_3333":-9.573350744256756e-11,
		"phi":-3.3918888552726558e-15,
		"phiB":1.2247059397614995e-12,
		"phiBox":-7.118748634396685e-13,
		"phid_11":7.777406223376674e-13,
		"phid_22":7.777406223376674e-13,
		"phid_33":7.777406223376674e-13,
		"phiD":-2.333221867013002e-12,
		"phie_11":-9.919387815200444e-11,
		"phie_12":{
			"Re":-7.824188514621026e-15,
			"Im":-1.1373344831520236e-13
		},
		"phie_13":{
			"Re":1.516593489080809e-13,
			"Im":9.91917804214472e-14
		},
		"phie_22":-6.63984293486258e-11,
		"phie_23":{
			"Re":3.4085797481603473e-12,
			"Im":-4.500132755215973e-12
		},
		"phie_33":-7.180013058192571e-11,
		"phil1_11":1.1666109247755808e-12,
		"phil1_13":{
			"Re":3.764499726244243e-20,
			"Im":2.6454893948151838e-20
		},
		"phil1_22":1.1663471926666876e-12,
		"phil1_23":{
			"Re":1.9920595995387119e-16,
			"Im":-2.6309193254995284e-16
		},
		"phil1_33":1.0867076413926703e-12,
		"phil3_13":{
			"Re":3.764499726244243e-20,
			"Im":2.6454893948151838e-20
		},
		"phil3_22":-2.637408398133982e-16,
		"phil3_23":{
			"Re":1.9920595995387119e-16,
			"Im":-2.6309193254995284e-16
		},
		"phil3_33":-7.99032921138306e-14,
		"phiq1_11":-3.888703111688337e-13,
		"phiq1_22":-3.888703111688337e-13,
		"phiq1_33":-3.888703111688337e-13,
		"phiu_11":-1.5554812446753349e-12,
		"phiu_22":-1.5554812446753349e-12,
		"phiu_33":-1.5554812446753349e-12,
		"ld_1111":-7.777406223376674e-13,
		"ld_1122":-7.777406223376674e-13,
		"ld_1133":-7.777406223376674e-13,
		"ld_2211":-7.777406223376674e-13,
		"ld_2222":-7.777406223376674e-13,
		"ld_2233":-7.777406223376674e-13,
		"ld_3311":-7.777406223376674e-13,
		"ld_3322":-7.777406223376674e-13,
		"ld_3333":-7.777406223376674e-13,
		"le_1111":9.919387815200444e-11,
		"le_1112":{
			"Re":7.824188514621026e-15,
			"Im":1.1373344831520236e-13
		},
		"le_1113":{
			"Re":-1.516593489080809e-13,
			"Im":-9.91917804214472e-14
		},
		"le_1122":6.63984293486258e-11,
		"le_1123":{
			"Re":-3.4085797481603473e-12,
			"Im":4.500132755215973e-12
		},
		"le_1133":7.180013058192571e-11,
		"le_2211":9.919387815200444e-11,
		"le_2212":{
			"Re":7.824188514621026e-15,
			"Im":1.1373344831520236e-13
		},
		"le_2213":{
			"Re":-1.516593489080809e-13,
			"Im":-9.91917804214472e-14
		},
		"le_2222":6.63984293486258e-11,
		"le_2223":{
			"Re":-3.4085797481603473e-12,
			"Im":4.500132755215973e-12
		},
		"le_2233":7.180013058192571e-11,
		"le_3311":9.919387815200444e-11,
		"le_3312":{
			"Re":7.824188514621026e-15,
			"Im":1.1373344831520236e-13
		},
		"le_3313":{
			"Re":-1.516593489080809e-13,
			"Im":-9.91917804214472e-14
		},
		"le_3322":6.63984293486258e-11,
		"le_3323":{
			"Re":-3.4085797481603473e-12,
			"Im":4.500132755215973e-12
		},
		"le_3333":7.180013058192571e-11,
		"ll_1111":-5.833054667532505e-13,
		"ll_1122":-1.166610933506501e-12,
		"ll_1133":-1.166610933506501e-12,
		"ll_2222":-5.833054667532505e-13,
		"ll_2233":-1.166610933506501e-12,
		"ll_3333":-5.833054667532505e-13,
		"lq1_1111":3.888703111688337e-13,