{
	"eft":"SMEFT",
	"basis":"Warsaw",
	"scale":1000,
	"values":{
		"dd_1111":-9.17198572954451e-13,
		"dd_1122":-1.834397145908902e-12,
		"dd_1133":-1.834397145908902e-12,
		"dd_2222":-9.17198572954451e-13,
		"dd_2233":-1.834397145908902e-12,
		"dd_3333":-9.17198572954451e-13,
		"eB_11":1.2510332852951292e-17,
		"eB_12":{
			"Re":-2.461693927732041e-18,
			"Im":1.3332889530685233e-18
		},
		"eB_13":{
			"Re":1.5646846356119823e-18,
			"Im":1.0327061938794323e-17
		},
		"eB_21":{
			"Re":-5.090070066617755e-16,
			"Im":-2.756855396892746e-16
		},
		"eB_22":5.881685915115387e-13,
		"eB_23":{
			"Re":2.8763581625894486e-14,
			"Im":6.17186108750849e-14
		},
		"eB_31":{
			"Re":5.440968824966727e-15,
			"Im":-3.5910892702351805e-14
		},
		"eB_32":{
			"Re":4.837296147880073e-13,
			"Im":-1.0379486203129374e-12
		},
		"eB_33":5.170500444053415e-12,
		"ed_1111":-3.934930362327734e-12,
		"ed_1122":-3.934930362327734e-12,
		"ed_1133":-3.934930362327734e-12,
		"ed_1211":{
			"Re":-1.6985211973541004e-13,
			"Im":4.698058006621715e-14
		},
		"ed_1222":{
			"Re":-1.6985211973541004e-13,
			"Im":4.698058006621715e-14
		},
		"ed_1233":{
			"Re":-1.6985211973541004e-13,
			"Im":4.698058006621715e-14
		},
		"ed_1311":{
			"Re":1.3372435894791982e-13,
			"Im":7.816933805553158e-13
		},
		"ed_1322":{
			"Re":1.3372435894791982e-13,
			"Im":7.816933805553158e-13
		},
		"ed_1333":{
			"Re":1.3372435894791982e-13,
			"Im":7.816933805553158e-13
		},
		"ed_2211":1.646891432604901e-10,
		"ed_2222":1.646891432604901e-10,
		"ed_2233":1.646891432604901e-10,
		"ed_2311":{
			"Re":5.604412169896328e-12,
			"Im":1.2267594383342541e-11
		},
		"ed_2322":{
			"Re":5.604412169896328e-12,
			"Im":1.2267594383342541e-11
		},
		"ed_2333":{
			"Re":5.604412169896328e-12,
			"Im":1.2267594383342541e-11
		},
		"ed_3311":1.0531017355581948e-10,
		"ed_3322":1.0531017355581948e-10,
		"ed_3333":1.0531017355581948e-10,
		"ee_1111":-2.1883564037513745e-12,
		"ee_1112":{
			"Re":1.1452019197489463e-13,
			"Im":2.975132164599891e-13
		},
		"ee_1113":{
			"Re":1.1267213693235646e-12,
			"Im":2.673267270623401e-13
		},
		"ee_1122":2.9170238482491653e-10,
		"ee_1123":{
			"Re":1.0290868118344505e-11,
			"Im":2.2207559345895473e-11
		},
		"ee_1133":1.8409042020703187e-10,
		"ee_1212":{
			"Re":-1.880455859305176e-12,
			"Im":6.626910949128458e-11
		},
		"ee_1213":{
			"Re":-6.931837435628012e-11,
			"Im":4.40243284431993e-11
		},
		"ee_1222":{
			"Re":3.8661960070457286e-11,
			"Im":4.3086299873371314e-12
		},
		"ee_1223":{
			"Re":-2.829957091725746e-11,
			"Im":-1.0725089471318303e-10
		},
		"ee_1232":{
			"Re":-4.500840178704329e-11,
			"Im":3.129446672296115e-11
		},
		"ee_1233":{
			"Re":-5.488309081776062e-11,
			"Im":-3.076179336496379e-11
		},
		"ee_1313":{
			"Re":7.597325834079714e-11,
			"Im":3.593777004245827e-11
		},
		"ee_1323":{
			"Re":3.0372422155988553e-11,
			"Im":-8.02302608904892e-12
		},
		"ee_1333":{
			"Re":1.6230760233679592e-12,
			"Im":-1.7657917996477077e-11
		},
		"ee_2222":-1.2232687459991584e-8,
		"ee_2223":{
			"Re":6.550568656513979e-10,
			"Im":1.7736615376161355e-10
		},
		"ee_2233":-1.4134482809355745e-8,
		"ee_2323":{
			"Re":1.4625076855310947e-9,
			"Im":-3.184425868438132e-9
		},
		"ee_2333":{
			"Re":-2.7465607129298673e-9,
			"Im":-4.695051028506469e-9
		},
		"ee_3333":-1.733219766355929e-9,
		"ephi_11":6.0941119842559265e-18,
		"ephi_12":{
			"Re":-7.551048531608441e-19,
			"Im":2.6490206998586213e-19
		},
		"ephi_13":{
			"Re":5.633329617652607e-19,
			"Im":3.395104135744093e-18
		},
		"ephi_21":{
			"Re":-1.5613275596240084e-16,
			"Im":-5.477350289335507e-17
		},
		"ephi_22":1.6315917948280386e-13,
		"ephi_23":{
			"Re":6.1967369560997955e-15,
			"Im":1.345668326978071e-14
		},
		"ephi_31":{
			"Re":1.955712678806462e-15,
			"Im":-1.1784887358951042e-14
		},
		"ephi_32":{
			"Re":1.0392991749393959e-13,
			"Im":-2.256990058092435e-13
		},
		"ephi_33":1.680522640847691e-12,
		"eu_1111":7.869860724655469e-12,
		"eu_1122":7.869860724655469e-12,
		"eu_1133":7.869860724655469e-12,
		"eu_1211":{
			"Re":3.397042394708201e-13,
			"Im":-9.39611601324343e-14
		},
		"eu_1222":{
			"Re":3.397042394708201e-13,
			"Im":-9.39611601324343e-14
		},
		"eu_1233":{
			"Re":3.397042394708201e-13,
			"Im":-9.39611601324343e-14
		},
		"eu_1311":{
			"Re":-2.6744871789583964e-13,
			"Im":-1.5633867611106316e-12
		},
		"eu_1322":{
			"Re":-2.6744871789583964e-13,
			"Im":-1.5633867611106316e-12
		},
		"eu_1333":{
			"Re":-2.6744871789583964e-13,
			"Im":-1.5633867611106316e-12
		},
		"eu_2211":-3.293782865209802e-10,
		"eu_2222":-3.293782865209802e-10,
		"eu_2233":-3.293782865209802e-10,
		"eu_2311":{
			"Re":-1.1208824339792657e-11,
			"Im":-2.4535188766685083e-11
		},
		"eu_2322":{
			"Re":-1.1208824339792657e-11,
			"Im":-2.4535188766685083e-11
		},
		"eu_2333":{
			"Re":-1.1208824339792657e-11,
			"Im":-2.4535188766685083e-11
		},
		"eu_3311":-2.1062034711163895e-10,
		"eu_3322":-2.1062034711163895e-10,
		"eu_3333":-2.1062034711163895e-10,
		"phi":1.8451169526801133e-14,
		"phiB":-5.001026402850192e-12,
		"phiBox":-2.6696546317319414e-12,
		"phid_11":2.7515957188633527e-12,
		"phid_22":2.7515957188633527e-12,
		"phid_33":2.7515957188633527e-12,
		"phiD":-8.254787156590059e-12,
		"phie_11":5.9023955434916e-12,
		"phie_12":{
			"Re":2.5477817960311497e-13,
			"Im":-7.04708700993258e-14
		},
		"phie_13":{
			"Re":-2.0058653842187967e-13,
			"Im":-1.1725400708329735e-12
		},
		"phie_22":-2.4703371489073526e-10,
		"phie_23":{
			"Re":-8.40661825484451e-12,
			"Im":-1.8401391575013844e-11
		},
		"phie_33":-1.579652603337292e-10,
		"phil1_11":4.127393578191444e-12,
		"phil1_13":{
			"Re":-4.5051092621157226e-20,
			"Im":-2.973413385164881e-19
		},
		"phil1_22":4.126386598802053e-12,
		"phil1_23":{
			"Re":-8.281737740957383e-16,
			"Im":-1.777029563465423e-15
		},
		"phil1_33":3.978522240837511e-12,
		"phil3_13":{
			"Re":-4.5051092621157226e-20,
			"Im":-2.973413385164881e-19
		},
		"phil3_22":-1.0069794929759657e-15,
		"phil3_23":{
			"Re":-8.281737740957383e-16,
			"Im":-1.777029563465423e-15
		},
		"phil3_33":-1.4887133745751803e-13,
		"phiq1_11":-1.3757978594316763e-12,
		"phiq1_22":-1.3757978594316763e-12,
		"phiq1_33":-1.3757978594316763e-12,
		"phiu_11":-5.503191437726705e-12,
		"phiu_22":-5.503191437726705e-12,
		"phiu_33":-5.503191437726705e-12,
		"ld_1111":-2.7515957188633527e-12,
		"ld_1122":-2.7515957188633527e-12,
		"ld_1133":-2.7515957188633527e-12,
		"ld_2211":-2.7515957188633527e-12,
		"ld_2222":-2.7515957188633527e-12,
		"ld_2233":-2.7515957188633527e-12,
		"ld_3311":-2.7515957188633527e-12,
		"ld_3322":-2.7515957188633527e-12,
		"ld_3333":-2.7515957188633527e-12,
		"le_1111":-5.9023955434916e-12,
		"le_1112":{
			"Re":-2.5477817960311497e-13,
			"Im":7.04708700993258e-14
		},
		"le_1113":{
			"Re":2.0058653842187967e-13,
			"Im":1.1725400708329735e-12
		},
		"le_1122":2.4703371489073526e-10,
		"le_1123":{
			"Re":8.40661825484451e-12,
			"Im":1.8401391575013844e-11
		},
		"le_1133":1.579652603337292e-10,
		"le_2211":-5.9023955434916e-12,
		"le_2212":{
			"Re":-2.5477817960311497e-13,
			"Im":7.04708700993258e-14
		},
		"le_2213":{
			"Re":2.0058653842187967e-13,
			"Im":1.1725400708329735e-12
		},
		"le_2222":2.4703371489073526e-10,
		"le_2223":{
			"Re":8.40661825484451e-12,
			"Im":1.8401391575013844e-11
		},
		"le_2233":1.579652603337292e-10,
		"le_3311":-5.9023955434916e-12,
		"le_3312":{
			"Re":-2.5477817960311497e-13,
			"Im":7.04708700993258e-14
		},
		"le_3313":{
			"Re":2.0058653842187967e-13,
			"Im":1.1725400708329735e-12
		},
		"le_3322":2.4703371489073526e-10,
		"le_3323":{
			"Re":8.40661825484451e-12,
			"Im":1.8401391575013844e-11
		},
		"le_3333":1.579652603337292e-10,
		"ll_1111":-2.0636967891475147e-12,
		"ll_1122":-4.1273935782950294e-12,
		"ll_1133":-4.1273935782950294e-12,
		"ll_2222":-2.0636967891475147e-12,
		"ll_2233":-4.1273935782950294e-12,
		"ll_3333":-2.0636967891475147e-12,
		"lq1_1111":1.3757978594316763e-12,