{
	"eft":"SMEFT",
	"basis":"Warsaw",
	"scale":1000,
	"values":{
		"dd_1111":-6.199884343361661e-14,
		"dd_1122":-1.2399768686723322e-13,
		"dd_1133":-1.2399768686723322e-13,
		"dd_2222":-6.199884343361661e-14,
		"dd_2233":-1.2399768686723322e-13,
		"dd_3333":-6.199884343361661e-14,
		"eB_11":4.556081753950389e-17,
		"eB_12":{
			"Re":-6.312165066447724e-20,
			"Im":4.8626132947848376e-20
		},
		"eB_13":{
			"Re":-2.6467298310440485e-18,
			"Im":9.669262344182766e-19
		},
		"eB_21":{
			"Re":-1.3051729176533068e-17,
			"Im":-1.005447594377585e-17
		},
		"eB_22":4.2789279935706754e-14,
		"eB_23":{
			"Re":-1.733289736595317e-16,
			"Im":-4.10085811662722e-17
		},
		"eB_31":{
			"Re":-9.203627472949282e-15,
			"Im":-3.3623487939820682e-15
		},
		"eB_32":{
			"Re":-2.9149484494116084e-15,
			"Im":6.896590775296515e-16
		},
		"eB_33":2.933518674638843e-13,
		"ed_1111":2.7833760361999725e-12,
		"ed_1122":2.7833760361999725e-12,
		"ed_1133":2.7833760361999725e-12,
		"ed_1211":{
			"Re":-2.775774227855069e-15,
			"Im":2.30808657934178e-15
		},
		"ed_1222":{
			"Re":-2.775774227855069e-15,
			"Im":2.30808657934178e-15
		},
		"ed_1233":{
			"Re":-2.775774227855069e-15,
			"Im":2.30808657934178e-15
		},
		"ed_1311":{
			"Re":-1.8403972326506812e-13,
			"Im":6.892158609653844e-14
		},
		"ed_1322":{
			"Re":-1.8403972326506812e-13,
			"Im":6.892158609653844e-14
		},
		"ed_1333":{
			"Re":-1.8403972326506812e-13,
			"Im":6.892158609653844e-14
		},
		"ed_2211":1.3831228422542766e-11,
		"ed_2222":1.3831228422542766e-11,
		"ed_2233":1.3831228422542766e-11,
		"ed_2311":{
			"Re":-5.865498501516191e-14,
			"Im":-1.4629676377751956e-14
		},
		"ed_2322":{
			"Re":-5.865498501516191e-14,
			"Im":-1.4629676377751956e-14
		},
		"ed_2333":{
			"Re":-5.865498501516191e-14,
			"Im":-1.4629676377751956e-14
		},
		"ed_3311":5.462580055224217e-12,
		"ed_3322":5.462580055224217e-12,
		"ed_3333":5.462580055224217e-12,
		"ee_1111":{
			"Re":-3.1024267212726084e-11,
			"Im":1.1772537895626098e-19
		},
		"ee_1112":{
			"Re":6.593504529267996e-12,
			"Im":-7.691046088226962e-12
		},
		"ee_1113":{
			"Re":-2.988212926782719e-11,
			"Im":4.4395381320976036e-11
		},
		"ee_1122":{
			"Re":-5.895363165248242e-10,
			"Im":1.0675326994333909e-20
		},
		"ee_1123":{
			"Re":-1.674618770976497e-11,
			"Im":1.2235796474643422e-12
		},
		"ee_1133":{
			"Re":-1.215405850885353e-10,
			"Im":-7.298342006302292e-19
		},
		"ee_1212":{
			"Re":-3.159818838148159e-11,
			"Im":1.643362169362478e-10
		},
		"ee_1213":{
			"Re":-7.10022300287255e-12,
			"Im":3.701627610441389e-12
		},
		"ee_1222":{
			"Re":-4.559560120023523e-11,
			"Im":2.5650285197302402e-11
		},
		"ee_1223":{
			"Re":3.4562579257234085e-11,
			"Im":-1.462631247797567e-11
		},
		"ee_1232":{
			"Re":2.8631812416392003e-10,
			"Im":-1.4992558865035776e-10
		},
		"ee_1233":{
			"Re":1.4253119604119583e-11,
			"Im":6.147910456126017e-12
		},
		"ee_1313":{
			"Re":1.7426168756956962e-11,
			"Im":5.190126219742484e-11
		},
		"ee_1323":{
			"Re":-9.056365911632738e-12,
			"Im":1.494609663882254e-11
		},
		"ee_1333":{
			"Re":7.173015073124e-11,
			"Im":-9.433509394041051e-11
		},
		"ee_2222":-5.170395215170139e-10,
		"ee_2223":{
			"Re":3.829438066338958e-11,
			"Im":3.640355872825842e-11
		},
		"ee_2233":{
			"Re":-1.129926760167266e-9,
			"Im":-2.1965186630280377e-20
		},
		"ee_2323":{
			"Re":2.5392562091490384e-10,
			"Im":-1.449222600899198e-10
		},
		"ee_2333":{
			"Re":6.8041470340049924e-12,
			"Im":-1.2667279333783777e-11
		},
		"ee_3333":{
			"Re":-1.313535393603781e-10,
			"Im":2.5283737666380237e-19
		},
		"ephi_11":4.5442454870271515e-16,
		"ephi_12":{
			"Re":-4.6394377430979035e-19,
			"Im":3.7502105003655376e-19
		},
		"ephi_13":{
			"Re":-2.6476618525904427e-17,
			"Im":9.847725927266538e-18
		},
		"ephi_21":{
			"Re":-9.593010828692123e-17,
			"Im":-7.754347058813063e-17
		},
		"ephi_22":4.2401951195712634e-13,
		"ephi_23":{
			"Re":-1.7417638715422322e-15,
			"Im":-4.2823546171337084e-16
		},
		"ephi_31":{
			"Re":-9.206327529270397e-14,
			"Im":-3.42420936073415e-14
		},
		"ephi_32":{
			"Re":-2.929029057440057e-14,
			"Im":7.201417410097883e-15
		},
		"ephi_33":2.9232120786126144e-12,
		"eu_1111":-5.566752072399945e-12,
		"eu_1122":-5.566752072399945e-12,
		"eu_1133":-5.566752072399945e-12,
		"eu_1211":{
			"Re":5.551548455710138e-15,
			"Im":-4.61617315868356e-15
		},
		"eu_1222":{
			"Re":5.551548455710138e-15,
			"Im":-4.61617315868356e-15
		},
		"eu_1233":{
			"Re":5.551548455710138e-15,
			"Im":-4.61617315868356e-15
		},
		"eu_1311":{
			"Re":3.6807944653013623e-13,
			"Im":-1.3784317219307688e-13
		},
		"eu_1322":{
			"Re":3.6807944653013623e-13,
			"Im":-1.3784317219307688e-13
		},
		"eu_1333":{
			"Re":3.6807944653013623e-13,
			"Im":-1.3784317219307688e-13
		},
		"eu_2211":-2.7662456845085532e-11,
		"eu_2222":-2.7662456845085532e-11,
		"eu_2233":-2.7662456845085532e-11,
		"eu_2311":{
			"Re":1.1730997003032381e-13,
			"Im":2.925935275550391e-14
		},
		"eu_2322":{
			"Re":1.1730997003032381e-13,
			"Im":2.925935275550391e-14
		},
		"eu_2333":{
			"Re":1.1730997003032381e-13,
			"Im":2.925935275550391e-14
		},
		"eu_3311":-1.0925160110448434e-11,
		"eu_3322":-1.0925160110448434e-11,
		"eu_3333":-1.0925160110448434e-11,
		"phi":4.253432766811248e-11,
		"phiB":-1.0962539811881591e-11,
		"phiBox":-4.32145945272982e-11,
		"phid_11":1.859965303008498e-13,
		"phid_22":1.859965303008498e-13,
		"phid_33":1.859965303008498e-13,
		"phiD":-5.579895909025495e-13,
		"phie_11":-4.175064054299958e-12,
		"phie_12":{
			"Re":4.163661341782502e-15,
			"Im":-3.4621298690125877e-15
		},
		"phie_13":{
			"Re":2.760595848976021e-13,
			"Im":-1.0338237914480765e-13
		},
		"phie_22":-2.0746842633814134e-11,
		"phie_23":{
			"Re":8.79824775227429e-14,
			"Im":2.1944514566627997e-14
		},
		"phie_33":-8.193870082836323e-12,
		"phil1_11":2.7899479507403227e-13,
		"phil1_13":{
			"Re":7.620581684494399e-20,
			"Im":-2.784016814197554e-20
		},
		"phil1_22":2.789215376676455e-13,
		"phil1_23":{
			"Re":4.990564532009678e-18,
			"Im":1.180737220993652e-18
		},
		"phil1_33":2.7054847863386963e-13,
		"phil3_13":{
			"Re":7.620581684494399e-20,
			"Im":-2.784016814197554e-20
		},
		"phil3_22":-7.32577836292357e-17,
		"phil3_23":{
			"Re":4.990564532009678e-18,
			"Im":1.180737220993652e-18
		},
		"phil3_33":-8.446316817405116e-15,
		"phiq1_11":-9.29982651504249e-14,
		"phiq1_22":-9.29982651504249e-14,
		"phiq1_33":-9.29982651504249e-14,
		"phiu_11":-3.719930606016996e-13,
		"phiu_22":-3.719930606016996e-13,
		"phiu_33":-3.719930606016996e-13,
		"ld_1111":-1.859965303008498e-13,
		"ld_1122":-1.859965303008498e-13,
		"ld_1133":-1.859965303008498e-13,
		"ld_2211":-1.859965303008498e-13,
		"ld_2222":-1.859965303008498e-13,
		"ld_2233":-1.859965303008498e-13,
		"ld_3311":-1.859965303008498e-13,
		"ld_3322":-1.859965303008498e-13,
		"ld_3333":-1.859965303008498e-13,
		"le_1111":4.175064054299958e-12,
		"le_1112":{
			"Re":-4.163661341782502e-15,
			"Im":3.4621298690125877e-15
		},
		"le_1113":{
			"Re":-2.760595848976021e-13,
			"Im":1.0338237914480765e-13
		},
		"le_1122":2.0746842633814134e-11,
		"le_1123":{
			"Re":-8.79824775227429e-14,
			"Im":-2.1944514566627997e-14
		},
		"le_1133":8.193870082836323e-12,
		"le_2211":4.175064054299958e-12,
		"le_2212":{
			"Re":-4.163661341782502e-15,
			"Im":3.4621298690125877e-15
		},
		"le_2213":{
			"Re":-2.760595848976021e-13,
			"Im":1.0338237914480765e-13
		},
		"le_2222":2.0746842633814134e-11,
		"le_2223":{
			"Re":-8.79824775227429e-14,
			"Im":-2.1944514566627997e-14
		},
		"le_2233":8.193870082836323e-12,
		"le_3311":4.175064054299958e-12,
		"le_3312":{
			"Re":-4.163661341782502e-15,
			"Im":3.4621298690125877e-15
		},
		"le_3313":{
			"Re":-2.760595848976021e-13,
			"Im":1.0338237914480765e-13
		},
		"le_3322":2.0746842633814134e-11,
		"le_3323":{
			"Re":-8.79824775227429e-14,
			"Im":-2.1944514566627997e-14
		},
		"le_3333":8.193870082836323e-12,
		"ll_1111":-1.3949739772563737e-13,