{
	"eft":"SMEFT",
	"basis":"Warsaw",
	"scale":1000,
	"values":{
		"dd_1111":-3.6107578042641905e-14,
		"dd_1122":-7.221515608528381e-14,
		"dd_1133":-7.221515608528381e-14,
		"dd_2222":-3.6107578042641905e-14,
		"dd_2233":-7.221515608528381e-14,
		"dd_3333":-3.6107578042641905e-14,
		"eB_11":1.2231816287735984e-16,
		"eB_13":{
			"Re":0.0,
			"Im":1.0157620378570826e-20
		},
		"eB_21":{
			"Re":4.64035382734548e-19,
			"Im":-4.949348946512471e-19
		},
		"eB_22":2.9526787923283036e-14,
		"eB_23":{
			"Re":-3.285608234437212e-16,
			"Im":-7.068207346000418e-16
		},
		"eB_31":{
			"Re":-2.4705914266645974e-17,
			"Im":-3.532168371679416e-17
		},
		"eB_32":{
			"Re":-5.525549725552252e-15,
			"Im":1.1886910542616422e-14
		},
		"eB_33":4.406496631552756e-13,
		"ed_1111":7.214816768133794e-12,
		"ed_1122":7.214816768133794e-12,
		"ed_1133":7.214816768133794e-12,
		"ed_1211":{
			"Re":5.4890526129884976e-17,
			"Im":2.3559224477608493e-17
		},
		"ed_1222":{
			"Re":5.4890526129884976e-17,
			"Im":2.3559224477608493e-17
		},
		"ed_1233":{
			"Re":5.4890526129884976e-17,
			"Im":2.3559224477608493e-17
		},
		"ed_1311":{
			"Re":-1.4012791736061237e-16,
			"Im":1.5878474840946918e-16
		},
		"ed_1322":{
			"Re":-1.4012791736061237e-16,
			"Im":1.5878474840946918e-16
		},
		"ed_1333":{
			"Re":-1.4012791736061237e-16,
			"Im":1.5878474840946918e-16
		},
		"ed_2211":8.51355630843897e-12,
		"ed_2222":8.51355630843897e-12,
		"ed_2233":8.51355630843897e-12,
		"ed_2311":{
			"Re":-1.0060013976862159e-13,
			"Im":-2.1687780745493904e-13
		},
		"ed_2322":{
			"Re":-1.0060013976862159e-13,
			"Im":-2.1687780745493904e-13
		},
		"ed_2333":{
			"Re":-1.0060013976862159e-13,
			"Im":-2.1687780745493904e-13
		},
		"ed_3311":7.492423749079577e-12,
		"ed_3322":7.492423749079577e-12,
		"ed_3333":7.492423749079577e-12,
		"ee_1111":-5.008115585148553e-10,
		"ee_1112":{
			"Re":9.262077797510614e-12,
			"Im":1.3314231187753124e-11
		},
		"ee_1113":{
			"Re":-4.001766526840422e-11,
			"Im":6.254162374435774e-11
		},
		"ee_1122":-1.7894422510145239e-9,
		"ee_1123":{
			"Re":2.2129328885937085e-11,
			"Im":4.8088866980524405e-11
		},
		"ee_1133":-1.5631188198474662e-9,
		"ee_1212":{
			"Re":-3.0006216227490044e-10,
			"Im":-2.6323295728642407e-11
		},
		"ee_1213":{
			"Re":1.591837885306868e-10,
			"Im":1.2096437632117708e-10
		},
		"ee_1222":{
			"Re":-1.1953097663982913e-11,
			"Im":1.4256469728102964e-11
		},
		"ee_1223":{
			"Re":1.1835243778267034e-11,
			"Im":-3.9172705713662665e-12
		},
		"ee_1232":{
			"Re":3.945946991186924e-11,
			"Im":7.546091272349947e-11
		},
		"ee_1233":{
			"Re":4.5231970372002055e-12,
			"Im":-5.635847764001172e-11
		},
		"ee_1313":{
			"Re":1.193692776291296e-10,
			"Im":2.2557811513377094e-10
		},
		"ee_1323":{
			"Re":1.5645715625938265e-11,
			"Im":1.909663048233739e-12
		},
		"ee_1333":{
			"Re":3.559799485480839e-11,
			"Im":-6.290394737592448e-11
		},
		"ee_2222":-7.042818106389682e-10,
		"ee_2223":{
			"Re":-1.6979499462970025e-10,
			"Im":-7.065226132049593e-11
		},
		"ee_2233":-1.7061138309423733e-9,
		"ee_2323":{
			"Re":-1.5823057820225927e-10,
			"Im":-2.459361129897014e-10
		},
		"ee_2333":{
			"Re":1.9707413863168906e-10,
			"Im":1.2707329673872688e-10
		},
		"ee_3333":-5.737099411207038e-10,
		"ephi_11":6.90202980101481e-17,
		"ephi_21":{
			"Re":1.533413014129109e-19,
			"Im":-1.169503846150515e-19
		},
		"ephi_22":1.6733555662407628e-14,
		"ephi_23":{
			"Re":-1.909971217073366e-16,
			"Im":-4.1149835558912747e-16
		},
		"ephi_31":{
			"Re":-7.410390780995258e-18,
			"Im":-9.663684727259867e-18
		},
		"ephi_32":{
			"Re":-3.2088453515526843e-15,
			"Im":6.913384654180627e-15
		},
		"ephi_33":2.4913207193528256e-13,
		"eu_1111":-1.4429633536267588e-11,
		"eu_1122":-1.4429633536267588e-11,
		"eu_1133":-1.4429633536267588e-11,
		"eu_1211":{
			"Re":-1.0978105225976995e-16,
			"Im":-4.7118448955216985e-17
		},
		"eu_1222":{
			"Re":-1.0978105225976995e-16,
			"Im":-4.7118448955216985e-17
		},
		"eu_1233":{
			"Re":-1.0978105225976995e-16,
			"Im":-4.7118448955216985e-17
		},
		"eu_1311":{
			"Re":2.8025583472122474e-16,
			"Im":-3.1756949681893836e-16
		},
		"eu_1322":{
			"Re":2.8025583472122474e-16,
			"Im":-3.1756949681893836e-16
		},
		"eu_1333":{
			"Re":2.8025583472122474e-16,
			"Im":-3.1756949681893836e-16
		},
		"eu_2211":-1.702711261687794e-11,
		"eu_2222":-1.702711261687794e-11,
		"eu_2233":-1.702711261687794e-11,
		"eu_2311":{
			"Re":2.0120027953724318e-13,
			"Im":4.337556149098781e-13
		},
		"eu_2322":{
			"Re":2.0120027953724318e-13,
			"Im":4.337556149098781e-13
		},
		"eu_2333":{
			"Re":2.0120027953724318e-13,
			"Im":4.337556149098781e-13
		},
		"eu_3311":-1.4984847498159154e-11,
		"eu_3322":-1.4984847498159154e-11,
		"eu_3333":-1.4984847498159154e-11,
		"phi":5.9221732036404234e-15,
		"phiB":-3.9624902641697114e-13,
		"phiBox":-1.7787506870949483e-13,
		"phid_11":1.083227341279257e-13,
		"phid_22":1.083227341279257e-13,
		"phid_33":1.083227341279257e-13,
		"phiD":-3.249682023837771e-13,
		"phie_11":-1.0822225152200699e-11,
		"phie_12":{
			"Re":-8.233578919494106e-17,
			"Im":-3.533883671655158e-17
		},
		"phie_13":{
			"Re":2.1019187604142343e-16,
			"Im":-2.3817712261488535e-16
		},
		"phie_22":-1.2770334462658467e-11,
		"phie_23":{
			"Re":1.5090020965293348e-13,
			"Im":3.253167111824112e-13
		},
		"phie_33":-1.1238635623619364e-11,
		"phil1_11":1.6248410017909707e-13,
		"phil1_22":1.6243354958073265e-13,
		"phil1_23":{
			"Re":9.460068662882747e-18,
			"Im":2.03510954580103e-17
		},
		"phil1_33":1.497967210409832e-13,
		"phil3_22":-5.055161115588588e-17,
		"phil3_23":{
			"Re":9.460068662882747e-18,
			"Im":2.03510954580103e-17
		},
		"phil3_33":-1.2687380150905332e-14,
		"phiq1_11":-5.416136706396285e-14,
		"phiq1_22":-5.416136706396285e-14,
		"phiq1_33":-5.416136706396285e-14,
		"phiu_11":-2.166454682558514e-13,
		"phiu_22":-2.166454682558514e-13,
		"phiu_33":-2.166454682558514e-13,
		"ld_1111":-1.083227341279257e-13,
		"ld_1122":-1.083227341279257e-13,
		"ld_1133":-1.083227341279257e-13,
		"ld_2211":-1.083227341279257e-13,
		"ld_2222":-1.083227341279257e-13,
		"ld_2233":-1.083227341279257e-13,
		"ld_3311":-1.083227341279257e-13,
		"ld_3322":-1.083227341279257e-13,
		"ld_3333":-1.083227341279257e-13,
		"le_1111":1.0822225152200699e-11,
		"le_1112":{
			"Re":8.233578919494106e-17,
			"Im":3.533883671655158e-17
		},
		"le_1113":{
			"Re":-2.1019187604142343e-16,
			"Im":2.3817712261488535e-16
		},
		"le_1122":1.2770334462658467e-11,
		"le_1123":{
			"Re":-1.5090020965293348e-13,
			"Im":-3.253167111824112e-13
		},
		"le_1133":1.1238635623619364e-11,
		"le_2211":1.0822225152200699e-11,
		"le_2212":{
			"Re":8.233578919494106e-17,
			"Im":3.533883671655158e-17
		},
		"le_2213":{
			"Re":-2.1019187604142343e-16,
			"Im":2.3817712261488535e-16
		},
		"le_2222":1.2770334462658467e-11,
		"le_2223":{
			"Re":-1.5090020965293348e-13,
			"Im":-3.253167111824112e-13
		},
		"le_2233":1.1238635623619364e-11,
		"le_3311":1.0822225152200699e-11,
		"le_3312":{
			"Re":8.233578919494106e-17,
			"Im":3.533883671655158e-17
		},
		"le_3313":{
			"Re":-2.1019187604142343e-16,
			"Im":2.3817712261488535e-16
		},
		"le_3322":1.2770334462658467e-11,
		"le_3323":{
			"Re":-1.5090020965293348e-13,
			"Im":-3.253167111824112e-13
		},
		"le_3333":1.1238635623619364e-11,
		"ll_1111":-8.124205059594428e-14,
		"ll_1122":-1.6248410119188855e-13,
		"ll_1133":-1.6248410119188855e-13,
		"ll_2222":-8.124205059594428e-14,
		"ll_2233":-1.6248410119188855e-13,
		"ll_3333":-8.124205059594428e-14,
		"lq1_1111":5.416136706396285e-14,
		"lq1_1122":5.416136706396285e-14,
		"lq1_1133":5.416136706396285e-14,
		"lq1_2211":5.416136706396285e-14,
		"lq1_2222":5.416136706396285e-14,
		"lq1_2233":5.416136706396285e-14,
		"lq1_3311":5.416136706396285e-14,
		"lq1_3322":5.416136706396285e-14,
		"lq1_3333":5.416136706396285e-14,
		"lu_1111":2.166454682558514e-13,
		"lu_1122":2.166454682558514e-13,
		"lu_1133":2.166454682558514e-13,