{
	"eft":"SMEFT",
	"basis":"Warsaw",
	"scale":1000,
	"values":{
		"dd_1111":-3.566076864315831e-14,
		"dd_1122":-7.132153728631662e-14,
		"dd_1133":-7.132153728631662e-14,
		"dd_2222":-3.566076864315831e-14,
		"dd_2233":-7.132153728631662e-14,
		"dd_3333":-3.566076864315831e-14,
		"eB_11":7.534151833928257e-17,
		"eB_21":{
			"Re":3.7253858182281227e-19,
			"Im":2.770327563355436e-20
		},
		"eB_22":1.9988757788236066e-14,
		"eB_23":{
			"Re":-9.376792800158175e-19,
			"Im":-7.043402935988326e-18
		},
		"eB_31":{
			"Re":-2.1272640291108623e-17,
			"Im":-8.317046735039713e-18
		},
		"eB_32":{
			"Re":-1.5769358726444786e-17,
			"Im":1.184519589158107e-16
		},
		"eB_33":3.713413219343838e-13,
		"ed_1111":4.5615500955753355e-12,
		"ed_1122":4.5615500955753355e-12,
		"ed_1133":4.5615500955753355e-12,
		"ed_1211":{
			"Re":1.1053532223549185e-16,
			"Im":-1.7691975609312354e-17
		},
		"ed_1222":{
			"Re":1.1053532223549185e-16,
			"Im":-1.7691975609312354e-17
		},
		"ed_1233":{
			"Re":1.1053532223549185e-16,
			"Im":-1.7691975609312354e-17
		},
		"ed_1311":{
			"Re":-3.7835959027195445e-16,
			"Im":1.5221057846384485e-16
		},
		"ed_1322":{
			"Re":-3.7835959027195445e-16,
			"Im":1.5221057846384485e-16
		},
		"ed_1333":{
			"Re":-3.7835959027195445e-16,
			"Im":1.5221057846384485e-16
		},
		"ed_2211":5.919228138371109e-12,
		"ed_2222":5.919228138371109e-12,
		"ed_2233":5.919228138371109e-12,
		"ed_2311":{
			"Re":-4.0455364357663955e-16,
			"Im":-2.216632947181664e-15
		},
		"ed_2322":{
			"Re":-4.0455364357663955e-16,
			"Im":-2.216632947181664e-15
		},
		"ed_2333":{
			"Re":-4.0455364357663955e-16,
			"Im":-2.216632947181664e-15
		},
		"ed_3311":6.564087406714894e-12,
		"ed_3322":6.564087406714894e-12,
		"ed_3333":6.564087406714894e-12,
		"ee_1111":-1.6068142077657838e-10,
		"ee_1112":{
			"Re":4.550600482625159e-13,
			"Im":1.1199275542747239e-12
		},
		"ee_1113":{
			"Re":-7.570160632830019e-13,
			"Im":3.934950808272157e-14
		},
		"ee_1122":-7.659945750617337e-10,
		"ee_1123":{
			"Re":3.9974068294045004e-14,
			"Im":2.8426113107117095e-13
		},
		"ee_1133":-8.477460736243334e-10,
		"ee_1212":{
			"Re":1.3023151179897112e-10,
			"Im":-1.1616994306854782e-10
		},
		"ee_1213":{
			"Re":3.132051277807819e-11,
			"Im":-1.1700565164894858e-11
		},
		"ee_1222":{
			"Re":-5.236052441081822e-13,
			"Im":-1.467814121787108e-12
		},
		"ee_1223":{
			"Re":7.490947957253528e-14,
			"Im":-3.224314874005514e-13
		},
		"ee_1232":{
			"Re":-8.206178285490995e-13,
			"Im":6.31278559153574e-13
		},
		"ee_1233":{
			"Re":-2.1084264880457692e-13,
			"Im":5.795928536483742e-14
		},
		"ee_1313":{
			"Re":-1.9300083835316294e-10,
			"Im":-3.879048832416812e-12
		},
		"ee_1323":{
			"Re":-6.970488641021832e-13,
			"Im":1.5714577240626553e-12
		},
		"ee_1333":{
			"Re":1.2100874323279798e-12,
			"Im":7.850140615764929e-14
		},
		"ee_2222":-2.7051257610738595e-10,
		"ee_2223":{
			"Re":3.9983335585097676e-11,
			"Im":1.5884931437713243e-11
		},
		"ee_2233":-1.0855234070933112e-9,
		"ee_2323":{
			"Re":-1.8123868636001975e-10,
			"Im":-1.68330322554846e-10
		},
		"ee_2333":{
			"Re":-4.3989719348599405e-11,
			"Im":-1.707634777751785e-11
		},
		"ee_3333":-3.3162777579644014e-10,
		"ephi_11":1.2397771033336427e-17,
		"ephi_21":5.992067742021925e-20,
		"ephi_22":3.2914319508135924e-15,
		"ephi_23":{
			"Re":-1.9901536003122466e-19,
			"Im":-1.1848476059914854e-18
		},
		"ephi_31":{
			"Re":-3.4409147946019117e-18,
			"Im":-1.37246419853761e-18
		},
		"ephi_32":{
			"Re":-3.3376923259058348e-18,
			"Im":1.985672501203092e-17
		},
		"ephi_33":6.138293356491293e-14,
		"eu_1111":-9.123100191150671e-12,
		"eu_1122":-9.123100191150671e-12,
		"eu_1133":-9.123100191150671e-12,
		"eu_1211":{
			"Re":-2.210706444709837e-16,
			"Im":3.538395121862471e-17
		},
		"eu_1222":{
			"Re":-2.210706444709837e-16,
			"Im":3.538395121862471e-17
		},
		"eu_1233":{
			"Re":-2.210706444709837e-16,
			"Im":3.538395121862471e-17
		},
		"eu_1311":{
			"Re":7.567191805439089e-16,
			"Im":-3.044211569276897e-16
		},
		"eu_1322":{
			"Re":7.567191805439089e-16,
			"Im":-3.044211569276897e-16
		},
		"eu_1333":{
			"Re":7.567191805439089e-16,
			"Im":-3.044211569276897e-16
		},
		"eu_2211":-1.1838456276742218e-11,
		"eu_2222":-1.1838456276742218e-11,
		"eu_2233":-1.1838456276742218e-11,
		"eu_2311":{
			"Re":8.091072871532791e-16,
			"Im":4.433265894363328e-15
		},
		"eu_2322":{
			"Re":8.091072871532791e-16,
			"Im":4.433265894363328e-15
		},
		"eu_2333":{
			"Re":8.091072871532791e-16,
			"Im":4.433265894363328e-15
		},
		"eu_3311":-1.3128174813429788e-11,
		"eu_3322":-1.3128174813429788e-11,
		"eu_3333":-1.3128174813429788e-11,
		"phi":1.3274075913060527e-16,
		"phiB":-1.107994232405554e-13,
		"phiBox":-8.788691177322697e-14,
		"phid_11":1.0698230592947493e-13,
		"phid_22":1.0698230592947493e-13,
		"phid_33":1.0698230592947493e-13,
		"phiD":-3.209469177884248e-13,
		"phie_11":-6.842325143363002e-12,
		"phie_12":{
			"Re":-1.658029833532362e-16,
			"Im":2.6537963413974842e-17
		},
		"phie_13":{
			"Re":5.675393854079372e-16,
			"Im":-2.2831586769576617e-16
		},
		"phie_22":-8.878842207556668e-12,
		"phie_23":{
			"Re":6.06830465364505e-16,
			"Im":3.3249494207723065e-15
		},
		"phie_33":-9.846131110072336e-12,
		"phil1_11":1.6047345827038642e-13,
		"phil1_22":1.6043923695602443e-13,
		"phil1_23":{
			"Re":2.6998076884922338e-20,
			"Im":2.027967750275889e-19
		},
		"phil1_33":1.4978163518241012e-13,
		"phil3_22":-3.4221938187976905e-17,
		"phil3_23":{
			"Re":2.6998076884922338e-20,
			"Im":2.027967750275889e-19
		},
		"phil3_33":-1.0691823711802267e-14,
		"phiq1_11":-5.3491152964737465e-14,
		"phiq1_22":-5.3491152964737465e-14,
		"phiq1_33":-5.3491152964737465e-14,
		"phiu_11":-2.1396461185894986e-13,
		"phiu_22":-2.1396461185894986e-13,
		"phiu_33":-2.1396461185894986e-13,
		"ld_1111":-1.0698230592947493e-13,
		"ld_1122":-1.0698230592947493e-13,
		"ld_1133":-1.0698230592947493e-13,
		"ld_2211":-1.0698230592947493e-13,
		"ld_2222":-1.0698230592947493e-13,
		"ld_2233":-1.0698230592947493e-13,
		"ld_3311":-1.0698230592947493e-13,
		"ld_3322":-1.0698230592947493e-13,
		"ld_3333":-1.0698230592947493e-13,
		"le_1111":6.842325143363002e-12,
		"le_1112":{
			"Re":1.658029833532362e-16,
			"Im":-2.6537963413974842e-17
		},
		"le_1113":{
			"Re":-5.675393854079372e-16,
			"Im":2.2831586769576617e-16
		},
		"le_1122":8.878842207556668e-12,
		"le_1123":{
			"Re":-6.06830465364505e-16,
			"Im":-3.3249494207723065e-15
		},
		"le_1133":9.846131110072336e-12,
		"le_2211":6.842325143363002e-12,
		"le_2212":{
			"Re":1.658029833532362e-16,
			"Im":-2.6537963413974842e-17
		},
		"le_2213":{
			"Re":-5.675393854079372e-16,
			"Im":2.2831586769576617e-16
		},
		"le_2222":8.878842207556668e-12,
		"le_2223":{
			"Re":-6.06830465364505e-16,
			"Im":-3.3249494207723065e-15
		},
		"le_2233":9.846131110072336e-12,
		"le_3311":6.842325143363002e-12,
		"le_3312":{
			"Re":1.658029833532362e-16,
			"Im":-2.6537963413974842e-17
		},
		"le_3313":{
			"Re":-5.675393854079372e-16,
			"Im":2.2831586769576617e-16
		},
		"le_3322":8.878842207556668e-12,
		"le_3323":{
			"Re":-6.06830465364505e-16,
			"Im":-3.3249494207723065e-15
		},
		"le_3333":9.846131110072336e-12,
		"ll_1111":-8.02367294471062e-14,
		"ll_1122":-1.604734588942124e-13,
		"ll_1133":-1.604734588942124e-13,
		"ll_2222":-8.02367294471062e-14,
		"ll_2233":-1.604734588942124e-13,
		"ll_3333":-8.02367294471062e-14,
		"lq1_1111":5.3491152964737465e-14,
		"lq1_1122":5.3491152964737465e-14,
		"lq1_1133":5.3491152964737465e-14,
		"lq1_2211":5.3491152964737465e-14,
		"lq1_2222":5.3491152964737465e-14,
		"lq1_2233":5.3491152964737465e-14,
		"lq1_3311":5.3491152964737465e-14,
		"lq1_3322":5.3491152964737465e-14,
		"lq1_3333":5.3491152964737465e-14,
		"lu_1111":2.1396461185894986e-13,
		"lu_1122":2.1396461185894986e-13,
		"lu_1133":2.1396461185894986e-13,
		"lu_2211":2.1396461185894986e-13,
		"lu_2222":2.1396461185894986e-13,
		"lu_2233":2.1396461185894986e-13,