{
	"eft":"SMEFT",
	"basis":"Warsaw",
	"scale":1000,
	"values":{
		"dd_1111":-5.884768726074514e-14,
		"dd_1122":-1.1769537452149028e-13,
		"dd_1133":-1.1769537452149028e-13,
		"dd_2222":-5.884768726074514e-14,
		"dd_2233":-1.1769537452149028e-13,
		"dd_3333":-5.884768726074514e-14,
		"eB_11":2.0368958096009708e-16,
		"eB_12":{
			"Re":6.313036475516119e-20,
			"Im":-4.706414934214982e-20
		},
		"eB_13":{
			"Re":-2.6326536461916305e-19,
			"Im":2.374527222430521e-19
		},
		"eB_21":{
			"Re":1.3053530998102208e-17,
			"Im":9.731502973564505e-18
		},
		"eB_22":3.3696049697174564e-14,
		"eB_23":{
			"Re":3.7512460184390895e-16,
			"Im":-5.673201006732699e-16
		},
		"eB_31":{
			"Re":-9.154679537235389e-16,
			"Im":-8.257081521239634e-16
		},
		"eB_32":{
			"Re":6.308632961901338e-15,
			"Im":9.54086793951685e-15
		},
		"eB_33":2.1432013142334093e-13,
		"ed_1111":1.2495738490936034e-11,
		"ed_1122":1.2495738490936034e-11,
		"ed_1133":1.2495738490936034e-11,
		"ed_1211":{
			"Re":3.994602381384076e-15,
			"Im":-2.978272280396426e-15
		},
		"ed_1222":{
			"Re":3.994602381384076e-15,
			"Im":-2.978272280396426e-15
		},
		"ed_1233":{
			"Re":3.994602381384076e-15,
			"Im":-2.978272280396426e-15
		},
		"ed_1311":{
			"Re":-1.662730363499958e-14,
			"Im":1.500461073200808e-14
		},
		"ed_1322":{
			"Re":-1.662730363499958e-14,
			"Im":1.500461073200808e-14
		},
		"ed_1333":{
			"Re":-1.662730363499958e-14,
			"Im":1.500461073200808e-14
		},
		"ed_2211":9.919261859706994e-12,
		"ed_2222":9.919261859706994e-12,
		"ed_2233":9.919261859706994e-12,
		"ed_2311":{
			"Re":1.1461603643909137e-13,
			"Im":-1.7333479022416197e-13
		},
		"ed_2322":{
			"Re":1.1461603643909137e-13,
			"Im":-1.7333479022416197e-13
		},
		"ed_2333":{
			"Re":1.1461603643909137e-13,
			"Im":-1.7333479022416197e-13
		},
		"ed_3311":3.5250447010909894e-12,
		"ed_3322":3.5250447010909894e-12,
		"ed_3333":3.5250447010909894e-12,
		"ee_1111":-7.477760893451908e-10,
		"ee_1112":{
			"Re":-8.124632132449666e-13,
			"Im":-1.0265606411585734e-12
		},
		"ee_1113":{
			"Re":1.3671656232846631e-12,
			"Im":3.5847632352010674e-13
		},
		"ee_1122":-2.1261168947796693e-9,
		"ee_1123":{
			"Re":-2.411522798134656e-11,
			"Im":3.6451935981033544e-11
		},
		"ee_1133":-7.802269929435604e-10,
		"ee_1212":{
			"Re":3.584889827966264e-10,
			"Im":-2.980977092223288e-10
		},
		"ee_1213":{
			"Re":-6.6650771651598745e-12,
			"Im":-6.562280605459205e-11
		},
		"ee_1222":{
			"Re":1.8803362030065843e-13,
			"Im":1.4958523811823936e-12
		},
		"ee_1223":{
			"Re":2.973406134661175e-12,
			"Im":-2.519537274911155e-12
		},
		"ee_1232":{
			"Re":-3.107123035148239e-12,
			"Im":-1.0716216557384516e-12
		},
		"ee_1233":{
			"Re":-5.398760343556876e-13,
			"Im":4.807869392552951e-13
		},
		"ee_1313":{
			"Re":1.5291194070495255e-10,
			"Im":8.308898817437013e-11
		},
		"ee_1323":{
			"Re":-2.387710268575308e-13,
			"Im":3.586324158073483e-13
		},
		"ee_1333":{
			"Re":9.64806356239048e-13,
			"Im":-2.1415018820265245e-12
		},
		"ee_2222":-4.763552978246532e-10,
		"ee_2223":{
			"Re":1.0090615765692084e-11,
			"Im":-1.4478063091296266e-11
		},
		"ee_2233":-6.152585904790395e-10,
		"ee_2323":{
			"Re":5.141959994895253e-11,
			"Im":1.289424382992943e-10
		},
		"ee_2333":{
			"Re":-1.809061839424847e-11,
			"Im":2.6836276309322662e-11
		},
		"ee_3333":-6.257038954795762e-11,
		"ephi_11":4.2288980663402776e-17,
		"ephi_12":1.3135360202318526e-20,
		"ephi_13":{
			"Re":-5.48596571751664e-20,
			"Im":4.949828128805176e-20
		},
		"ephi_21":{
			"Re":2.7159849278047377e-18,
			"Im":2.0249141017345746e-18
		},
		"ephi_22":6.9923214086797195e-15,
		"ephi_23":{
			"Re":7.818562263651873e-17,
			"Im":-1.1824177352371673e-16
		},
		"ephi_31":{
			"Re":-1.9022863481117047e-16,
			"Im":-1.7163796453514496e-16
		},
		"ephi_32":{
			"Re":1.311186885991696e-15,
			"Im":1.982935595499189e-15
		},
		"ephi_33":4.4544065004814834e-14,
		"eu_1111":-2.4991476981872067e-11,
		"eu_1122":-2.4991476981872067e-11,
		"eu_1133":-2.4991476981872067e-11,
		"eu_1211":{
			"Re":-7.989204762768151e-15,
			"Im":5.956544560792852e-15
		},
		"eu_1222":{
			"Re":-7.989204762768151e-15,
			"Im":5.956544560792852e-15
		},
		"eu_1233":{
			"Re":-7.989204762768151e-15,
			"Im":5.956544560792852e-15
		},
		"eu_1311":{
			"Re":3.325460726999916e-14,
			"Im":-3.000922146401616e-14
		},
		"eu_1322":{
			"Re":3.325460726999916e-14,
			"Im":-3.000922146401616e-14
		},
		"eu_1333":{
			"Re":3.325460726999916e-14,
			"Im":-3.000922146401616e-14
		},
		"eu_2211":-1.9838523719413987e-11,
		"eu_2222":-1.9838523719413987e-11,
		"eu_2233":-1.9838523719413987e-11,
		"eu_2311":{
			"Re":-2.2923207287818273e-13,
			"Im":3.4666958044832394e-13
		},
		"eu_2322":{
			"Re":-2.2923207287818273e-13,
			"Im":3.4666958044832394e-13
		},
		"eu_2333":{
			"Re":-2.2923207287818273e-13,
			"Im":3.4666958044832394e-13
		},
		"eu_3311":-7.050089402181979e-12,
		"eu_3322":-7.050089402181979e-12,
		"eu_3333":-7.050089402181979e-12,
		"phi":4.444212260758457e-16,
		"phiB":-2.3146933551044195e-13,
		"phiBox":-1.5263958517724423e-13,
		"phid_11":1.765430617822354e-13,
		"phid_22":1.765430617822354e-13,
		"phid_33":1.765430617822354e-13,
		"phiD":-5.296291853467063e-13,
		"phie_11":-1.874360773640407e-11,
		"phie_12":{
			"Re":-5.991903572076131e-15,
			"Im":4.4674084205946544e-15
		},
		"phie_13":{
			"Re":2.4940955452499416e-14,
			"Im":-2.2506916098012168e-14
		},
		"phie_22":-1.4878892789560498e-11,
		"phie_23":{
			"Re":-1.719240546586373e-13,
			"Im":2.600021853362433e-13
		},
		"phie_33":-5.28756705163648e-12,
		"phil1_11":2.6481459098680825e-13,
		"phil1_22":2.64756903038903e-13,
		"phil1_23":{
			"Re":-1.0800753581589787e-17,
			"Im":1.6334531457375252e-17
		},
		"phil1_33":2.5864379258266576e-13,
		"phil3_22":-5.768963445013895e-17,
		"phil3_23":{
			"Re":-1.0800753581589787e-17,
			"Im":1.6334531457375252e-17
		},
		"phil3_33":-6.170800090687341e-15,
		"phiq1_11":-8.82715308911177e-14,
		"phiq1_22":-8.82715308911177e-14,
		"phiq1_33":-8.82715308911177e-14,
		"phiu_11":-3.530861235644708e-13,
		"phiu_22":-3.530861235644708e-13,
		"phiu_33":-3.530861235644708e-13,
		"ld_1111":-1.765430617822354e-13,
		"ld_1122":-1.765430617822354e-13,
		"ld_1133":-1.765430617822354e-13,
		"ld_2211":-1.765430617822354e-13,
		"ld_2222":-1.765430617822354e-13,
		"ld_2233":-1.765430617822354e-13,
		"ld_3311":-1.765430617822354e-13,
		"ld_3322":-1.765430617822354e-13,
		"ld_3333":-1.765430617822354e-13,
		"le_1111":1.874360773640407e-11,
		"le_1112":{
			"Re":5.991903572076131e-15,
			"Im":-4.4674084205946544e-15
		},
		"le_1113":{
			"Re":-2.4940955452499416e-14,
			"Im":2.2506916098012168e-14
		},
		"le_1122":1.4878892789560498e-11,
		"le_1123":{
			"Re":1.719240546586373e-13,
			"Im":-2.600021853362433e-13
		},
		"le_1133":5.28756705163648e-12,
		"le_2211":1.874360773640407e-11,
		"le_2212":{
			"Re":5.991903572076131e-15,
			"Im":-4.4674084205946544e-15
		},
		"le_2213":{
			"Re":-2.4940955452499416e-14,
			"Im":2.2506916098012168e-14
		},
		"le_2222":1.4878892789560498e-11,
		"le_2223":{
			"Re":1.719240546586373e-13,
			"Im":-2.600021853362433e-13
		},
		"le_2233":5.28756705163648e-12,
		"le_3311":1.874360773640407e-11,
		"le_3312":{
			"Re":5.991903572076131e-15,
			"Im":-4.4674084205946544e-15
		},
		"le_3313":{
			"Re":-2.4940955452499416e-14,
			"Im":2.2506916098012168e-14
		},
		"le_3322":1.4878892789560498e-11,
		"le_3323":{
			"Re":1.719240546586373e-13,
			"Im":-2.600021853362433e-13
		},
		"le_3333":5.28756705163648e-12,
		"ll_1111":-1.3240729633667657e-13,
		"ll_1122":-2.6481459267335313e-13,
		"ll_1133":-2.6481459267335313e-13,
		"ll_2222":-1.3240729633667657e-13,
		"ll_2233":-2.6481459267335313e-13,
		"ll_3333":-1.3240729633667657e-13,
		"lq1_1111":8.82715308911177e-14,
		"lq1_1122":8.82715308911177e-14,
		"lq1_1133":8.82715308911177e-14,
		"lq1_2211":8.82715308911177e-14,
		"lq1_2222":8.82715308911177e-14,
		"lq1_2233":8.82715308911177e-14,
		"lq1_3311":8.82715308911177e-14,