{
	"eft":"SMEFT",
	"basis":"Warsaw",
	"scale":1000,
	"values":{
		"dd_1111":-1.4971978542958437e-12,
		"dd_1122":-2.9943957085916873e-12,
		"dd_1133":-2.9943957085916873e-12,
		"dd_2222":-1.4971978542958437e-12,
		"dd_2233":-2.9943957085916873e-12,
		"dd_3333":-1.4971978542958437e-12,
		"eB_11":5.311961529903231e-16,
		"eB_12":{
			"Re":8.472408564965363e-17,
			"Im":1.936089996166766e-17
		},
		"eB_13":{
			"Re":2.7558477544673584e-16,
			"Im":-5.515842277520896e-17
		},
		"eB_21":{
			"Re":1.7518487064075112e-14,
			"Im":-4.0032733658508814e-15
		},
		"eB_22":1.1219286156513824e-13,
		"eB_23":{
			"Re":9.772769981206496e-14,
			"Im":-4.38853778872828e-14
		},
		"eB_31":{
			"Re":9.583069570148095e-13,
			"Im":1.9180558939716622e-13
		},
		"eB_32":{
			"Re":1.6435290708598589e-12,
			"Im":7.380394144354484e-13
		},
		"eB_33":7.154862384876269e-12,
		"ed_1111":2.597039814171664e-11,
		"ed_1122":2.597039814171664e-11,
		"ed_1133":2.597039814171664e-11,
		"ed_1211":{
			"Re":5.62636262063078e-12,
			"Im":1.2858554831515494e-12
		},
		"ed_1222":{
			"Re":5.62636262063078e-12,
			"Im":1.2858554831515494e-12
		},
		"ed_1233":{
			"Re":5.62636262063078e-12,
			"Im":1.2858554831515494e-12
		},
		"ed_1311":{
			"Re":1.8301179539263556e-11,
			"Im":-3.662338646914913e-12
		},
		"ed_1322":{
			"Re":1.8301179539263556e-11,
			"Im":-3.662338646914913e-12
		},
		"ed_1333":{
			"Re":1.8301179539263556e-11,
			"Im":-3.662338646914913e-12
		},
		"ed_2211":2.677715807964693e-11,
		"ed_2222":2.677715807964693e-11,
		"ed_2233":2.677715807964693e-11,
		"ed_2311":{
			"Re":3.137140280404569e-11,
			"Im":-1.4087309008663915e-11
		},
		"ed_2322":{
			"Re":3.137140280404569e-11,
			"Im":-1.4087309008663915e-11
		},
		"ed_2333":{
			"Re":3.137140280404569e-11,
			"Im":-1.4087309008663915e-11
		},
		"ed_3311":1.2733392750544244e-10,
		"ed_3322":1.2733392750544244e-10,
		"ed_3333":1.2733392750544244e-10,
		"ee_1111":-1.392577475214988e-10,
		"ee_1112":{
			"Re":-1.0080666425175968e-10,
			"Im":-1.0067970464547323e-10
		},
		"ee_1113":{
			"Re":-4.411182258401549e-10,
			"Im":-1.6107476114535416e-10
		},
		"ee_1122":-5.733569080798109e-10,
		"ee_1123":{
			"Re":-5.311132841408206e-10,
			"Im":2.3259091263975656e-10
		},
		"ee_1133":-2.265100043965866e-9,
		"ee_1212":{
			"Re":-9.303434427948007e-11,
			"Im":-8.270534645310147e-11
		},
		"ee_1213":{
			"Re":1.1124954556120256e-11,
			"Im":-4.2834178359218066e-10
		},
		"ee_1222":{
			"Re":-6.987040154497005e-11,
			"Im":-6.971597206423159e-11
		},
		"ee_1223":{
			"Re":-2.494109613026969e-10,
			"Im":1.2200148838463854e-10
		},
		"ee_1232":{
			"Re":7.813842959517839e-11,
			"Im":-1.5004418576779702e-10
		},
		"ee_1233":{
			"Re":-2.4011743531066825e-10,
			"Im":2.1069863710043202e-10
		},
		"ee_1313":{
			"Re":-3.640347640363294e-10,
			"Im":-5.653428771453192e-10
		},
		"ee_1323":{
			"Re":-1.859151617890811e-11,
			"Im":7.72366953389166e-11
		},
		"ee_1333":{
			"Re":-3.782944769040266e-10,
			"Im":2.9542956270511923e-10
		},
		"ee_2222":-2.1571640149606566e-10,
		"ee_2223":{
			"Re":-4.208029064327238e-10,
			"Im":5.490123652722167e-10
		},
		"ee_2233":-2.0051450658053957e-9,
		"ee_2323":{
			"Re":2.2328200687466136e-10,
			"Im":4.737609773781769e-10
		},
		"ee_2333":{
			"Re":-9.54055610202877e-10,
			"Im":7.391577669843629e-11
		},
		"ee_3333":-2.417843571267452e-9,
		"ephi_11":7.697323707322944e-15,
		"ephi_12":{
			"Re":1.2357350345246874e-15,
			"Im":2.8240775747545627e-16
		},
		"ephi_13":{
			"Re":4.019696717152845e-15,
			"Im":-8.044423550620777e-16
		},
		"ephi_21":{
			"Re":2.5551417836771816e-13,
			"Im":-5.839373660271619e-14
		},
		"ephi_22":1.6275707959045762e-12,
		"ephi_23":{
			"Re":1.4249531386646593e-12,
			"Im":-6.398777457572658e-13
		},
		"ephi_31":{
			"Re":1.3977361807702314e-11,
			"Im":2.7972214283742467e-12
		},
		"ephi_32":{
			"Re":2.3963091810625628e-11,
			"Im":1.076066906690309e-11
		},
		"ephi_33":1.041860091903338e-10,
		"eu_1111":-5.194079628343328e-11,
		"eu_1122":-5.194079628343328e-11,
		"eu_1133":-5.194079628343328e-11,
		"eu_1211":{
			"Re":-1.125272524126156e-11,
			"Im":-2.571710966303099e-12
		},
		"eu_1222":{
			"Re":-1.125272524126156e-11,
			"Im":-2.571710966303099e-12
		},
		"eu_1233":{
			"Re":-1.125272524126156e-11,
			"Im":-2.571710966303099e-12
		},
		"eu_1311":{
			"Re":-3.660235907852711e-11,
			"Im":7.324677293829826e-12
		},
		"eu_1322":{
			"Re":-3.660235907852711e-11,
			"Im":7.324677293829826e-12
		},
		"eu_1333":{
			"Re":-3.660235907852711e-11,
			"Im":7.324677293829826e-12
		},
		"eu_2211":-5.355431615929386e-11,
		"eu_2222":-5.355431615929386e-11,
		"eu_2233":-5.355431615929386e-11,
		"eu_2311":{
			"Re":-6.274280560809138e-11,
			"Im":2.817461801732783e-11
		},
		"eu_2322":{
			"Re":-6.274280560809138e-11,
			"Im":2.817461801732783e-11
		},
		"eu_2333":{
			"Re":-6.274280560809138e-11,
			"Im":2.817461801732783e-11
		},
		"eu_3311":-2.546678550108849e-10,
		"eu_3322":-2.546678550108849e-10,
		"eu_3333":-2.546678550108849e-10,
		"phi":3.5154372016368378e-9,
		"phiB":-3.9895279582648996e-10,
		"phiBox":-2.3657571744398066e-9,
		"phid_11":4.491593562887531e-12,
		"phid_22":4.491593562887531e-12,
		"phid_33":4.491593562887531e-12,
		"phiD":-1.3474780688662592e-11,
		"phie_11":-3.895559721257495e-11,
		"phie_12":{
			"Re":-8.439543930946176e-12,
			"Im":-1.9287832247273257e-12
		},
		"phie_13":{
			"Re":-2.7451769308895355e-11,
			"Im":5.4935079703723745e-12
		},
		"phie_22":-4.016573711947042e-11,
		"phie_23":{
			"Re":-4.705710420606856e-11,
			"Im":2.113096351299588e-11
		},
		"phie_33":-1.9100089125816373e-10,
		"phil1_11":6.737390339933004e-12,
		"phil1_12":{
			"Re":-1.450526567409656e-19,
			"Im":-3.314700837196269e-20
		},
		"phil1_13":{
			"Re":-7.934758839614838e-18,
			"Im":1.5881457238895733e-18
		},
		"phil1_22":6.737198263501947e-12,
		"phil1_23":{
			"Re":-2.8138191912161172e-15,
			"Im":1.2635672255714227e-15
		},
		"phil1_33":6.5313843795148625e-12,
		"phil3_12":{
			"Re":-1.450526567409656e-19,
			"Im":-3.314700837196269e-20
		},
		"phil3_13":{
			"Re":-7.934758839614838e-18,
			"Im":1.5881457238895733e-18
		},
		"phil3_22":-1.920808293486872e-16,
		"phil3_23":{
			"Re":-2.8138191912161172e-15,
			"Im":1.2635672255714227e-15
		},
		"phil3_33":-2.060059648164331e-13,
		"phiq1_11":-2.2457967814437654e-12,
		"phiq1_22":-2.2457967814437654e-12,
		"phiq1_33":-2.2457967814437654e-12,
		"phiu_11":-8.983187125775062e-12,
		"phiu_22":-8.983187125775062e-12,
		"phiu_33":-8.983187125775062e-12,
		"ld_1111":-4.491593562887531e-12,
		"ld_1122":-4.491593562887531e-12,
		"ld_1133":-4.491593562887531e-12,
		"ld_2211":-4.491593562887531e-12,
		"ld_2222":-4.491593562887531e-12,
		"ld_2233":-4.491593562887531e-12,
		"ld_3311":-4.491593562887531e-12,
		"ld_3322":-4.491593562887531e-12,
		"ld_3333":-4.491593562887531e-12,
		"le_1111":3.895559721257495e-11,
		"le_1112":{
			"Re":8.439543930946176e-12,
			"Im":1.9287832247273257e-12
		},
		"le_1113":{
			"Re":2.7451769308895355e-11,
			"Im":-5.4935079703723745e-12
		},
		"le_1122":4.016573711947042e-11,
		"le_1123":{
			"Re":4.705710420606856e-11,
			"Im":-2.113096351299588e-11
		},
		"le_1133":1.9100089125816373e-10,
		"le_2211":3.895559721257495e-11,
		"le_2212":{
			"Re":8.439543930946176e-12,
			"Im":1.9287832247273257e-12
		},
		"le_2213":{
			"Re":2.7451769308895355e-11,
			"Im":-5.4935079703723745e-12
		},
		"le_2222":4.016573711947042e-11,
		"le_2223":{
			"Re":4.705710420606856e-11,
			"Im":-2.113096351299588e-11
		},
		"le_2233":1.9100089125816373e-10,
		"le_3311":3.895559721257495e-11,
		"le_3312":{
			"Re":8.439543930946176e-12,
			"Im":1.9287832247273257e-12
		},
		"le_3313":{
			"Re":2.7451769308895355e-11,
			"Im":-5.4935079703723745e-12
		},
		"le_3322":4.016573711947042e-11,
		"le_3323":{
			"Re":4.705710420606856e-11,
			"Im":-2.113096351299588e-11
		},
		"le_3333":1.9100089125816373e-10,
		"ll_1111":-3.368695172165648e-12,
		"ll_1122":-6.737390344331296e-12,
		"ll_1133":-6.737390344331296e-12,