{
	"eft":"SMEFT",
	"basis":"Warsaw",
	"scale":1000,
	"values":{
		"dd_1111":-2.4411015866372484e-13,
		"dd_1122":-4.882203173274497e-13,
		"dd_1133":-4.882203173274497e-13,
		"dd_2222":-2.4411015866372484e-13,
		"dd_2233":-4.882203173274497e-13,
		"dd_3333":-2.4411015866372484e-13,
		"eB_11":3.262078393445254e-16,
		"eB_12":{
			"Re":-9.144882307531613e-19,
			"Im":-2.35068947579732e-19
		},
		"eB_13":{
			"Re":-1.5036282286137177e-18,
			"Im":-9.14768151577659e-18
		},
		"eB_21":{
			"Re":-1.8908967996356006e-16,
			"Im":4.860545010034163e-17
		},
		"eB_22":2.3646383297767965e-14,
		"eB_23":{
			"Re":8.012889915106548e-15,
			"Im":1.8240836082522992e-14
		},
		"eB_31":{
			"Re":-5.228653832232047e-15,
			"Im":3.180976461023246e-14
		},
		"eB_32":{
			"Re":1.347562414996237e-13,
			"Im":-3.0676404372626815e-13
		},
		"eB_33":3.653075582356733e-12,
		"ed_1111":2.3971148716585155e-11,
		"ed_1122":2.3971148716585155e-11,
		"ed_1133":2.3971148716585155e-11,
		"ed_1211":{
			"Re":-4.115667878543468e-14,
			"Im":-3.987783020522821e-15
		},
		"ed_1222":{
			"Re":-4.115667878543468e-14,
			"Im":-3.987783020522821e-15
		},
		"ed_1233":{
			"Re":-4.115667878543468e-14,
			"Im":-3.987783020522821e-15
		},
		"ed_1311":{
			"Re":-1.2704196674772888e-13,
			"Im":-3.857087510124138e-13
		},
		"ed_1322":{
			"Re":-1.2704196674772888e-13,
			"Im":-3.857087510124138e-13
		},
		"ed_1333":{
			"Re":-1.2704196674772888e-13,
			"Im":-3.857087510124138e-13
		},
		"ed_2211":7.980840069274667e-12,
		"ed_2222":7.980840069274667e-12,
		"ed_2233":7.980840069274667e-12,
		"ed_2311":{
			"Re":2.4161266013975957e-12,
			"Im":5.499984161926947e-12
		},
		"ed_2322":{
			"Re":2.4161266013975957e-12,
			"Im":5.499984161926947e-12
		},
		"ed_2333":{
			"Re":2.4161266013975957e-12,
			"Im":5.499984161926947e-12
		},
		"ed_3311":6.63483996999346e-11,
		"ed_3322":6.63483996999346e-11,
		"ed_3333":6.63483996999346e-11,
		"ee_1111":-1.561371517262089e-11,
		"ee_1112":{
			"Re":1.802042555784122e-11,
			"Im":1.3008829716014757e-11
		},
		"ee_1113":{
			"Re":-4.5952531032957274e-11,
			"Im":2.1339970437993697e-10
		},
		"ee_1122":-6.875910106612241e-10,
		"ee_1123":{
			"Re":-2.1104583557093801e-10,
			"Im":-4.804137979317273e-10
		},
		"ee_1133":-5.785848372016769e-9,
		"ee_1212":{
			"Re":3.607384731241929e-10,
			"Im":1.788908047629738e-11
		},
		"ee_1213":{
			"Re":2.9922471328649514e-10,
			"Im":-3.145845393180367e-10
		},
		"ee_1222":{
			"Re":6.604008577469848e-12,
			"Im":-3.982309513400799e-12
		},
		"ee_1223":{
			"Re":4.062757864851251e-12,
			"Im":5.9645067187661845e-12
		},
		"ee_1232":{
			"Re":-1.642133976356758e-11,
			"Im":-6.466583325991301e-11
		},
		"ee_1233":{
			"Re":-4.9258433356428055e-11,
			"Im":-3.096870645939512e-11
		},
		"ee_1313":{
			"Re":1.726287742106886e-9,
			"Im":9.698314261416724e-10
		},
		"ee_1323":{
			"Re":2.7697413180262745e-11,
			"Im":-1.1511244325244203e-12
		},
		"ee_1333":{
			"Re":1.0192985646179194e-10,
			"Im":-2.4185560989549133e-10
		},
		"ee_2222":1.4830646832731227e-11,
		"ee_2223":{
			"Re":2.911479123549695e-11,
			"Im":-2.8140906123250554e-10
		},
		"ee_2233":-1.920270927938314e-9,
		"ee_2323":{
			"Re":6.793800851813862e-10,
			"Im":2.6447989105436016e-10
		},
		"ee_2333":{
			"Re":-4.0334291358606527e-10,
			"Im":-5.703169294185145e-10
		},
		"ee_3333":-4.505144770858279e-9,
		"ephi_11":-4.986942770695508e-16,
		"ephi_12":{
			"Re":9.582780880465195e-19,
			"Im":1.5018335415276437e-19
		},
		"ephi_13":{
			"Re":2.440712309853327e-18,
			"Im":9.20136303301205e-18
		},
		"ephi_21":{
			"Re":1.9814454709889775e-16,
			"Im":-3.105366890683386e-17
		},
		"ephi_22":-3.774309379022836e-14,
		"ephi_23":{
			"Re":-1.0418767096196598e-14,
			"Im":-2.3717135456107448e-14
		},
		"ephi_31":{
			"Re":8.490303761354431e-15,
			"Im":-3.201512973192678e-14
		},
		"ephi_32":{
			"Re":-1.752958394955487e-13,
			"Im":3.990409972174305e-13
		},
		"ephi_33":-4.867322679710729e-12,
		"eu_1111":-4.794229743317031e-11,
		"eu_1122":-4.794229743317031e-11,
		"eu_1133":-4.794229743317031e-11,
		"eu_1211":{
			"Re":8.231335757086935e-14,
			"Im":7.975566041045642e-15
		},
		"eu_1222":{
			"Re":8.231335757086935e-14,
			"Im":7.975566041045642e-15
		},
		"eu_1233":{
			"Re":8.231335757086935e-14,
			"Im":7.975566041045642e-15
		},
		"eu_1311":{
			"Re":2.5408393349545777e-13,
			"Im":7.714175020248276e-13
		},
		"eu_1322":{
			"Re":2.5408393349545777e-13,
			"Im":7.714175020248276e-13
		},
		"eu_1333":{
			"Re":2.5408393349545777e-13,
			"Im":7.714175020248276e-13
		},
		"eu_2211":-1.5961680138549334e-11,
		"eu_2222":-1.5961680138549334e-11,
		"eu_2233":-1.5961680138549334e-11,
		"eu_2311":{
			"Re":-4.8322532027951915e-12,
			"Im":-1.0999968323853894e-11
		},
		"eu_2322":{
			"Re":-4.8322532027951915e-12,
			"Im":-1.0999968323853894e-11
		},
		"eu_2333":{
			"Re":-4.8322532027951915e-12,
			"Im":-1.0999968323853894e-11
		},
		"eu_3311":-1.326967993998692e-10,
		"eu_3322":-1.326967993998692e-10,
		"eu_3333":-1.326967993998692e-10,
		"phi":-4.647367600891221e-13,
		"phiB":6.065526597439214e-12,
		"phiBox":-3.898429145167793e-12,
		"phid_11":7.323304759911745e-13,
		"phid_22":7.323304759911745e-13,
		"phid_33":7.323304759911745e-13,
		"phiD":-2.196991427973523e-12,
		"phie_11":-3.595672307487771e-11,
		"phie_12":{
			"Re":6.17350181781523e-14,
			"Im":5.9816745307844086e-15
		},
		"phie_13":{
			"Re":1.905629501215931e-13,
			"Im":5.785631265186245e-13
		},
		"phie_22":-1.1971260103911998e-11,
		"phie_23":{
			"Re":-3.624189902096398e-12,
			"Im":-8.249976242890433e-12
		},
		"phie_33":-9.952259954990202e-11,
		"phil1_11":1.0984957112857685e-12,
		"phil1_13":{
			"Re":4.329312952483141e-20,
			"Im":2.633840953355503e-19
		},
		"phil1_22":1.0984552299768917e-12,
		"phil1_23":{
			"Re":-2.3071067326446285e-16,
			"Im":-5.251982266187952e-16
		},
		"phil1_33":9.933147448207468e-13,
		"phil3_13":{
			"Re":4.329312952483141e-20,
			"Im":2.633840953355503e-19
		},
		"phil3_22":-4.048400986987179e-17,
		"phil3_23":{
			"Re":-2.3071067326446285e-16,
			"Im":-5.251982266187952e-16
		},
		"phil3_33":-1.0518096916601483e-13,
		"phiq1_11":-3.6616523799558723e-13,
		"phiq1_22":-3.6616523799558723e-13,
		"phiq1_33":-3.6616523799558723e-13,
		"phiu_11":-1.464660951982349e-12,
		"phiu_22":-1.464660951982349e-12,
		"phiu_33":-1.464660951982349e-12,
		"ld_1111":-7.323304759911745e-13,
		"ld_1122":-7.323304759911745e-13,
		"ld_1133":-7.323304759911745e-13,
		"ld_2211":-7.323304759911745e-13,
		"ld_2222":-7.323304759911745e-13,
		"ld_2233":-7.323304759911745e-13,
		"ld_3311":-7.323304759911745e-13,
		"ld_3322":-7.323304759911745e-13,
		"ld_3333":-7.323304759911745e-13,
		"le_1111":3.595672307487771e-11,
		"le_1112":{
			"Re":-6.17350181781523e-14,
			"Im":-5.9816745307844086e-15
		},
		"le_1113":{
			"Re":-1.905629501215931e-13,
			"Im":-5.785631265186245e-13
		},
		"le_1122":1.1971260103911998e-11,
		"le_1123":{
			"Re":3.624189902096398e-12,
			"Im":8.249976242890433e-12
		},
		"le_1133":9.952259954990202e-11,
		"le_2211":3.595672307487771e-11,
		"le_2212":{
			"Re":-6.17350181781523e-14,
			"Im":-5.9816745307844086e-15
		},
		"le_2213":{
			"Re":-1.905629501215931e-13,
			"Im":-5.785631265186245e-13
		},
		"le_2222":1.1971260103911998e-11,
		"le_2223":{
			"Re":3.624189902096398e-12,
			"Im":8.249976242890433e-12
		},
		"le_2233":9.952259954990202e-11,
		"le_3311":3.595672307487771e-11,
		"le_3312":{
			"Re":-6.17350181781523e-14,
			"Im":-5.9816745307844086e-15
		},
		"le_3313":{
			"Re":-1.905629501215931e-13,
			"Im":-5.785631265186245e-13
		},
		"le_3322":1.1971260103911998e-11,
		"le_3323":{
			"Re":3.624189902096398e-12,
			"Im":8.249976242890433e-12
		},
		"le_3333":9.952259954990202e-11,
		"ll_1111":-5.492478569933808e-13,
		"ll_1122":-1.0984957139867616e-12,
		"ll_1133":-1.0984957139867616e-12,
		"ll_2222":-5.492478569933808e-13,
		"ll_2233":-1.0984957139867616e-12,
		"ll_3333":-5.492478569933808e-13,
		"lq1_1111":3.6616523799558723e-13,