{
	"eft":"SMEFT",
	"basis":"Warsaw",
	"scale":1000,
	"values":{
		"dd_1111":-8.756890865310463e-14,
		"dd_1122":-1.7513781730620925e-13,
		"dd_1133":-1.7513781730620925e-13,
		"dd_2222":-8.756890865310463e-14,
		"dd_2233":-1.7513781730620925e-13,
		"dd_3333":-8.756890865310463e-14,
		"eB_11":2.311520305795433e-16,
		"eB_12":{
			"Re":0.0,
			"Im":7.240943868337609e-20
		},
		"eB_13":{
			"Re":-3.8095409519928434e-19,
			"Im":2.497897372631743e-18
		},
		"eB_21":{
			"Re":7.675390795718711e-19,
			"Im":-1.497217473832786e-17
		},
		"eB_22":2.2509055922976167e-15,
		"eB_23":{
			"Re":-1.7428715123968026e-18,
			"Im":4.031545550751057e-18
		},
		"eB_31":{
			"Re":-1.3247138167953698e-15,
			"Im":-8.686083714971261e-15
		},
		"eB_32":{
			"Re":-2.931062536932834e-17,
			"Im":-6.780024830111742e-17
		},
		"eB_33":8.389988914638407e-13,
		"ed_1111":1.3741102092483486e-11,
		"ed_1122":1.3741102092483486e-11,
		"ed_1133":1.3741102092483486e-11,
		"ed_1211":{
			"Re":2.290305135096554e-16,
			"Im":4.468944137753076e-15
		},
		"ed_1222":{
			"Re":2.290305135096554e-16,
			"Im":4.468944137753076e-15
		},
		"ed_1233":{
			"Re":2.290305135096554e-16,
			"Im":4.468944137753076e-15
		},
		"ed_1311":{
			"Re":-2.345775400233823e-14,
			"Im":1.5380783727718922e-13
		},
		"ed_1322":{
			"Re":-2.345775400233823e-14,
			"Im":1.5380783727718922e-13
		},
		"ed_1333":{
			"Re":-2.345775400233823e-14,
			"Im":1.5380783727718922e-13
		},
		"ed_2211":1.4790244388006146e-13,
		"ed_2222":1.4790244388006146e-13,
		"ed_2233":1.4790244388006146e-13,
		"ed_2311":{
			"Re":-5.18502354037243e-16,
			"Im":1.203423348273721e-15
		},
		"ed_2322":{
			"Re":-5.18502354037243e-16,
			"Im":1.203423348273721e-15
		},
		"ed_2333":{
			"Re":-5.18502354037243e-16,
			"Im":1.203423348273721e-15
		},
		"ed_3311":1.4364410302946248e-11,
		"ed_3322":1.4364410302946248e-11,
		"ed_3333":1.4364410302946248e-11,
		"ee_1111":-7.028721309668428e-10,
		"ee_1112":{
			"Re":-3.8689783970591005e-14,
			"Im":-4.547528564096532e-13
		},
		"ee_1113":{
			"Re":1.7248278976405268e-10,
			"Im":-6.055133919892248e-11
		},
		"ee_1122":-6.691178164042214e-11,
		"ee_1123":{
			"Re":5.2714947106470767e-14,
			"Im":-3.001036379163289e-13
		},
		"ee_1133":-2.2838284957322037e-9,
		"ee_1212":{
			"Re":1.2582653599578776e-11,
			"Im":-1.6199142659222593e-11
		},
		"ee_1213":{
			"Re":1.592260942984203e-13,
			"Im":3.5708874254459626e-14
		},
		"ee_1222":{
			"Re":-1.1228466308263308e-14,
			"Im":-2.88677448242716e-14
		},
		"ee_1223":{
			"Re":1.1111172993079769e-13,
			"Im":-7.280742322980814e-13
		},
		"ee_1232":{
			"Re":6.376343805082496e-12,
			"Im":-5.386442012957054e-12
		},
		"ee_1233":{
			"Re":1.6511816824456166e-14,
			"Im":-7.235497328874315e-13
		},
		"ee_1313":{
			"Re":-3.843466433762883e-10,
			"Im":2.1999123964629767e-10
		},
		"ee_1323":{
			"Re":1.40690989594964e-13,
			"Im":2.3981496568101413e-13
		},
		"ee_1333":{
			"Re":-1.6767617869580524e-10,
			"Im":2.9221427929413525e-11
		},
		"ee_2222":-3.7109040019350757e-13,
		"ee_2223":{
			"Re":5.61344517869383e-15,
			"Im":1.1368485776530672e-15
		},
		"ee_2233":-6.986192514019e-11,
		"ee_2323":{
			"Re":-1.982292786061708e-11,
			"Im":-8.166129577659266e-12
		},
		"ee_2333":{
			"Re":-3.1803945877252534e-14,
			"Im":-9.199896837666838e-14
		},
		"ee_3333":-7.663326554932599e-10,
		"ephi_11":-1.95571629213848e-15,
		"ephi_12":{
			"Re":-3.139951207491915e-20,
			"Im":-6.126267101725157e-19
		},
		"ephi_13":{
			"Re":3.2177285503134355e-18,
			"Im":-2.1098153543017403e-17
		},
		"ephi_21":{
			"Re":-6.492511273671173e-18,
			"Im":1.2667349137965795e-16
		},
		"ephi_22":-1.907279929055833e-14,
		"ephi_23":{
			"Re":1.4710810906533e-17,
			"Im":-3.4108368834086143e-17
		},
		"ephi_31":{
			"Re":1.1189973068595366e-14,
			"Im":7.337094056036425e-14
		},
		"ephi_32":{
			"Re":2.474152464231465e-16,
			"Im":5.73654923770789e-16
		},
		"ephi_33":-7.097569594189147e-12,
		"eu_1111":-2.7482204184966972e-11,
		"eu_1122":-2.7482204184966972e-11,
		"eu_1133":-2.7482204184966972e-11,
		"eu_1211":{
			"Re":-4.580610270193108e-16,
			"Im":-8.937888275506152e-15
		},
		"eu_1222":{
			"Re":-4.580610270193108e-16,
			"Im":-8.937888275506152e-15
		},
		"eu_1233":{
			"Re":-4.580610270193108e-16,
			"Im":-8.937888275506152e-15
		},
		"eu_1311":{
			"Re":4.691550800467646e-14,
			"Im":-3.0761567455437844e-13
		},
		"eu_1322":{
			"Re":4.691550800467646e-14,
			"Im":-3.0761567455437844e-13
		},
		"eu_1333":{
			"Re":4.691550800467646e-14,
			"Im":-3.0761567455437844e-13
		},
		"eu_2211":-2.958048877601229e-13,
		"eu_2222":-2.958048877601229e-13,
		"eu_2233":-2.958048877601229e-13,
		"eu_2311":{
			"Re":1.037004708074486e-15,
			"Im":-2.406846696547442e-15
		},
		"eu_2322":{
			"Re":1.037004708074486e-15,
			"Im":-2.406846696547442e-15
		},
		"eu_2333":{
			"Re":1.037004708074486e-15,
			"Im":-2.406846696547442e-15
		},
		"eu_3311":-2.8728820605892497e-11,
		"eu_3322":-2.8728820605892497e-11,
		"eu_3333":-2.8728820605892497e-11,
		"phi":-4.685317304810382e-11,
		"phiB":1.4252418349196435e-11,
		"phiBox":-5.174536861066484e-11,
		"phid_11":2.6270672595931386e-13,
		"phid_22":2.6270672595931386e-13,
		"phid_33":2.6270672595931386e-13,
		"phiD":-7.881201778779416e-13,
		"phie_11":-2.061165313872521e-11,
		"phie_12":{
			"Re":-3.435457702644832e-16,
			"Im":-6.703416206629607e-15
		},
		"phie_13":{
			"Re":3.5186631003508e-14,
			"Im":-2.3071175591578827e-13
		},
		"phie_22":-2.2185366582009126e-13,
		"phie_23":{
			"Re":7.777535310558637e-16,
			"Im":-1.805135022410582e-15
		},
		"phie_33":-2.1546615454419373e-11,
		"phil1_11":3.9406008702503747e-13,
		"phil1_13":{
			"Re":1.0968598934646808e-20,
			"Im":-7.192056682307836e-20
		},
		"phil1_22":3.94056235255172e-13,
		"phil1_23":{
			"Re":5.0181528050254074e-20,
			"Im":-1.1607804402211834e-19
		},
		"phil1_33":3.699032614811475e-13,
		"phil3_13":{
			"Re":1.0968598934646808e-20,
			"Im":-7.192056682307836e-20
		},
		"phil3_22":-3.8536837987959015e-18,
		"phil3_23":{
			"Re":5.0181528050254074e-20,
			"Im":-1.1607804402211834e-19
		},
		"phil3_33":-2.415682745782329e-14,
		"phiq1_11":-1.3135336297965693e-13,
		"phiq1_22":-1.3135336297965693e-13,
		"phiq1_33":-1.3135336297965693e-13,
		"phiu_11":-5.254134519186277e-13,
		"phiu_22":-5.254134519186277e-13,
		"phiu_33":-5.254134519186277e-13,
		"ld_1111":-2.6270672595931386e-13,
		"ld_1122":-2.6270672595931386e-13,
		"ld_1133":-2.6270672595931386e-13,
		"ld_2211":-2.6270672595931386e-13,
		"ld_2222":-2.6270672595931386e-13,
		"ld_2233":-2.6270672595931386e-13,
		"ld_3311":-2.6270672595931386e-13,
		"ld_3322":-2.6270672595931386e-13,
		"ld_3333":-2.6270672595931386e-13,
		"le_1111":2.061165313872521e-11,
		"le_1112":{
			"Re":3.435457702644832e-16,
			"Im":6.703416206629607e-15
		},
		"le_1113":{
			"Re":-3.5186631003508e-14,
			"Im":2.3071175591578827e-13
		},
		"le_1122":2.2185366582009126e-13,
		"le_1123":{
			"Re":-7.777535310558637e-16,
			"Im":1.805135022410582e-15
		},
		"le_1133":2.1546615454419373e-11,
		"le_2211":2.061165313872521e-11,
		"le_2212":{
			"Re":3.435457702644832e-16,
			"Im":6.703416206629607e-15
		},
		"le_2213":{
			"Re":-3.5186631003508e-14,
			"Im":2.3071175591578827e-13
		},
		"le_2222":2.2185366582009126e-13,
		"le_2223":{
			"Re":-7.777535310558637e-16,
			"Im":1.805135022410582e-15
		},
		"le_2233":2.1546615454419373e-11,
		"le_3311":2.061165313872521e-11,
		"le_3312":{
			"Re":3.435457702644832e-16,
			"Im":6.703416206629607e-15
		},
		"le_3313":{
			"Re":-3.5186631003508e-14,
			"Im":2.3071175591578827e-13
		},
		"le_3322":2.2185366582009126e-13,
		"le_3323":{
			"Re":-7.777535310558637e-16,
			"Im":1.805135022410582e-15
		},
		"le_3333":2.1546615454419373e-11,
		"ll_1111":-1.970300444694854e-13,
		"ll_1122":-3.940600889389708e-13,
		"ll_1133":-3.940600889389708e-13,
		"ll_2222":-1.970300444694854e-13,
		"ll_2233":-3.940600889389708e-13,
		"ll_3333":-1.970300444694854e-13,
		"lq1_1111":1.3135336297965693e-13,
		"lq1_1122":1.3135336297965693e-13,