{
	"eft":"SMEFT",
	"basis":"Warsaw",
	"scale":1000,
	"values":{
		"dd_1111":-1.4406636219293647e-13,
		"dd_1122":-2.8813272438587293e-13,
		"dd_1133":-2.8813272438587293e-13,
		"dd_2222":-1.4406636219293647e-13,
		"dd_2233":-2.8813272438587293e-13,
		"dd_3333":-1.4406636219293647e-13,
		"eB_11":3.023490188090433e-16,
		"eB_12":{
			"Re":-2.1157622991406493e-19,
			"Im":1.1860416897523418e-18
		},
		"eB_13":{
			"Re":-1.7355132590445462e-18,
			"Im":-2.9086018912775833e-18
		},
		"eB_21":{
			"Re":-4.374783650238768e-17,
			"Im":-2.4523907033117893e-16
		},
		"eB_22":3.879507659291612e-14,
		"eB_23":{
			"Re":4.170107636178006e-15,
			"Im":-3.663287509167949e-15
		},
		"eB_31":{
			"Re":-6.035001126015695e-15,
			"Im":1.0114250408351998e-14
		},
		"eB_32":{
			"Re":7.013050692744426e-14,
			"Im":6.160709325824138e-14
		},
		"eB_33":4.255761096345897e-13,
		"ed_1111":2.062914712989308e-11,
		"ed_1122":2.062914712989308e-11,
		"ed_1133":2.062914712989308e-11,
		"ed_1211":{
			"Re":-1.5221356382880866e-14,
			"Im":8.22612091749612e-14
		},
		"ed_1222":{
			"Re":-1.5221356382880866e-14,
			"Im":8.22612091749612e-14
		},
		"ed_1233":{
			"Re":-1.5221356382880866e-14,
			"Im":8.22612091749612e-14
		},
		"ed_1311":{
			"Re":-1.192450014243379e-13,
			"Im":-2.0271158105905298e-13
		},
		"ed_1322":{
			"Re":-1.192450014243379e-13,
			"Im":-2.0271158105905298e-13
		},
		"ed_1333":{
			"Re":-1.192450014243379e-13,
			"Im":-2.0271158105905298e-13
		},
		"ed_2211":1.2715770345175468e-11,
		"ed_2222":1.2715770345175468e-11,
		"ed_2233":1.2715770345175468e-11,
		"ed_2311":{
			"Re":1.4302339721086014e-12,
			"Im":-1.2566160843195795e-12
		},
		"ed_2322":{
			"Re":1.4302339721086014e-12,
			"Im":-1.2566160843195795e-12
		},
		"ed_2333":{
			"Re":1.4302339721086014e-12,
			"Im":-1.2566160843195795e-12
		},
		"ed_3311":8.088728872932637e-12,
		"ed_3322":8.088728872932637e-12,
		"ed_3333":8.088728872932637e-12,
		"ee_1111":-3.54260536647328e-10,
		"ee_1112":{
			"Re":7.275569697441001e-12,
			"Im":3.577022647874877e-12
		},
		"ee_1113":{
			"Re":-2.210485980156568e-11,
			"Im":5.72507723501771e-12
		},
		"ee_1122":-1.6418995100818356e-9,
		"ee_1123":{
			"Re":-1.8138173295410612e-10,
			"Im":1.5934734282312764e-10
		},
		"ee_1133":-1.05511810016513e-9,
		"ee_1212":{
			"Re":4.2064295790498975e-10,
			"Im":-4.509080670199289e-10
		},
		"ee_1213":{
			"Re":1.926024712595292e-10,
			"Im":-2.2797174468148072e-10
		},
		"ee_1222":{
			"Re":-3.0212229470337655e-12,
			"Im":-1.5067965965312376e-11
		},
		"ee_1223":{
			"Re":6.716394532865784e-12,
			"Im":1.109754649303748e-11
		},
		"ee_1232":{
			"Re":-6.094036401887869e-12,
			"Im":2.541744840929552e-11
		},
		"ee_1233":{
			"Re":-2.4413183350075148e-12,
			"Im":1.1240114514384444e-11
		},
		"ee_1313":{
			"Re":-3.8414480377109026e-10,
			"Im":-1.1562855453248002e-10
		},
		"ee_1323":{
			"Re":-1.2014744150655143e-12,
			"Im":5.7687506909525126e-12
		},
		"ee_1333":{
			"Re":2.3235351033676785e-11,
			"Im":6.781110974622296e-12
		},
		"ee_2222":-1.1704080261909472e-10,
		"ee_2223":{
			"Re":7.709823944992773e-11,
			"Im":8.913463316851749e-11
		},
		"ee_2233":-5.840787877238091e-10,
		"ee_2323":{
			"Re":-1.14064542423078e-10,
			"Im":-2.172831546468163e-10
		},
		"ee_2333":{
			"Re":-1.211277360313243e-10,
			"Im":-4.968132134539638e-11
		},
		"ee_3333":-4.4839710722965314e-11,
		"ephi_11":3.9213667589092354e-16,
		"ephi_12":{
			"Re":-2.768012346231668e-19,
			"Im":1.5110723246191107e-18
		},
		"ephi_13":{
			"Re":-2.1972236927599042e-18,
			"Im":-3.7203429601257706e-18
		},
		"ephi_21":{
			"Re":-5.723438746912162e-17,
			"Im":-3.124454822164051e-16
		},
		"ephi_22":5.097955778123179e-14,
		"ephi_23":{
			"Re":5.401461877487568e-15,
			"Im":-4.745556072352094e-15
		},
		"ephi_31":{
			"Re":-7.63698675643111e-15,
			"Im":1.2931020450721554e-14
		},
		"ephi_32":{
			"Re":9.079765328944712e-14,
			"Im":7.977199285228365e-14
		},
		"ephi_33":5.638585562372389e-13,
		"eu_1111":-4.125829425978616e-11,
		"eu_1122":-4.125829425978616e-11,
		"eu_1133":-4.125829425978616e-11,
		"eu_1211":{
			"Re":3.044271276576173e-14,
			"Im":-1.645224183499224e-13
		},
		"eu_1222":{
			"Re":3.044271276576173e-14,
			"Im":-1.645224183499224e-13
		},
		"eu_1233":{
			"Re":3.044271276576173e-14,
			"Im":-1.645224183499224e-13
		},
		"eu_1311":{
			"Re":2.384900028486758e-13,
			"Im":4.0542316211810596e-13
		},
		"eu_1322":{
			"Re":2.384900028486758e-13,
			"Im":4.0542316211810596e-13
		},
		"eu_1333":{
			"Re":2.384900028486758e-13,
			"Im":4.0542316211810596e-13
		},
		"eu_2211":-2.5431540690350935e-11,
		"eu_2222":-2.5431540690350935e-11,
		"eu_2233":-2.5431540690350935e-11,
		"eu_2311":{
			"Re":-2.860467944217203e-12,
			"Im":2.513232168639159e-12
		},
		"eu_2322":{
			"Re":-2.860467944217203e-12,
			"Im":2.513232168639159e-12
		},
		"eu_2333":{
			"Re":-2.860467944217203e-12,
			"Im":2.513232168639159e-12
		},
		"eu_3311":-1.6177457745865273e-11,
		"eu_3322":-1.6177457745865273e-11,
		"eu_3333":-1.6177457745865273e-11,
		"phi":2.0534545383017037e-13,
		"phiB":-3.250466478432709e-12,
		"phiBox":-1.9538816389963216e-12,
		"phid_11":4.321990865788094e-13,
		"phid_22":4.321990865788094e-13,
		"phid_33":4.321990865788094e-13,
		"phiD":-1.2965972597364281e-12,
		"phie_11":-3.094372069483962e-11,
		"phie_12":{
			"Re":2.2832034574321292e-14,
			"Im":-1.2339181376244188e-13
		},
		"phie_13":{
			"Re":1.7886750213650702e-13,
			"Im":3.0406737158857966e-13
		},
		"phie_22":-1.9073655517763185e-11,
		"phie_23":{
			"Re":-2.1453509581629003e-12,
			"Im":1.884924126479368e-12
		},
		"phie_33":-1.2133093309398945e-11,
		"phil1_11":6.482986273647713e-13,
		"phil1_13":{
			"Re":4.9969665962675997e-20,
			"Im":8.374575311833903e-20
		},
		"phil1_22":6.482322103974683e-13,
		"phil1_23":{
			"Re":-1.2006758491890684e-16,
			"Im":1.0547499548297462e-16
		},
		"phil1_33":6.360452541424399e-13,
		"phil3_13":{
			"Re":4.9969665962675997e-20,
			"Im":8.374575311833903e-20
		},
		"phil3_22":-6.641947074579894e-17,
		"phil3_23":{
			"Re":-1.2006758491890684e-16,
			"Im":1.0547499548297462e-16
		},
		"phil3_33":-1.2253375725774173e-14,
		"phiq1_11":-2.160995432894047e-13,
		"phiq1_22":-2.160995432894047e-13,
		"phiq1_33":-2.160995432894047e-13,
		"phiu_11":-8.643981731576188e-13,
		"phiu_22":-8.643981731576188e-13,
		"phiu_33":-8.643981731576188e-13,
		"ld_1111":-4.321990865788094e-13,
		"ld_1122":-4.321990865788094e-13,
		"ld_1133":-4.321990865788094e-13,
		"ld_2211":-4.321990865788094e-13,
		"ld_2222":-4.321990865788094e-13,
		"ld_2233":-4.321990865788094e-13,
		"ld_3311":-4.321990865788094e-13,
		"ld_3322":-4.321990865788094e-13,
		"ld_3333":-4.321990865788094e-13,
		"le_1111":3.094372069483962e-11,
		"le_1112":{
			"Re":-2.2832034574321292e-14,
			"Im":1.2339181376244188e-13
		},
		"le_1113":{
			"Re":-1.7886750213650702e-13,
			"Im":-3.0406737158857966e-13
		},
		"le_1122":1.9073655517763185e-11,
		"le_1123":{
			"Re":2.1453509581629003e-12,
			"Im":-1.884924126479368e-12
		},
		"le_1133":1.2133093309398945e-11,
		"le_2211":3.094372069483962e-11,
		"le_2212":{
			"Re":-2.2832034574321292e-14,
			"Im":1.2339181376244188e-13
		},
		"le_2213":{
			"Re":-1.7886750213650702e-13,
			"Im":-3.0406737158857966e-13
		},
		"le_2222":1.9073655517763185e-11,
		"le_2223":{
			"Re":2.1453509581629003e-12,
			"Im":-1.884924126479368e-12
		},
		"le_2233":1.2133093309398945e-11,
		"le_3311":3.094372069483962e-11,
		"le_3312":{
			"Re":-2.2832034574321292e-14,
			"Im":1.2339181376244188e-13
		},
		"le_3313":{
			"Re":-1.7886750213650702e-13,
			"Im":-3.0406737158857966e-13
		},
		"le_3322":1.9073655517763185e-11,
		"le_3323":{
			"Re":2.1453509581629003e-12,
			"Im":-1.884924126479368e-12
		},
		"le_3333":1.2133093309398945e-11,
		"ll_1111":-3.2414931493410703e-13,
		"ll_1122":-6.482986298682141e-13,
		"ll_1133":-6.482986298682141e-13,
		"ll_2222":-3.2414931493410703e-13,
		"ll_2233":-6.482986298682141e-13,
		"ll_3333":-3.2414931493410703e-13,
		"lq1_1111":2.160995432894047e-13,