{
	"eft":"SMEFT",
	"basis":"Warsaw",
	"scale":1000,
	"values":{
		"dd_1111":-5.4435202782182326e-14,
		"dd_1122":-1.0887040556436465e-13,
		"dd_1133":-1.0887040556436465e-13,
		"dd_2222":-5.4435202782182326e-14,
		"dd_2233":-1.0887040556436465e-13,
		"dd_3333":-5.4435202782182326e-14,
		"eB_11":1.014058840719891e-16,
		"eB_12":{
			"Re":2.395210297606758e-19,
			"Im":-1.9578953062986907e-18
		},
		"eB_13":{
			"Re":-4.590228783661787e-19,
			"Im":2.0591891795866354e-18
		},
		"eB_21":{
			"Re":4.95260117505117e-17,
			"Im":4.048360431771452e-16
		},
		"eB_22":5.922776656999954e-14,
		"eB_23":{
			"Re":1.893823462516095e-15,
			"Im":1.4011533182400123e-16
		},
		"eB_31":{
			"Re":-1.5961869339630977e-15,
			"Im":-7.160538216992057e-15
		},
		"eB_32":{
			"Re":3.1849249718423396e-14,
			"Im":-2.3563802439718273e-15
		},
		"eB_33":9.903885024777861e-13,
		"ed_1111":5.45289370553974e-12,
		"ed_1122":5.45289370553974e-12,
		"ed_1133":5.45289370553974e-12,
		"ed_1211":{
			"Re":1.5145004136542717e-14,
			"Im":-1.1001022230555265e-13
		},
		"ed_1222":{
			"Re":1.5145004136542717e-14,
			"Im":-1.1001022230555265e-13
		},
		"ed_1233":{
			"Re":1.5145004136542717e-14,
			"Im":-1.1001022230555265e-13
		},
		"ed_1311":{
			"Re":-2.648608437433335e-14,
			"Im":1.1653916467402005e-13
		},
		"ed_1322":{
			"Re":-2.648608437433335e-14,
			"Im":1.1653916467402005e-13
		},
		"ed_1333":{
			"Re":-2.648608437433335e-14,
			"Im":1.1653916467402005e-13
		},
		"ed_2211":1.5965724307183215e-11,
		"ed_2222":1.5965724307183215e-11,
		"ed_2233":1.5965724307183215e-11,
		"ed_2311":{
			"Re":5.192521792760091e-13,
			"Im":3.904043964105529e-14
		},
		"ed_2322":{
			"Re":5.192521792760091e-13,
			"Im":3.904043964105529e-14
		},
		"ed_2333":{
			"Re":5.192521792760091e-13,
			"Im":3.904043964105529e-14
		},
		"ed_3311":1.5872232463970325e-11,
		"ed_3322":1.5872232463970325e-11,
		"ed_3333":1.5872232463970325e-11,
		"ee_1111":-2.706824621371917e-10,
		"ee_1112":{
			"Re":3.573725769933193e-11,
			"Im":4.1162389772918695e-11
		},
		"ee_1113":{
			"Re":-9.597763238173373e-12,
			"Im":-2.1736886653632543e-11
		},
		"ee_1122":-1.8789422708007262e-9,
		"ee_1123":{
			"Re":-7.248640006067092e-11,
			"Im":-3.561227246190517e-12
		},
		"ee_1133":-1.89915764929419e-9,
		"ee_1212":{
			"Re":-4.911991596600959e-11,
			"Im":-1.5994433731651633e-10
		},
		"ee_1213":{
			"Re":-8.923260398669456e-11,
			"Im":5.285873059196671e-11
		},
		"ee_1222":{
			"Re":-1.0531013389576203e-10,
			"Im":-3.544103418122334e-11
		},
		"ee_1223":{
			"Re":-2.072475545305395e-11,
			"Im":3.2596186253878995e-11
		},
		"ee_1232":{
			"Re":2.996264190433235e-11,
			"Im":2.7424981990739352e-11
		},
		"ee_1233":{
			"Re":6.941066374852636e-12,
			"Im":1.4470701262078749e-11
		},
		"ee_1313":{
			"Re":-1.4692654795088145e-10,
			"Im":-8.806937020553952e-11
		},
		"ee_1323":{
			"Re":-1.265006317162836e-10,
			"Im":1.1838760281994016e-11
		},
		"ee_1333":{
			"Re":4.963302420949058e-11,
			"Im":-4.0202132845174354e-11
		},
		"ee_2222":{
			"Re":-2.2993106093622115e-9,
			"Im":3.8165531851828496e-20
		},
		"ee_2223":{
			"Re":-2.423420183478807e-10,
			"Im":-2.8160770255260385e-10
		},
		"ee_2233":{
			"Re":-5.295348516617436e-9,
			"Im":-1.456076468001262e-19
		},
		"ee_2323":{
			"Re":3.374330857149851e-10,
			"Im":-3.063265442095955e-10
		},
		"ee_2333":{
			"Re":-4.1922073999490965e-11,
			"Im":2.3614482427570655e-10
		},
		"ee_3333":{
			"Re":-2.2458970847489697e-9,
			"Im":3.462395805918271e-20
		},
		"ephi_11":1.6631344035842434e-15,
		"ephi_12":{
			"Re":4.220572142289715e-18,
			"Im":-3.180234568299183e-17
		},
		"ephi_13":{
			"Re":-7.592108355261805e-18,
			"Im":3.361271643963863e-17
		},
		"ephi_21":{
			"Re":8.726919764485866e-16,
			"Im":6.575803160451041e-15
		},
		"ephi_22":9.700445270708141e-13,
		"ephi_23":{
			"Re":3.094978828549769e-14,
			"Im":2.3150489899641654e-15
		},
		"ephi_31":{
			"Re":-2.639954153485707e-14,
			"Im":-1.1687924409378497e-13
		},
		"ephi_32":{
			"Re":5.204773471287674e-13,
			"Im":-3.893180192338398e-14
		},
		"ephi_33":1.622086260924452e-11,
		"eu_1111":-1.090578741107948e-11,
		"eu_1122":-1.090578741107948e-11,
		"eu_1133":-1.090578741107948e-11,
		"eu_1211":{
			"Re":-3.0290008273085433e-14,
			"Im":2.200204446111053e-13
		},
		"eu_1222":{
			"Re":-3.0290008273085433e-14,
			"Im":2.200204446111053e-13
		},
		"eu_1233":{
			"Re":-3.0290008273085433e-14,
			"Im":2.200204446111053e-13
		},
		"eu_1311":{
			"Re":5.29721687486667e-14,
			"Im":-2.330783293480401e-13
		},
		"eu_1322":{
			"Re":5.29721687486667e-14,
			"Im":-2.330783293480401e-13
		},
		"eu_1333":{
			"Re":5.29721687486667e-14,
			"Im":-2.330783293480401e-13
		},
		"eu_2211":-3.193144861436643e-11,
		"eu_2222":-3.193144861436643e-11,
		"eu_2233":-3.193144861436643e-11,
		"eu_2311":{
			"Re":-1.0385043585520182e-12,
			"Im":-7.808087928211057e-14
		},
		"eu_2322":{
			"Re":-1.0385043585520182e-12,
			"Im":-7.808087928211057e-14
		},
		"eu_2333":{
			"Re":-1.0385043585520182e-12,
			"Im":-7.808087928211057e-14
		},
		"eu_3311":-3.174446492794065e-11,
		"eu_3322":-3.174446492794065e-11,
		"eu_3333":-3.174446492794065e-11,
		"phi":2.50081743779953e-10,
		"phiB":-1.8142180931991475e-11,
		"phiBox":-1.344876253481518e-10,
		"phid_11":1.6330560834654697e-13,
		"phid_22":1.6330560834654697e-13,
		"phid_33":1.6330560834654697e-13,
		"phiD":-4.899168250396408e-13,
		"phie_11":-8.179340558309606e-12,
		"phie_12":{
			"Re":-2.271750620481395e-14,
			"Im":1.6501533345832926e-13
		},
		"phie_13":{
			"Re":3.972912656149967e-14,
			"Im":-1.7480874701103016e-13
		},
		"phie_22":-2.394858646077481e-11,
		"phie_23":{
			"Re":-7.788782689140063e-13,
			"Im":-5.856065946158556e-14
		},
		"phie_33":-2.3808348695955468e-11,
		"phil1_11":2.4495841168018206e-13,
		"phil1_13":{
			"Re":1.3216389895984884e-20,
			"Im":-5.92890863389598e-20
		},
		"phil1_22":2.448570110726648e-13,
		"phil1_23":{
			"Re":-5.4527803415518024e-17,
			"Im":-4.034262654582167e-18
		},
		"phil1_33":2.1644270837052724e-13,
		"phil3_13":{
			"Re":1.3216389895984884e-20,
			"Im":-5.92890863389598e-20
		},
		"phil3_22":-1.0140144715562732e-16,
		"phil3_23":{
			"Re":-5.4527803415518024e-17,
			"Im":-4.034262654582167e-18
		},
		"phil3_33":-2.8515704149293174e-14,
		"phiq1_11":-8.165280417327349e-14,
		"phiq1_22":-8.165280417327349e-14,
		"phiq1_33":-8.165280417327349e-14,
		"phiu_11":-3.2661121669309394e-13,
		"phiu_22":-3.2661121669309394e-13,
		"phiu_33":-3.2661121669309394e-13,
		"ld_1111":-1.6330560834654697e-13,
		"ld_1122":-1.6330560834654697e-13,
		"ld_1133":-1.6330560834654697e-13,
		"ld_2211":-1.6330560834654697e-13,
		"ld_2222":-1.6330560834654697e-13,
		"ld_2233":-1.6330560834654697e-13,
		"ld_3311":-1.6330560834654697e-13,
		"ld_3322":-1.6330560834654697e-13,
		"ld_3333":-1.6330560834654697e-13,
		"le_1111":8.179340558309606e-12,
		"le_1112":{
			"Re":2.271750620481395e-14,
			"Im":-1.6501533345832926e-13
		},
		"le_1113":{
			"Re":-3.972912656149967e-14,
			"Im":1.7480874701103016e-13
		},
		"le_1122":2.394858646077481e-11,
		"le_1123":{
			"Re":7.788782689140063e-13,
			"Im":5.856065946158556e-14
		},
		"le_1133":2.3808348695955468e-11,
		"le_2211":8.179340558309606e-12,
		"le_2212":{
			"Re":2.271750620481395e-14,
			"Im":-1.6501533345832926e-13
		},
		"le_2213":{
			"Re":-3.972912656149967e-14,
			"Im":1.7480874701103016e-13
		},
		"le_2222":2.394858646077481e-11,
		"le_2223":{
			"Re":7.788782689140063e-13,
			"Im":5.856065946158556e-14
		},
		"le_2233":2.3808348695955468e-11,
		"le_3311":8.179340558309606e-12,
		"le_3312":{
			"Re":2.271750620481395e-14,
			"Im":-1.6501533345832926e-13
		},
		"le_3313":{
			"Re":-3.972912656149967e-14,
			"Im":1.7480874701103016e-13
		},
		"le_3322":2.394858646077481e-11,
		"le_3323":{
			"Re":7.788782689140063e-13,
			"Im":5.856065946158556e-14
		},
		"le_3333":2.3808348695955468e-11,
		"ll_1111":-1.224792062599102e-13,
		"ll_1122":-2.449584125198204e-13,
		"ll_1133":-2.449584125198204e-13,