{
	"eft":"SMEFT",
	"basis":"Warsaw",
	"scale":1000,
	"values":{
		"dd_1111":-6.201935902148629e-14,
		"dd_1122":-1.2403871804297258e-13,
		"dd_1133":-1.2403871804297258e-13,
		"dd_2222":-6.201935902148629e-14,
		"dd_2233":-1.2403871804297258e-13,
		"dd_3333":-6.201935902148629e-14,
		"eB_11":1.3236259512140584e-16,
		"eB_12":{
			"Re":-2.0178475907093409e-19,
			"Im":8.528126359121818e-20
		},
		"eB_13":{
			"Re":2.3145604521157186e-18,
			"Im":9.535489032947385e-18
		},
		"eB_21":{
			"Re":-4.17232439206162e-17,
			"Im":-1.763369532494737e-17
		},
		"eB_22":2.1895668951038632e-14,
		"eB_23":{
			"Re":-7.284416503541589e-17,
			"Im":4.503248288230699e-16
		},
		"eB_31":{
			"Re":8.048555585475497e-15,
			"Im":-3.31583102295796e-14
		},
		"eB_32":{
			"Re":-1.2250518850689148e-15,
			"Im":-7.573307761504612e-15
		},
		"eB_33":2.5632722399756254e-14,
		"ed_1111":8.714687096246034e-12,
		"ed_1122":8.714687096246034e-12,
		"ed_1133":8.714687096246034e-12,
		"ed_1211":{
			"Re":-1.3834941967692051e-14,
			"Im":5.8637221714896496e-15
		},
		"ed_1222":{
			"Re":-1.3834941967692051e-14,
			"Im":5.8637221714896496e-15
		},
		"ed_1233":{
			"Re":-1.3834941967692051e-14,
			"Im":5.8637221714896496e-15
		},
		"ed_1311":{
			"Re":1.5913264518883171e-13,
			"Im":6.529523992125517e-13
		},
		"ed_1322":{
			"Re":1.5913264518883171e-13,
			"Im":6.529523992125517e-13
		},
		"ed_1333":{
			"Re":1.5913264518883171e-13,
			"Im":6.529523992125517e-13
		},
		"ed_2211":6.925654520679942e-12,
		"ed_2222":6.925654520679942e-12,
		"ed_2233":6.925654520679942e-12,
		"ed_2311":{
			"Re":-2.4304330244126744e-14,
			"Im":1.4995464519610393e-13
		},
		"ed_2322":{
			"Re":-2.4304330244126744e-14,
			"Im":1.4995464519610393e-13
		},
		"ed_2333":{
			"Re":-2.4304330244126744e-14,
			"Im":1.4995464519610393e-13
		},
		"ed_3311":1.421553104737189e-13,
		"ed_3322":1.421553104737189e-13,
		"ed_3333":1.421553104737189e-13,
		"ee_1111":-2.0252887846401145e-10,
		"ee_1112":{
			"Re":1.0149143874185965e-12,
			"Im":-1.4668657169469042e-13
		},
		"ee_1113":{
			"Re":-1.2790480770962046e-11,
			"Im":-1.7431225333095643e-11
		},
		"ee_1122":-9.060803345465924e-10,
		"ee_1123":{
			"Re":3.1732121655441256e-12,
			"Im":-1.9169104499937765e-11
		},
		"ee_1133":-3.3554208172713324e-11,
		"ee_1212":{
			"Re":-1.9185922018967387e-10,
			"Im":-2.2609669969656374e-10
		},
		"ee_1213":{
			"Re":1.055077254162477e-11,
			"Im":-6.476890678361748e-12
		},
		"ee_1222":{
			"Re":1.4360524825484859e-12,
			"Im":1.862909199375314e-13
		},
		"ee_1223":{
			"Re":-1.6245074725698614e-11,
			"Im":-6.665213465656294e-11
		},
		"ee_1232":{
			"Re":-4.4914555847964284e-11,
			"Im":3.003410892672702e-11
		},
		"ee_1233":{
			"Re":-2.2725842352489152e-12,
			"Im":-1.4844091242159578e-12
		},
		"ee_1313":{
			"Re":1.4303015079998945e-11,
			"Im":1.2083275646407783e-11
		},
		"ee_1323":{
			"Re":1.4653770409720164e-12,
			"Im":-1.6165941270490527e-13
		},
		"ee_1333":{
			"Re":2.0017331902355158e-12,
			"Im":-4.635539448893111e-12
		},
		"ee_2222":-1.2076270695675132e-10,
		"ee_2223":{
			"Re":1.0609053887505973e-12,
			"Im":-5.348862982543665e-12
		},
		"ee_2233":-3.120211605804286e-11,
		"ee_2323":{
			"Re":-1.4220770932095913e-11,
			"Im":-2.110068140151478e-14
		},
		"ee_2333":{
			"Re":1.869959603406829e-13,
			"Im":-5.798716215347728e-14
		},
		"ee_3333":-3.366914576943788e-14,
		"ephi_11":-1.4309107609293158e-17,
		"ephi_12":2.1793500800051022e-20,
		"ephi_13":{
			"Re":-2.491234282706462e-19,
			"Im":-1.0233462251514536e-18
		},
		"ephi_21":{
			"Re":4.506351464356176e-18,
			"Im":1.9084255026832272e-18
		},
		"ephi_22":-2.3735733245025828e-15,
		"ephi_23":{
			"Re":7.85990463048366e-18,
			"Im":-4.8521004095843944e-17
		},
		"ephi_31":{
			"Re":-8.710216804090326e-16,
			"Im":3.578029137105976e-15
		},
		"ephi_32":{
			"Re":1.3290086457916952e-16,
			"Im":8.204340025493916e-16
		},
		"ephi_33":-2.7883466353257276e-15,
		"eu_1111":-1.7429374192492068e-11,
		"eu_1122":-1.7429374192492068e-11,
		"eu_1133":-1.7429374192492068e-11,
		"eu_1211":{
			"Re":2.7669883935384103e-14,
			"Im":-1.1727444342979299e-14
		},
		"eu_1222":{
			"Re":2.7669883935384103e-14,
			"Im":-1.1727444342979299e-14
		},
		"eu_1233":{
			"Re":2.7669883935384103e-14,
			"Im":-1.1727444342979299e-14
		},
		"eu_1311":{
			"Re":-3.1826529037766343e-13,
			"Im":-1.3059047984251033e-12
		},
		"eu_1322":{
			"Re":-3.1826529037766343e-13,
			"Im":-1.3059047984251033e-12
		},
		"eu_1333":{
			"Re":-3.1826529037766343e-13,
			"Im":-1.3059047984251033e-12
		},
		"eu_2211":-1.3851309041359884e-11,
		"eu_2222":-1.3851309041359884e-11,
		"eu_2233":-1.3851309041359884e-11,
		"eu_2311":{
			"Re":4.860866048825349e-14,
			"Im":-2.9990929039220785e-13
		},
		"eu_2322":{
			"Re":4.860866048825349e-14,
			"Im":-2.9990929039220785e-13
		},
		"eu_2333":{
			"Re":4.860866048825349e-14,
			"Im":-2.9990929039220785e-13
		},
		"eu_3311":-2.843106209474378e-13,
		"eu_3322":-2.843106209474378e-13,
		"eu_3333":-2.843106209474378e-13,
		"phi":-5.5213833315639955e-17,
		"phiB":1.1961245835030034e-13,
		"phiBox":-1.4466996435495415e-13,
		"phid_11":1.8605807706445888e-13,
		"phid_22":1.8605807706445888e-13,
		"phid_33":1.8605807706445888e-13,
		"phiD":-5.581742311933767e-13,
		"phie_11":-1.3072030644369046e-11,
		"phie_12":{
			"Re":2.0752412951538076e-14,
			"Im":-8.795583257234471e-15
		},
		"phie_13":{
			"Re":-2.3869896778324744e-13,
			"Im":-9.79428598818827e-13
		},
		"phie_22":-1.0388481781019927e-11,
		"phie_23":{
			"Re":3.645649536619016e-14,
			"Im":-2.249319677941562e-13
		},
		"phie_33":-2.1323296571057824e-13,
		"phil1_11":2.790871145007292e-13,
		"phil1_13":{
			"Re":-6.664184905525649e-20,
			"Im":-2.745500210292034e-19
		},
		"phil1_22":2.790496289135555e-13,
		"phil1_23":{
			"Re":2.0973614434693004e-18,
			"Im":-1.2965951803431594e-17
		},
		"phil1_33":2.783490869072763e-13,
		"phil3_13":{
			"Re":-6.664184905525649e-20,
			"Im":-2.745500210292034e-19
		},
		"phil3_22":-3.748668313284784e-17,
		"phil3_23":{
			"Re":2.0973614434693004e-18,
			"Im":-1.2965951803431594e-17
		},
		"phil3_33":-7.380286894120173e-16,
		"phiq1_11":-9.302903853222944e-14,
		"phiq1_22":-9.302903853222944e-14,
		"phiq1_33":-9.302903853222944e-14,
		"phiu_11":-3.7211615412891775e-13,
		"phiu_22":-3.7211615412891775e-13,
		"phiu_33":-3.7211615412891775e-13,
		"ld_1111":-1.8605807706445888e-13,
		"ld_1122":-1.8605807706445888e-13,
		"ld_1133":-1.8605807706445888e-13,
		"ld_2211":-1.8605807706445888e-13,
		"ld_2222":-1.8605807706445888e-13,
		"ld_2233":-1.8605807706445888e-13,
		"ld_3311":-1.8605807706445888e-13,
		"ld_3322":-1.8605807706445888e-13,
		"ld_3333":-1.8605807706445888e-13,
		"le_1111":1.3072030644369046e-11,
		"le_1112":{
			"Re":-2.0752412951538076e-14,
			"Im":8.795583257234471e-15
		},
		"le_1113":{
			"Re":2.3869896778324744e-13,
			"Im":9.79428598818827e-13
		},
		"le_1122":1.0388481781019927e-11,
		"le_1123":{
			"Re":-3.645649536619016e-14,
			"Im":2.249319677941562e-13
		},
		"le_1133":2.1323296571057824e-13,
		"le_2211":1.3072030644369046e-11,
		"le_2212":{
			"Re":-2.0752412951538076e-14,
			"Im":8.795583257234471e-15
		},
		"le_2213":{
			"Re":2.3869896778324744e-13,
			"Im":9.79428598818827e-13
		},
		"le_2222":1.0388481781019927e-11,
		"le_2223":{
			"Re":-3.645649536619016e-14,
			"Im":2.249319677941562e-13
		},
		"le_2233":2.1323296571057824e-13,
		"le_3311":1.3072030644369046e-11,
		"le_3312":{
			"Re":-2.0752412951538076e-14,
			"Im":8.795583257234471e-15
		},
		"le_3313":{
			"Re":2.3869896778324744e-13,
			"Im":9.79428598818827e-13
		},
		"le_3322":1.0388481781019927e-11,
		"le_3323":{
			"Re":-3.645649536619016e-14,
			"Im":2.249319677941562e-13
		},
		"le_3333":2.1323296571057824e-13,
		"ll_1111":-1.3954355779834416e-13,
		"ll_1122":-2.7908711559668833e-13,
		"ll_1133":-2.7908711559668833e-13,
		"ll_2222":-1.3954355779834416e-13,
		"ll_2233":-2.7908711559668833e-13,
		"ll_3333":-1.3954355779834416e-13,
		"lq1_1111":9.302903853222944e-14,