{
	"eft":"SMEFT",
	"basis":"Warsaw",
	"scale":1000,
	"values":{
		"dd_1111":-5.113852091328513e-14,
		"dd_1122":-1.0227704182657026e-13,
		"dd_1133":-1.0227704182657026e-13,
		"dd_2222":-5.113852091328513e-14,
		"dd_2233":-1.0227704182657026e-13,
		"dd_3333":-5.113852091328513e-14,
		"eB_11":1.224865293565206e-16,
		"eB_12":{
			"Re":0.0,
			"Im":-1.8340314891591235e-20
		},
		"eB_13":{
			"Re":1.2296151574529614e-18,
			"Im":-3.624824428667229e-19
		},
		"eB_21":{
			"Re":-3.8610345541590396e-20,
			"Im":3.792245932378721e-18
		},
		"eB_22":2.16215245898243e-15,
		"eB_23":{
			"Re":1.0436340990105399e-16,
			"Im":2.1352326215723468e-16
		},
		"eB_31":{
			"Re":4.275812253880347e-15,
			"Im":1.2604812665425543e-15
		},
		"eB_32":{
			"Re":1.755124682523943e-15,
			"Im":-3.590913214320035e-15
		},
		"eB_33":3.273009973040762e-13,
		"ed_1111":8.387699884633989e-12,
		"ed_1122":8.387699884633989e-12,
		"ed_1133":8.387699884633989e-12,
		"ed_1211":{
			"Re":2.2766251723888327e-16,
			"Im":-1.2884636306138596e-15
		},
		"ed_1222":{
			"Re":2.2766251723888327e-16,
			"Im":-1.2884636306138596e-15
		},
		"ed_1233":{
			"Re":2.2766251723888327e-16,
			"Im":-1.2884636306138596e-15
		},
		"ed_1311":{
			"Re":9.139659453994844e-14,
			"Im":-1.5650291012600664e-14
		},
		"ed_1322":{
			"Re":9.139659453994844e-14,
			"Im":-1.5650291012600664e-14
		},
		"ed_1333":{
			"Re":9.139659453994844e-14,
			"Im":-1.5650291012600664e-14
		},
		"ed_2211":4.554727600976738e-13,
		"ed_2222":4.554727600976738e-13,
		"ed_2233":4.554727600976738e-13,
		"ed_2311":{
			"Re":3.628923682725019e-14,
			"Im":7.362850916213018e-14
		},
		"ed_2322":{
			"Re":3.628923682725019e-14,
			"Im":7.362850916213018e-14
		},
		"ed_2333":{
			"Re":3.628923682725019e-14,
			"Im":7.362850916213018e-14
		},
		"ed_3311":6.408974844677351e-12,
		"ed_3322":6.408974844677351e-12,
		"ed_3333":6.408974844677351e-12,
		"ee_1111":-2.72092547661171e-10,
		"ee_1112":{
			"Re":-3.872619814151219e-12,
			"Im":1.400010048307436e-12
		},
		"ee_1113":{
			"Re":-1.8430729520712923e-10,
			"Im":-2.7713399554349857e-10
		},
		"ee_1122":-8.385504635017717e-11,
		"ee_1123":{
			"Re":-4.290369154488431e-12,
			"Im":-6.8935411277029e-12
		},
		"ee_1133":-6.312729020590286e-10,
		"ee_1212":{
			"Re":1.3417334915039204e-11,
			"Im":3.2840700486297333e-11
		},
		"ee_1213":{
			"Re":-4.091334576318324e-12,
			"Im":-2.9748171365335356e-12
		},
		"ee_1222":{
			"Re":-3.553135320000472e-14,
			"Im":-4.0239673082979867e-13
		},
		"ee_1223":{
			"Re":-8.427904347061625e-13,
			"Im":2.5067553216825726e-13
		},
		"ee_1232":{
			"Re":-3.340089272951021e-11,
			"Im":-5.4338602588895264e-12
		},
		"ee_1233":{
			"Re":4.4139793837898076e-12,
			"Im":-1.5794618671265822e-12
		},
		"ee_1313":{
			"Re":1.1004182714552651e-10,
			"Im":-2.458800593443096e-10
		},
		"ee_1323":{
			"Re":-2.1793452650764084e-12,
			"Im":2.265775451235786e-12
		},
		"ee_1333":{
			"Re":1.353126833053333e-10,
			"Im":2.1419854872652965e-10
		},
		"ee_2222":6.553451405324718e-13,
		"ee_2223":{
			"Re":-7.972306173629437e-13,
			"Im":-4.460744812108281e-13
		},
		"ee_2233":-6.436874953281889e-11,
		"ee_2323":{
			"Re":-1.9143550956417985e-11,
			"Im":-2.0144616598653405e-11
		},
		"ee_2333":{
			"Re":-3.182279974645366e-12,
			"Im":-4.2681072953525275e-12
		},
		"ee_3333":-1.507474583128668e-10,
		"ephi_11":-2.4452054806512894e-16,
		"ephi_12":{
			"Re":0.0,
			"Im":3.6339428559811437e-20
		},
		"ephi_13":{
			"Re":-2.5379240035165224e-18,
			"Im":5.17704809647969e-19
		},
		"ephi_21":{
			"Re":-9.395165391199718e-19,
			"Im":-7.513949214127787e-18
		},
		"ephi_22":-4.4009031485609035e-15,
		"ephi_23":{
			"Re":-2.1022835060332986e-16,
			"Im":-4.275117460223279e-16
		},
		"ephi_31":{
			"Re":-8.827783628943868e-15,
			"Im":-1.8009858353977516e-15
		},
		"ephi_32":{
			"Re":-3.536529135357965e-15,
			"Im":7.191753256374287e-15
		},
		"ephi_33":-6.556548635149456e-13,
		"eu_1111":-1.6775399769267978e-11,
		"eu_1122":-1.6775399769267978e-11,
		"eu_1133":-1.6775399769267978e-11,
		"eu_1211":{
			"Re":-4.553250344777665e-16,
			"Im":2.576927261227719e-15
		},
		"eu_1222":{
			"Re":-4.553250344777665e-16,
			"Im":2.576927261227719e-15
		},
		"eu_1233":{
			"Re":-4.553250344777665e-16,
			"Im":2.576927261227719e-15
		},
		"eu_1311":{
			"Re":-1.827931890798969e-13,
			"Im":3.130058202520133e-14
		},
		"eu_1322":{
			"Re":-1.827931890798969e-13,
			"Im":3.130058202520133e-14
		},
		"eu_1333":{
			"Re":-1.827931890798969e-13,
			"Im":3.130058202520133e-14
		},
		"eu_2211":-9.109455201953476e-13,
		"eu_2222":-9.109455201953476e-13,
		"eu_2233":-9.109455201953476e-13,
		"eu_2311":{
			"Re":-7.257847365450038e-14,
			"Im":-1.4725701832426037e-13
		},
		"eu_2322":{
			"Re":-7.257847365450038e-14,
			"Im":-1.4725701832426037e-13
		},
		"eu_2333":{
			"Re":-7.257847365450038e-14,
			"Im":-1.4725701832426037e-13
		},
		"eu_3311":-1.2817949689354702e-11,
		"eu_3322":-1.2817949689354702e-11,
		"eu_3333":-1.2817949689354702e-11,
		"phi":-2.6666264948292676e-13,
		"phiB":1.7778499582889684e-12,
		"phiBox":-1.488564428333374e-12,
		"phid_11":1.5341556273985537e-13,
		"phid_22":1.5341556273985537e-13,
		"phid_33":1.5341556273985537e-13,
		"phiD":-4.602466882195661e-13,
		"phie_11":-1.258154982695098e-11,
		"phie_12":{
			"Re":-3.4149377585833595e-16,
			"Im":1.932695445920789e-15
		},
		"phie_13":{
			"Re":-1.3709489180992277e-13,
			"Im":2.347543651890039e-14
		},
		"phie_22":-6.832091401465107e-13,
		"phie_23":{
			"Re":-5.443385524087528e-14,
			"Im":-1.1044276374319526e-13
		},
		"phie_33":-9.613462267016026e-12,
		"phil1_11":2.301233430955975e-13,
		"phil1_13":{
			"Re":-3.540362389071798e-20,
			"Im":1.0436754944389283e-20
		},
		"phil1_22":2.3011964237660945e-13,
		"phil1_23":{
			"Re":-3.004877493331587e-18,
			"Im":-6.147856278051102e-18
		},
		"phil1_33":2.2069954891876306e-13,
		"phil3_13":{
			"Re":-3.540362389071798e-20,
			"Im":1.0436754944389283e-20
		},
		"phil3_22":-3.701733173625525e-18,
		"phil3_23":{
			"Re":-3.004877493331587e-18,
			"Im":-6.147856278051102e-18
		},
		"phil3_33":-9.42379519102e-15,
		"phiq1_11":-7.670778136992769e-14,
		"phiq1_22":-7.670778136992769e-14,
		"phiq1_33":-7.670778136992769e-14,
		"phiu_11":-3.0683112547971074e-13,
		"phiu_22":-3.0683112547971074e-13,
		"phiu_33":-3.0683112547971074e-13,
		"ld_1111":-1.5341556273985537e-13,
		"ld_1122":-1.5341556273985537e-13,
		"ld_1133":-1.5341556273985537e-13,
		"ld_2211":-1.5341556273985537e-13,
		"ld_2222":-1.5341556273985537e-13,
		"ld_2233":-1.5341556273985537e-13,
		"ld_3311":-1.5341556273985537e-13,
		"ld_3322":-1.5341556273985537e-13,
		"ld_3333":-1.5341556273985537e-13,
		"le_1111":1.258154982695098e-11,
		"le_1112":{
			"Re":3.4149377585833595e-16,
			"Im":-1.932695445920789e-15
		},
		"le_1113":{
			"Re":1.3709489180992277e-13,
			"Im":-2.347543651890039e-14
		},
		"le_1122":6.832091401465107e-13,
		"le_1123":{
			"Re":5.443385524087528e-14,
			"Im":1.1044276374319526e-13
		},
		"le_1133":9.613462267016026e-12,
		"le_2211":1.258154982695098e-11,
		"le_2212":{
			"Re":3.4149377585833595e-16,
			"Im":-1.932695445920789e-15
		},
		"le_2213":{
			"Re":1.3709489180992277e-13,
			"Im":-2.347543651890039e-14
		},
		"le_2222":6.832091401465107e-13,
		"le_2223":{
			"Re":5.443385524087528e-14,
			"Im":1.1044276374319526e-13
		},
		"le_2233":9.613462267016026e-12,
		"le_3311":1.258154982695098e-11,
		"le_3312":{
			"Re":3.4149377585833595e-16,
			"Im":-1.932695445920789e-15
		},
		"le_3313":{
			"Re":1.3709489180992277e-13,
			"Im":-2.347543651890039e-14
		},
		"le_3322":6.832091401465107e-13,
		"le_3323":{
			"Re":5.443385524087528e-14,
			"Im":1.1044276374319526e-13
		},
		"le_3333":9.613462267016026e-12,
		"ll_1111":-1.1506167205489154e-13,
		"ll_1122":-2.3012334410978307e-13,
		"ll_1133":-2.3012334410978307e-13,
		"ll_2222":-1.1506167205489154e-13,
		"ll_2233":-2.3012334410978307e-13,
		"ll_3333":-1.1506167205489154e-13,
		"lq1_1111":7.670778136992769e-14,
		"lq1_1122":7.670778136992769e-14,