{
	"eft":"SMEFT",
	"basis":"Warsaw",
	"scale":1000,
	"values":{
		"dd_1111":-1.6690117273172947e-13,
		"dd_1122":-3.3380234546345894e-13,
		"dd_1133":-3.3380234546345894e-13,
		"dd_2222":-1.6690117273172947e-13,
		"dd_2233":-3.3380234546345894e-13,
		"dd_3333":-1.6690117273172947e-13,
		"eB_11":4.472347108227892e-17,
		"eB_12":{
			"Re":1.4146113850953802e-18,
			"Im":-4.979278087853758e-19
		},
		"eB_13":{
			"Re":-7.367663013901169e-19,
			"Im":3.4754064313170534e-19
		},
		"eB_21":{
			"Re":2.9250066330563194e-16,
			"Im":1.0295704946431078e-16
		},
		"eB_22":7.746963949728452e-14,
		"eB_23":{
			"Re":-3.714164141722711e-14,
			"Im":3.74250152569983e-15
		},
		"eB_31":{
			"Re":-2.5620002816617234e-15,
			"Im":-1.2085232778865385e-15
		},
		"eB_32":{
			"Re":-6.246270763156667e-13,
			"Im":-6.293926969583376e-14
		},
		"eB_33":4.906886613851903e-13,
		"ed_1111":2.53590050536846e-12,
		"ed_1122":2.53590050536846e-12,
		"ed_1133":2.53590050536846e-12,
		"ed_1211":{
			"Re":1.1029644913370101e-13,
			"Im":-3.903810394013272e-14
		},
		"ed_1222":{
			"Re":1.1029644913370101e-13,
			"Im":-3.903810394013272e-14
		},
		"ed_1233":{
			"Re":1.1029644913370101e-13,
			"Im":-3.903810394013272e-14
		},
		"ed_1311":{
			"Re":-5.743146214703673e-14,
			"Im":2.7214493518571042e-14
		},
		"ed_1322":{
			"Re":-5.743146214703673e-14,
			"Im":2.7214493518571042e-14
		},
		"ed_1333":{
			"Re":-5.743146214703673e-14,
			"Im":2.7214493518571042e-14
		},
		"ed_2211":2.8120593250707944e-11,
		"ed_2222":2.8120593250707944e-11,
		"ed_2233":2.8120593250707944e-11,
		"ed_2311":{
			"Re":-1.3930377989096075e-11,
			"Im":1.4034789644789745e-12
		},
		"ed_2322":{
			"Re":-1.3930377989096075e-11,
			"Im":1.4034789644789745e-12
		},
		"ed_2333":{
			"Re":-1.3930377989096075e-11,
			"Im":1.4034789644789745e-12
		},
		"ed_3311":1.0008270145063316e-11,
		"ed_3322":1.0008270145063316e-11,
		"ed_3333":1.0008270145063316e-11,
		"ee_1111":7.760974519840067e-12,
		"ee_1112":{
			"Re":-1.953113177761888e-12,
			"Im":1.4626739711984543e-12
		},
		"ee_1113":{
			"Re":9.774215544997024e-13,
			"Im":-8.996418470641923e-13
		},
		"ee_1122":-4.057945575309509e-10,
		"ee_1123":{
			"Re":1.9790039627118378e-10,
			"Im":-1.9939384453897616e-11
		},
		"ee_1133":-1.48482556318129e-10,
		"ee_1212":{
			"Re":-7.151186760924279e-11,
			"Im":2.2065726923397234e-10
		},
		"ee_1213":{
			"Re":6.958945166654458e-11,
			"Im":-2.2145350950483233e-10
		},
		"ee_1222":{
			"Re":-7.436454753830124e-12,
			"Im":4.7029556909570934e-12
		},
		"ee_1223":{
			"Re":7.319067604852292e-12,
			"Im":-6.397960358478035e-12
		},
		"ee_1232":{
			"Re":3.442170758662801e-12,
			"Im":-1.92322023120316e-12
		},
		"ee_1233":{
			"Re":-5.351108348052907e-12,
			"Im":3.419251721729422e-12
		},
		"ee_1313":{
			"Re":4.791423203569247e-12,
			"Im":8.333498790304453e-11
		},
		"ee_1323":{
			"Re":-1.1622291866111136e-12,
			"Im":9.702035762006673e-13
		},
		"ee_1333":{
			"Re":1.4552016085345212e-12,
			"Im":-8.222200835081069e-13
		},
		"ee_2222":-1.2490573142045374e-10,
		"ee_2223":{
			"Re":7.921813993599134e-11,
			"Im":-1.7889731368588753e-10
		},
		"ee_2233":-5.424718052061325e-10,
		"ee_2323":{
			"Re":1.5428989983444085e-10,
			"Im":-1.4698894540682777e-10
		},
		"ee_2333":{
			"Re":8.040042200141312e-11,
			"Im":1.659581376115919e-10
		},
		"ee_3333":-2.2946816050517386e-11,
		"ephi_11":-1.0167968661456814e-17,
		"ephi_12":{
			"Re":-3.182009107432894e-19,
			"Im":1.1246459623607293e-19
		},
		"ephi_13":{
			"Re":1.6526621073139335e-19,
			"Im":-7.822281398008746e-20
		},
		"ephi_21":{
			"Re":-6.579534015743038e-17,
			"Im":-2.3254635152767083e-17
		},
		"ephi_22":-1.7385837008781903e-14,
		"ephi_23":{
			"Re":8.299545932645167e-15,
			"Im":-8.362037481009503e-16
		},
		"ephi_31":{
			"Re":5.761955410415393e-16,
			"Im":2.727190117903762e-16
		},
		"ephi_32":{
			"Re":1.3994286833855254e-13,
			"Im":1.4099660673524552e-14
		},
		"ephi_33":-1.1014305314853988e-13,
		"eu_1111":-5.07180101073692e-12,
		"eu_1122":-5.07180101073692e-12,
		"eu_1133":-5.07180101073692e-12,
		"eu_1211":{
			"Re":-2.2059289826740203e-13,
			"Im":7.807620788026544e-14
		},
		"eu_1222":{
			"Re":-2.2059289826740203e-13,
			"Im":7.807620788026544e-14
		},
		"eu_1233":{
			"Re":-2.2059289826740203e-13,
			"Im":7.807620788026544e-14
		},
		"eu_1311":{
			"Re":1.1486292429407347e-13,
			"Im":-5.4428987037142084e-14
		},
		"eu_1322":{
			"Re":1.1486292429407347e-13,
			"Im":-5.4428987037142084e-14
		},
		"eu_1333":{
			"Re":1.1486292429407347e-13,
			"Im":-5.4428987037142084e-14
		},
		"eu_2211":-5.624118650141589e-11,
		"eu_2222":-5.624118650141589e-11,
		"eu_2233":-5.624118650141589e-11,
		"eu_2311":{
			"Re":2.786075597819215e-11,
			"Im":-2.806957928957949e-12
		},
		"eu_2322":{
			"Re":2.786075597819215e-11,
			"Im":-2.806957928957949e-12
		},
		"eu_2333":{
			"Re":2.786075597819215e-11,
			"Im":-2.806957928957949e-12
		},
		"eu_3311":-2.0016540290126632e-11,
		"eu_3322":-2.0016540290126632e-11,
		"eu_3333":-2.0016540290126632e-11,
		"phi":-1.0123372678767603e-15,
		"phiB":6.102253821249876e-13,
		"phiBox":-4.251078797082519e-13,
		"phid_11":5.007035181951884e-13,
		"phid_22":5.007035181951884e-13,
		"phid_33":5.007035181951884e-13,
		"phiD":-1.502110554585565e-12,
		"phie_11":-3.8038507580526895e-12,
		"phie_12":{
			"Re":-1.654446737005515e-13,
			"Im":5.855715591019907e-14
		},
		"phie_13":{
			"Re":8.614719322055512e-14,
			"Im":-4.082174027785656e-14
		},
		"phie_22":-4.218088987606191e-11,
		"phie_23":{
			"Re":2.089556698364411e-11,
			"Im":-2.105218446718462e-12
		},
		"phie_33":-1.501240521759498e-11,
		"phil1_11":7.510552769224732e-13,
		"phil1_13":{
			"Re":2.1213301472147107e-20,
			"Im":-1.0006544032573812e-20
		},
		"phil1_22":7.509226446778693e-13,
		"phil1_23":{
			"Re":1.0693985800754382e-15,
			"Im":-1.0775576051028372e-16
		},
		"phil1_33":7.369271521555597e-13,
		"phil3_13":{
			"Re":2.1213301472147107e-20,
			"Im":-1.0006544032573812e-20
		},
		"phil3_22":-1.3263261491322931e-16,
		"phil3_23":{
			"Re":1.0693985800754382e-15,
			"Im":-1.0775576051028372e-16
		},
		"phil3_33":-1.4128125137222757e-14,
		"phiq1_11":-2.503517590975942e-13,
		"phiq1_22":-2.503517590975942e-13,
		"phiq1_33":-2.503517590975942e-13,
		"phiu_11":-1.0014070363903768e-12,
		"phiu_22":-1.0014070363903768e-12,
		"phiu_33":-1.0014070363903768e-12,
		"ld_1111":-5.007035181951884e-13,
		"ld_1122":-5.007035181951884e-13,
		"ld_1133":-5.007035181951884e-13,
		"ld_2211":-5.007035181951884e-13,
		"ld_2222":-5.007035181951884e-13,
		"ld_2233":-5.007035181951884e-13,
		"ld_3311":-5.007035181951884e-13,
		"ld_3322":-5.007035181951884e-13,
		"ld_3333":-5.007035181951884e-13,
		"le_1111":3.8038507580526895e-12,
		"le_1112":{
			"Re":1.654446737005515e-13,
			"Im":-5.855715591019907e-14
		},
		"le_1113":{
			"Re":-8.614719322055512e-14,
			"Im":4.082174027785656e-14
		},
		"le_1122":4.218088987606191e-11,
		"le_1123":{
			"Re":-2.089556698364411e-11,
			"Im":2.105218446718462e-12
		},
		"le_1133":1.501240521759498e-11,
		"le_2211":3.8038507580526895e-12,
		"le_2212":{
			"Re":1.654446737005515e-13,
			"Im":-5.855715591019907e-14
		},
		"le_2213":{
			"Re":-8.614719322055512e-14,
			"Im":4.082174027785656e-14
		},
		"le_2222":4.218088987606191e-11,
		"le_2223":{
			"Re":-2.089556698364411e-11,
			"Im":2.105218446718462e-12
		},
		"le_2233":1.501240521759498e-11,
		"le_3311":3.8038507580526895e-12,
		"le_3312":{
			"Re":1.654446737005515e-13,
			"Im":-5.855715591019907e-14
		},
		"le_3313":{
			"Re":-8.614719322055512e-14,
			"Im":4.082174027785656e-14
		},
		"le_3322":4.218088987606191e-11,
		"le_3323":{
			"Re":-2.089556698364411e-11,
			"Im":2.105218446718462e-12
		},
		"le_3333":1.501240521759498e-11,
		"ll_1111":-3.7552763864639126e-13,
		"ll_1122":-7.510552772927825e-13,
		"ll_1133":-7.510552772927825e-13,
		"ll_2222":-3.7552763864639126e-13,
		"ll_2233":-7.510552772927825e-13,
		"ll_3333":-3.7552763864639126e-13,
		"lq1_1111":2.503517590975942e-13,