{
	"eft":"SMEFT",
	"basis":"Warsaw",
	"scale":1000,
	"values":{
		"dd_1111":-3.672421273767871e-13,
		"dd_1122":-7.344842547535742e-13,
		"dd_1133":-7.344842547535742e-13,
		"dd_2222":-3.672421273767871e-13,
		"dd_2233":-7.344842547535742e-13,
		"dd_3333":-3.672421273767871e-13,
		"eB_11":1.3168653733869249e-15,
		"eB_12":{
			"Re":-6.30017079008982e-18,
			"Im":6.4588526629434536e-18
		},
		"eB_13":{
			"Re":-2.557488559593207e-17,
			"Im":2.433121350806894e-18
		},
		"eB_21":{
			"Re":-1.3026928486905851e-15,
			"Im":-1.3355036641225124e-15
		},
		"eB_22":8.460279472468438e-14,
		"eB_23":{
			"Re":-8.450741400554892e-17,
			"Im":-1.067289229860463e-16
		},
		"eB_31":{
			"Re":-8.893303612911845e-14,
			"Im":-8.460834289411525e-15
		},
		"eB_32":{
			"Re":-1.4211977964118819e-15,
			"Im":1.7949065409956044e-15
		},
		"eB_33":1.184429646017017e-12,
		"ed_1111":8.082989335530949e-11,
		"ed_1122":8.082989335530949e-11,
		"ed_1133":8.082989335530949e-11,
		"ed_1211":{
			"Re":-3.5802844299803037e-13,
			"Im":3.634061981098313e-13
		},
		"ed_1222":{
			"Re":-3.5802844299803037e-13,
			"Im":3.634061981098313e-13
		},
		"ed_1233":{
			"Re":-3.5802844299803037e-13,
			"Im":3.634061981098313e-13
		},
		"ed_1311":{
			"Re":-1.4483865811020485e-12,
			"Im":1.3916604616022209e-13
		},
		"ed_1322":{
			"Re":-1.4483865811020485e-12,
			"Im":1.3916604616022209e-13
		},
		"ed_1333":{
			"Re":-1.4483865811020485e-12,
			"Im":1.3916604616022209e-13
		},
		"ed_2211":3.035947917820563e-11,
		"ed_2222":3.035947917820563e-11,
		"ed_2233":3.035947917820563e-11,
		"ed_2311":{
			"Re":-3.9665782259165974e-14,
			"Im":-4.240991601653301e-14
		},
		"ed_2322":{
			"Re":-3.9665782259165974e-14,
			"Im":-4.240991601653301e-14
		},
		"ed_2333":{
			"Re":-3.9665782259165974e-14,
			"Im":-4.240991601653301e-14
		},
		"ed_3311":2.5546982804825392e-11,
		"ed_3322":2.5546982804825392e-11,
		"ed_3333":2.5546982804825392e-11,
		"ee_1111":-5.025077308549993e-9,
		"ee_1112":{
			"Re":-3.0709363045648702e-12,
			"Im":-2.594530089804294e-11
		},
		"ee_1113":{
			"Re":2.2243253836955566e-10,
			"Im":-1.3300110877771661e-11
		},
		"ee_1122":-5.991947070291682e-9,
		"ee_1123":{
			"Re":7.856546380580484e-12,
			"Im":7.803071850469004e-12
		},
		"ee_1133":-5.013110824957719e-9,
		"ee_1212":{
			"Re":-1.1148664548023323e-9,
			"Im":1.646247874139322e-9
		},
		"ee_1213":{
			"Re":-6.56136538581452e-12,
			"Im":7.477623635594043e-12
		},
		"ee_1222":{
			"Re":7.793600788263278e-11,
			"Im":-4.8675880088436936e-11
		},
		"ee_1223":{
			"Re":1.1017824808975837e-10,
			"Im":-1.0595445695501068e-11
		},
		"ee_1232":{
			"Re":3.736320494848855e-11,
			"Im":-3.798929180522424e-11
		},
		"ee_1233":{
			"Re":2.270195972886579e-11,
			"Im":-2.3037167219167357e-11
		},
		"ee_1313":{
			"Re":1.7097201474766494e-9,
			"Im":-1.5161292827715352e-10
		},
		"ee_1323":{
			"Re":-4.211593736615828e-11,
			"Im":-2.2697167335897425e-11
		},
		"ee_1333":{
			"Re":4.622479136073145e-11,
			"Im":-1.3064791749507949e-11
		},
		"ee_2222":6.002748822604159e-11,
		"ee_2223":{
			"Re":7.008426563260823e-12,
			"Im":3.572950358279594e-12
		},
		"ee_2233":-1.793845987230139e-9,
		"ee_2323":{
			"Re":-6.214819316688421e-10,
			"Im":-7.622863998502431e-10
		},
		"ee_2333":{
			"Re":-7.509584667476308e-13,
			"Im":-1.9496113563248594e-13
		},
		"ee_3333":1.0451169009722022e-10,
		"ephi_11":-1.890809116249507e-14,
		"ephi_12":{
			"Re":8.419565414864542e-17,
			"Im":-8.573488897855594e-17
		},
		"ephi_13":{
			"Re":3.409710423177113e-16,
			"Im":-3.2657948125641187e-17
		},
		"ephi_21":{
			"Re":1.7409225441502874e-14,
			"Im":1.7727494691930367e-14
		},
		"ephi_22":-1.4381495191146594e-12,
		"ephi_23":{
			"Re":1.6722793678744486e-15,
			"Im":1.8581588787400262e-15
		},
		"ephi_31":{
			"Re":1.1857306909413327e-12,
			"Im":1.135683537493829e-13
		},
		"ephi_32":{
			"Re":2.8124279003324942e-14,
			"Im":-3.125051413464397e-14
		},
		"ephi_33":-2.049038617730658e-11,
		"eu_1111":-1.6165978671061898e-10,
		"eu_1122":-1.6165978671061898e-10,
		"eu_1133":-1.6165978671061898e-10,
		"eu_1211":{
			"Re":7.160568859960607e-13,
			"Im":-7.268123962196626e-13
		},
		"eu_1222":{
			"Re":7.160568859960607e-13,
			"Im":-7.268123962196626e-13
		},
		"eu_1233":{
			"Re":7.160568859960607e-13,
			"Im":-7.268123962196626e-13
		},
		"eu_1311":{
			"Re":2.896773162204097e-12,
			"Im":-2.7833209232044417e-13
		},
		"eu_1322":{
			"Re":2.896773162204097e-12,
			"Im":-2.7833209232044417e-13
		},
		"eu_1333":{
			"Re":2.896773162204097e-12,
			"Im":-2.7833209232044417e-13
		},
		"eu_2211":-6.071895835641126e-11,
		"eu_2222":-6.071895835641126e-11,
		"eu_2233":-6.071895835641126e-11,
		"eu_2311":{
			"Re":7.933156451833195e-14,
			"Im":8.481983203306602e-14
		},
		"eu_2322":{
			"Re":7.933156451833195e-14,
			"Im":8.481983203306602e-14
		},
		"eu_2333":{
			"Re":7.933156451833195e-14,
			"Im":8.481983203306602e-14
		},
		"eu_3311":-5.1093965609650784e-11,
		"eu_3322":-5.1093965609650784e-11,
		"eu_3333":-5.1093965609650784e-11,
		"phi":-9.18221837043e-10,
		"phiB":9.992936693681746e-11,
		"phiBox":-6.050827017227643e-10,
		"phid_11":1.1017263821303612e-12,
		"phid_22":1.1017263821303612e-12,
		"phid_33":1.1017263821303612e-12,
		"phiD":-3.3051791463910835e-12,
		"phie_11":-1.212448400329643e-10,
		"phie_12":{
			"Re":5.370426644970459e-13,
			"Im":-5.451092971647473e-13
		},
		"phie_13":{
			"Re":2.1725798716530733e-12,
			"Im":-2.0874906924033318e-13
		},
		"phie_22":-4.553921876730843e-11,
		"phie_23":{
			"Re":5.949867338874899e-14,
			"Im":6.361487402479945e-14
		},
		"phie_33":-3.832047420723809e-11,
		"phil1_11":1.6525895622919276e-12,
		"phil1_12":{
			"Re":1.078626584184436e-20,
			"Im":-1.1057938614203703e-20
		},
		"phil1_13":{
			"Re":7.363634265554047e-19,
			"Im":-7.005550693021516e-20
		},
		"phil1_22":1.6524447281960541e-12,
		"phil1_23":{
			"Re":2.4331748704424262e-18,
			"Im":3.07298639314633e-18
		},
		"phil1_33":1.6184869505510196e-12,
		"phil3_11":-1.090361400966341e-20,
		"phil3_12":{
			"Re":1.078626584184436e-20,
			"Im":-1.1057938614203703e-20
		},
		"phil3_13":{
			"Re":7.363634265554047e-19,
			"Im":-7.005550693021516e-20
		},
		"phil3_22":-1.4484499948777192e-16,
		"phil3_23":{
			"Re":2.4331748704424262e-18,
			"Im":3.07298639314633e-18
		},
		"phil3_33":-3.4102622644522163e-14,
		"phiq1_11":-5.508631910651806e-13,
		"phiq1_22":-5.508631910651806e-13,
		"phiq1_33":-5.508631910651806e-13,
		"phiu_11":-2.2034527642607224e-12,
		"phiu_22":-2.2034527642607224e-12,
		"phiu_33":-2.2034527642607224e-12,
		"ld_1111":-1.1017263821303612e-12,
		"ld_1122":-1.1017263821303612e-12,
		"ld_1133":-1.1017263821303612e-12,
		"ld_2211":-1.1017263821303612e-12,
		"ld_2222":-1.1017263821303612e-12,
		"ld_2233":-1.1017263821303612e-12,
		"ld_3311":-1.1017263821303612e-12,
		"ld_3322":-1.1017263821303612e-12,
		"ld_3333":-1.1017263821303612e-12,
		"le_1111":1.212448400329643e-10,
		"le_1112":{
			"Re":-5.370426644970459e-13,
			"Im":5.451092971647473e-13
		},
		"le_1113":{
			"Re":-2.1725798716530733e-12,
			"Im":2.0874906924033318e-13
		},
		"le_1122":4.553921876730843e-11,
		"le_1123":{
			"Re":-5.949867338874899e-14,
			"Im":-6.361487402479945e-14
		},
		"le_1133":3.832047420723809e-11,
		"le_2211":1.212448400329643e-10,
		"le_2212":{
			"Re":-5.370426644970459e-13,
			"Im":5.451092971647473e-13
		},
		"le_2213":{
			"Re":-2.1725798716530733e-12,
			"Im":2.0874906924033318e-13
		},
		"le_2222":4.553921876730843e-11,
		"le_2223":{
			"Re":-5.949867338874899e-14,
			"Im":-6.361487402479945e-14
		},
		"le_2233":3.832047420723809e-11,
		"le_3311":1.212448400329643e-10,
		"le_3312":{
			"Re":-5.370426644970459e-13,
			"Im":5.451092971647473e-13
		},
		"le_3313":{
			"Re":-2.1725798716530733e-12,
			"Im":2.0874906924033318e-13
		},
		"le_3322":4.553921876730843e-11,
		"le_3323":{
			"Re":-5.949867338874899e-14,
			"Im":-6.361487402479945e-14
		},
		"le_3333":3.832047420723809e-11,
		"ll_1111":-8.262947865977709e-13,