{
	"eft":"SMEFT",
	"basis":"Warsaw",
	"scale":1000,
	"values":{
		"dd_1111":-4.699130142177295e-14,
		"dd_1122":-9.39826028435459e-14,
		"dd_1133":-9.39826028435459e-14,
		"dd_2222":-4.699130142177295e-14,
		"dd_2233":-9.39826028435459e-14,
		"dd_3333":-4.699130142177295e-14,
		"eB_11":7.275946777527513e-17,
		"eB_12":{
			"Re":-2.5725690737854956e-19,
			"Im":-2.8280487979465563e-19
		},
		"eB_13":{
			"Re":1.4711940539010782e-17,
			"Im":-2.3700575625226526e-18
		},
		"eB_21":{
			"Re":-5.319327756089551e-17,
			"Im":5.847585831527076e-17
		},
		"eB_22":2.113290883568685e-14,
		"eB_23":{
			"Re":1.245254243500365e-16,
			"Im":-2.0719369038888076e-16
		},
		"eB_31":{
			"Re":5.115868591386399e-14,
			"Im":8.241538913059468e-15
		},
		"eB_32":{
			"Re":2.0941980152405232e-15,
			"Im":3.4844660634366523e-15
		},
		"eB_33":1.861956184127685e-13,
		"ed_1111":4.887261871706444e-12,
		"ed_1122":4.887261871706444e-12,
		"ed_1133":4.887261871706444e-12,
		"ed_1211":{
			"Re":-1.577550697456381e-14,
			"Im":-1.9072750871347374e-14
		},
		"ed_1222":{
			"Re":-1.577550697456381e-14,
			"Im":-1.9072750871347374e-14
		},
		"ed_1233":{
			"Re":-1.577550697456381e-14,
			"Im":-1.9072750871347374e-14
		},
		"ed_1311":{
			"Re":1.0347566659433146e-12,
			"Im":-1.6671938936526436e-13
		},
		"ed_1322":{
			"Re":1.0347566659433146e-12,
			"Im":-1.6671938936526436e-13
		},
		"ed_1333":{
			"Re":1.0347566659433146e-12,
			"Im":-1.6671938936526436e-13
		},
		"ed_2211":6.942381551825587e-12,
		"ed_2222":6.942381551825587e-12,
		"ed_2233":6.942381551825587e-12,
		"ed_2311":{
			"Re":3.821499912542776e-14,
			"Im":-6.798898400175127e-14
		},
		"ed_2322":{
			"Re":3.821499912542776e-14,
			"Im":-6.798898400175127e-14
		},
		"ed_2333":{
			"Re":3.821499912542776e-14,
			"Im":-6.798898400175127e-14
		},
		"ed_3311":3.5357867132288216e-12,
		"ed_3322":3.5357867132288216e-12,
		"ed_3333":3.5357867132288216e-12,
		"ee_1111":-1.3866147877003603e-10,
		"ee_1112":{
			"Re":-1.2946221119445009e-11,
			"Im":-1.911154396751412e-11
		},
		"ee_1113":{
			"Re":8.115286654914868e-11,
			"Im":3.4382105995726535e-11
		},
		"ee_1122":-6.478166870412248e-10,
		"ee_1123":{
			"Re":-3.533946820574094e-11,
			"Im":4.2898912478311936e-11
		},
		"ee_1133":-1.662817076466542e-11,
		"ee_1212":{
			"Re":5.261860864508992e-11,
			"Im":1.6354142174022751e-10
		},
		"ee_1213":{
			"Re":3.633240997778471e-11,
			"Im":3.06628076251305e-11
		},
		"ee_1222":{
			"Re":-4.2786927647019866e-11,
			"Im":-1.1121731803110006e-11
		},
		"ee_1223":{
			"Re":-1.4820722412259385e-10,
			"Im":2.5227648886090983e-11
		},
		"ee_1232":{
			"Re":1.3350601321407554e-10,
			"Im":3.010404337537765e-10
		},
		"ee_1233":{
			"Re":7.483362852668503e-11,
			"Im":5.062845910580064e-11
		},
		"ee_1313":{
			"Re":-3.626617576526101e-11,
			"Im":-2.0091923980077514e-11
		},
		"ee_1323":{
			"Re":8.827113858042814e-12,
			"Im":-8.844102212119345e-13
		},
		"ee_1333":{
			"Re":-1.2539832429545143e-10,
			"Im":-2.773214319620215e-11
		},
		"ee_2222":-1.45293059687491e-10,
		"ee_2223":{
			"Re":6.845199112029587e-11,
			"Im":-3.699396444918121e-11
		},
		"ee_2233":-4.5370954254269204e-10,
		"ee_2323":{
			"Re":-5.5976394406502825e-11,
			"Im":3.356438791683109e-11
		},
		"ee_2333":{
			"Re":-2.057495246044424e-11,
			"Im":4.329552789014686e-12
		},
		"ee_3333":-1.0974194218864907e-10,
		"ephi_11":-1.1487594866495788e-15,
		"ephi_12":{
			"Re":3.658224096145894e-18,
			"Im":4.3006604105556786e-18
		},
		"ephi_13":{
			"Re":-2.3058363850588633e-16,
			"Im":3.715010864459464e-17
		},
		"ephi_21":{
			"Re":7.56414901138866e-16,
			"Im":-8.89252135169861e-16
		},
		"ephi_22":-3.324285436395733e-13,
		"ephi_23":{
			"Re":-1.8135355307893467e-15,
			"Im":3.164373183818578e-15
		},
		"ephi_31":{
			"Re":-8.018519550306008e-13,
			"Im":-1.2918907572782279e-13
		},
		"ephi_32":{
			"Re":-3.0500239235823755e-14,
			"Im":-5.321867553365389e-14
		},
		"ephi_33":-2.9472654494987952e-12,
		"eu_1111":-9.774523743412887e-12,
		"eu_1122":-9.774523743412887e-12,
		"eu_1133":-9.774523743412887e-12,
		"eu_1211":{
			"Re":3.155101394912762e-14,
			"Im":3.814550174269475e-14
		},
		"eu_1222":{
			"Re":3.155101394912762e-14,
			"Im":3.814550174269475e-14
		},
		"eu_1233":{
			"Re":3.155101394912762e-14,
			"Im":3.814550174269475e-14
		},
		"eu_1311":{
			"Re":-2.0695133318866292e-12,
			"Im":3.334387787305287e-13
		},
		"eu_1322":{
			"Re":-2.0695133318866292e-12,
			"Im":3.334387787305287e-13
		},
		"eu_1333":{
			"Re":-2.0695133318866292e-12,
			"Im":3.334387787305287e-13
		},
		"eu_2211":-1.3884763103651173e-11,
		"eu_2222":-1.3884763103651173e-11,
		"eu_2233":-1.3884763103651173e-11,
		"eu_2311":{
			"Re":-7.642999825085552e-14,
			"Im":1.3597796800350255e-13
		},
		"eu_2322":{
			"Re":-7.642999825085552e-14,
			"Im":1.3597796800350255e-13
		},
		"eu_2333":{
			"Re":-7.642999825085552e-14,
			"Im":1.3597796800350255e-13
		},
		"eu_3311":-7.071573426457643e-12,
		"eu_3322":-7.071573426457643e-12,
		"eu_3333":-7.071573426457643e-12,
		"phi":-1.2098981956505128e-10,
		"phiB":1.2912297563281009e-11,
		"phiBox":-7.895125824963398e-11,
		"phid_11":1.4097390426531882e-13,
		"phid_22":1.4097390426531882e-13,
		"phid_33":1.4097390426531882e-13,
		"phiD":-4.229217127959565e-13,
		"phie_11":-7.330892807559667e-12,
		"phie_12":{
			"Re":2.366326046184594e-14,
			"Im":2.860912630702119e-14
		},
		"phie_13":{
			"Re":-1.5521349989149741e-12,
			"Im":2.500790840478969e-13
		},
		"phie_22":-1.0413572327738382e-11,
		"phie_23":{
			"Re":-5.732249868814207e-14,
			"Im":1.0198347600262724e-13
		},
		"phie_33":-5.303680069843231e-12,
		"phil1_11":2.1146085579553158e-13,
		"phil1_13":{
			"Re":-4.235927040982947e-19,
			"Im":6.823974642335578e-20
		},
		"phil1_22":2.1142467560537627e-13,
		"phil1_23":{
			"Re":-3.5853911378686464e-18,
			"Im":5.965612445972549e-18
		},
		"phil1_33":2.060998297349367e-13,
		"phil3_13":{
			"Re":-4.235927040982947e-19,
			"Im":6.823974642335578e-20
		},
		"phil3_22":-3.618079260196224e-17,
		"phil3_23":{
			"Re":-3.5853911378686464e-18,
			"Im":5.965612445972549e-18
		},
		"phil3_33":-5.361026663041545e-15,
		"phiq1_11":-7.048695213265941e-14,
		"phiq1_22":-7.048695213265941e-14,
		"phiq1_33":-7.048695213265941e-14,
		"phiu_11":-2.8194780853063764e-13,
		"phiu_22":-2.8194780853063764e-13,
		"phiu_33":-2.8194780853063764e-13,
		"ld_1111":-1.4097390426531882e-13,
		"ld_1122":-1.4097390426531882e-13,
		"ld_1133":-1.4097390426531882e-13,
		"ld_2211":-1.4097390426531882e-13,
		"ld_2222":-1.4097390426531882e-13,
		"ld_2233":-1.4097390426531882e-13,
		"ld_3311":-1.4097390426531882e-13,
		"ld_3322":-1.4097390426531882e-13,
		"ld_3333":-1.4097390426531882e-13,
		"le_1111":7.330892807559667e-12,
		"le_1112":{
			"Re":-2.366326046184594e-14,
			"Im":-2.860912630702119e-14
		},
		"le_1113":{
			"Re":1.5521349989149741e-12,
			"Im":-2.500790840478969e-13
		},
		"le_1122":1.0413572327738382e-11,
		"le_1123":{
			"Re":5.732249868814207e-14,
			"Im":-1.0198347600262724e-13
		},
		"le_1133":5.303680069843231e-12,
		"le_2211":7.330892807559667e-12,
		"le_2212":{
			"Re":-2.366326046184594e-14,
			"Im":-2.860912630702119e-14
		},
		"le_2213":{
			"Re":1.5521349989149741e-12,
			"Im":-2.500790840478969e-13
		},
		"le_2222":1.0413572327738382e-11,
		"le_2223":{
			"Re":5.732249868814207e-14,
			"Im":-1.0198347600262724e-13
		},
		"le_2233":5.303680069843231e-12,
		"le_3311":7.330892807559667e-12,
		"le_3312":{
			"Re":-2.366326046184594e-14,
			"Im":-2.860912630702119e-14
		},
		"le_3313":{
			"Re":1.5521349989149741e-12,
			"Im":-2.500790840478969e-13
		},
		"le_3322":1.0413572327738382e-11,
		"le_3323":{
			"Re":5.732249868814207e-14,
			"Im":-1.0198347600262724e-13
		},
		"le_3333":5.303680069843231e-12,
		"ll_1111":-1.0573042819898912e-13,
		"ll_1122":-2.1146085639797824e-13,
		"ll_1133":-2.1146085639797824e-13,
		"ll_2222":-1.0573042819898912e-13,
		"ll_2233":-2.1146085639797824e-13,
		"ll_3333":-1.0573042819898912e-13,
		"lq1_1111":7.048695213265941e-14,