{
	"eft":"SMEFT",
	"basis":"Warsaw",
	"scale":1000,
	"values":{
		"dd_1111":-1.5030889639329087e-13,
		"dd_1122":-3.0061779278658175e-13,
		"dd_1133":-3.0061779278658175e-13,
		"dd_2222":-1.5030889639329087e-13,
		"dd_2233":-3.0061779278658175e-13,
		"dd_3333":-1.5030889639329087e-13,
		"eB_11":9.839076237120349e-17,
		"eB_12":{
			"Re":2.0020620307202138e-20,
			"Im":-2.4441322694854994e-19
		},
		"eB_13":{
			"Re":-3.6167796363233686e-17,
			"Im":3.3418944369073536e-17
		},
		"eB_21":{
			"Re":4.1396844259471265e-18,
			"Im":5.053757643715034e-17
		},
		"eB_22":9.113372296734337e-14,
		"eB_23":{
			"Re":-4.751098685532603e-17,
			"Im":-4.298514524730826e-17
		},
		"eB_31":{
			"Re":-1.2576838041432673e-13,
			"Im":-1.1620963760809773e-13
		},
		"eB_32":{
			"Re":-7.990128513423579e-16,
			"Im":7.228998120792985e-16
		},
		"eB_33":1.7487988499179786e-12,
		"ed_1111":4.817599206190274e-12,
		"ed_1122":4.817599206190274e-12,
		"ed_1133":4.817599206190274e-12,
		"ed_1211":{
			"Re":1.1642117020103772e-15,
			"Im":-1.4213515513564114e-14
		},
		"ed_1222":{
			"Re":1.1642117020103772e-15,
			"Im":-1.4213515513564114e-14
		},
		"ed_1233":{
			"Re":1.1642117020103772e-15,
			"Im":-1.4213515513564114e-14
		},
		"ed_1311":{
			"Re":-2.1032236758227572e-12,
			"Im":1.9433718898986322e-12
		},
		"ed_1322":{
			"Re":-2.1032236758227572e-12,
			"Im":1.9433718898986322e-12
		},
		"ed_1333":{
			"Re":-2.1032236758227572e-12,
			"Im":1.9433718898986322e-12
		},
		"ed_2211":2.4725163630676534e-11,
		"ed_2222":2.4725163630676534e-11,
		"ed_2233":2.4725163630676534e-11,
		"ed_2311":{
			"Re":-1.336591593918706e-14,
			"Im":-1.2092523503586828e-14
		},
		"ed_2322":{
			"Re":-1.336591593918706e-14,
			"Im":-1.2092523503586828e-14
		},
		"ed_2333":{
			"Re":-1.336591593918706e-14,
			"Im":-1.2092523503586828e-14
		},
		"ed_3311":2.8341151071682084e-11,
		"ed_3322":2.8341151071682084e-11,
		"ed_3333":2.8341151071682084e-11,
		"ee_1111":-8.126938212561761e-11,
		"ee_1112":{
			"Re":8.871813039422918e-14,
			"Im":6.919693824276422e-13
		},
		"ee_1113":{
			"Re":7.636894393406157e-11,
			"Im":-1.0941470695577091e-10
		},
		"ee_1122":-9.82122905253107e-10,
		"ee_1123":{
			"Re":5.004040058896622e-13,
			"Im":5.06030240942448e-13
		},
		"ee_1133":-1.1310346563655835e-9,
		"ee_1212":{
			"Re":1.091130473809073e-10,
			"Im":-3.380999287047785e-11
		},
		"ee_1213":{
			"Re":-4.093611327548181e-13,
			"Im":4.81448505364522e-13
		},
		"ee_1222":{
			"Re":2.2084983741457648e-13,
			"Im":1.7563202180986123e-12
		},
		"ee_1223":{
			"Re":3.8831041349010376e-10,
			"Im":-3.587893155828994e-10
		},
		"ee_1232":{
			"Re":2.4366428288753018e-11,
			"Im":1.7047854298929146e-10
		},
		"ee_1233":{
			"Re":-1.293102566000557e-12,
			"Im":2.8708014452647746e-12
		},
		"ee_1313":{
			"Re":1.1027090582562033e-10,
			"Im":9.458248789932924e-11
		},
		"ee_1323":{
			"Re":6.821829777837778e-13,
			"Im":-3.051634100650704e-13
		},
		"ee_1333":{
			"Re":3.209016501037674e-10,
			"Im":-2.579266323988938e-10
		},
		"ee_2222":-1.7549978835145261e-9,
		"ee_2223":{
			"Re":3.210357609330509e-13,
			"Im":5.337198989006808e-12
		},
		"ee_2233":-5.325116575665176e-9,
		"ee_2323":{
			"Re":4.44362721834241e-10,
			"Im":4.777659962585598e-10
		},
		"ee_2333":{
			"Re":3.744148633011657e-12,
			"Im":-1.6391613269968209e-12
		},
		"ee_3333":-2.3022627021337987e-9,
		"ephi_11":-9.252975153891388e-17,
		"ephi_12":{
			"Re":-1.8832553214991983e-20,
			"Im":2.299173188133279e-19
		},
		"ephi_13":{
			"Re":3.400082080625723e-17,
			"Im":-3.1416653822176513e-17
		},
		"ephi_21":{
			"Re":-3.8940351632340984e-18,
			"Im":-4.754034749325284e-17
		},
		"ephi_22":-8.571946731921243e-14,
		"ephi_23":{
			"Re":4.467361263670525e-17,
			"Im":4.0417665230017283e-17
		},
		"ephi_31":{
			"Re":1.1830694706149536e-13,
			"Im":1.0931525514011812e-13
		},
		"ephi_32":{
			"Re":7.51763435915704e-16,
			"Im":-6.801447493168418e-16
		},
		"ephi_33":-1.6439378602422052e-12,
		"eu_1111":-9.635198412380549e-12,
		"eu_1122":-9.635198412380549e-12,
		"eu_1133":-9.635198412380549e-12,
		"eu_1211":{
			"Re":-2.3284234040207545e-15,
			"Im":2.842703102712823e-14
		},
		"eu_1222":{
			"Re":-2.3284234040207545e-15,
			"Im":2.842703102712823e-14
		},
		"eu_1233":{
			"Re":-2.3284234040207545e-15,
			"Im":2.842703102712823e-14
		},
		"eu_1311":{
			"Re":4.2064473516455145e-12,
			"Im":-3.8867437797972645e-12
		},
		"eu_1322":{
			"Re":4.2064473516455145e-12,
			"Im":-3.8867437797972645e-12
		},
		"eu_1333":{
			"Re":4.2064473516455145e-12,
			"Im":-3.8867437797972645e-12
		},
		"eu_2211":-4.945032726135307e-11,
		"eu_2222":-4.945032726135307e-11,
		"eu_2233":-4.945032726135307e-11,
		"eu_2311":{
			"Re":2.673183187837412e-14,
			"Im":2.4185047007173656e-14
		},
		"eu_2322":{
			"Re":2.673183187837412e-14,
			"Im":2.4185047007173656e-14
		},
		"eu_2333":{
			"Re":2.673183187837412e-14,
			"Im":2.4185047007173656e-14
		},
		"eu_3311":-5.668230214336417e-11,
		"eu_3322":-5.668230214336417e-11,
		"eu_3333":-5.668230214336417e-11,
		"phi":-1.250362292358762e-13,
		"phiB":2.83407070478301e-12,
		"phiBox":-1.5256691603083024e-12,
		"phid_11":4.5092668917987254e-13,
		"phid_22":4.5092668917987254e-13,
		"phid_33":4.5092668917987254e-13,
		"phiD":-1.3527800675396175e-12,
		"phie_11":-7.226398809285431e-12,
		"phie_12":{
			"Re":-1.7463175530155693e-15,
			"Im":2.1320273270346184e-14
		},
		"phie_13":{
			"Re":3.1548355137341387e-12,
			"Im":-2.9150578348479506e-12
		},
		"phie_22":-3.708774544601479e-11,
		"phie_23":{
			"Re":2.0048873908780828e-14,
			"Im":1.8138785255380446e-14
		},
		"phie_33":-4.2511726607523174e-11,
		"phil1_11":6.763900329551355e-13,
		"phil1_13":{
			"Re":1.0413592022177038e-18,
			"Im":-9.622130388489267e-19
		},
		"phil1_22":6.76234007434042e-13,
		"phil1_23":{
			"Re":1.3679573638202908e-18,
			"Im":1.237647328921949e-18
		},
		"phil1_33":6.260378431939657e-13,
		"phil3_13":{
			"Re":1.0413592022177038e-18,
			"Im":-9.622130388489267e-19
		},
		"phil3_22":-1.5602633576680368e-16,
		"phil3_23":{
			"Re":1.3679573638202908e-18,
			"Im":1.237647328921949e-18
		},
		"phil3_33":-5.035219057584312e-14,
		"phiq1_11":-2.2546334458993627e-13,
		"phiq1_22":-2.2546334458993627e-13,
		"phiq1_33":-2.2546334458993627e-13,
		"phiu_11":-9.018533783597451e-13,
		"phiu_22":-9.018533783597451e-13,
		"phiu_33":-9.018533783597451e-13,
		"ld_1111":-4.5092668917987254e-13,
		"ld_1122":-4.5092668917987254e-13,
		"ld_1133":-4.5092668917987254e-13,
		"ld_2211":-4.5092668917987254e-13,
		"ld_2222":-4.5092668917987254e-13,
		"ld_2233":-4.5092668917987254e-13,
		"ld_3311":-4.5092668917987254e-13,
		"ld_3322":-4.5092668917987254e-13,
		"ld_3333":-4.5092668917987254e-13,
		"le_1111":7.226398809285431e-12,
		"le_1112":{
			"Re":1.7463175530155693e-15,
			"Im":-2.1320273270346184e-14
		},
		"le_1113":{
			"Re":-3.1548355137341387e-12,
			"Im":2.9150578348479506e-12
		},
		"le_1122":3.708774544601479e-11,
		"le_1123":{
			"Re":-2.0048873908780828e-14,
			"Im":-1.8138785255380446e-14
		},
		"le_1133":4.2511726607523174e-11,
		"le_2211":7.226398809285431e-12,
		"le_2212":{
			"Re":1.7463175530155693e-15,
			"Im":-2.1320273270346184e-14
		},
		"le_2213":{
			"Re":-3.1548355137341387e-12,
			"Im":2.9150578348479506e-12
		},
		"le_2222":3.708774544601479e-11,
		"le_2223":{
			"Re":-2.0048873908780828e-14,
			"Im":-1.8138785255380446e-14
		},
		"le_2233":4.2511726607523174e-11,
		"le_3311":7.226398809285431e-12,
		"le_3312":{
			"Re":1.7463175530155693e-15,
			"Im":-2.1320273270346184e-14
		},
		"le_3313":{
			"Re":-3.1548355137341387e-12,
			"Im":2.9150578348479506e-12
		},
		"le_3322":3.708774544601479e-11,
		"le_3323":{
			"Re":-2.0048873908780828e-14,
			"Im":-1.8138785255380446e-14
		},
		"le_3333":4.2511726607523174e-11,
		"ll_1111":-3.381950168849044e-13,
		"ll_1122":-6.763900337698088e-13,
		"ll_1133":-6.763900337698088e-13,
		"ll_2222":-3.381950168849044e-13,
		"ll_2233":-6.763900337698088e-13,
		"ll_3333":-3.381950168849044e-13,