{
	"eft":"SMEFT",
	"basis":"Warsaw",
	"scale":1000,
	"values":{
		"dd_1111":-3.2694338402948073e-14,
		"dd_1122":-6.538867680589615e-14,
		"dd_1133":-6.538867680589615e-14,
		"dd_2222":-3.2694338402948073e-14,
		"dd_2233":-6.538867680589615e-14,
		"dd_3333":-3.2694338402948073e-14,
		"eB_11":1.1705793215356081e-16,
		"eB_13":{
			"Re":8.597614271344142e-20,
			"Im":-5.4043161391295055e-20
		},
		"eB_21":{
			"Re":-6.891927082302536e-19,
			"Im":1.4095002842426064e-18
		},
		"eB_22":2.4514617571836192e-14,
		"eB_23":{
			"Re":9.96920860074346e-18,
			"Im":-3.920397908216142e-18
		},
		"eB_31":{
			"Re":2.9896983810527417e-16,
			"Im":1.8792742616641797e-16
		},
		"eB_32":{
			"Re":1.6765650046300129e-16,
			"Im":6.593103023893382e-17
		},
		"eB_33":1.0417403661255971e-13,
		"ed_1111":7.67054031960284e-12,
		"ed_1122":7.67054031960284e-12,
		"ed_1133":7.67054031960284e-12,
		"ed_1211":{
			"Re":-1.1642488395512172e-16,
			"Im":-2.5927270464065914e-16
		},
		"ed_1222":{
			"Re":-1.1642488395512172e-16,
			"Im":-2.5927270464065914e-16
		},
		"ed_1233":{
			"Re":-1.1642488395512172e-16,
			"Im":-2.5927270464065914e-16
		},
		"ed_1311":{
			"Re":5.7474878650479685e-15,
			"Im":-4.1213677380828745e-15
		},
		"ed_1322":{
			"Re":5.7474878650479685e-15,
			"Im":-4.1213677380828745e-15
		},
		"ed_1333":{
			"Re":5.7474878650479685e-15,
			"Im":-4.1213677380828745e-15
		},
		"ed_2211":7.771337256713198e-12,
		"ed_2222":7.771337256713198e-12,
		"ed_2233":7.771337256713198e-12,
		"ed_2311":{
			"Re":4.374031706798038e-15,
			"Im":-7.64359617133351e-16
		},
		"ed_2322":{
			"Re":4.374031706798038e-15,
			"Im":-7.64359617133351e-16
		},
		"ed_2333":{
			"Re":4.374031706798038e-15,
			"Im":-7.64359617133351e-16
		},
		"ed_3311":1.811668806115342e-12,
		"ed_3322":1.811668806115342e-12,
		"ed_3333":1.811668806115342e-12,
		"ee_1111":-3.5126354003213807e-10,
		"ee_1112":{
			"Re":8.033783090179893e-13,
			"Im":1.1291915992392641e-11
		},
		"ee_1113":{
			"Re":-4.397401337551554e-12,
			"Im":-4.4416433470777576e-11
		},
		"ee_1122":{
			"Re":-1.7015535308075485e-9,
			"Im":-1.5614094694891798e-20
		},
		"ee_1123":{
			"Re":-1.8677801351077953e-12,
			"Im":2.2176885065568878e-13
		},
		"ee_1133":{
			"Re":-4.080241701872604e-10,
			"Im":1.937589958272244e-20
		},
		"ee_1212":{
			"Re":-2.5866734740608493e-10,
			"Im":4.095102385113675e-10
		},
		"ee_1213":{
			"Re":-9.35100830022161e-11,
			"Im":6.229168766989798e-11
		},
		"ee_1222":{
			"Re":9.028194379192335e-12,
			"Im":6.656287579343383e-12
		},
		"ee_1223":{
			"Re":1.898071137730951e-14,
			"Im":3.0936464367041305e-12
		},
		"ee_1232":{
			"Re":-3.6253201070372427e-11,
			"Im":-2.659169707187975e-11
		},
		"ee_1233":{
			"Re":-5.157042425498426e-12,
			"Im":-9.04092722273018e-12
		},
		"ee_1313":{
			"Re":1.1939189110358698e-10,
			"Im":-1.9298434284231932e-11
		},
		"ee_1323":{
			"Re":-2.5607714302814115e-13,
			"Im":-2.769257260642232e-12
		},
		"ee_1333":{
			"Re":7.115926847033736e-13,
			"Im":1.1385323234925592e-11
		},
		"ee_2222":-3.819255730930473e-10,
		"ee_2223":{
			"Re":1.0085167899410083e-10,
			"Im":4.5607735103102024e-11
		},
		"ee_2233":-3.9175728280874066e-10,
		"ee_2323":{
			"Re":-7.936149305037898e-11,
			"Im":-8.982564410915017e-11
		},
		"ee_2333":{
			"Re":-2.5504541481425172e-11,
			"Im":-1.147014312456825e-11
		},
		"ee_3333":-2.0730033562390423e-11,
		"ephi_11":-6.0643733157813986e-18,
		"ephi_21":{
			"Re":2.3451396975598554e-20,
			"Im":-5.037260097679085e-20
		},
		"ephi_22":-1.2699570298659027e-15,
		"ephi_23":{
			"Re":-6.397711740825699e-19,
			"Im":1.4272537503067157e-19
		},
		"ephi_31":{
			"Re":-1.543035123576522e-17,
			"Im":-1.0673538359889703e-17
		},
		"ephi_32":{
			"Re":-1.0857495865691584e-17,
			"Im":-2.4388865089030663e-18
		},
		"ephi_33":-5.325264211022118e-15,
		"eu_1111":-1.534108063920568e-11,
		"eu_1122":-1.534108063920568e-11,
		"eu_1133":-1.534108063920568e-11,
		"eu_1211":{
			"Re":2.3284976791024344e-16,
			"Im":5.185454092813183e-16
		},
		"eu_1222":{
			"Re":2.3284976791024344e-16,
			"Im":5.185454092813183e-16
		},
		"eu_1233":{
			"Re":2.3284976791024344e-16,
			"Im":5.185454092813183e-16
		},
		"eu_1311":{
			"Re":-1.1494975730095937e-14,
			"Im":8.242735476165749e-15
		},
		"eu_1322":{
			"Re":-1.1494975730095937e-14,
			"Im":8.242735476165749e-15
		},
		"eu_1333":{
			"Re":-1.1494975730095937e-14,
			"Im":8.242735476165749e-15
		},
		"eu_2211":-1.5542674513426396e-11,
		"eu_2222":-1.5542674513426396e-11,
		"eu_2233":-1.5542674513426396e-11,
		"eu_2311":{
			"Re":-8.748063413596077e-15,
			"Im":1.528719234266702e-15
		},
		"eu_2322":{
			"Re":-8.748063413596077e-15,
			"Im":1.528719234266702e-15
		},
		"eu_2333":{
			"Re":-8.748063413596077e-15,
			"Im":1.528719234266702e-15
		},
		"eu_3311":-3.623337612230684e-12,
		"eu_3322":-3.623337612230684e-12,
		"eu_3333":-3.623337612230684e-12,
		"phi":-3.3535536499843713e-18,
		"phiB":3.068261631792648e-14,
		"phiBox":-7.420214313818374e-14,
		"phid_11":9.80830152088442e-14,
		"phid_22":9.80830152088442e-14,
		"phid_33":9.80830152088442e-14,
		"phiD":-2.942490456265326e-13,
		"phie_11":-1.1505810479404263e-11,
		"phie_12":{
			"Re":1.746373259337854e-16,
			"Im":3.8890905696238973e-16
		},
		"phie_13":{
			"Re":-8.621231797571935e-15,
			"Im":6.1820516071245894e-15
		},
		"phie_22":-1.1657005885069796e-11,
		"phie_23":{
			"Re":-6.561047560197285e-15,
			"Im":1.1465394256999634e-15
		},
		"phie_33":-2.7175032091730124e-12,
		"phil1_11":1.4712452184402942e-13,
		"phil1_22":1.4708255233485372e-13,
		"phil1_23":{
			"Re":-2.870378668069853e-19,
			"Im":1.1287783189981504e-19
		},
		"phil1_33":1.4412509783948132e-13,
		"phil3_22":-4.197047841257093e-17,
		"phil3_23":{
			"Re":-2.870378668069853e-19,
			"Im":1.1287783189981504e-19
		},
		"phil3_33":-2.9994249737849953e-15,
		"phiq1_11":-4.90415076044221e-14,
		"phiq1_22":-4.90415076044221e-14,
		"phiq1_33":-4.90415076044221e-14,
		"phiu_11":-1.961660304176884e-13,
		"phiu_22":-1.961660304176884e-13,
		"phiu_33":-1.961660304176884e-13,
		"ld_1111":-9.80830152088442e-14,
		"ld_1122":-9.80830152088442e-14,
		"ld_1133":-9.80830152088442e-14,
		"ld_2211":-9.80830152088442e-14,
		"ld_2222":-9.80830152088442e-14,
		"ld_2233":-9.80830152088442e-14,
		"ld_3311":-9.80830152088442e-14,
		"ld_3322":-9.80830152088442e-14,
		"ld_3333":-9.80830152088442e-14,
		"le_1111":1.1505810479404263e-11,
		"le_1112":{
			"Re":-1.746373259337854e-16,
			"Im":-3.8890905696238973e-16
		},
		"le_1113":{
			"Re":8.621231797571935e-15,
			"Im":-6.1820516071245894e-15
		},
		"le_1122":1.1657005885069796e-11,
		"le_1123":{
			"Re":6.561047560197285e-15,
			"Im":-1.1465394256999634e-15
		},
		"le_1133":2.7175032091730124e-12,
		"le_2211":1.1505810479404263e-11,
		"le_2212":{
			"Re":-1.746373259337854e-16,
			"Im":-3.8890905696238973e-16
		},
		"le_2213":{
			"Re":8.621231797571935e-15,
			"Im":-6.1820516071245894e-15
		},
		"le_2222":1.1657005885069796e-11,
		"le_2223":{
			"Re":6.561047560197285e-15,
			"Im":-1.1465394256999634e-15
		},
		"le_2233":2.7175032091730124e-12,
		"le_3311":1.1505810479404263e-11,
		"le_3312":{
			"Re":-1.746373259337854e-16,
			"Im":-3.8890905696238973e-16
		},
		"le_3313":{
			"Re":8.621231797571935e-15,
			"Im":-6.1820516071245894e-15
		},
		"le_3322":1.1657005885069796e-11,
		"le_3323":{
			"Re":6.561047560197285e-15,
			"Im":-1.1465394256999634e-15
		},
		"le_3333":2.7175032091730124e-12,
		"ll_1111":-7.356226140663315e-14,
		"ll_1122":-1.471245228132663e-13,
		"ll_1133":-1.471245228132663e-13,
		"ll_2222":-7.356226140663315e-14,
		"ll_2233":-1.471245228132663e-13,
		"ll_3333":-7.356226140663315e-14,
		"lq1_1111":4.90415076044221e-14,
		"lq1_1122":4.90415076044221e-14,
		"lq1_1133":4.90415076044221e-14,
		"lq1_2211":4.90415076044221e-14,
		"lq1_2222":4.90415076044221e-14,
		"lq1_2233":4.90415076044221e-14,
		"lq1_3311":4.90415076044221e-14,
		"lq1_3322":4.90415076044221e-14,
		"lq1_3333":4.90415076044221e-14,
		"lu_1111":1.961660304176884e-13,