{
	"eft":"SMEFT",
	"basis":"Warsaw",
	"scale":1000,
	"values":{
		"dd_1111":-9.982530776345486e-14,
		"dd_1122":-1.9965061552690972e-13,
		"dd_1133":-1.9965061552690972e-13,
		"dd_2222":-9.982530776345486e-14,
		"dd_2233":-1.9965061552690972e-13,
		"dd_3333":-9.982530776345486e-14,
		"eB_11":3.0992590259020785e-17,
		"eB_12":{
			"Re":-7.189781525109552e-19,
			"Im":-1.1773289281159981e-18
		},
		"eB_13":{
			"Re":-1.5410280773476853e-18,
			"Im":6.097493817997184e-19
		},
		"eB_21":{
			"Re":-1.486638583058855e-16,
			"Im":2.434375235709125e-16
		},
		"eB_22":6.03820677220282e-14,
		"eB_23":{
			"Re":3.476658069980182e-16,
			"Im":-6.050775614290109e-16
		},
		"eB_31":{
			"Re":-5.358706499963649e-15,
			"Im":-2.120316964777641e-15
		},
		"eB_32":{
			"Re":5.84684651172619e-15,
			"Im":1.0175851516468424e-14
		},
		"eB_33":1.9263074500773028e-13,
		"ed_1111":1.86237837039141e-12,
		"ed_1122":1.86237837039141e-12,
		"ed_1133":1.86237837039141e-12,
		"ed_1211":{
			"Re":-5.757463081686209e-14,
			"Im":-9.426833266452823e-14
		},
		"ed_1222":{
			"Re":-5.757463081686209e-14,
			"Im":-9.426833266452823e-14
		},
		"ed_1233":{
			"Re":-5.757463081686209e-14,
			"Im":-9.426833266452823e-14
		},
		"ed_1311":{
			"Re":-1.2256832360021832e-13,
			"Im":4.849702241022144e-14
		},
		"ed_1322":{
			"Re":-1.2256832360021832e-13,
			"Im":4.849702241022144e-14
		},
		"ed_1333":{
			"Re":-1.2256832360021832e-13,
			"Im":4.849702241022144e-14
		},
		"ed_2211":2.2756664176894174e-11,
		"ed_2222":2.2756664176894174e-11,
		"ed_2233":2.2756664176894174e-11,
		"ed_2311":{
			"Re":1.3468214045756319e-13,
			"Im":-2.3439064519831984e-13
		},
		"ed_2322":{
			"Re":1.3468214045756319e-13,
			"Im":-2.3439064519831984e-13
		},
		"ed_2333":{
			"Re":1.3468214045756319e-13,
			"Im":-2.3439064519831984e-13
		},
		"ed_3311":3.803283780861728e-12,
		"ed_3322":3.803283780861728e-12,
		"ed_3333":3.803283780861728e-12,
		"ee_1111":5.0910274107384e-12,
		"ee_1112":{
			"Re":2.510039197630749e-12,
			"Im":3.7817037202977755e-12
		},
		"ee_1113":{
			"Re":9.109416437846977e-12,
			"Im":1.287710624886128e-12
		},
		"ee_1122":-3.872333923670457e-10,
		"ee_1123":{
			"Re":-1.6138824955905403e-12,
			"Im":3.527937680482191e-12
		},
		"ee_1133":-6.643878772395695e-11,
		"ee_1212":{
			"Re":8.932670983308453e-11,
			"Im":-2.0433823042812383e-10
		},
		"ee_1213":{
			"Re":-3.5244503713823076e-12,
			"Im":-4.017983211080151e-12
		},
		"ee_1222":{
			"Re":-2.8521554522241284e-12,
			"Im":-4.752443190885426e-12
		},
		"ee_1223":{
			"Re":2.2319029487347638e-11,
			"Im":-8.91930221212424e-12
		},
		"ee_1232":{
			"Re":8.512667658943566e-12,
			"Im":-7.036202868014232e-11
		},
		"ee_1233":{
			"Re":6.837721980240904e-13,
			"Im":2.3447116023049506e-12
		},
		"ee_1313":{
			"Re":-4.0349464161402495e-11,
			"Im":-1.0337215969685613e-11
		},
		"ee_1323":{
			"Re":-3.642582337019842e-12,
			"Im":2.8603178890556473e-12
		},
		"ee_1333":{
			"Re":-9.275793146715409e-12,
			"Im":-1.0694212423788845e-12
		},
		"ee_2222":3.2510790121099e-11,
		"ee_2223":{
			"Re":-3.1871466349300075e-12,
			"Im":-2.3985067946169023e-12
		},
		"ee_2233":-7.460678826444089e-10,
		"ee_2323":{
			"Re":-6.393033890366171e-11,
			"Im":-3.971011520899256e-10
		},
		"ee_2333":{
			"Re":3.4060971059457126e-12,
			"Im":2.2496977054806942e-12
		},
		"ee_3333":9.251966284926594e-12,
		"ephi_11":1.0852795423566607e-18,
		"ephi_12":{
			"Re":-2.5335013730033534e-20,
			"Im":-4.148276759145038e-20
		},
		"ephi_13":{
			"Re":-5.492941063827038e-20,
			"Im":2.173415817758147e-20
		},
		"ephi_21":{
			"Re":-5.238238145324582e-18,
			"Im":8.576929021545323e-18
		},
		"ephi_22":2.125725885617122e-15,
		"ephi_23":{
			"Re":1.2457075522707169e-17,
			"Im":-2.1679602359819447e-17
		},
		"ephi_31":{
			"Re":-1.8785980866489218e-16,
			"Im":-7.433129696862058e-17
		},
		"ephi_32":{
			"Re":2.0607187248055615e-16,
			"Im":3.5863585131043824e-16
		},
		"ephi_33":6.861949186768674e-15,
		"eu_1111":-3.72475674078282e-12,
		"eu_1122":-3.72475674078282e-12,
		"eu_1133":-3.72475674078282e-12,
		"eu_1211":{
			"Re":1.1514926163372417e-13,
			"Im":1.8853666532905646e-13
		},
		"eu_1222":{
			"Re":1.1514926163372417e-13,
			"Im":1.8853666532905646e-13
		},
		"eu_1233":{
			"Re":1.1514926163372417e-13,
			"Im":1.8853666532905646e-13
		},
		"eu_1311":{
			"Re":2.4513664720043664e-13,
			"Im":-9.699404482044288e-14
		},
		"eu_1322":{
			"Re":2.4513664720043664e-13,
			"Im":-9.699404482044288e-14
		},
		"eu_1333":{
			"Re":2.4513664720043664e-13,
			"Im":-9.699404482044288e-14
		},
		"eu_2211":-4.551332835378835e-11,
		"eu_2222":-4.551332835378835e-11,
		"eu_2233":-4.551332835378835e-11,
		"eu_2311":{
			"Re":-2.6936428091512637e-13,
			"Im":4.687812903966397e-13
		},
		"eu_2322":{
			"Re":-2.6936428091512637e-13,
			"Im":4.687812903966397e-13
		},
		"eu_2333":{
			"Re":-2.6936428091512637e-13,
			"Im":4.687812903966397e-13
		},
		"eu_3311":-7.606567561723456e-12,
		"eu_3322":-7.606567561723456e-12,
		"eu_3333":-7.606567561723456e-12,
		"phi":2.192221298956377e-18,
		"phiB":-5.6044221001623486e-14,
		"phiBox":-2.2530615387085138e-13,
		"phid_11":2.9947592329036456e-13,
		"phid_22":2.9947592329036456e-13,
		"phid_33":2.9947592329036456e-13,
		"phiD":-8.984277698710936e-13,
		"phie_11":-2.793567555587114e-12,
		"phie_12":{
			"Re":8.636194622529315e-14,
			"Im":1.4140249899679237e-13
		},
		"phie_13":{
			"Re":1.8385248540032752e-13,
			"Im":-7.274553361533218e-14
		},
		"phie_22":-3.413499626534127e-11,
		"phie_23":{
			"Re":-2.0202321068634483e-13,
			"Im":3.5158596779747983e-13
		},
		"phie_33":-5.704925671292591e-12,
		"phil1_11":4.4921388467892893e-13,
		"phil1_13":{
			"Re":4.43699625242635e-20,
			"Im":-1.755617410048157e-20
		},
		"phil1_22":4.491105072563965e-13,
		"phil1_23":{
			"Re":-1.0010147806015273e-17,
			"Im":1.7421660980431734e-17
		},
		"phil1_33":4.4366757525913617e-13,
		"phil3_13":{
			"Re":4.43699625242635e-20,
			"Im":-1.755617410048157e-20
		},
		"phil3_22":-1.0337767915030789e-16,
		"phil3_23":{
			"Re":-1.0010147806015273e-17,
			"Im":1.7421660980431734e-17
		},
		"phil3_33":-5.546309676410638e-15,
		"phiq1_11":-1.4973796164518228e-13,
		"phiq1_22":-1.4973796164518228e-13,
		"phiq1_33":-1.4973796164518228e-13,
		"phiu_11":-5.989518465807291e-13,
		"phiu_22":-5.989518465807291e-13,
		"phiu_33":-5.989518465807291e-13,
		"ld_1111":-2.9947592329036456e-13,
		"ld_1122":-2.9947592329036456e-13,
		"ld_1133":-2.9947592329036456e-13,
		"ld_2211":-2.9947592329036456e-13,
		"ld_2222":-2.9947592329036456e-13,
		"ld_2233":-2.9947592329036456e-13,
		"ld_3311":-2.9947592329036456e-13,
		"ld_3322":-2.9947592329036456e-13,
		"ld_3333":-2.9947592329036456e-13,
		"le_1111":2.793567555587114e-12,
		"le_1112":{
			"Re":-8.636194622529315e-14,
			"Im":-1.4140249899679237e-13
		},
		"le_1113":{
			"Re":-1.8385248540032752e-13,
			"Im":7.274553361533218e-14
		},
		"le_1122":3.413499626534127e-11,
		"le_1123":{
			"Re":2.0202321068634483e-13,
			"Im":-3.5158596779747983e-13
		},
		"le_1133":5.704925671292591e-12,
		"le_2211":2.793567555587114e-12,
		"le_2212":{
			"Re":-8.636194622529315e-14,
			"Im":-1.4140249899679237e-13
		},
		"le_2213":{
			"Re":-1.8385248540032752e-13,
			"Im":7.274553361533218e-14
		},
		"le_2222":3.413499626534127e-11,
		"le_2223":{
			"Re":2.0202321068634483e-13,
			"Im":-3.5158596779747983e-13
		},
		"le_2233":5.704925671292591e-12,
		"le_3311":2.793567555587114e-12,
		"le_3312":{
			"Re":-8.636194622529315e-14,
			"Im":-1.4140249899679237e-13
		},
		"le_3313":{
			"Re":-1.8385248540032752e-13,
			"Im":7.274553361533218e-14
		},
		"le_3322":3.413499626534127e-11,
		"le_3323":{
			"Re":2.0202321068634483e-13,
			"Im":-3.5158596779747983e-13
		},
		"le_3333":5.704925671292591e-12,
		"ll_1111":-2.246069424677734e-13,
		"ll_1122":-4.492138849355468e-13,
		"ll_1133":-4.492138849355468e-13,
		"ll_2222":-2.246069424677734e-13,
		"ll_2233":-4.492138849355468e-13,
		"ll_3333":-2.246069424677734e-13,
		"lq1_1111":1.4973796164518228e-13,