{
	"eft":"SMEFT",
	"basis":"Warsaw",
	"scale":1000,
	"values":{
		"dd_1111":-1.0069383625965589e-13,
		"dd_1122":-2.0138767251931178e-13,
		"dd_1133":-2.0138767251931178e-13,
		"dd_2222":-1.0069383625965589e-13,
		"dd_2233":-2.0138767251931178e-13,
		"dd_3333":-1.0069383625965589e-13,
		"eB_11":6.059241086862319e-17,
		"eB_12":4.806701705327674e-20,
		"eB_13":{
			"Re":4.540389443044359e-17,
			"Im":-1.595666267484921e-17
		},
		"eB_21":{
			"Re":9.938866970350709e-18,
			"Im":7.986599877872131e-19
		},
		"eB_22":4.797127271527682e-14,
		"eB_23":{
			"Re":-1.6465956124706015e-17,
			"Im":4.547927518183869e-18
		},
		"eB_31":{
			"Re":1.5788560103774547e-13,
			"Im":5.54870305417216e-14
		},
		"eB_32":{
			"Re":-2.7691511846180127e-16,
			"Im":-7.648446758363123e-17
		},
		"eB_33":5.193140594270541e-13,
		"ed_1111":3.474319477344174e-12,
		"ed_1122":3.474319477344174e-12,
		"ed_1133":3.474319477344174e-12,
		"ed_1211":{
			"Re":3.2389840974462195e-15,
			"Im":-2.601421920249577e-16
		},
		"ed_1222":{
			"Re":3.2389840974462195e-15,
			"Im":-2.601421920249577e-16
		},
		"ed_1233":{
			"Re":3.2389840974462195e-15,
			"Im":-2.601421920249577e-16
		},
		"ed_1311":{
			"Re":3.0593572188485668e-12,
			"Im":-1.075173012180486e-12
		},
		"ed_1322":{
			"Re":3.0593572188485668e-12,
			"Im":-1.075173012180486e-12
		},
		"ed_1333":{
			"Re":3.0593572188485668e-12,
			"Im":-1.075173012180486e-12
		},
		"ed_2211":1.5031635450716724e-11,
		"ed_2222":1.5031635450716724e-11,
		"ed_2233":1.5031635450716724e-11,
		"ed_2311":{
			"Re":-5.372427915657443e-15,
			"Im":1.4833009991414764e-15
		},
		"ed_2322":{
			"Re":-5.372427915657443e-15,
			"Im":1.4833009991414764e-15
		},
		"ed_2333":{
			"Re":-5.372427915657443e-15,
			"Im":1.4833009991414764e-15
		},
		"ed_3311":9.45431866469416e-12,
		"ed_3322":9.45431866469416e-12,
		"ed_3333":9.45431866469416e-12,
		"ee_1111":{
			"Re":-2.1012816031110373e-11,
			"Im":-5.713220168630122e-20
		},
		"ee_1112":{
			"Re":-6.477106452934863e-14,
			"Im":-1.7027468320312174e-14
		},
		"ee_1113":{
			"Re":-4.264948298957902e-11,
			"Im":4.144032888116594e-12
		},
		"ee_1122":-5.191025651666134e-10,
		"ee_1123":{
			"Re":1.731122231421036e-13,
			"Im":-2.301698258945371e-14
		},
		"ee_1133":{
			"Re":-3.143754654902306e-10,
			"Im":2.3005833720703e-19
		},
		"ee_1212":{
			"Re":-9.238453545138486e-11,
			"Im":-1.3713554118722963e-10
		},
		"ee_1213":{
			"Re":2.8163609260522643e-13,
			"Im":1.4562236232323002e-13
		},
		"ee_1222":{
			"Re":-4.619767859376861e-13,
			"Im":-1.633733655942954e-13
		},
		"ee_1223":{
			"Re":-4.229944487776965e-10,
			"Im":1.4865671422763704e-10
		},
		"ee_1232":{
			"Re":-2.8148768540538068e-11,
			"Im":-2.6450176379584534e-10
		},
		"ee_1233":{
			"Re":3.2174808756779874e-13,
			"Im":4.4120097761185367e-13
		},
		"ee_1313":{
			"Re":3.961928932620352e-11,
			"Im":-4.3753411198511756e-11
		},
		"ee_1323":{
			"Re":2.586306708253489e-13,
			"Im":-1.2392023073044755e-13
		},
		"ee_1333":{
			"Re":-1.0460681533042013e-10,
			"Im":4.7752675360886264e-11
		},
		"ee_2222":-4.2069529644074404e-10,
		"ee_2223":{
			"Re":-3.938790147771377e-13,
			"Im":7.434289123820817e-13
		},
		"ee_2233":-1.3459101961962489e-9,
		"ee_2323":{
			"Re":6.97647315587198e-11,
			"Im":4.0350353641085216e-10
		},
		"ee_2333":{
			"Re":9.478651027625856e-13,
			"Im":-9.53205899565376e-13
		},
		"ee_3333":{
			"Re":-1.6499231593724135e-10,
			"Im":-5.789935354330733e-20
		},
		"ephi_11":3.9532008613218823e-16,
		"ephi_12":{
			"Re":3.1384997064759387e-19,
			"Im":-2.5210857802497124e-20
		},
		"ephi_13":{
			"Re":2.964759127362573e-16,
			"Im":-1.0419282329249432e-16
		},
		"ephi_21":{
			"Re":6.489506329756651e-17,
			"Im":5.212873556469968e-18
		},
		"ephi_22":3.1325931679901e-13,
		"ephi_23":{
			"Re":-1.0761351223225108e-16,
			"Im":2.971483318297669e-17
		},
		"ephi_31":{
			"Re":1.0308601302733386e-12,
			"Im":3.622831493759961e-13
		},
		"ephi_32":{
			"Re":-1.8096208882574097e-15,
			"Im":-4.9968243179570895e-16
		},
		"ephi_33":3.3899545975117074e-12,
		"eu_1111":-6.948638954688348e-12,
		"eu_1122":-6.948638954688348e-12,
		"eu_1133":-6.948638954688348e-12,
		"eu_1211":{
			"Re":-6.477968194892439e-15,
			"Im":5.202843840499154e-16
		},
		"eu_1222":{
			"Re":-6.477968194892439e-15,
			"Im":5.202843840499154e-16
		},
		"eu_1233":{
			"Re":-6.477968194892439e-15,
			"Im":5.202843840499154e-16
		},
		"eu_1311":{
			"Re":-6.1187144376971336e-12,
			"Im":2.150346024360972e-12
		},
		"eu_1322":{
			"Re":-6.1187144376971336e-12,
			"Im":2.150346024360972e-12
		},
		"eu_1333":{
			"Re":-6.1187144376971336e-12,
			"Im":2.150346024360972e-12
		},
		"eu_2211":-3.006327090143345e-11,
		"eu_2222":-3.006327090143345e-11,
		"eu_2233":-3.006327090143345e-11,
		"eu_2311":{
			"Re":1.0744855831314886e-14,
			"Im":-2.966601998282953e-15
		},
		"eu_2322":{
			"Re":1.0744855831314886e-14,
			"Im":-2.966601998282953e-15
		},
		"eu_2333":{
			"Re":1.0744855831314886e-14,
			"Im":-2.966601998282953e-15
		},
		"eu_3311":-1.890863732938832e-11,
		"eu_3322":-1.890863732938832e-11,
		"eu_3333":-1.890863732938832e-11,
		"phi":2.0558735853413865e-11,
		"phiB":-1.1887111262445572e-11,
		"phiBox":-3.1410951229236483e-11,
		"phid_11":3.0208150877896767e-13,
		"phid_22":3.0208150877896767e-13,
		"phid_33":3.0208150877896767e-13,
		"phiD":-9.06244526336903e-13,
		"phie_11":-5.211479216016257e-12,
		"phie_12":{
			"Re":-4.858476146169325e-15,
			"Im":3.90213288037436e-16
		},
		"phie_13":{
			"Re":-4.5890358282728455e-12,
			"Im":1.6127595182707276e-12
		},
		"phie_22":-2.2547453176075076e-11,
		"phie_23":{
			"Re":8.058641873486168e-15,
			"Im":-2.224951498712216e-15
		},
		"phie_33":-1.4181477997041227e-11,
		"phil1_11":4.5312226266674776e-13,
		"phil1_13":{
			"Re":-1.3072890260388563e-18,
			"Im":4.594312947976432e-19
		},
		"phil1_22":4.530401335060156e-13,
		"phil1_23":{
			"Re":4.740950972397733e-19,
			"Im":-1.309459421999595e-19
		},
		"phil1_33":4.3816994290005007e-13,
		"phil3_13":{
			"Re":-1.3072890260388563e-18,
			"Im":4.594312947976432e-19
		},
		"phil3_22":-8.212966243589958e-17,
		"phil3_23":{
			"Re":4.740950972397733e-19,
			"Im":-1.309459421999595e-19
		},
		"phil3_33":-1.4952320268401445e-14,
		"phiq1_11":-1.5104075438948384e-13,
		"phiq1_22":-1.5104075438948384e-13,
		"phiq1_33":-1.5104075438948384e-13,
		"phiu_11":-6.041630175579353e-13,
		"phiu_22":-6.041630175579353e-13,
		"phiu_33":-6.041630175579353e-13,
		"ld_1111":-3.0208150877896767e-13,
		"ld_1122":-3.0208150877896767e-13,
		"ld_1133":-3.0208150877896767e-13,
		"ld_2211":-3.0208150877896767e-13,
		"ld_2222":-3.0208150877896767e-13,
		"ld_2233":-3.0208150877896767e-13,
		"ld_3311":-3.0208150877896767e-13,
		"ld_3322":-3.0208150877896767e-13,
		"ld_3333":-3.0208150877896767e-13,
		"le_1111":5.211479216016257e-12,
		"le_1112":{
			"Re":4.858476146169325e-15,
			"Im":-3.90213288037436e-16
		},
		"le_1113":{
			"Re":4.5890358282728455e-12,
			"Im":-1.6127595182707276e-12
		},
		"le_1122":2.2547453176075076e-11,
		"le_1123":{
			"Re":-8.058641873486168e-15,
			"Im":2.224951498712216e-15
		},
		"le_1133":1.4181477997041227e-11,
		"le_2211":5.211479216016257e-12,
		"le_2212":{
			"Re":4.858476146169325e-15,
			"Im":-3.90213288037436e-16
		},
		"le_2213":{
			"Re":4.5890358282728455e-12,
			"Im":-1.6127595182707276e-12
		},
		"le_2222":2.2547453176075076e-11,
		"le_2223":{
			"Re":-8.058641873486168e-15,
			"Im":2.224951498712216e-15
		},
		"le_2233":1.4181477997041227e-11,
		"le_3311":5.211479216016257e-12,
		"le_3312":{
			"Re":4.858476146169325e-15,
			"Im":-3.90213288037436e-16
		},
		"le_3313":{
			"Re":4.5890358282728455e-12,
			"Im":-1.6127595182707276e-12
		},
		"le_3322":2.2547453176075076e-11,
		"le_3323":{
			"Re":-8.058641873486168e-15,
			"Im":2.224951498712216e-15
		},
		"le_3333":1.4181477997041227e-11,
		"ll_1111":-2.2656113158422574e-13,
		"ll_1122":-4.531222631684515e-13,
		"ll_1133":-4.531222631684515e-13,
		"ll_2222":-2.2656113158422574e-13,