{
	"eft":"SMEFT",
	"basis":"Warsaw",
	"scale":1000,
	"values":{
		"dd_1111":-3.194484217239467e-14,
		"dd_1122":-6.388968434478934e-14,
		"dd_1133":-6.388968434478934e-14,
		"dd_2222":-3.194484217239467e-14,
		"dd_2233":-6.388968434478934e-14,
		"dd_3333":-3.194484217239467e-14,
		"eB_11":1.0508609349805778e-16,
		"eB_12":{
			"Re":-7.096563527569799e-19,
			"Im":9.500379173197733e-19
		},
		"eB_13":{
			"Re":2.1918585235665947e-19,
			"Im":3.191970547635217e-17
		},
		"eB_21":{
			"Re":-1.4673638010235306e-16,
			"Im":-1.964403255264327e-16
		},
		"eB_22":2.1187096727656685e-14,
		"eB_23":{
			"Re":-1.185338715998498e-16,
			"Im":9.396429349006039e-17
		},
		"eB_31":{
			"Re":7.621877037732234e-16,
			"Im":-1.1099624706867768e-13
		},
		"eB_32":{
			"Re":-1.9934354766413134e-15,
			"Im":-1.5802382361470104e-15
		},
		"eB_33":4.756319144642416e-13,
		"ed_1111":6.200177048247468e-12,
		"ed_1122":6.200177048247468e-12,
		"ed_1133":6.200177048247468e-12,
		"ed_1211":{
			"Re":-4.3161867381694603e-14,
			"Im":5.778241066867797e-14
		},
		"ed_1222":{
			"Re":-4.3161867381694603e-14,
			"Im":5.778241066867797e-14
		},
		"ed_1233":{
			"Re":-4.3161867381694603e-14,
			"Im":5.778241066867797e-14
		},
		"ed_1311":{
			"Re":1.3343226499061255e-14,
			"Im":1.942833774137466e-12
		},
		"ed_1322":{
			"Re":1.3343226499061255e-14,
			"Im":1.942833774137466e-12
		},
		"ed_1333":{
			"Re":1.3343226499061255e-14,
			"Im":1.942833774137466e-12
		},
		"ed_2211":6.0404267702565975e-12,
		"ed_2222":6.0404267702565975e-12,
		"ed_2233":6.0404267702565975e-12,
		"ed_2311":{
			"Re":-3.4865853694729386e-14,
			"Im":2.7639185410325304e-14
		},
		"ed_2322":{
			"Re":-3.4865853694729386e-14,
			"Im":2.7639185410325304e-14
		},
		"ed_2333":{
			"Re":-3.4865853694729386e-14,
			"Im":2.7639185410325304e-14
		},
		"ed_3311":8.129244931326747e-12,
		"ed_3322":8.129244931326747e-12,
		"ed_3333":8.129244931326747e-12,
		"ee_1111":{
			"Re":-4.6191998883112395e-10,
			"Im":6.63974000287194e-20
		},
		"ee_1112":{
			"Re":7.575578047948727e-12,
			"Im":-7.342495055827035e-12
		},
		"ee_1113":{
			"Re":-2.0828290758432838e-10,
			"Im":-3.036290840766614e-10
		},
		"ee_1122":-1.2421467825223835e-9,
		"ee_1123":{
			"Re":7.035048052792134e-12,
			"Im":1.6360054067676608e-12
		},
		"ee_1133":{
			"Re":-1.498946033253236e-9,
			"Im":-2.6593886420383103e-19
		},
		"ee_1212":{
			"Re":-1.2209320141514602e-10,
			"Im":-1.5057388110788445e-10
		},
		"ee_1213":{
			"Re":6.297472433816185e-12,
			"Im":3.3303288732385405e-12
		},
		"ee_1222":{
			"Re":5.579261802029334e-12,
			"Im":-7.370936752852148e-12
		},
		"ee_1223":{
			"Re":-2.6273935021380383e-12,
			"Im":-3.8283009774694586e-10
		},
		"ee_1232":{
			"Re":6.649135860560567e-11,
			"Im":2.388922851705092e-10
		},
		"ee_1233":{
			"Re":6.8945390600107244e-12,
			"Im":-1.5219806016223517e-11
		},
		"ee_1313":{
			"Re":-1.5972922769265512e-10,
			"Im":-9.927834496615282e-11
		},
		"ee_1323":{
			"Re":7.498847700016171e-13,
			"Im":8.274867421577014e-12
		},
		"ee_1333":{
			"Re":2.0478618310624732e-10,
			"Im":-2.854845380125209e-10
		},
		"ee_2222":-3.90731643122298e-10,
		"ee_2223":{
			"Re":4.440472341854813e-12,
			"Im":-3.612012517561119e-12
		},
		"ee_2233":-1.6222653654583686e-9,
		"ee_2323":{
			"Re":2.3811101430504585e-10,
			"Im":-1.2073139346718383e-10
		},
		"ee_2333":{
			"Re":5.4773269672110726e-12,
			"Im":-7.972037522580557e-12
		},
		"ee_3333":{
			"Re":-7.547233402549783e-10,
			"Im":6.657203207319612e-20
		},
		"ephi_11":8.290623711970003e-18,
		"ephi_12":{
			"Re":-5.598625491217236e-20,
			"Im":7.49507625649202e-20
		},
		"ephi_13":{
			"Re":1.743133938068065e-20,
			"Im":2.538211526700242e-18
		},
		"ephi_21":{
			"Re":-1.1576031080733785e-17,
			"Im":-1.549723871389029e-17
		},
		"ephi_22":1.6714944687996648e-15,
		"ephi_23":{
			"Re":-9.420731796378682e-18,
			"Im":7.468066187467066e-18
		},
		"ephi_31":{
			"Re":6.016705595895504e-17,
			"Im":-8.76103565778838e-15
		},
		"ephi_32":{
			"Re":-1.572650871377252e-16,
			"Im":-1.2466824956425913e-16
		},
		"ephi_33":3.780796964544472e-14,
		"eu_1111":-1.2400354096494937e-11,
		"eu_1122":-1.2400354096494937e-11,
		"eu_1133":-1.2400354096494937e-11,
		"eu_1211":{
			"Re":8.632373476338921e-14,
			"Im":-1.1556482133735595e-13
		},
		"eu_1222":{
			"Re":8.632373476338921e-14,
			"Im":-1.1556482133735595e-13
		},
		"eu_1233":{
			"Re":8.632373476338921e-14,
			"Im":-1.1556482133735595e-13
		},
		"eu_1311":{
			"Re":-2.668645299812251e-14,
			"Im":-3.885667548274932e-12
		},
		"eu_1322":{
			"Re":-2.668645299812251e-14,
			"Im":-3.885667548274932e-12
		},
		"eu_1333":{
			"Re":-2.668645299812251e-14,
			"Im":-3.885667548274932e-12
		},
		"eu_2211":-1.2080853540513195e-11,
		"eu_2222":-1.2080853540513195e-11,
		"eu_2233":-1.2080853540513195e-11,
		"eu_2311":{
			"Re":6.973170738945877e-14,
			"Im":-5.527837082065061e-14
		},
		"eu_2322":{
			"Re":6.973170738945877e-14,
			"Im":-5.527837082065061e-14
		},
		"eu_2333":{
			"Re":6.973170738945877e-14,
			"Im":-5.527837082065061e-14
		},
		"eu_3311":-1.6258489862653495e-11,
		"eu_3322":-1.6258489862653495e-11,
		"eu_3333":-1.6258489862653495e-11,
		"phi":1.4286171033162468e-17,
		"phiB":-4.897578214052611e-14,
		"phiBox":-7.354448436424698e-14,
		"phid_11":9.583452651718401e-14,
		"phid_22":9.583452651718401e-14,
		"phid_33":9.583452651718401e-14,
		"phiD":-2.87503579551552e-13,
		"phie_11":-9.300265572371212e-12,
		"phie_12":{
			"Re":6.474280107254187e-14,
			"Im":-8.667361600301691e-14
		},
		"phie_13":{
			"Re":-2.0014839748591823e-14,
			"Im":-2.914250661206194e-12
		},
		"phie_22":-9.06064015538489e-12,
		"phie_23":{
			"Re":5.229878054209403e-14,
			"Im":-4.145877811548793e-14
		},
		"phie_33":-1.2193867396990123e-11,
		"phil1_11":1.4375178890566563e-13,
		"phil1_13":{
			"Re":0.0,
			"Im":-9.190462890260073e-19
		},
		"phil1_22":1.4371551621029095e-13,
		"phil1_23":{
			"Re":3.4128796989820118e-18,
			"Im":-2.705461530557323e-18
		},
		"phil1_33":1.300571851606255e-13,
		"phil3_13":{
			"Re":0.0,
			"Im":-9.190462890260073e-19
		},
		"phil3_22":-3.627356548505862e-17,
		"phil3_23":{
			"Re":3.4128796989820118e-18,
			"Im":-2.705461530557323e-18
		},
		"phil3_33":-1.3694604615150503e-14,
		"phiq1_11":-4.7917263258592006e-14,
		"phiq1_22":-4.7917263258592006e-14,
		"phiq1_33":-4.7917263258592006e-14,
		"phiu_11":-1.9166905303436802e-13,
		"phiu_22":-1.9166905303436802e-13,
		"phiu_33":-1.9166905303436802e-13,
		"ld_1111":-9.583452651718401e-14,
		"ld_1122":-9.583452651718401e-14,
		"ld_1133":-9.583452651718401e-14,
		"ld_2211":-9.583452651718401e-14,
		"ld_2222":-9.583452651718401e-14,
		"ld_2233":-9.583452651718401e-14,
		"ld_3311":-9.583452651718401e-14,
		"ld_3322":-9.583452651718401e-14,
		"ld_3333":-9.583452651718401e-14,
		"le_1111":9.300265572371212e-12,
		"le_1112":{
			"Re":-6.474280107254187e-14,
			"Im":8.667361600301691e-14
		},
		"le_1113":{
			"Re":2.0014839748591823e-14,
			"Im":2.914250661206194e-12
		},
		"le_1122":9.06064015538489e-12,
		"le_1123":{
			"Re":-5.229878054209403e-14,
			"Im":4.145877811548793e-14
		},
		"le_1133":1.2193867396990123e-11,
		"le_2211":9.300265572371212e-12,
		"le_2212":{
			"Re":-6.474280107254187e-14,
			"Im":8.667361600301691e-14
		},
		"le_2213":{
			"Re":2.0014839748591823e-14,
			"Im":2.914250661206194e-12
		},
		"le_2222":9.06064015538489e-12,
		"le_2223":{
			"Re":-5.229878054209403e-14,
			"Im":4.145877811548793e-14
		},
		"le_2233":1.2193867396990123e-11,
		"le_3311":9.300265572371212e-12,
		"le_3312":{
			"Re":-6.474280107254187e-14,
			"Im":8.667361600301691e-14
		},
		"le_3313":{
			"Re":2.0014839748591823e-14,
			"Im":2.914250661206194e-12
		},
		"le_3322":9.06064015538489e-12,
		"le_3323":{
			"Re":-5.229878054209403e-14,
			"Im":4.145877811548793e-14
		},
		"le_3333":1.2193867396990123e-11,
		"ll_1111":-7.1875894887888e-14,
		"ll_1122":-1.43751789775776e-13,
		"ll_1133":-1.43751789775776e-13,
		"ll_2222":-7.1875894887888e-14,
		"ll_2233":-1.43751789775776e-13,