{
	"eft":"SMEFT",
	"basis":"Warsaw",
	"scale":1000,
	"values":{
		"dd_1111":-7.94653220109379e-14,
		"dd_1122":-1.589306440218758e-13,
		"dd_1133":-1.589306440218758e-13,
		"dd_2222":-7.94653220109379e-14,
		"dd_2233":-1.589306440218758e-13,
		"dd_3333":-7.94653220109379e-14,
		"eB_11":1.1114887247250425e-16,
		"eB_12":{
			"Re":4.393601993516581e-20,
			"Im":-7.539416185259747e-20
		},
		"eB_13":{
			"Re":3.708466208291018e-18,
			"Im":-5.458208523898301e-18
		},
		"eB_21":{
			"Re":9.084696411656812e-18,
			"Im":1.558932904373342e-17
		},
		"eB_22":8.067050428187903e-14,
		"eB_23":{
			"Re":1.2665498756820875e-17,
			"Im":9.143492994246156e-18
		},
		"eB_31":{
			"Re":1.2895665087080808e-14,
			"Im":1.8980145738494034e-14
		},
		"eB_32":{
			"Re":2.130011802559265e-16,
			"Im":-1.5377008334558239e-16
		},
		"eB_33":1.3735345193752194e-12,
		"ed_1111":5.780937244438791e-12,
		"ed_1122":5.780937244438791e-12,
		"ed_1133":5.780937244438791e-12,
		"ed_1211":{
			"Re":2.913000751133159e-15,
			"Im":-4.219445740196441e-15
		},
		"ed_1222":{
			"Re":2.913000751133159e-15,
			"Im":-4.219445740196441e-15
		},
		"ed_1233":{
			"Re":2.913000751133159e-15,
			"Im":-4.219445740196441e-15
		},
		"ed_1311":{
			"Re":1.9817484394601628e-13,
			"Im":-3.0020844151944437e-13
		},
		"ed_1322":{
			"Re":1.9817484394601628e-13,
			"Im":-3.0020844151944437e-13
		},
		"ed_1333":{
			"Re":1.9817484394601628e-13,
			"Im":-3.0020844151944437e-13
		},
		"ed_2211":2.1354651471435304e-11,
		"ed_2222":2.1354651471435304e-11,
		"ed_2233":2.1354651471435304e-11,
		"ed_2311":{
			"Re":3.173215927126521e-15,
			"Im":2.5721549105654686e-15
		},
		"ed_2322":{
			"Re":3.173215927126521e-15,
			"Im":2.5721549105654686e-15
		},
		"ed_2333":{
			"Re":3.173215927126521e-15,
			"Im":2.5721549105654686e-15
		},
		"ed_3311":2.1629136398448018e-11,
		"ed_3322":2.1629136398448018e-11,
		"ed_3333":2.1629136398448018e-11,
		"ee_1111":-2.2973876487996901e-10,
		"ee_1112":{
			"Re":1.6801373301239923e-12,
			"Im":4.2452285420535314e-13
		},
		"ee_1113":{
			"Re":-6.436370177439856e-11,
			"Im":4.760290203941057e-11
		},
		"ee_1122":-1.942091913402719e-9,
		"ee_1123":{
			"Re":-2.4502322982627045e-12,
			"Im":7.70734496974677e-13
		},
		"ee_1133":-1.9071270959845486e-9,
		"ee_1212":{
			"Re":-1.2852806405375031e-10,
			"Im":6.263296019613967e-11
		},
		"ee_1213":{
			"Re":2.9757033175091318e-12,
			"Im":4.482184431135868e-12
		},
		"ee_1222":{
			"Re":-6.723296898114032e-12,
			"Im":4.439129387880345e-12
		},
		"ee_1223":{
			"Re":-6.716028885818563e-11,
			"Im":9.897082934913208e-11
		},
		"ee_1232":{
			"Re":1.759605802323989e-10,
			"Im":-6.688797040695645e-12
		},
		"ee_1233":{
			"Re":-1.9110008527040897e-12,
			"Im":-5.094474763046466e-12
		},
		"ee_1313":{
			"Re":-8.246476351557707e-11,
			"Im":1.117930069958138e-10
		},
		"ee_1323":{
			"Re":-3.774133341585421e-12,
			"Im":5.29039074435233e-12
		},
		"ee_1333":{
			"Re":8.029287924781044e-11,
			"Im":1.6280974431788336e-11
		},
		"ee_2222":-2.986503722005215e-9,
		"ee_2223":{
			"Re":-3.626726188165031e-12,
			"Im":-1.9530070693039044e-11
		},
		"ee_2233":-7.069452189350613e-9,
		"ee_2323":{
			"Re":4.343784663802329e-10,
			"Im":-2.2368632203114393e-10
		},
		"ee_2333":{
			"Re":5.0110206542276524e-12,
			"Im":1.6427640170096894e-11
		},
		"ee_3333":-3.1065015566668595e-9,
		"ephi_11":1.144540624149832e-15,
		"ephi_12":{
			"Re":5.068462938714883e-19,
			"Im":-7.732305854087979e-19
		},
		"ephi_13":{
			"Re":3.6875067032885125e-17,
			"Im":-5.533010192811512e-17
		},
		"ephi_21":{
			"Re":1.0480111499783917e-16,
			"Im":1.598816577314909e-16
		},
		"ephi_22":8.27266277730191e-13,
		"ephi_23":{
			"Re":1.2337580638569104e-16,
			"Im":9.627283900551236e-17
		},
		"ephi_31":{
			"Re":1.2822023477022236e-13,
			"Im":1.9239142426647577e-13
		},
		"ephi_32":{
			"Re":2.074739649210291e-15,
			"Im":-1.618971991966711e-15
		},
		"ephi_33":1.4087576879438237e-11,
		"eu_1111":-1.1561874488877582e-11,
		"eu_1122":-1.1561874488877582e-11,
		"eu_1133":-1.1561874488877582e-11,
		"eu_1211":{
			"Re":-5.826001502266318e-15,
			"Im":8.438891480392882e-15
		},
		"eu_1222":{
			"Re":-5.826001502266318e-15,
			"Im":8.438891480392882e-15
		},
		"eu_1233":{
			"Re":-5.826001502266318e-15,
			"Im":8.438891480392882e-15
		},
		"eu_1311":{
			"Re":-3.9634968789203256e-13,
			"Im":6.004168830388887e-13
		},
		"eu_1322":{
			"Re":-3.9634968789203256e-13,
			"Im":6.004168830388887e-13
		},
		"eu_1333":{
			"Re":-3.9634968789203256e-13,
			"Im":6.004168830388887e-13
		},
		"eu_2211":-4.270930294287061e-11,
		"eu_2222":-4.270930294287061e-11,
		"eu_2233":-4.270930294287061e-11,
		"eu_2311":{
			"Re":-6.346431854253042e-15,
			"Im":-5.144309821130937e-15
		},
		"eu_2322":{
			"Re":-6.346431854253042e-15,
			"Im":-5.144309821130937e-15
		},
		"eu_2333":{
			"Re":-6.346431854253042e-15,
			"Im":-5.144309821130937e-15
		},
		"eu_3311":-4.3258272796896036e-11,
		"eu_3322":-4.3258272796896036e-11,
		"eu_3333":-4.3258272796896036e-11,
		"phi":9.263738120464143e-11,
		"phiB":-1.676702926348366e-11,
		"phiBox":-7.879681360204348e-11,
		"phid_11":2.383959660328137e-13,
		"phid_22":2.383959660328137e-13,
		"phid_33":2.383959660328137e-13,
		"phiD":-7.15187898098441e-13,
		"phie_11":-8.671405866658176e-12,
		"phie_12":{
			"Re":-4.3695011266971635e-15,
			"Im":6.329168610293778e-15
		},
		"phie_13":{
			"Re":-2.9726226591902735e-13,
			"Im":4.5031266227916817e-13
		},
		"phie_22":-3.2031977207152937e-11,
		"phie_23":{
			"Re":-4.759823890660701e-15,
			"Im":-3.858232365855271e-15
		},
		"phie_33":-3.2443704597672035e-11,
		"phil1_11":3.575939481289105e-13,
		"phil1_13":{
			"Re":-1.0677580058603919e-19,
			"Im":1.5715515584362638e-19
		},
		"phil1_22":3.5745583636406144e-13,
		"phil1_23":{
			"Re":-3.6467064646875975e-19,
			"Im":-2.632634975693692e-19
		},
		"phil1_33":3.180465351855141e-13,
		"phil3_13":{
			"Re":-1.0677580058603919e-19,
			"Im":1.5715515584362638e-19
		},
		"phil3_22":-1.381126851590617e-16,
		"phil3_23":{
			"Re":-3.6467064646875975e-19,
			"Im":-2.632634975693692e-19
		},
		"phil3_33":-3.954741386370642e-14,
		"phiq1_11":-1.1919798301640685e-13,
		"phiq1_22":-1.1919798301640685e-13,
		"phiq1_33":-1.1919798301640685e-13,
		"phiu_11":-4.767919320656274e-13,
		"phiu_22":-4.767919320656274e-13,
		"phiu_33":-4.767919320656274e-13,
		"ld_1111":-2.383959660328137e-13,
		"ld_1122":-2.383959660328137e-13,
		"ld_1133":-2.383959660328137e-13,
		"ld_2211":-2.383959660328137e-13,
		"ld_2222":-2.383959660328137e-13,
		"ld_2233":-2.383959660328137e-13,
		"ld_3311":-2.383959660328137e-13,
		"ld_3322":-2.383959660328137e-13,
		"ld_3333":-2.383959660328137e-13,
		"le_1111":8.671405866658176e-12,
		"le_1112":{
			"Re":4.3695011266971635e-15,
			"Im":-6.329168610293778e-15
		},
		"le_1113":{
			"Re":2.9726226591902735e-13,
			"Im":-4.5031266227916817e-13
		},
		"le_1122":3.2031977207152937e-11,
		"le_1123":{
			"Re":4.759823890660701e-15,
			"Im":3.858232365855271e-15
		},
		"le_1133":3.2443704597672035e-11,
		"le_2211":8.671405866658176e-12,
		"le_2212":{
			"Re":4.3695011266971635e-15,
			"Im":-6.329168610293778e-15
		},
		"le_2213":{
			"Re":2.9726226591902735e-13,
			"Im":-4.5031266227916817e-13
		},
		"le_2222":3.2031977207152937e-11,
		"le_2223":{
			"Re":4.759823890660701e-15,
			"Im":3.858232365855271e-15
		},
		"le_2233":3.2443704597672035e-11,
		"le_3311":8.671405866658176e-12,
		"le_3312":{
			"Re":4.3695011266971635e-15,
			"Im":-6.329168610293778e-15
		},
		"le_3313":{
			"Re":2.9726226591902735e-13,
			"Im":-4.5031266227916817e-13
		},
		"le_3322":3.2031977207152937e-11,
		"le_3323":{
			"Re":4.759823890660701e-15,
			"Im":3.858232365855271e-15
		},
		"le_3333":3.2443704597672035e-11,
		"ll_1111":-1.7879697452461026e-13,
		"ll_1122":-3.575939490492205e-13,
		"ll_1133":-3.575939490492205e-13,
		"ll_2222":-1.7879697452461026e-13,
		"ll_2233":-3.575939490492205e-13,
		"ll_3333":-1.7879697452461026e-13,
		"lq1_1111":1.1919798301640685e-13,