{
	"eft":"SMEFT",
	"basis":"Warsaw",
	"scale":1000,
	"values":{
		"dd_1111":-4.987293674523598e-14,
		"dd_1122":-9.974587349047195e-14,
		"dd_1133":-9.974587349047195e-14,
		"dd_2222":-4.987293674523598e-14,
		"dd_2233":-9.974587349047195e-14,
		"dd_3333":-4.987293674523598e-14,
		"eB_11":7.124521994094724e-18,
		"eB_12":{
			"Re":-9.61377515952126e-20,
			"Im":-1.4681624899466214e-19
		},
		"eB_13":{
			"Re":2.6063757360770932e-18,
			"Im":6.7752139451440275e-19
		},
		"eB_21":{
			"Re":-1.9878502609686438e-17,
			"Im":3.03573480797968e-17
		},
		"eB_22":2.337975387373533e-14,
		"eB_23":{
			"Re":-5.571163430761869e-16,
			"Im":5.133435844755847e-16
		},
		"eB_31":{
			"Re":9.063301833086977e-15,
			"Im":-2.35598452359004e-15
		},
		"eB_32":{
			"Re":-9.369266926957906e-15,
			"Im":-8.633121479861845e-15
		},
		"eB_33":5.912062147815894e-13,
		"ed_1111":1.8063583405634139e-13,
		"ed_1122":1.8063583405634139e-13,
		"ed_1133":1.8063583405634139e-13,
		"ed_1211":{
			"Re":-6.732252923604253e-15,
			"Im":-9.712656970703573e-15
		},
		"ed_1222":{
			"Re":-6.732252923604253e-15,
			"Im":-9.712656970703573e-15
		},
		"ed_1233":{
			"Re":-6.732252923604253e-15,
			"Im":-9.712656970703573e-15
		},
		"ed_1311":{
			"Re":1.8030654503507213e-13,
			"Im":3.9670352876664945e-14
		},
		"ed_1322":{
			"Re":1.8030654503507213e-13,
			"Im":3.9670352876664945e-14
		},
		"ed_1333":{
			"Re":1.8030654503507213e-13,
			"Im":3.9670352876664945e-14
		},
		"ed_2211":7.36234145564096e-12,
		"ed_2222":7.36234145564096e-12,
		"ed_2233":7.36234145564096e-12,
		"ed_2311":{
			"Re":-1.773699696286972e-13,
			"Im":1.6552447766378286e-13
		},
		"ed_2322":{
			"Re":-1.773699696286972e-13,
			"Im":1.6552447766378286e-13
		},
		"ed_2333":{
			"Re":-1.773699696286972e-13,
			"Im":1.6552447766378286e-13
		},
		"ed_3311":1.1163106682050614e-11,
		"ed_3322":1.1163106682050614e-11,
		"ed_3333":1.1163106682050614e-11,
		"ee_1111":-1.0715704049347046e-12,
		"ee_1112":{
			"Re":8.189826769200964e-14,
			"Im":-9.63082689242861e-14
		},
		"ee_1113":{
			"Re":-3.429347822124643e-13,
			"Im":1.7242054715219612e-12
		},
		"ee_1122":{
			"Re":-4.272458714375396e-11,
			"Im":2.073996542207019e-20
		},
		"ee_1123":{
			"Re":-5.948077011776457e-12,
			"Im":3.919128780250802e-12
		},
		"ee_1133":{
			"Re":4.6350021388919973e-11,
			"Im":-1.389352307396777e-20
		},
		"ee_1212":{
			"Re":1.2363631661208266e-12,
			"Im":3.23887256725955e-12
		},
		"ee_1213":{
			"Re":3.863844998739185e-13,
			"Im":2.920235424064723e-13
		},
		"ee_1222":{
			"Re":-1.0445225627121385e-11,
			"Im":9.884944214749155e-12
		},
		"ee_1223":{
			"Re":-2.4909482552851474e-11,
			"Im":-4.067028365836586e-12
		},
		"ee_1232":{
			"Re":1.863542256884994e-10,
			"Im":-6.65349016697768e-12
		},
		"ee_1233":{
			"Re":2.1266645478539194e-11,
			"Im":-1.182571945078448e-11
		},
		"ee_1313":{
			"Re":6.243608044034019e-13,
			"Im":1.3510156496685433e-13
		},
		"ee_1323":{
			"Re":6.560931524227095e-13,
			"Im":3.4401036481080375e-12
		},
		"ee_1333":{
			"Re":-7.187286794729671e-12,
			"Im":-4.9673252154167394e-11
		},
		"ee_2222":{
			"Re":-2.005608310785336e-10,
			"Im":-2.439603627121867e-19
		},
		"ee_2223":{
			"Re":5.7585587734221975e-11,
			"Im":-4.5640114867444693e-11
		},
		"ee_2233":{
			"Re":-1.5366514773266081e-9,
			"Im":5.435008854616226e-19
		},
		"ee_2323":{
			"Re":5.1274115455626176e-11,
			"Im":-6.555002559376008e-11
		},
		"ee_2333":{
			"Re":4.736402099029314e-11,
			"Im":-3.755250148472087e-11
		},
		"ee_3333":{
			"Re":-1.1411776699628016e-9,
			"Im":-3.11109757159422e-20
		},
		"ephi_11":1.332570019345054e-17,
		"ephi_12":{
			"Re":-1.849169750893296e-19,
			"Im":-2.7110694603660713e-19
		},
		"ephi_13":{
			"Re":4.970887693068175e-18,
			"Im":1.1492024172056768e-18
		},
		"ephi_21":{
			"Re":-3.8235433424629805e-17,
			"Im":5.605700133724391e-17
		},
		"ephi_22":4.391707310869042e-14,
		"ephi_23":{
			"Re":-1.0254849696695684e-15,
			"Im":9.534956724354185e-16
		},
		"ephi_31":{
			"Re":1.728022999829202e-14,
			"Im":-3.994803697305556e-15
		},
		"ephi_32":{
			"Re":-1.7240538009192314e-14,
			"Im":-1.6030293924660312e-14
		},
		"ephi_33":1.1068911855025963e-12,
		"eu_1111":-3.6127166811268277e-13,
		"eu_1122":-3.6127166811268277e-13,
		"eu_1133":-3.6127166811268277e-13,
		"eu_1211":{
			"Re":1.3464505847208507e-14,
			"Im":1.9425313941407145e-14
		},
		"eu_1222":{
			"Re":1.3464505847208507e-14,
			"Im":1.9425313941407145e-14
		},
		"eu_1233":{
			"Re":1.3464505847208507e-14,
			"Im":1.9425313941407145e-14
		},
		"eu_1311":{
			"Re":-3.6061309007014425e-13,
			"Im":-7.934070575332989e-14
		},
		"eu_1322":{
			"Re":-3.6061309007014425e-13,
			"Im":-7.934070575332989e-14
		},
		"eu_1333":{
			"Re":-3.6061309007014425e-13,
			"Im":-7.934070575332989e-14
		},
		"eu_2211":-1.472468291128192e-11,
		"eu_2222":-1.472468291128192e-11,
		"eu_2233":-1.472468291128192e-11,
		"eu_2311":{
			"Re":3.547399392573944e-13,
			"Im":-3.310489553275657e-13
		},
		"eu_2322":{
			"Re":3.547399392573944e-13,
			"Im":-3.310489553275657e-13
		},
		"eu_2333":{
			"Re":3.547399392573944e-13,
			"Im":-3.310489553275657e-13
		},
		"eu_3311":-2.2326213364101228e-11,
		"eu_3322":-2.2326213364101228e-11,
		"eu_3333":-2.2326213364101228e-11,
		"phi":2.3957750763424677e-13,
		"phiB":-1.6870744299987877e-12,
		"phiBox":-1.3804236899130559e-12,
		"phid_11":1.496188102357079e-13,
		"phid_22":1.496188102357079e-13,
		"phid_33":1.496188102357079e-13,
		"phiD":-4.488564307071237e-13,
		"phie_11":-2.709537510845125e-13,
		"phie_12":{
			"Re":1.0098379385406424e-14,
			"Im":1.4568985456055365e-14
		},
		"phie_13":{
			"Re":-2.7045981755260834e-13,
			"Im":-5.950552931499742e-14
		},
		"phie_22":-1.1043512183461444e-11,
		"phie_23":{
			"Re":2.6605495444304687e-13,
			"Im":-2.482867164956747e-13
		},
		"phie_33":-1.6744660023075932e-11,
		"phil1_11":2.24428215294571e-13,
		"phil1_13":{
			"Re":-7.504392388030282e-20,
			"Im":-1.9507495889193773e-20
		},
		"phil1_22":2.2438818782907067e-13,
		"phil1_23":{
			"Re":1.6040740352044747e-17,
			"Im":-1.478041571082532e-17
		},
		"phil1_33":2.0740594432582098e-13,
		"phil3_13":{
			"Re":-7.504392388030282e-20,
			"Im":-1.9507495889193773e-20
		},
		"phil3_22":-4.0027524491189975e-17,
		"phil3_23":{
			"Re":1.6040740352044747e-17,
			"Im":-1.478041571082532e-17
		},
		"phil3_33":-1.7022271027740897e-14,
		"phiq1_11":-7.480940511785395e-14,
		"phiq1_22":-7.480940511785395e-14,
		"phiq1_33":-7.480940511785395e-14,
		"phiu_11":-2.992376204714158e-13,
		"phiu_22":-2.992376204714158e-13,
		"phiu_33":-2.992376204714158e-13,
		"ld_1111":-1.496188102357079e-13,
		"ld_1122":-1.496188102357079e-13,
		"ld_1133":-1.496188102357079e-13,
		"ld_2211":-1.496188102357079e-13,
		"ld_2222":-1.496188102357079e-13,
		"ld_2233":-1.496188102357079e-13,
		"ld_3311":-1.496188102357079e-13,
		"ld_3322":-1.496188102357079e-13,
		"ld_3333":-1.496188102357079e-13,
		"le_1111":2.709537510845125e-13,
		"le_1112":{
			"Re":-1.0098379385406424e-14,
			"Im":-1.4568985456055365e-14
		},
		"le_1113":{
			"Re":2.7045981755260834e-13,
			"Im":5.950552931499742e-14
		},
		"le_1122":1.1043512183461444e-11,
		"le_1123":{
			"Re":-2.6605495444304687e-13,
			"Im":2.482867164956747e-13
		},
		"le_1133":1.6744660023075932e-11,
		"le_2211":2.709537510845125e-13,
		"le_2212":{
			"Re":-1.0098379385406424e-14,
			"Im":-1.4568985456055365e-14
		},
		"le_2213":{
			"Re":2.7045981755260834e-13,
			"Im":5.950552931499742e-14
		},
		"le_2222":1.1043512183461444e-11,
		"le_2223":{
			"Re":-2.6605495444304687e-13,
			"Im":2.482867164956747e-13
		},
		"le_2233":1.6744660023075932e-11,
		"le_3311":2.709537510845125e-13,
		"le_3312":{
			"Re":-1.0098379385406424e-14,
			"Im":-1.4568985456055365e-14
		},
		"le_3313":{
			"Re":2.7045981755260834e-13,
			"Im":5.950552931499742e-14
		},
		"le_3322":1.1043512183461444e-11,
		"le_3323":{
			"Re":-2.6605495444304687e-13,
			"Im":2.482867164956747e-13
		},
		"le_3333":1.6744660023075932e-11,
		"ll_1111":-1.1221410767678093e-13,