{
	"eft":"SMEFT",
	"basis":"Warsaw",
	"scale":1000,
	"values":{
		"dd_1111":-1.6401326864186544e-13,
		"dd_1122":-3.280265372837309e-13,
		"dd_1133":-3.280265372837309e-13,
		"dd_2222":-1.6401326864186544e-13,
		"dd_2233":-3.280265372837309e-13,
		"dd_3333":-1.6401326864186544e-13,
		"eB_11":3.1213274269163986e-16,
		"eB_12":{
			"Re":-1.8781218168027882e-19,
			"Im":5.382216567961385e-19
		},
		"eB_13":{
			"Re":1.0077248406134395e-18,
			"Im":2.640113985116358e-19
		},
		"eB_21":{
			"Re":-3.883411960144413e-17,
			"Im":-1.112886502095488e-16
		},
		"eB_22":5.831562398490724e-14,
		"eB_23":{
			"Re":4.572565309535223e-16,
			"Im":5.144295227848973e-15
		},
		"eB_31":{
			"Re":3.5042201585738357e-15,
			"Im":-9.180621807383203e-16
		},
		"eB_32":{
			"Re":7.689881199576403e-15,
			"Im":-8.65138417492114e-14
		},
		"eB_33":8.782491679411176e-13,
		"ed_1111":2.0938428729137927e-11,
		"ed_1122":2.0938428729137927e-11,
		"ed_1133":2.0938428729137927e-11,
		"ed_1211":{
			"Re":-8.471061882305297e-15,
			"Im":1.6666577702184805e-14
		},
		"ed_1222":{
			"Re":-8.471061882305297e-15,
			"Im":1.6666577702184805e-14
		},
		"ed_1233":{
			"Re":-8.471061882305297e-15,
			"Im":1.6666577702184805e-14
		},
		"ed_1311":{
			"Re":3.3372573552682284e-14,
			"Im":1.4963391159570628e-14
		},
		"ed_1322":{
			"Re":3.3372573552682284e-14,
			"Im":1.4963391159570628e-14
		},
		"ed_1333":{
			"Re":3.3372573552682284e-14,
			"Im":1.4963391159570628e-14
		},
		"ed_2211":1.8664066176041713e-11,
		"ed_2222":1.8664066176041713e-11,
		"ed_2233":1.8664066176041713e-11,
		"ed_2311":{
			"Re":1.6759902607588183e-13,
			"Im":1.862588209023929e-12
		},
		"ed_2322":{
			"Re":1.6759902607588183e-13,
			"Im":1.862588209023929e-12
		},
		"ed_2333":{
			"Re":1.6759902607588183e-13,
			"Im":1.862588209023929e-12
		},
		"ed_3311":1.6457952076737986e-11,
		"ed_3322":1.6457952076737986e-11,
		"ed_3333":1.6457952076737986e-11,
		"ee_1111":-3.908397601884024e-10,
		"ee_1112":{
			"Re":3.316911651606594e-11,
			"Im":-1.4622487226537188e-10
		},
		"ee_1113":{
			"Re":-2.523352665135904e-10,
			"Im":-3.053423319159574e-11
		},
		"ee_1122":-2.1611242111980884e-9,
		"ee_1123":{
			"Re":-2.307791894673457e-11,
			"Im":-2.5057576927144196e-10
		},
		"ee_1133":-1.8677467420759345e-9,
		"ee_1212":{
			"Re":7.088169228082035e-10,
			"Im":2.2824560712685243e-10
		},
		"ee_1213":{
			"Re":5.4190544212986096e-11,
			"Im":1.867800431358203e-10
		},
		"ee_1222":{
			"Re":-1.1041814302445697e-11,
			"Im":1.287367827860147e-10
		},
		"ee_1223":{
			"Re":-3.5055776453983776e-11,
			"Im":1.4966615852054614e-11
		},
		"ee_1232":{
			"Re":-2.191929567108075e-10,
			"Im":-4.357289471304327e-11
		},
		"ee_1233":{
			"Re":-2.1838034806333356e-11,
			"Im":-5.5637130930218636e-11
		},
		"ee_1313":{
			"Re":-6.349547182194026e-10,
			"Im":-1.2091430955911404e-10
		},
		"ee_1323":{
			"Re":-3.4735804606818636e-12,
			"Im":-1.1497601581336488e-10
		},
		"ee_1333":{
			"Re":1.8871261864835534e-10,
			"Im":1.2540396819305351e-11
		},
		"ee_2222":-3.114769581030342e-10,
		"ee_2223":{
			"Re":8.1230457597648e-11,
			"Im":-4.0580746020880295e-11
		},
		"ee_2233":-1.714177724620134e-9,
		"ee_2323":{
			"Re":-5.679385007425055e-10,
			"Im":6.992102951909113e-11
		},
		"ee_2333":{
			"Re":-8.35425394769394e-11,
			"Im":-2.940691278642363e-11
		},
		"ee_3333":-2.691784000476095e-10,
		"ephi_11":6.353001401967477e-17,
		"ephi_12":{
			"Re":-2.8330585157901133e-20,
			"Im":6.523358433972231e-20
		},
		"ephi_13":{
			"Re":1.2727285457114641e-19,
			"Im":4.6385918773366566e-20
		},
		"ephi_21":{
			"Re":-5.857863780514212e-18,
			"Im":-1.3488184637336671e-17
		},
		"ephi_22":1.1799993605753906e-14,
		"ephi_23":{
			"Re":9.866099439900054e-17,
			"Im":1.100016783573348e-15
		},
		"ephi_31":{
			"Re":4.4051379123150293e-16,
			"Im":-1.6076088708034364e-16
		},
		"ephi_32":{
			"Re":1.6547211662442766e-15,
			"Im":-1.8448792646666003e-14
		},
		"ephi_33":1.7710855810255998e-13,
		"eu_1111":-4.1876857458275853e-11,
		"eu_1122":-4.1876857458275853e-11,
		"eu_1133":-4.1876857458275853e-11,
		"eu_1211":{
			"Re":1.6942123764610593e-14,
			"Im":-3.333315540436961e-14
		},
		"eu_1222":{
			"Re":1.6942123764610593e-14,
			"Im":-3.333315540436961e-14
		},
		"eu_1233":{
			"Re":1.6942123764610593e-14,
			"Im":-3.333315540436961e-14
		},
		"eu_1311":{
			"Re":-6.674514710536457e-14,
			"Im":-2.9926782319141256e-14
		},
		"eu_1322":{
			"Re":-6.674514710536457e-14,
			"Im":-2.9926782319141256e-14
		},
		"eu_1333":{
			"Re":-6.674514710536457e-14,
			"Im":-2.9926782319141256e-14
		},
		"eu_2211":-3.732813235208343e-11,
		"eu_2222":-3.732813235208343e-11,
		"eu_2233":-3.732813235208343e-11,
		"eu_2311":{
			"Re":-3.3519805215176366e-13,
			"Im":-3.725176418047858e-12
		},
		"eu_2322":{
			"Re":-3.3519805215176366e-13,
			"Im":-3.725176418047858e-12
		},
		"eu_2333":{
			"Re":-3.3519805215176366e-13,
			"Im":-3.725176418047858e-12
		},
		"eu_3311":-3.291590415347597e-11,
		"eu_3322":-3.291590415347597e-11,
		"eu_3333":-3.291590415347597e-11,
		"phi":9.275664865100642e-16,
		"phiB":-5.858367425669842e-13,
		"phiBox":-4.155307926214623e-13,
		"phid_11":4.920398059255962e-13,
		"phid_22":4.920398059255962e-13,
		"phid_33":4.920398059255962e-13,
		"phiD":-1.476119417776789e-12,
		"phie_11":-3.140764309370687e-11,
		"phie_12":{
			"Re":1.270659282345826e-14,
			"Im":-2.4999866553277813e-14
		},
		"phie_13":{
			"Re":-5.005886032902454e-14,
			"Im":-2.2445086739355942e-14
		},
		"phie_22":-2.7996099264062583e-11,
		"phie_23":{
			"Re":-2.513985391138236e-13,
			"Im":-2.793882313535904e-12
		},
		"phie_33":-2.4686928115106982e-11,
		"phil1_11":7.380597063039428e-13,
		"phil1_13":-2.9014859670659464e-20,
		"phil1_22":7.379598690834128e-13,
		"phil1_23":{
			"Re":-1.3165532439422826e-17,
			"Im":-1.4811682527307175e-16
		},
		"phil1_33":7.127727700964797e-13,
		"phil3_13":-2.9014859670659464e-20,
		"phil3_22":-9.983980498174385e-17,
		"phil3_23":{
			"Re":-1.3165532439422826e-17,
			"Im":-1.4811682527307175e-16
		},
		"phil3_33":-2.52869387919147e-14,
		"phiq1_11":-2.460199029627981e-13,
		"phiq1_22":-2.460199029627981e-13,
		"phiq1_33":-2.460199029627981e-13,
		"phiu_11":-9.840796118511925e-13,
		"phiu_22":-9.840796118511925e-13,
		"phiu_33":-9.840796118511925e-13,
		"ld_1111":-4.920398059255962e-13,
		"ld_1122":-4.920398059255962e-13,
		"ld_1133":-4.920398059255962e-13,
		"ld_2211":-4.920398059255962e-13,
		"ld_2222":-4.920398059255962e-13,
		"ld_2233":-4.920398059255962e-13,
		"ld_3311":-4.920398059255962e-13,
		"ld_3322":-4.920398059255962e-13,
		"ld_3333":-4.920398059255962e-13,
		"le_1111":3.140764309370687e-11,
		"le_1112":{
			"Re":-1.270659282345826e-14,
			"Im":2.4999866553277813e-14
		},
		"le_1113":{
			"Re":5.005886032902454e-14,
			"Im":2.2445086739355942e-14
		},
		"le_1122":2.7996099264062583e-11,
		"le_1123":{
			"Re":2.513985391138236e-13,
			"Im":2.793882313535904e-12
		},
		"le_1133":2.4686928115106982e-11,
		"le_2211":3.140764309370687e-11,
		"le_2212":{
			"Re":-1.270659282345826e-14,
			"Im":2.4999866553277813e-14
		},
		"le_2213":{
			"Re":5.005886032902454e-14,
			"Im":2.2445086739355942e-14
		},
		"le_2222":2.7996099264062583e-11,
		"le_2223":{
			"Re":2.513985391138236e-13,
			"Im":2.793882313535904e-12
		},
		"le_2233":2.4686928115106982e-11,
		"le_3311":3.140764309370687e-11,
		"le_3312":{
			"Re":-1.270659282345826e-14,
			"Im":2.4999866553277813e-14
		},
		"le_3313":{
			"Re":5.005886032902454e-14,
			"Im":2.2445086739355942e-14
		},
		"le_3322":2.7996099264062583e-11,
		"le_3323":{
			"Re":2.513985391138236e-13,
			"Im":2.793882313535904e-12
		},
		"le_3333":2.4686928115106982e-11,
		"ll_1111":-3.6902985444419723e-13,
		"ll_1122":-7.380597088883945e-13,
		"ll_1133":-7.380597088883945e-13,
		"ll_2222":-3.6902985444419723e-13,
		"ll_2233":-7.380597088883945e-13,
		"ll_3333":-3.6902985444419723e-13,
		"lq1_1111":2.460199029627981e-13,
		"lq1_1122":2.460199029627981e-13,
		"lq1_1133":2.460199029627981e-13,