{
	"eft":"SMEFT",
	"basis":"Warsaw",
	"scale":1000,
	"values":{
		"dd_1111":-2.5543883748098954e-13,
		"dd_1122":-5.108776749619791e-13,
		"dd_1133":-5.108776749619791e-13,
		"dd_2222":-2.5543883748098954e-13,
		"dd_2233":-5.108776749619791e-13,
		"dd_3333":-2.5543883748098954e-13,
		"eB_11":6.707434867801724e-16,
		"eB_12":{
			"Re":-1.2895435987617356e-19,
			"Im":4.416661454254504e-20
		},
		"eB_13":{
			"Re":7.062868271457835e-18,
			"Im":-4.586747921504009e-18
		},
		"eB_21":{
			"Re":-2.6664026740736774e-17,
			"Im":-9.132376697779381e-18
		},
		"eB_22":2.8365185312593113e-14,
		"eB_23":{
			"Re":2.116504085711379e-16,
			"Im":-5.62335003643457e-17
		},
		"eB_31":{
			"Re":2.4560122343642977e-14,
			"Im":1.594976513533874e-14
		},
		"eB_32":{
			"Re":3.559416624099116e-15,
			"Im":9.457031402840895e-16
		},
		"eB_33":2.375962730299375e-13,
		"ed_1111":4.3456998872090306e-11,
		"ed_1122":4.3456998872090306e-11,
		"ed_1133":4.3456998872090306e-11,
		"ed_1211":{
			"Re":-8.644967675138219e-15,
			"Im":2.9810956937956613e-15
		},
		"ed_1222":{
			"Re":-8.644967675138219e-15,
			"Im":2.9810956937956613e-15
		},
		"ed_1233":{
			"Re":-8.644967675138219e-15,
			"Im":2.9810956937956613e-15
		},
		"ed_1311":{
			"Re":4.731877556218029e-13,
			"Im":-3.08736084126865e-13
		},
		"ed_1322":{
			"Re":4.731877556218029e-13,
			"Im":-3.08736084126865e-13
		},
		"ed_1333":{
			"Re":4.731877556218029e-13,
			"Im":-3.08736084126865e-13
		},
		"ed_2211":7.659497984996306e-12,
		"ed_2222":7.659497984996306e-12,
		"ed_2233":7.659497984996306e-12,
		"ed_2311":{
			"Re":6.859618122564797e-14,
			"Im":-1.8225495496314917e-14
		},
		"ed_2322":{
			"Re":6.859618122564797e-14,
			"Im":-1.8225495496314917e-14
		},
		"ed_2333":{
			"Re":6.859618122564797e-14,
			"Im":-1.8225495496314917e-14
		},
		"ed_3311":3.045202224005306e-12,
		"ed_3322":3.045202224005306e-12,
		"ed_3333":3.045202224005306e-12,
		"ee_1111":{
			"Re":-1.4824821789419554e-9,
			"Im":-3.1992541636235065e-20
		},
		"ee_1112":{
			"Re":1.46709497721758e-12,
			"Im":2.7753427917932307e-12
		},
		"ee_1113":{
			"Re":-1.29782306718638e-10,
			"Im":-1.4496503147814084e-10
		},
		"ee_1122":-1.322381603706262e-9,
		"ee_1123":{
			"Re":-1.1138681154179677e-11,
			"Im":2.9549421447565166e-12
		},
		"ee_1133":{
			"Re":-5.741065458683566e-10,
			"Im":7.062267494835078e-20
		},
		"ee_1212":{
			"Re":-1.395426367967606e-10,
			"Im":-3.895006877692768e-10
		},
		"ee_1213":{
			"Re":-1.1755183428029353e-11,
			"Im":-5.9721409081817514e-12
		},
		"ee_1222":{
			"Re":-3.7856952472797713e-13,
			"Im":1.1726526009609268e-13
		},
		"ee_1223":{
			"Re":-1.4167429173456768e-11,
			"Im":9.232147988445013e-12
		},
		"ee_1232":{
			"Re":4.1434254939908844e-11,
			"Im":-2.793510021912409e-12
		},
		"ee_1233":{
			"Re":8.772325458448716e-13,
			"Im":-9.676774281100209e-13
		},
		"ee_1313":{
			"Re":9.727060232026266e-11,
			"Im":-1.781532720699241e-10
		},
		"ee_1323":{
			"Re":-3.8028365003081294e-13,
			"Im":-6.018767534716937e-14
		},
		"ee_1333":{
			"Re":8.23830459374515e-12,
			"Im":1.8437061827148365e-11
		},
		"ee_2222":-4.0677654570101064e-11,
		"ee_2223":{
			"Re":-7.670064817444571e-14,
			"Im":-1.3252783972708093e-12
		},
		"ee_2233":-1.1393167669723788e-10,
		"ee_2323":{
			"Re":2.7907057408607523e-11,
			"Im":3.1370169556654707e-11
		},
		"ee_2333":{
			"Re":-9.601129146929191e-13,
			"Im":1.5819553274310557e-12
		},
		"ee_3333":-5.4392586072439344e-12,
		"ephi_11":1.0500785875424403e-14,
		"ephi_12":{
			"Re":-2.0180789169518623e-18,
			"Im":6.945573168926493e-19
		},
		"ephi_13":{
			"Re":1.1048495739305645e-16,
			"Im":-7.199085094812022e-17
		},
		"ephi_21":{
			"Re":-4.1728021536591827e-16,
			"Im":-1.4361431781933348e-16
		},
		"ephi_22":4.4375155578714776e-13,
		"ephi_23":{
			"Re":3.311505715482178e-15,
			"Im":-8.79840486061265e-16
		},
		"ephi_31":{
			"Re":3.8418132937974044e-13,
			"Im":2.503285961964953e-13
		},
		"ephi_32":{
			"Re":5.5688941868076767e-14,
			"Im":1.479610482404366e-14
		},
		"ephi_33":3.716842934192834e-12,
		"eu_1111":-8.691399774418061e-11,
		"eu_1122":-8.691399774418061e-11,
		"eu_1133":-8.691399774418061e-11,
		"eu_1211":{
			"Re":1.7289935350276438e-14,
			"Im":-5.9621913875913226e-15
		},
		"eu_1222":{
			"Re":1.7289935350276438e-14,
			"Im":-5.9621913875913226e-15
		},
		"eu_1233":{
			"Re":1.7289935350276438e-14,
			"Im":-5.9621913875913226e-15
		},
		"eu_1311":{
			"Re":-9.463755112436058e-13,
			"Im":6.1747216825373e-13
		},
		"eu_1322":{
			"Re":-9.463755112436058e-13,
			"Im":6.1747216825373e-13
		},
		"eu_1333":{
			"Re":-9.463755112436058e-13,
			"Im":6.1747216825373e-13
		},
		"eu_2211":-1.5318995969992612e-11,
		"eu_2222":-1.5318995969992612e-11,
		"eu_2233":-1.5318995969992612e-11,
		"eu_2311":{
			"Re":-1.3719236245129595e-13,
			"Im":3.6450990992629834e-14
		},
		"eu_2322":{
			"Re":-1.3719236245129595e-13,
			"Im":3.6450990992629834e-14
		},
		"eu_2333":{
			"Re":-1.3719236245129595e-13,
			"Im":3.6450990992629834e-14
		},
		"eu_3311":-6.090404448010612e-12,
		"eu_3322":-6.090404448010612e-12,
		"eu_3333":-6.090404448010612e-12,
		"phi":7.260263932923061e-10,
		"phiB":-7.254113668183349e-11,
		"phiBox":-4.583678664328708e-10,
		"phid_11":7.663165124429686e-13,
		"phid_22":7.663165124429686e-13,
		"phid_33":7.663165124429686e-13,
		"phiD":-2.298949537328906e-12,
		"phie_11":-6.518549830813546e-11,
		"phie_12":{
			"Re":1.2967451512707327e-14,
			"Im":-4.471643540693481e-15
		},
		"phie_13":{
			"Re":-7.097816334327044e-13,
			"Im":4.631041261902968e-13
		},
		"phie_22":-1.1489246977494453e-11,
		"phie_23":{
			"Re":-1.0289427183847186e-13,
			"Im":2.733824324447233e-14
		},
		"phie_33":-4.567803336007961e-12,
		"phil1_11":1.1494747631107128e-12,
		"phil1_13":{
			"Re":-2.0335722958257892e-19,
			"Im":1.3206367643583139e-19
		},
		"phil1_22":1.1494262057858217e-12,
		"phil1_23":{
			"Re":-6.093932248599578e-18,
			"Im":1.6190998337087692e-18
		},
		"phil1_33":1.142633791601668e-12,
		"phil3_13":{
			"Re":-2.0335722958257892e-19,
			"Im":1.3206367643583139e-19
		},
		"phil3_22":-4.856287863117548e-17,
		"phil3_23":{
			"Re":-6.093932248599578e-18,
			"Im":1.6190998337087692e-18
		},
		"phil3_33":-6.8409770627848746e-15,
		"phiq1_11":-3.831582562214843e-13,
		"phiq1_22":-3.831582562214843e-13,
		"phiq1_33":-3.831582562214843e-13,
		"phiu_11":-1.5326330248859372e-12,
		"phiu_22":-1.5326330248859372e-12,
		"phiu_33":-1.5326330248859372e-12,
		"ld_1111":-7.663165124429686e-13,
		"ld_1122":-7.663165124429686e-13,
		"ld_1133":-7.663165124429686e-13,
		"ld_2211":-7.663165124429686e-13,
		"ld_2222":-7.663165124429686e-13,
		"ld_2233":-7.663165124429686e-13,
		"ld_3311":-7.663165124429686e-13,
		"ld_3322":-7.663165124429686e-13,
		"ld_3333":-7.663165124429686e-13,
		"le_1111":6.518549830813546e-11,
		"le_1112":{
			"Re":-1.2967451512707327e-14,
			"Im":4.471643540693481e-15
		},
		"le_1113":{
			"Re":7.097816334327044e-13,
			"Im":-4.631041261902968e-13
		},
		"le_1122":1.1489246977494453e-11,
		"le_1123":{
			"Re":1.0289427183847186e-13,
			"Im":-2.733824324447233e-14
		},
		"le_1133":4.567803336007961e-12,
		"le_2211":6.518549830813546e-11,
		"le_2212":{
			"Re":-1.2967451512707327e-14,
			"Im":4.471643540693481e-15
		},
		"le_2213":{
			"Re":7.097816334327044e-13,
			"Im":-4.631041261902968e-13
		},
		"le_2222":1.1489246977494453e-11,
		"le_2223":{
			"Re":1.0289427183847186e-13,
			"Im":-2.733824324447233e-14
		},
		"le_2233":4.567803336007961e-12,
		"le_3311":6.518549830813546e-11,
		"le_3312":{
			"Re":-1.2967451512707327e-14,
			"Im":4.471643540693481e-15
		},
		"le_3313":{
			"Re":7.097816334327044e-13,
			"Im":-4.631041261902968e-13
		},
		"le_3322":1.1489246977494453e-11,
		"le_3323":{
			"Re":1.0289427183847186e-13,
			"Im":-2.733824324447233e-14
		},
		"le_3333":4.567803336007961e-12,
		"ll_1111":-5.747373843322265e-13,
		"ll_1122":-1.149474768664453e-12,
		"ll_1133":-1.149474768664453e-12,
		"ll_2222":-5.747373843322265e-13,
		"ll_2233":-1.149474768664453e-12,