{
	"eft":"SMEFT",
	"basis":"Warsaw",
	"scale":1000,
	"values":{
		"dd_1111":-2.911808518989295e-13,
		"dd_1122":-5.82361703797859e-13,
		"dd_1133":-5.82361703797859e-13,
		"dd_2222":-2.911808518989295e-13,
		"dd_2233":-5.82361703797859e-13,
		"dd_3333":-2.911808518989295e-13,
		"eB_11":1.0284735084491329e-15,
		"eB_12":{
			"Re":-6.026374152075786e-19,
			"Im":1.7336576874870106e-18
		},
		"eB_13":{
			"Re":8.057651103514038e-19,
			"Im":7.543703479014634e-19
		},
		"eB_21":{
			"Re":-1.2460796338714816e-16,
			"Im":-3.5847019816022974e-16
		},
		"eB_22":4.3636146028559145e-16,
		"eB_23":{
			"Re":-2.3222350593842903e-17,
			"Im":1.2485708109413305e-17
		},
		"eB_31":{
			"Re":2.8019338503654215e-15,
			"Im":-2.623215855766077e-15
		},
		"eB_32":{
			"Re":-3.905403316365449e-16,
			"Im":-2.0997756304050556e-16
		},
		"eB_33":2.0842895852241752e-13,
		"ed_1111":7.181113305644327e-11,
		"ed_1122":7.181113305644327e-11,
		"ed_1133":7.181113305644327e-11,
		"ed_1211":{
			"Re":-4.3122504376432535e-14,
			"Im":1.2401120746683527e-13
		},
		"ed_1222":{
			"Re":-4.3122504376432535e-14,
			"Im":1.2401120746683527e-13
		},
		"ed_1233":{
			"Re":-4.3122504376432535e-14,
			"Im":1.2401120746683527e-13
		},
		"ed_1311":{
			"Re":5.796601925278599e-14,
			"Im":5.1832522449355094e-14
		},
		"ed_1322":{
			"Re":5.796601925278599e-14,
			"Im":5.1832522449355094e-14
		},
		"ed_1333":{
			"Re":5.796601925278599e-14,
			"Im":5.1832522449355094e-14
		},
		"ed_2211":-1.5959649358352904e-12,
		"ed_2222":-1.5959649358352904e-12,
		"ed_2233":-1.5959649358352904e-12,
		"ed_2311":{
			"Re":-8.044460063060706e-15,
			"Im":4.323729304548837e-15
		},
		"ed_2322":{
			"Re":-8.044460063060706e-15,
			"Im":4.323729304548837e-15
		},
		"ed_2333":{
			"Re":-8.044460063060706e-15,
			"Im":4.323729304548837e-15
		},
		"ed_3311":2.544650878353793e-12,
		"ed_3322":2.544650878353793e-12,
		"ed_3333":2.544650878353793e-12,
		"ee_1111":-2.328894912181774e-9,
		"ee_1112":{
			"Re":8.082965758451434e-12,
			"Im":-1.2591018568176e-11
		},
		"ee_1113":{
			"Re":-9.453278412502265e-11,
			"Im":5.605182044919786e-10
		},
		"ee_1122":1.8293477164268405e-10,
		"ee_1123":{
			"Re":3.205727623904572e-12,
			"Im":-8.145290933448675e-13
		},
		"ee_1133":{
			"Re":-6.461688822264454e-10,
			"Im":1.232308862172866e-20
		},
		"ee_1212":{
			"Re":-4.2944595650589664e-12,
			"Im":1.0682061315498266e-11
		},
		"ee_1213":{
			"Re":-2.4228054591621575e-12,
			"Im":-1.0575840495794992e-12
		},
		"ee_1222":{
			"Re":-8.169018173480802e-14,
			"Im":3.252876495298804e-13
		},
		"ee_1223":{
			"Re":1.4641257000108376e-13,
			"Im":1.4194742381834295e-13
		},
		"ee_1232":{
			"Re":1.1765461159406758e-12,
			"Im":2.9320575338949225e-13
		},
		"ee_1233":{
			"Re":3.473806537736301e-13,
			"Im":-9.31349891925898e-13
		},
		"ee_1313":{
			"Re":3.0317185928847243e-10,
			"Im":1.0073842285396829e-10
		},
		"ee_1323":{
			"Re":1.9531477224237e-13,
			"Im":-8.011645767857961e-13
		},
		"ee_1333":{
			"Re":5.417348846883778e-12,
			"Im":-3.370214105670146e-11
		},
		"ee_2222":-2.1768966221354273e-12,
		"ee_2223":{
			"Re":-2.0635139542758674e-14,
			"Im":1.6632089121858023e-14
		},
		"ee_2233":6.167490261592646e-12,
		"ee_2323":{
			"Re":-4.272119760503776e-14,
			"Im":-6.701549935386049e-13
		},
		"ee_2333":{
			"Re":-7.678158910044932e-14,
			"Im":-2.930136467545386e-14
		},
		"ee_3333":1.6259702712899883e-12,
		"ephi_11":1.396479844715762e-15,
		"ephi_12":{
			"Re":-8.18560675742012e-19,
			"Im":2.3542297255436443e-18
		},
		"ephi_13":{
			"Re":1.0991983205126852e-18,
			"Im":9.954566019137428e-19
		},
		"ephi_21":{
			"Re":-1.6925438098660636e-16,
			"Im":-4.867857772211285e-16
		},
		"ephi_22":5.930241405097819e-16,
		"ephi_23":{
			"Re":-3.157931041089411e-17,
			"Im":1.6974770889168266e-17
		},
		"ephi_31":{
			"Re":3.820659451854709e-15,
			"Im":-3.4600173804548555e-15
		},
		"ephi_32":{
			"Re":-5.308542285957969e-16,
			"Im":-2.8534910495162094e-16
		},
		"ephi_33":2.833616335398366e-13,
		"eu_1111":-1.4362226611288655e-10,
		"eu_1122":-1.4362226611288655e-10,
		"eu_1133":-1.4362226611288655e-10,
		"eu_1211":{
			"Re":8.624500875286507e-14,
			"Im":-2.4802241493367054e-13
		},
		"eu_1222":{
			"Re":8.624500875286507e-14,
			"Im":-2.4802241493367054e-13
		},
		"eu_1233":{
			"Re":8.624500875286507e-14,
			"Im":-2.4802241493367054e-13
		},
		"eu_1311":{
			"Re":-1.1593203850557198e-13,
			"Im":-1.0366504489871019e-13
		},
		"eu_1322":{
			"Re":-1.1593203850557198e-13,
			"Im":-1.0366504489871019e-13
		},
		"eu_1333":{
			"Re":-1.1593203850557198e-13,
			"Im":-1.0366504489871019e-13
		},
		"eu_2211":3.1919298716705807e-12,
		"eu_2222":3.1919298716705807e-12,
		"eu_2233":3.1919298716705807e-12,
		"eu_2311":{
			"Re":1.6088920126121412e-14,
			"Im":-8.647458609097674e-15
		},
		"eu_2322":{
			"Re":1.6088920126121412e-14,
			"Im":-8.647458609097674e-15
		},
		"eu_2333":{
			"Re":1.6088920126121412e-14,
			"Im":-8.647458609097674e-15
		},
		"eu_3311":-5.089301756707586e-12,
		"eu_3322":-5.089301756707586e-12,
		"eu_3333":-5.089301756707586e-12,
		"phi":4.69972216076659e-13,
		"phiB":-6.847649725703048e-12,
		"phiBox":-4.23371234109065e-12,
		"phid_11":8.735425556967883e-13,
		"phid_22":8.735425556967883e-13,
		"phid_33":8.735425556967883e-13,
		"phiD":-2.620627667090365e-12,
		"phie_11":-1.0771669958466492e-10,
		"phie_12":{
			"Re":6.46837565646488e-14,
			"Im":-1.860168112002529e-13
		},
		"phie_13":{
			"Re":-8.694902887917868e-14,
			"Im":-7.774878367403426e-14
		},
		"phie_22":2.3939474037529354e-12,
		"phie_23":{
			"Re":1.2066690094591042e-14,
			"Im":-6.485593956823247e-15
		},
		"phie_33":-3.816976317530685e-12,
		"phil1_11":1.3103138250294464e-12,
		"phil1_13":{
			"Re":-2.3199945721420222e-20,
			"Im":-2.1720164971563063e-20
		},
		"phil1_22":1.3103130864684968e-12,
		"phil1_23":{
			"Re":6.686281974482451e-19,
			"Im":-3.5949403456493312e-19
		},
		"phil1_33":1.3043126547123296e-12,
		"phil3_13":{
			"Re":-2.3199945721420222e-20,
			"Im":-2.1720164971563063e-20
		},
		"phil3_22":-7.470766857907203e-19,
		"phil3_23":{
			"Re":6.686281974482451e-19,
			"Im":-3.5949403456493312e-19
		},
		"phil3_33":-6.001178832852883e-15,
		"phiq1_11":-4.3677127784839416e-13,
		"phiq1_22":-4.3677127784839416e-13,
		"phiq1_33":-4.3677127784839416e-13,
		"phiu_11":-1.7470851113935766e-12,
		"phiu_22":-1.7470851113935766e-12,
		"phiu_33":-1.7470851113935766e-12,
		"ld_1111":-8.735425556967883e-13,
		"ld_1122":-8.735425556967883e-13,
		"ld_1133":-8.735425556967883e-13,
		"ld_2211":-8.735425556967883e-13,
		"ld_2222":-8.735425556967883e-13,
		"ld_2233":-8.735425556967883e-13,
		"ld_3311":-8.735425556967883e-13,
		"ld_3322":-8.735425556967883e-13,
		"ld_3333":-8.735425556967883e-13,
		"le_1111":1.0771669958466492e-10,
		"le_1112":{
			"Re":-6.46837565646488e-14,
			"Im":1.860168112002529e-13
		},
		"le_1113":{
			"Re":8.694902887917868e-14,
			"Im":7.774878367403426e-14
		},
		"le_1122":-2.3939474037529354e-12,
		"le_1123":{
			"Re":-1.2066690094591042e-14,
			"Im":6.485593956823247e-15
		},
		"le_1133":3.816976317530685e-12,
		"le_2211":1.0771669958466492e-10,
		"le_2212":{
			"Re":-6.46837565646488e-14,
			"Im":1.860168112002529e-13
		},
		"le_2213":{
			"Re":8.694902887917868e-14,
			"Im":7.774878367403426e-14
		},
		"le_2222":-2.3939474037529354e-12,
		"le_2223":{
			"Re":-1.2066690094591042e-14,
			"Im":6.485593956823247e-15
		},
		"le_2233":3.816976317530685e-12,
		"le_3311":1.0771669958466492e-10,
		"le_3312":{
			"Re":-6.46837565646488e-14,
			"Im":1.860168112002529e-13
		},
		"le_3313":{
			"Re":8.694902887917868e-14,
			"Im":7.774878367403426e-14
		},
		"le_3322":-2.3939474037529354e-12,
		"le_3323":{
			"Re":-1.2066690094591042e-14,
			"Im":6.485593956823247e-15
		},
		"le_3333":3.816976317530685e-12,
		"ll_1111":-6.551569167725913e-13,
		"ll_1122":-1.3103138335451825e-12,
		"ll_1133":-1.3103138335451825e-12,
		"ll_2222":-6.551569167725913e-13,
		"ll_2233":-1.3103138335451825e-12,
		"ll_3333":-6.551569167725913e-13,