{
	"eft":"SMEFT",
	"basis":"Warsaw",
	"scale":1000,
	"values":{
		"dd_1111":-1.1866089809966186e-13,
		"dd_1122":-2.373217961993237e-13,
		"dd_1133":-2.373217961993237e-13,
		"dd_2222":-1.1866089809966186e-13,
		"dd_2233":-2.373217961993237e-13,
		"dd_3333":-1.1866089809966186e-13,
		"eB_11":6.353149043175335e-16,
		"eB_12":{
			"Re":2.0536347643148922e-18,
			"Im":3.651951173466552e-18
		},
		"eB_13":{
			"Re":6.043482042966277e-18,
			"Im":4.130969862743247e-18
		},
		"eB_21":{
			"Re":4.246321902103951e-16,
			"Im":-7.551177318756881e-16
		},
		"eB_22":1.3256672487726537e-13,
		"eB_23":{
			"Re":1.621717234679846e-16,
			"Im":-2.3992046242833754e-16
		},
		"eB_31":{
			"Re":2.1015351363225143e-14,
			"Im":-1.436486160118267e-14
		},
		"eB_32":{
			"Re":2.7273121387655204e-15,
			"Im":4.034846368566953e-15
		},
		"eB_33":6.717077421776134e-15,
		"ed_1111":3.4631184013979274e-11,
		"ed_1122":3.4631184013979274e-11,
		"ed_1133":3.4631184013979274e-11,
		"ed_1211":{
			"Re":1.1424488614448884e-13,
			"Im":2.0316014346566492e-13
		},
		"ed_1222":{
			"Re":1.1424488614448884e-13,
			"Im":2.0316014346566492e-13
		},
		"ed_1233":{
			"Re":1.1424488614448884e-13,
			"Im":2.0316014346566492e-13
		},
		"ed_1311":{
			"Re":3.362057183364644e-13,
			"Im":2.298091656181343e-13
		},
		"ed_1322":{
			"Re":3.362057183364644e-13,
			"Im":2.298091656181343e-13
		},
		"ed_1333":{
			"Re":3.362057183364644e-13,
			"Im":2.298091656181343e-13
		},
		"ed_2211":3.49543622536478e-11,
		"ed_2222":3.49543622536478e-11,
		"ed_2233":3.49543622536478e-11,
		"ed_2311":{
			"Re":4.3631258968954695e-14,
			"Im":-6.454903588987707e-14
		},
		"ed_2322":{
			"Re":4.3631258968954695e-14,
			"Im":-6.454903588987707e-14
		},
		"ed_2333":{
			"Re":4.3631258968954695e-14,
			"Im":-6.454903588987707e-14
		},
		"ed_3311":-6.044370461425738e-13,
		"ed_3322":-6.044370461425738e-13,
		"ed_3333":-6.044370461425738e-13,
		"ee_1111":-5.422671772576185e-9,
		"ee_1112":{
			"Re":-3.536519546271444e-11,
			"Im":-6.295474776392286e-11
		},
		"ee_1113":{
			"Re":-1.0433124139865083e-10,
			"Im":-7.119279495398664e-11
		},
		"ee_1122":-1.2555790607476956e-8,
		"ee_1123":{
			"Re":-1.6131634861922967e-11,
			"Im":2.3232018346163753e-11
		},
		"ee_1133":6.44940464309917e-11,
		"ee_1212":{
			"Re":-4.20577461894364e-10,
			"Im":6.859169274844101e-10
		},
		"ee_1213":{
			"Re":1.5552544332669771e-12,
			"Im":2.272446960981928e-12
		},
		"ee_1222":{
			"Re":-3.578364825840407e-11,
			"Im":-6.348588696905805e-11
		},
		"ee_1223":{
			"Re":-1.205681078638628e-10,
			"Im":-8.233094026340273e-11
		},
		"ee_1232":{
			"Re":1.0954169064845968e-12,
			"Im":1.8210606400968582e-11
		},
		"ee_1233":{
			"Re":2.8976860390119146e-13,
			"Im":1.0867688180409046e-13
		},
		"ee_1313":{
			"Re":-2.5960034226438736e-12,
			"Im":-6.29113255187694e-13
		},
		"ee_1323":{
			"Re":-3.119231842783667e-13,
			"Im":1.4552725318451262e-13
		},
		"ee_1333":{
			"Re":6.016804691018609e-13,
			"Im":4.720376841441854e-13
		},
		"ee_2222":-5.5234381329271724e-9,
		"ee_2223":{
			"Re":-1.3626736360470065e-11,
			"Im":2.0152759348941485e-11
		},
		"ee_2233":6.632854726646841e-11,
		"ee_2323":{
			"Re":1.3518536130003076e-12,
			"Im":1.9185182291087866e-12
		},
		"ee_2333":{
			"Re":7.980947681258059e-14,
			"Im":-1.1384485575485894e-13
		},
		"ee_3333":-7.972141999056118e-13,
		"ephi_11":3.9473775427925954e-16,
		"ephi_12":{
			"Re":1.2759759848604836e-18,
			"Im":2.2690509435827467e-18
		},
		"ephi_13":{
			"Re":3.758534887747331e-18,
			"Im":2.5691038758011694e-18
		},
		"ephi_21":{
			"Re":2.6383399543135043e-16,
			"Im":-4.691724479031854e-16
		},
		"ephi_22":8.236711003292713e-14,
		"ephi_23":{
			"Re":1.0085623404998045e-16,
			"Im":-1.4920892774490774e-16
		},
		"ephi_31":{
			"Re":1.3057420656129354e-14,
			"Im":-8.925251698445486e-15
		},
		"ephi_32":{
			"Re":1.6945457557641669e-15,
			"Im":2.5069482076272596e-15
		},
		"ephi_33":4.179232039470031e-15,
		"eu_1111":-6.926236802795855e-11,
		"eu_1122":-6.926236802795855e-11,
		"eu_1133":-6.926236802795855e-11,
		"eu_1211":{
			"Re":-2.284897722889777e-13,
			"Im":-4.0632028693132983e-13
		},
		"eu_1222":{
			"Re":-2.284897722889777e-13,
			"Im":-4.0632028693132983e-13
		},
		"eu_1233":{
			"Re":-2.284897722889777e-13,
			"Im":-4.0632028693132983e-13
		},
		"eu_1311":{
			"Re":-6.724114366729288e-13,
			"Im":-4.596183312362686e-13
		},
		"eu_1322":{
			"Re":-6.724114366729288e-13,
			"Im":-4.596183312362686e-13
		},
		"eu_1333":{
			"Re":-6.724114366729288e-13,
			"Im":-4.596183312362686e-13
		},
		"eu_2211":-6.99087245072956e-11,
		"eu_2222":-6.99087245072956e-11,
		"eu_2233":-6.99087245072956e-11,
		"eu_2311":{
			"Re":-8.726251793790939e-14,
			"Im":1.2909807177975414e-13
		},
		"eu_2322":{
			"Re":-8.726251793790939e-14,
			"Im":1.2909807177975414e-13
		},
		"eu_2333":{
			"Re":-8.726251793790939e-14,
			"Im":1.2909807177975414e-13
		},
		"eu_3311":1.2088740922851476e-12,
		"eu_3322":1.2088740922851476e-12,
		"eu_3333":1.2088740922851476e-12,
		"phi":3.113373312282845e-14,
		"phiB":-1.522969084957084e-12,
		"phiBox":-7.013592286771258e-13,
		"phid_11":3.559826942989855e-13,
		"phid_22":3.559826942989855e-13,
		"phid_33":3.559826942989855e-13,
		"phiD":-1.0679480828969566e-12,
		"phie_11":-5.194677602096887e-11,
		"phie_12":{
			"Re":-1.7136732921673341e-13,
			"Im":-3.0474021519849766e-13
		},
		"phie_13":{
			"Re":-5.043085775046962e-13,
			"Im":-3.4471374842720123e-13
		},
		"phie_22":-5.2431543380471745e-11,
		"phie_23":{
			"Re":-6.54468884534321e-14,
			"Im":9.68235538348157e-14
		},
		"phie_33":9.066555692138611e-13,
		"phil1_11":5.33974036188086e-13,
		"phil1_13":{
			"Re":-1.7400661007033202e-19,
			"Im":-1.1894071282221364e-19
		},
		"phil1_22":5.337470793574572e-13,
		"phil1_23":{
			"Re":-4.66932004584511e-18,
			"Im":6.907896152723714e-18
		},
		"phil1_33":5.337806403821008e-13,
		"phil3_13":{
			"Re":-1.7400661007033202e-19,
			"Im":-1.1894071282221364e-19
		},
		"phil3_22":-2.2696209102109767e-16,
		"phil3_23":{
			"Re":-4.66932004584511e-18,
			"Im":6.907896152723714e-18
		},
		"phil3_33":-1.9340106637754636e-16,
		"phiq1_11":-1.7799134714949275e-13,
		"phiq1_22":-1.7799134714949275e-13,
		"phiq1_33":-1.7799134714949275e-13,
		"phiu_11":-7.11965388597971e-13,
		"phiu_22":-7.11965388597971e-13,
		"phiu_33":-7.11965388597971e-13,
		"ld_1111":-3.559826942989855e-13,
		"ld_1122":-3.559826942989855e-13,
		"ld_1133":-3.559826942989855e-13,
		"ld_2211":-3.559826942989855e-13,
		"ld_2222":-3.559826942989855e-13,
		"ld_2233":-3.559826942989855e-13,
		"ld_3311":-3.559826942989855e-13,
		"ld_3322":-3.559826942989855e-13,
		"ld_3333":-3.559826942989855e-13,
		"le_1111":5.194677602096887e-11,
		"le_1112":{
			"Re":1.7136732921673341e-13,
			"Im":3.0474021519849766e-13
		},
		"le_1113":{
			"Re":5.043085775046962e-13,
			"Im":3.4471374842720123e-13
		},
		"le_1122":5.2431543380471745e-11,
		"le_1123":{
			"Re":6.54468884534321e-14,
			"Im":-9.68235538348157e-14
		},
		"le_1133":-9.066555692138611e-13,
		"le_2211":5.194677602096887e-11,
		"le_2212":{
			"Re":1.7136732921673341e-13,
			"Im":3.0474021519849766e-13
		},
		"le_2213":{
			"Re":5.043085775046962e-13,
			"Im":3.4471374842720123e-13
		},
		"le_2222":5.2431543380471745e-11,
		"le_2223":{
			"Re":6.54468884534321e-14,
			"Im":-9.68235538348157e-14
		},
		"le_2233":-9.066555692138611e-13,
		"le_3311":5.194677602096887e-11,
		"le_3312":{
			"Re":1.7136732921673341e-13,
			"Im":3.0474021519849766e-13
		},
		"le_3313":{
			"Re":5.043085775046962e-13,
			"Im":3.4471374842720123e-13
		},
		"le_3322":5.2431543380471745e-11,
		"le_3323":{
			"Re":6.54468884534321e-14,
			"Im":-9.68235538348157e-14
		},
		"le_3333":-9.066555692138611e-13,
		"ll_1111":-2.6698702072423915e-13,
		"ll_1122":-5.339740414484783e-13,
		"ll_1133":-5.339740414484783e-13,
		"ll_2222":-2.6698702072423915e-13,
		"ll_2233":-5.339740414484783e-13,
		"ll_3333":-2.6698702072423915e-13,
		"lq1_1111":1.7799134714949275e-13,
		"lq1_1122":1.7799134714949275e-13,