{
	"eft":"SMEFT",
	"basis":"Warsaw",
	"scale":1000,
	"values":{
		"dd_1111":-4.650201172274703e-12,
		"dd_1122":-9.300402344549406e-12,
		"dd_1133":-9.300402344549406e-12,
		"dd_2222":-4.650201172274703e-12,
		"dd_2233":-9.300402344549406e-12,
		"dd_3333":-4.650201172274703e-12,
		"eB_11":1.946554322282068e-15,
		"eB_12":{
			"Re":2.247815365230457e-16,
			"Im":-2.509072501420598e-16
		},
		"eB_13":{
			"Re":-1.4506532258095551e-15,
			"Im":-3.3485297958558875e-16
		},
		"eB_21":{
			"Re":4.647831144623296e-14,
			"Im":5.188035234835628e-14
		},
		"eB_22":3.684613923020527e-13,
		"eB_23":{
			"Re":-1.1139726764228341e-14,
			"Im":-4.27712384859156e-15
		},
		"eB_31":{
			"Re":-5.044440776003473e-12,
			"Im":1.1644037280137392e-12
		},
		"eB_32":{
			"Re":-1.8734161157637935e-13,
			"Im":7.193024493921773e-14
		},
		"eB_33":6.74619476095624e-12,
		"ed_1111":1.3070695636477872e-10,
		"ed_1122":1.3070695636477872e-10,
		"ed_1133":1.3070695636477872e-10,
		"ed_1211":{
			"Re":1.3937607911428771e-11,
			"Im":-1.693625049893883e-11
		},
		"ed_1222":{
			"Re":1.3937607911428771e-11,
			"Im":-1.693625049893883e-11
		},
		"ed_1233":{
			"Re":1.3937607911428771e-11,
			"Im":-1.693625049893883e-11
		},
		"ed_1311":{
			"Re":-9.497193389775252e-11,
			"Im":-2.2122738175990063e-11
		},
		"ed_1322":{
			"Re":-9.497193389775252e-11,
			"Im":-2.2122738175990063e-11
		},
		"ed_1333":{
			"Re":-9.497193389775252e-11,
			"Im":-2.2122738175990063e-11
		},
		"ed_2211":1.4122256490683041e-10,
		"ed_2222":1.4122256490683041e-10,
		"ed_2233":1.4122256490683041e-10,
		"ed_2311":{
			"Re":-8.906534299918262e-13,
			"Im":2.7610949004955077e-12
		},
		"ed_2322":{
			"Re":-8.906534299918262e-13,
			"Im":2.7610949004955077e-12
		},
		"ed_2333":{
			"Re":-8.906534299918262e-13,
			"Im":2.7610949004955077e-12
		},
		"ed_3311":1.3135537024046658e-10,
		"ed_3322":1.3135537024046658e-10,
		"ed_3333":1.3135537024046658e-10,
		"ee_1111":4.973365248055452e-10,
		"ee_1112":{
			"Re":2.8196497751717684e-10,
			"Im":3.6846942267613217e-10
		},
		"ee_1113":{
			"Re":6.240761323925505e-10,
			"Im":-3.0908889512285907e-10
		},
		"ee_1122":-3.4237058586232238e-9,
		"ee_1123":{
			"Re":-3.0340405437953743e-10,
			"Im":-5.7345182789617474e-11
		},
		"ee_1133":-3.087094226406157e-9,
		"ee_1212":{
			"Re":-8.099103630987959e-10,
			"Im":-2.5177517494457816e-9
		},
		"ee_1213":{
			"Re":2.975743673863337e-10,
			"Im":-6.551794657584593e-10
		},
		"ee_1222":{
			"Re":-5.52529305861934e-10,
			"Im":-3.2347346343744057e-10
		},
		"ee_1223":{
			"Re":2.4209291565692045e-9,
			"Im":4.290540743961282e-10
		},
		"ee_1232":{
			"Re":1.6766306526564604e-9,
			"Im":1.6425760824271277e-9
		},
		"ee_1233":{
			"Re":-1.4638912987858963e-10,
			"Im":6.880578681576875e-10
		},
		"ee_1313":{
			"Re":1.1845833880908995e-9,
			"Im":5.193686998317601e-10
		},
		"ee_1323":{
			"Re":5.235743011926962e-10,
			"Im":3.323364874161174e-10
		},
		"ee_1333":{
			"Re":4.0329233480000605e-10,
			"Im":6.100840272322392e-10
		},
		"ee_2222":1.45431296152844e-9,
		"ee_2223":{
			"Re":5.231900047066243e-10,
			"Im":5.691721368145492e-11
		},
		"ee_2233":-3.4738945661324477e-9,
		"ee_2323":{
			"Re":-1.8418594447900636e-9,
			"Im":2.0171591782252246e-9
		},
		"ee_2333":{
			"Re":-1.7192830740842656e-10,
			"Im":3.097392346281603e-10
		},
		"ee_3333":5.517624427582493e-10,
		"ephi_11":3.668353656751856e-15,
		"ephi_12":{
			"Re":3.474429761166697e-16,
			"Im":-4.1181196539305085e-16
		},
		"ephi_13":{
			"Re":-2.330519145039397e-15,
			"Im":-5.414390769401793e-16
		},
		"ephi_21":{
			"Re":7.184104795220091e-14,
			"Im":8.515067940189735e-14
		},
		"ephi_22":7.804490753400303e-13,
		"ephi_23":{
			"Re":-8.412065076810226e-15,
			"Im":7.933050138327164e-15
		},
		"ephi_31":{
			"Re":-8.101084952918653e-12,
			"Im":1.8820932270595456e-12
		},
		"ephi_32":{
			"Re":-1.4135962786905682e-13,
			"Im":-1.3345566681556253e-13
		},
		"ephi_33":1.2788786228688421e-11,
		"eu_1111":-2.6141391272955744e-10,
		"eu_1122":-2.6141391272955744e-10,
		"eu_1133":-2.6141391272955744e-10,
		"eu_1211":{
			"Re":-2.7875215822857542e-11,
			"Im":3.387250099787766e-11
		},
		"eu_1222":{
			"Re":-2.7875215822857542e-11,
			"Im":3.387250099787766e-11
		},
		"eu_1233":{
			"Re":-2.7875215822857542e-11,
			"Im":3.387250099787766e-11
		},
		"eu_1311":{
			"Re":1.8994386779550503e-10,
			"Im":4.4245476351980125e-11
		},
		"eu_1322":{
			"Re":1.8994386779550503e-10,
			"Im":4.4245476351980125e-11
		},
		"eu_1333":{
			"Re":1.8994386779550503e-10,
			"Im":4.4245476351980125e-11
		},
		"eu_2211":-2.8244512981366083e-10,
		"eu_2222":-2.8244512981366083e-10,
		"eu_2233":-2.8244512981366083e-10,
		"eu_2311":{
			"Re":1.7813068599836524e-12,
			"Im":-5.5221898009910155e-12
		},
		"eu_2322":{
			"Re":1.7813068599836524e-12,
			"Im":-5.5221898009910155e-12
		},
		"eu_2333":{
			"Re":1.7813068599836524e-12,
			"Im":-5.5221898009910155e-12
		},
		"eu_3311":-2.6271074048093315e-10,
		"eu_3322":-2.6271074048093315e-10,
		"eu_3333":-2.6271074048093315e-10,
		"phi":1.5024612921790862e-11,
		"phiB":-1.3782389705955004e-10,
		"phiBox":-1.0123764721277104e-10,
		"phid_11":1.3950603516824108e-11,
		"phid_22":1.3950603516824108e-11,
		"phid_33":1.3950603516824108e-11,
		"phiD":-4.185181055047232e-11,
		"phie_11":-1.960604345471679e-10,
		"phie_12":{
			"Re":-2.090641186714312e-11,
			"Im":2.5404375748408215e-11
		},
		"phie_13":{
			"Re":1.424579008466286e-10,
			"Im":3.318410726398506e-11
		},
		"phie_22":-2.118338473602456e-10,
		"phie_23":{
			"Re":1.3359801449877183e-12,
			"Im":-4.141642350743291e-12
		},
		"phie_33":-1.9703305536069966e-10,
		"phil1_11":2.0925905259118738e-11,
		"phil1_12":{
			"Re":-3.848393146880484e-19,
			"Im":4.2956808503279034e-19
		},
		"phil1_13":{
			"Re":4.176784979521812e-17,
			"Im":9.641235207681698e-18
		},
		"phil1_22":2.0925274447491607e-11,
		"phil1_23":{
			"Re":3.2073994388865795e-16,
			"Im":1.2314884307641356e-16
		},
		"phil1_33":2.073166584954043e-11,
		"phil3_11":-1.6117423548329127e-20,
		"phil3_12":{
			"Re":-3.848393146880484e-19,
			"Im":4.2956808503279034e-19
		},
		"phil3_13":{
			"Re":4.176784979521812e-17,
			"Im":9.641235207681698e-18
		},
		"phil3_22":-6.308277445553814e-16,
		"phil3_23":{
			"Re":3.2073994388865795e-16,
			"Im":1.2314884307641356e-16
		},
		"phil3_33":-1.942394256957307e-13,
		"phiq1_11":-6.975301758412054e-12,
		"phiq1_22":-6.975301758412054e-12,
		"phiq1_33":-6.975301758412054e-12,
		"phiu_11":-2.7901207033648215e-11,
		"phiu_22":-2.7901207033648215e-11,
		"phiu_33":-2.7901207033648215e-11,
		"ld_1111":-1.3950603516824108e-11,
		"ld_1122":-1.3950603516824108e-11,
		"ld_1133":-1.3950603516824108e-11,
		"ld_2211":-1.3950603516824108e-11,
		"ld_2222":-1.3950603516824108e-11,
		"ld_2233":-1.3950603516824108e-11,
		"ld_3311":-1.3950603516824108e-11,
		"ld_3322":-1.3950603516824108e-11,
		"ld_3333":-1.3950603516824108e-11,
		"le_1111":1.960604345471679e-10,
		"le_1112":{
			"Re":2.090641186714312e-11,
			"Im":-2.5404375748408215e-11
		},
		"le_1113":{
			"Re":-1.424579008466286e-10,
			"Im":-3.318410726398506e-11
		},
		"le_1122":2.118338473602456e-10,
		"le_1123":{
			"Re":-1.3359801449877183e-12,
			"Im":4.141642350743291e-12
		},
		"le_1133":1.9703305536069966e-10,
		"le_2211":1.960604345471679e-10,
		"le_2212":{
			"Re":2.090641186714312e-11,
			"Im":-2.5404375748408215e-11
		},
		"le_2213":{
			"Re":-1.424579008466286e-10,
			"Im":-3.318410726398506e-11
		},
		"le_2222":2.118338473602456e-10,
		"le_2223":{
			"Re":-1.3359801449877183e-12,
			"Im":4.141642350743291e-12
		},
		"le_2233":1.9703305536069966e-10,
		"le_3311":1.960604345471679e-10,
		"le_3312":{
			"Re":2.090641186714312e-11,
			"Im":-2.5404375748408215e-11
		},
		"le_3313":{
			"Re":-1.424579008466286e-10,
			"Im":-3.318410726398506e-11
		},
		"le_3322":2.118338473602456e-10,
		"le_3323":{
			"Re":-1.3359801449877183e-12,
			"Im":4.141642350743291e-12
		},
		"le_3333":1.9703305536069966e-10,
		"ll_1111":-1.046295263761808e-11,