{
	"eft":"SMEFT",
	"basis":"Warsaw",
	"scale":1000,
	"values":{
		"dd_1111":-3.966908719316593e-14,
		"dd_1122":-7.933817438633186e-14,
		"dd_1133":-7.933817438633186e-14,
		"dd_2222":-3.966908719316593e-14,
		"dd_2233":-7.933817438633186e-14,
		"dd_3333":-3.966908719316593e-14,
		"eB_11":1.7382327701898932e-17,
		"eB_12":{
			"Re":6.127860208939292e-19,
			"Im":-1.1216266851927173e-18
		},
		"eB_13":{
			"Re":2.9553541802859136e-19,
			"Im":5.2573369817578005e-19
		},
		"eB_21":{
			"Re":1.2670640111086584e-16,
			"Im":2.3191991302830197e-16
		},
		"eB_22":3.71641536271417e-14,
		"eB_23":{
			"Re":7.779343442409804e-18,
			"Im":-1.3355278908683102e-17
		},
		"eB_31":{
			"Re":1.0276824860227105e-15,
			"Im":-1.828164345008979e-15
		},
		"eB_32":{
			"Re":1.3082858927808406e-16,
			"Im":2.246015119364683e-16
		},
		"eB_33":5.976365834708971e-13,
		"ed_1111":8.756501831242404e-13,
		"ed_1122":8.756501831242404e-13,
		"ed_1133":8.756501831242404e-13,
		"ed_1211":{
			"Re":3.7631858252139666e-14,
			"Im":-6.865416932055439e-14
		},
		"ed_1222":{
			"Re":3.7631858252139666e-14,
			"Im":-6.865416932055439e-14
		},
		"ed_1233":{
			"Re":3.7631858252139666e-14,
			"Im":-6.865416932055439e-14
		},
		"ed_1311":{
			"Re":1.0458826456144983e-15,
			"Im":3.808675513063367e-15
		},
		"ed_1322":{
			"Re":1.0458826456144983e-15,
			"Im":3.808675513063367e-15
		},
		"ed_1333":{
			"Re":1.0458826456144983e-15,
			"Im":3.808675513063367e-15
		},
		"ed_2211":1.0867133525218829e-11,
		"ed_2222":1.0867133525218829e-11,
		"ed_2233":1.0867133525218829e-11,
		"ed_2311":{
			"Re":1.4134627619865334e-15,
			"Im":-3.067607517373732e-15
		},
		"ed_2322":{
			"Re":1.4134627619865334e-15,
			"Im":-3.067607517373732e-15
		},
		"ed_2333":{
			"Re":1.4134627619865334e-15,
			"Im":-3.067607517373732e-15
		},
		"ed_3311":1.0472745377463642e-11,
		"ed_3322":1.0472745377463642e-11,
		"ed_3333":1.0472745377463642e-11,
		"ee_1111":-7.333423738530076e-12,
		"ee_1112":{
			"Re":-1.7745651816343882e-12,
			"Im":2.281854580101373e-12
		},
		"ee_1113":{
			"Re":-1.0629524740287452e-11,
			"Im":-1.772532665882787e-11
		},
		"ee_1122":-2.697646005355952e-10,
		"ee_1123":{
			"Re":-3.0283067751048863e-13,
			"Im":4.45283062814554e-12
		},
		"ee_1133":-1.7304429620357365e-10,
		"ee_1212":{
			"Re":-6.9918304503265715e-12,
			"Im":5.213776477973396e-11
		},
		"ee_1213":{
			"Re":-1.0833326904491157e-13,
			"Im":1.306012558443742e-12
		},
		"ee_1222":{
			"Re":-2.679207138793309e-12,
			"Im":1.0622149237461084e-11
		},
		"ee_1223":{
			"Re":-3.267314276179837e-12,
			"Im":-6.538905861792014e-12
		},
		"ee_1232":{
			"Re":-1.7568508144611754e-10,
			"Im":-1.4083179264516192e-10
		},
		"ee_1233":{
			"Re":-1.4740735420251204e-11,
			"Im":1.531899337277056e-11
		},
		"ee_1313":{
			"Re":1.950271227358354e-11,
			"Im":-3.656827044560886e-11
		},
		"ee_1323":{
			"Re":-8.144306238448216e-12,
			"Im":4.196350855830656e-12
		},
		"ee_1333":{
			"Re":8.789250286657724e-11,
			"Im":1.4629529994268437e-10
		},
		"ee_2222":-9.348757163905117e-10,
		"ee_2223":{
			"Re":1.4130361577207286e-11,
			"Im":-3.15153946659836e-13
		},
		"ee_2233":-2.9288530705826603e-9,
		"ee_2323":{
			"Re":-4.380518957341529e-10,
			"Im":-1.6271700678584523e-10
		},
		"ee_2333":{
			"Re":-1.1018871790640139e-11,
			"Im":-4.042120695844897e-12
		},
		"ee_3333":-1.0358691434190081e-9,
		"ephi_11":9.599982819216417e-17,
		"ephi_12":{
			"Re":3.2853794179381895e-18,
			"Im":-5.999729031663326e-18
		},
		"ephi_13":{
			"Re":5.455856250255401e-19,
			"Im":1.0889068085995526e-18
		},
		"ephi_21":{
			"Re":6.793210464899833e-16,
			"Im":1.2405697127628143e-15
		},
		"ephi_22":2.000975803852007e-13,
		"ephi_23":{
			"Re":3.0444532957948613e-17,
			"Im":-6.031851317472509e-17
		},
		"ephi_31":{
			"Re":1.896592613643661e-15,
			"Im":-3.7854444839602965e-15
		},
		"ephi_32":{
			"Re":5.119222828260693e-16,
			"Im":1.0142710343835009e-15
		},
		"ephi_33":3.2375345551831453e-12,
		"eu_1111":-1.7513003662484809e-12,
		"eu_1122":-1.7513003662484809e-12,
		"eu_1133":-1.7513003662484809e-12,
		"eu_1211":{
			"Re":-7.526371650427933e-14,
			"Im":1.3730833864110878e-13
		},
		"eu_1222":{
			"Re":-7.526371650427933e-14,
			"Im":1.3730833864110878e-13
		},
		"eu_1233":{
			"Re":-7.526371650427933e-14,
			"Im":1.3730833864110878e-13
		},
		"eu_1311":{
			"Re":-2.0917652912289965e-15,
			"Im":-7.617351026126734e-15
		},
		"eu_1322":{
			"Re":-2.0917652912289965e-15,
			"Im":-7.617351026126734e-15
		},
		"eu_1333":{
			"Re":-2.0917652912289965e-15,
			"Im":-7.617351026126734e-15
		},
		"eu_2211":-2.1734267050437658e-11,
		"eu_2222":-2.1734267050437658e-11,
		"eu_2233":-2.1734267050437658e-11,
		"eu_2311":{
			"Re":-2.8269255239730668e-15,
			"Im":6.135215034747464e-15
		},
		"eu_2322":{
			"Re":-2.8269255239730668e-15,
			"Im":6.135215034747464e-15
		},
		"eu_2333":{
			"Re":-2.8269255239730668e-15,
			"Im":6.135215034747464e-15
		},
		"eu_3311":-2.0945490754927285e-11,
		"eu_3322":-2.0945490754927285e-11,
		"eu_3333":-2.0945490754927285e-11,
		"phi":5.457416430944406e-12,
		"phiB":-4.1055634684401844e-12,
		"phiBox":-9.53162121427735e-12,
		"phid_11":1.1900726157949777e-13,
		"phid_22":1.1900726157949777e-13,
		"phid_33":1.1900726157949777e-13,
		"phiD":-3.570217847384933e-13,
		"phie_11":-1.31347527468636e-12,
		"phie_12":{
			"Re":-5.644778737820942e-14,
			"Im":1.0298125398083141e-13
		},
		"phie_13":{
			"Re":-1.5688239684206372e-15,
			"Im":-5.7130132695932344e-15
		},
		"phie_22":-1.630070028782822e-11,
		"phie_23":{
			"Re":-2.1201941429798127e-15,
			"Im":4.601411276060604e-15
		},
		"phie_33":-1.5709118066195437e-11,
		"phil1_11":1.785108922253214e-13,
		"phil1_13":{
			"Re":0.0,
			"Im":-1.5137157348847018e-20
		},
		"phil1_22":1.7844726513529292e-13,
		"phil1_23":{
			"Re":-2.239862998455124e-19,
			"Im":3.845311019246949e-19
		},
		"phil1_33":1.613034753198623e-13,
		"phil3_13":{
			"Re":0.0,
			"Im":-1.5137157348847018e-20
		},
		"phil3_22":-6.362723395372929e-17,
		"phil3_23":{
			"Re":-2.239862998455124e-19,
			"Im":3.845311019246949e-19
		},
		"phil3_33":-1.7207417049384347e-14,
		"phiq1_11":-5.950363078974889e-14,
		"phiq1_22":-5.950363078974889e-14,
		"phiq1_33":-5.950363078974889e-14,
		"phiu_11":-2.3801452315899555e-13,
		"phiu_22":-2.3801452315899555e-13,
		"phiu_33":-2.3801452315899555e-13,
		"ld_1111":-1.1900726157949777e-13,
		"ld_1122":-1.1900726157949777e-13,
		"ld_1133":-1.1900726157949777e-13,
		"ld_2211":-1.1900726157949777e-13,
		"ld_2222":-1.1900726157949777e-13,
		"ld_2233":-1.1900726157949777e-13,
		"ld_3311":-1.1900726157949777e-13,
		"ld_3322":-1.1900726157949777e-13,
		"ld_3333":-1.1900726157949777e-13,
		"le_1111":1.31347527468636e-12,
		"le_1112":{
			"Re":5.644778737820942e-14,
			"Im":-1.0298125398083141e-13
		},
		"le_1113":{
			"Re":1.5688239684206372e-15,
			"Im":5.7130132695932344e-15
		},
		"le_1122":1.630070028782822e-11,
		"le_1123":{
			"Re":2.1201941429798127e-15,
			"Im":-4.601411276060604e-15
		},
		"le_1133":1.5709118066195437e-11,
		"le_2211":1.31347527468636e-12,
		"le_2212":{
			"Re":5.644778737820942e-14,
			"Im":-1.0298125398083141e-13
		},
		"le_2213":{
			"Re":1.5688239684206372e-15,
			"Im":5.7130132695932344e-15
		},
		"le_2222":1.630070028782822e-11,
		"le_2223":{
			"Re":2.1201941429798127e-15,
			"Im":-4.601411276060604e-15
		},
		"le_2233":1.5709118066195437e-11,
		"le_3311":1.31347527468636e-12,
		"le_3312":{
			"Re":5.644778737820942e-14,
			"Im":-1.0298125398083141e-13
		},
		"le_3313":{
			"Re":1.5688239684206372e-15,
			"Im":5.7130132695932344e-15
		},
		"le_3322":1.630070028782822e-11,
		"le_3323":{
			"Re":2.1201941429798127e-15,
			"Im":-4.601411276060604e-15
		},
		"le_3333":1.5709118066195437e-11,
		"ll_1111":-8.925544618462333e-14,
		"ll_1122":-1.7851089236924666e-13,
		"ll_1133":-1.7851089236924666e-13,
		"ll_2222":-8.925544618462333e-14,
		"ll_2233":-1.7851089236924666e-13,
		"ll_3333":-8.925544618462333e-14,
		"lq1_1111":5.950363078974889e-14,