{
	"eft":"SMEFT",
	"basis":"Warsaw",
	"scale":1000,
	"values":{
		"dd_1111":-3.903368077301283e-14,
		"dd_1122":-7.806736154602565e-14,
		"dd_1133":-7.806736154602565e-14,
		"dd_2222":-3.903368077301283e-14,
		"dd_2233":-7.806736154602565e-14,
		"dd_3333":-3.903368077301283e-14,
		"eB_11":7.939591583476179e-17,
		"eB_12":{
			"Re":-6.910497897368189e-20,
			"Im":-1.0946733870969221e-20
		},
		"eB_13":{
			"Re":3.1205721145457404e-18,
			"Im":-3.862945550881749e-18
		},
		"eB_21":{
			"Re":-1.4288908176828334e-17,
			"Im":2.263467516255608e-18
		},
		"eB_22":3.460846820646485e-14,
		"eB_23":{
			"Re":2.55787563349171e-18,
			"Im":4.43174419539019e-19
		},
		"eB_31":{
			"Re":1.0851346785713833e-14,
			"Im":1.3432845083617055e-14
		},
		"eB_32":{
			"Re":4.3016902795953184e-17,
			"Im":-7.453056230470122e-18
		},
		"eB_33":4.580318191920201e-13,
		"ed_1111":4.8681930214017334e-12,
		"ed_1122":4.8681930214017334e-12,
		"ed_1133":4.8681930214017334e-12,
		"ed_1211":{
			"Re":-4.2782100054926805e-15,
			"Im":-6.719127845381766e-16
		},
		"ed_1222":{
			"Re":-4.2782100054926805e-15,
			"Im":-6.719127845381766e-16
		},
		"ed_1233":{
			"Re":-4.2782100054926805e-15,
			"Im":-6.719127845381766e-16
		},
		"ed_1311":{
			"Re":1.9552833866015898e-13,
			"Im":-2.4208843945764544e-13
		},
		"ed_1322":{
			"Re":1.9552833866015898e-13,
			"Im":-2.4208843945764544e-13
		},
		"ed_1333":{
			"Re":1.9552833866015898e-13,
			"Im":-2.4208843945764544e-13
		},
		"ed_2211":1.0346866232266119e-11,
		"ed_2222":1.0346866232266119e-11,
		"ed_2233":1.0346866232266119e-11,
		"ed_2311":{
			"Re":7.40929401508026e-16,
			"Im":8.786316525644925e-17
		},
		"ed_2322":{
			"Re":7.40929401508026e-16,
			"Im":8.786316525644925e-17
		},
		"ed_2333":{
			"Re":7.40929401508026e-16,
			"Im":8.786316525644925e-17
		},
		"ed_3311":8.147401336532002e-12,
		"ed_3322":8.147401336532002e-12,
		"ed_3333":8.147401336532002e-12,
		"ee_1111":-1.6005166065990128e-10,
		"ee_1112":{
			"Re":1.448115843222188e-12,
			"Im":2.1070449268917403e-13
		},
		"ee_1113":{
			"Re":-8.392036836175895e-11,
			"Im":3.6338588233475715e-11
		},
		"ee_1122":-1.2893935292706046e-9,
		"ee_1123":{
			"Re":-4.507304683182306e-13,
			"Im":4.8648060535870836e-14
		},
		"ee_1133":-9.91732779059728e-10,
		"ee_1212":{
			"Re":-2.6830291240674044e-10,
			"Im":-1.2234795747657977e-10
		},
		"ee_1213":{
			"Re":-1.2614498989949193e-13,
			"Im":-1.1477044423604666e-12
		},
		"ee_1222":{
			"Re":-6.791333682800884e-13,
			"Im":-3.6267393953959885e-13
		},
		"ee_1223":{
			"Re":-5.1391318870822036e-11,
			"Im":6.36123620438848e-11
		},
		"ee_1232":{
			"Re":1.0588337945388259e-10,
			"Im":6.255287613008126e-11
		},
		"ee_1233":{
			"Re":9.011631254235774e-13,
			"Im":6.189670985394552e-13
		},
		"ee_1313":{
			"Re":-2.0043895331683953e-10,
			"Im":1.2333357547486777e-10
		},
		"ee_1323":{
			"Re":-1.1718582653440412e-12,
			"Im":9.560666725879826e-13
		},
		"ee_1333":{
			"Re":4.8180582795755706e-11,
			"Im":8.234374713183731e-12
		},
		"ee_2222":-7.629902690465422e-10,
		"ee_2223":{
			"Re":1.0387549610541208e-12,
			"Im":1.9376588654417537e-12
		},
		"ee_2233":-2.151114385669667e-9,
		"ee_2323":{
			"Re":2.703193850849015e-10,
			"Im":-3.9831322241910983e-10
		},
		"ee_2333":{
			"Re":-9.00460433859085e-13,
			"Im":-1.7208940961058347e-12
		},
		"ee_3333":-4.626024923547828e-10,
		"ephi_11":-2.60381464984651e-16,
		"ephi_12":{
			"Re":2.207701304398282e-19,
			"Im":3.4763284995998046e-20
		},
		"ephi_13":{
			"Re":-1.0051622233834348e-17,
			"Im":1.244447348914444e-17
		},
		"ephi_21":{
			"Re":4.564889854192574e-17,
			"Im":-7.188045197918046e-18
		},
		"ephi_22":-1.1219416458645143e-13,
		"ephi_23":{
			"Re":-7.984688861936419e-18,
			"Im":-1.0818941589845384e-18
		},
		"ephi_31":{
			"Re":-3.4959467770086266e-14,
			"Im":-4.3281785716239027e-14
		},
		"ephi_32":{
			"Re":-1.343071647118126e-16,
			"Im":1.819904766021405e-17
		},
		"ephi_33":-1.4914333049479993e-12,
		"eu_1111":-9.736386042803467e-12,
		"eu_1122":-9.736386042803467e-12,
		"eu_1133":-9.736386042803467e-12,
		"eu_1211":{
			"Re":8.556420010985361e-15,
			"Im":1.3438255690763531e-15
		},
		"eu_1222":{
			"Re":8.556420010985361e-15,
			"Im":1.3438255690763531e-15
		},
		"eu_1233":{
			"Re":8.556420010985361e-15,
			"Im":1.3438255690763531e-15
		},
		"eu_1311":{
			"Re":-3.9105667732031796e-13,
			"Im":4.841768789152909e-13
		},
		"eu_1322":{
			"Re":-3.9105667732031796e-13,
			"Im":4.841768789152909e-13
		},
		"eu_1333":{
			"Re":-3.9105667732031796e-13,
			"Im":4.841768789152909e-13
		},
		"eu_2211":-2.0693732464532238e-11,
		"eu_2222":-2.0693732464532238e-11,
		"eu_2233":-2.0693732464532238e-11,
		"eu_2311":{
			"Re":-1.481858803016052e-15,
			"Im":-1.757263305128985e-16
		},
		"eu_2322":{
			"Re":-1.481858803016052e-15,
			"Im":-1.757263305128985e-16
		},
		"eu_2333":{
			"Re":-1.481858803016052e-15,
			"Im":-1.757263305128985e-16
		},
		"eu_3311":-1.6294802673064003e-11,
		"eu_3322":-1.6294802673064003e-11,
		"eu_3333":-1.6294802673064003e-11,
		"phi":-1.1171474568848166e-12,
		"phiB":2.3937131478419166e-12,
		"phiBox":-3.349887627747679e-12,
		"phid_11":1.1710104231903848e-13,
		"phid_22":1.1710104231903848e-13,
		"phid_33":1.1710104231903848e-13,
		"phiD":-3.513031269571154e-13,
		"phie_11":-7.3022895321026e-12,
		"phie_12":{
			"Re":6.417315008239034e-15,
			"Im":1.0078691768072674e-15
		},
		"phie_13":{
			"Re":-2.9329250799023866e-13,
			"Im":3.631326591864684e-13
		},
		"phie_22":-1.552029934839919e-11,
		"phie_23":{
			"Re":-1.1113941022620454e-15,
			"Im":-1.3179474788468413e-16
		},
		"phie_33":-1.2221102004798005e-11,
		"phil1_11":1.756515628211614e-13,
		"phil1_13":{
			"Re":-8.984889361325827e-20,
			"Im":1.112236381967119e-19
		},
		"phil1_22":1.755923117295351e-13,
		"phil1_23":{
			"Re":-7.364748745855956e-20,
			"Im":-1.2760074054263745e-20
		},
		"phil1_33":1.6246370859699805e-13,
		"phil3_13":{
			"Re":-8.984889361325827e-20,
			"Im":1.112236381967119e-19
		},
		"phil3_22":-5.925174902260492e-17,
		"phil3_23":{
			"Re":-7.364748745855956e-20,
			"Im":-1.2760074054263745e-20
		},
		"phil3_33":-1.3187854881559652e-14,
		"phiq1_11":-5.855052115951924e-14,
		"phiq1_22":-5.855052115951924e-14,
		"phiq1_33":-5.855052115951924e-14,
		"phiu_11":-2.3420208463807695e-13,
		"phiu_22":-2.3420208463807695e-13,
		"phiu_33":-2.3420208463807695e-13,
		"ld_1111":-1.1710104231903848e-13,
		"ld_1122":-1.1710104231903848e-13,
		"ld_1133":-1.1710104231903848e-13,
		"ld_2211":-1.1710104231903848e-13,
		"ld_2222":-1.1710104231903848e-13,
		"ld_2233":-1.1710104231903848e-13,
		"ld_3311":-1.1710104231903848e-13,
		"ld_3322":-1.1710104231903848e-13,
		"ld_3333":-1.1710104231903848e-13,
		"le_1111":7.3022895321026e-12,
		"le_1112":{
			"Re":-6.417315008239034e-15,
			"Im":-1.0078691768072674e-15
		},
		"le_1113":{
			"Re":2.9329250799023866e-13,
			"Im":-3.631326591864684e-13
		},
		"le_1122":1.552029934839919e-11,
		"le_1123":{
			"Re":1.1113941022620454e-15,
			"Im":1.3179474788468413e-16
		},
		"le_1133":1.2221102004798005e-11,
		"le_2211":7.3022895321026e-12,
		"le_2212":{
			"Re":-6.417315008239034e-15,
			"Im":-1.0078691768072674e-15
		},
		"le_2213":{
			"Re":2.9329250799023866e-13,
			"Im":-3.631326591864684e-13
		},
		"le_2222":1.552029934839919e-11,
		"le_2223":{
			"Re":1.1113941022620454e-15,
			"Im":1.3179474788468413e-16
		},
		"le_2233":1.2221102004798005e-11,
		"le_3311":7.3022895321026e-12,
		"le_3312":{
			"Re":-6.417315008239034e-15,
			"Im":-1.0078691768072674e-15
		},
		"le_3313":{
			"Re":2.9329250799023866e-13,
			"Im":-3.631326591864684e-13
		},
		"le_3322":1.552029934839919e-11,
		"le_3323":{
			"Re":1.1113941022620454e-15,
			"Im":1.3179474788468413e-16
		},
		"le_3333":1.2221102004798005e-11,
		"ll_1111":-8.782578173927885e-14,
		"ll_1122":-1.756515634785577e-13,
		"ll_1133":-1.756515634785577e-13,
		"ll_2222":-8.782578173927885e-14,
		"ll_2233":-1.756515634785577e-13,
		"ll_3333":-8.782578173927885e-14,
		"lq1_1111":5.855052115951924e-14,