{
	"eft":"SMEFT",
	"basis":"Warsaw",
	"scale":1000,
	"values":{
		"dd_1111":-2.558782541379905e-13,
		"dd_1122":-5.11756508275981e-13,
		"dd_1133":-5.11756508275981e-13,
		"dd_2222":-2.558782541379905e-13,
		"dd_2233":-5.11756508275981e-13,
		"dd_3333":-2.558782541379905e-13,
		"eB_11":2.6699204417702303e-16,
		"eB_13":-1.5952509467862375e-20,
		"eB_21":{
			"Re":1.3701037544994438e-19,
			"Im":6.895172579397534e-20
		},
		"eB_22":4.673083451287888e-14,
		"eB_23":{
			"Re":5.383419561560529e-16,
			"Im":6.044381590136741e-16
		},
		"eB_31":{
			"Re":-5.5472588353676535e-17,
			"Im":4.787578897462208e-18
		},
		"eB_32":{
			"Re":9.053529927620422e-15,
			"Im":-1.0165098409011608e-14
		},
		"eB_33":3.839520614466537e-13,
		"ed_1111":2.01136099279384e-11,
		"ed_1122":2.01136099279384e-11,
		"ed_1133":2.01136099279384e-11,
		"ed_1211":{
			"Re":5.62980148549321e-17,
			"Im":-2.728163633094427e-17
		},
		"ed_1222":{
			"Re":5.62980148549321e-17,
			"Im":-2.728163633094427e-17
		},
		"ed_1233":{
			"Re":5.62980148549321e-17,
			"Im":-2.728163633094427e-17
		},
		"ed_1311":{
			"Re":-1.3469318879165052e-15,
			"Im":-1.2070847189343886e-16
		},
		"ed_1322":{
			"Re":-1.3469318879165052e-15,
			"Im":-1.2070847189343886e-16
		},
		"ed_1333":{
			"Re":-1.3469318879165052e-15,
			"Im":-1.2070847189343886e-16
		},
		"ed_2211":1.6683692565016457e-11,
		"ed_2222":1.6683692565016457e-11,
		"ed_2233":1.6683692565016457e-11,
		"ed_2311":{
			"Re":2.134763630453417e-13,
			"Im":2.394105235795415e-13
		},
		"ed_2322":{
			"Re":2.134763630453417e-13,
			"Im":2.394105235795415e-13
		},
		"ed_2333":{
			"Re":2.134763630453417e-13,
			"Im":2.394105235795415e-13
		},
		"ed_3311":7.225267782120228e-12,
		"ed_3322":7.225267782120228e-12,
		"ed_3333":7.225267782120228e-12,
		"ee_1111":7.552410834195623e-11,
		"ee_1112":{
			"Re":1.6754691861389855e-14,
			"Im":1.9211806927983538e-14
		},
		"ee_1113":{
			"Re":-3.3346718958431666e-13,
			"Im":-7.123907573552265e-14
		},
		"ee_1122":-1.1156233486186863e-9,
		"ee_1123":{
			"Re":-1.372007716731243e-11,
			"Im":-1.53912929926725e-11
		},
		"ee_1133":-5.074248374667074e-10,
		"ee_1212":{
			"Re":5.557846108698939e-10,
			"Im":-2.769290749840184e-10
		},
		"ee_1213":{
			"Re":6.124889716363521e-11,
			"Im":7.607712022425559e-12
		},
		"ee_1222":{
			"Re":5.714326175649582e-15,
			"Im":-1.917498281482206e-14
		},
		"ee_1223":{
			"Re":7.357153815324717e-14,
			"Im":5.117586703704147e-15
		},
		"ee_1232":{
			"Re":-2.8436425228915393e-13,
			"Im":2.153917069838936e-13
		},
		"ee_1233":{
			"Re":-3.5768956729987345e-14,
			"Im":1.9595387164181784e-15
		},
		"ee_1313":{
			"Re":-2.661236975741853e-10,
			"Im":-1.2197515114996655e-10
		},
		"ee_1323":{
			"Re":-9.35553931197417e-15,
			"Im":3.984988640403077e-15
		},
		"ee_1333":{
			"Re":1.9574153331610285e-13,
			"Im":4.349402036289367e-14
		},
		"ee_2222":5.276297827621911e-11,
		"ee_2223":{
			"Re":3.1523127318389276e-11,
			"Im":1.5663326401595976e-11
		},
		"ee_2233":-4.1955456601625635e-10,
		"ee_2323":{
			"Re":-1.5361205253022326e-10,
			"Im":-1.9061877333665987e-10
		},
		"ee_2333":{
			"Re":-2.8393387299474297e-11,
			"Im":-1.3168047769457925e-11
		},
		"ee_3333":1.850333840327419e-11,
		"ephi_11":4.4675028309614506e-17,
		"ephi_21":{
			"Re":2.3749461312640192e-20,
			"Im":1.1615245828206201e-20
		},
		"ephi_22":7.785348172324673e-15,
		"ephi_23":{
			"Re":9.115475672895098e-17,
			"Im":1.0225804655056194e-16
		},
		"ephi_31":{
			"Re":-9.570150704845935e-18,
			"Im":8.500064335297223e-19
		},
		"ephi_32":{
			"Re":1.527686903922103e-15,
			"Im":-1.7137647574969108e-15
		},
		"ephi_33":6.343406370470635e-14,
		"eu_1111":-4.02272198558768e-11,
		"eu_1122":-4.02272198558768e-11,
		"eu_1133":-4.02272198558768e-11,
		"eu_1211":{
			"Re":-1.125960297098642e-16,
			"Im":5.456327266188854e-17
		},
		"eu_1222":{
			"Re":-1.125960297098642e-16,
			"Im":5.456327266188854e-17
		},
		"eu_1233":{
			"Re":-1.125960297098642e-16,
			"Im":5.456327266188854e-17
		},
		"eu_1311":{
			"Re":2.6938637758330104e-15,
			"Im":2.414169437868777e-16
		},
		"eu_1322":{
			"Re":2.6938637758330104e-15,
			"Im":2.414169437868777e-16
		},
		"eu_1333":{
			"Re":2.6938637758330104e-15,
			"Im":2.414169437868777e-16
		},
		"eu_2211":-3.3367385130032915e-11,
		"eu_2222":-3.3367385130032915e-11,
		"eu_2233":-3.3367385130032915e-11,
		"eu_2311":{
			"Re":-4.269527260906834e-13,
			"Im":-4.78821047159083e-13
		},
		"eu_2322":{
			"Re":-4.269527260906834e-13,
			"Im":-4.78821047159083e-13
		},
		"eu_2333":{
			"Re":-4.269527260906834e-13,
			"Im":-4.78821047159083e-13
		},
		"eu_3311":-1.4450535564240455e-11,
		"eu_3322":-1.4450535564240455e-11,
		"eu_3333":-1.4450535564240455e-11,
		"phi":5.851080149763131e-16,
		"phiB":-6.758389266594583e-13,
		"phiBox":-6.153940907827518e-13,
		"phid_11":7.676347624139715e-13,
		"phid_22":7.676347624139715e-13,
		"phid_33":7.676347624139715e-13,
		"phiD":-2.3029042872419143e-12,
		"phie_11":-3.0170414891907584e-11,
		"phie_12":{
			"Re":-8.444702228239799e-17,
			"Im":4.0922454496416266e-17
		},
		"phie_13":{
			"Re":2.0203978318747522e-15,
			"Im":1.8106270784015725e-16
		},
		"phie_22":-2.5025538847524667e-11,
		"phie_23":{
			"Re":-3.2021454456801196e-13,
			"Im":-3.591157853693116e-13
		},
		"phie_33":-1.083790167318035e-11,
		"phil1_11":1.1514521414102695e-12,
		"phil1_22":1.151372137662252e-12,
		"phil1_23":{
			"Re":-1.5500179893538374e-17,
			"Im":-1.7403251023064e-17
		},
		"phil1_33":1.1403972259150949e-12,
		"phil3_22":-8.000595870512295e-17,
		"phil3_23":{
			"Re":-1.5500179893538374e-17,
			"Im":-1.7403251023064e-17
		},
		"phil3_33":-1.1054917705862203e-14,
		"phiq1_11":-3.8381738120698573e-13,
		"phiq1_22":-3.8381738120698573e-13,
		"phiq1_33":-3.8381738120698573e-13,
		"phiu_11":-1.535269524827943e-12,
		"phiu_22":-1.535269524827943e-12,
		"phiu_33":-1.535269524827943e-12,
		"ld_1111":-7.676347624139715e-13,
		"ld_1122":-7.676347624139715e-13,
		"ld_1133":-7.676347624139715e-13,
		"ld_2211":-7.676347624139715e-13,
		"ld_2222":-7.676347624139715e-13,
		"ld_2233":-7.676347624139715e-13,
		"ld_3311":-7.676347624139715e-13,
		"ld_3322":-7.676347624139715e-13,
		"ld_3333":-7.676347624139715e-13,
		"le_1111":3.0170414891907584e-11,
		"le_1112":{
			"Re":8.444702228239799e-17,
			"Im":-4.0922454496416266e-17
		},
		"le_1113":{
			"Re":-2.0203978318747522e-15,
			"Im":-1.8106270784015725e-16
		},
		"le_1122":2.5025538847524667e-11,
		"le_1123":{
			"Re":3.2021454456801196e-13,
			"Im":3.591157853693116e-13
		},
		"le_1133":1.083790167318035e-11,
		"le_2211":3.0170414891907584e-11,
		"le_2212":{
			"Re":8.444702228239799e-17,
			"Im":-4.0922454496416266e-17
		},
		"le_2213":{
			"Re":-2.0203978318747522e-15,
			"Im":-1.8106270784015725e-16
		},
		"le_2222":2.5025538847524667e-11,
		"le_2223":{
			"Re":3.2021454456801196e-13,
			"Im":3.591157853693116e-13
		},
		"le_2233":1.083790167318035e-11,
		"le_3311":3.0170414891907584e-11,
		"le_3312":{
			"Re":8.444702228239799e-17,
			"Im":-4.0922454496416266e-17
		},
		"le_3313":{
			"Re":-2.0203978318747522e-15,
			"Im":-1.8106270784015725e-16
		},
		"le_3322":2.5025538847524667e-11,
		"le_3323":{
			"Re":3.2021454456801196e-13,
			"Im":3.591157853693116e-13
		},
		"le_3333":1.083790167318035e-11,
		"ll_1111":-5.757260718104786e-13,
		"ll_1122":-1.1514521436209571e-12,
		"ll_1133":-1.1514521436209571e-12,
		"ll_2222":-5.757260718104786e-13,
		"ll_2233":-1.1514521436209571e-12,
		"ll_3333":-5.757260718104786e-13,
		"lq1_1111":3.8381738120698573e-13,
		"lq1_1122":3.8381738120698573e-13,
		"lq1_1133":3.8381738120698573e-13,
		"lq1_2211":3.8381738120698573e-13,
		"lq1_2222":3.8381738120698573e-13,
		"lq1_2233":3.8381738120698573e-13,
		"lq1_3311":3.8381738120698573e-13,
		"lq1_3322":3.8381738120698573e-13,
		"lq1_3333":3.8381738120698573e-13,
		"lu_1111":1.535269524827943e-12,
		"lu_1122":1.535269524827943e-12,
		"lu_1133":1.535269524827943e-12,
		"lu_2211":1.535269524827943e-12,
		"lu_2222":1.535269524827943e-12,