{
	"eft":"SMEFT",
	"basis":"Warsaw",
	"scale":1000,
	"values":{
		"dd_1111":-3.4123317204333206e-14,
		"dd_1122":-6.824663440866641e-14,
		"dd_1133":-6.824663440866641e-14,
		"dd_2222":-3.4123317204333206e-14,
		"dd_2233":-6.824663440866641e-14,
		"dd_3333":-3.4123317204333206e-14,
		"eB_11":5.3096151745953984e-17,
		"eB_12":{
			"Re":0.0,
			"Im":-1.2352666288531863e-20
		},
		"eB_13":5.507015325966475e-19,
		"eB_21":{
			"Re":1.4917694437331234e-18,
			"Im":2.554173620442805e-18
		},
		"eB_22":3.077421322077809e-14,
		"eB_23":{
			"Re":1.6400592143613917e-16,
			"Im":7.720997872842945e-17
		},
		"eB_31":{
			"Re":1.9149864468042596e-15,
			"Im":-3.0440834959659433e-17
		},
		"eB_32":{
			"Re":2.758158640710944e-15,
			"Im":-1.2984736655490041e-15
		},
		"eB_33":4.0643905230289247e-13,
		"ed_1111":3.103893211944115e-12,
		"ed_1122":3.103893211944115e-12,
		"ed_1133":3.103893211944115e-12,
		"ed_1211":{
			"Re":4.637607310251578e-16,
			"Im":-7.68638476827904e-16
		},
		"ed_1222":{
			"Re":4.637607310251578e-16,
			"Im":-7.68638476827904e-16
		},
		"ed_1233":{
			"Re":4.637607310251578e-16,
			"Im":-7.68638476827904e-16
		},
		"ed_1311":{
			"Re":3.360686956959939e-14,
			"Im":4.874298410015646e-16
		},
		"ed_1322":{
			"Re":3.360686956959939e-14,
			"Im":4.874298410015646e-16
		},
		"ed_1333":{
			"Re":3.360686956959939e-14,
			"Im":4.874298410015646e-16
		},
		"ed_2211":9.037790694214614e-12,
		"ed_2222":9.037790694214614e-12,
		"ed_2233":9.037790694214614e-12,
		"ed_2311":{
			"Re":4.9033224831576316e-14,
			"Im":2.3071711920435897e-14
		},
		"ed_2322":{
			"Re":4.9033224831576316e-14,
			"Im":2.3071711920435897e-14
		},
		"ed_2333":{
			"Re":4.9033224831576316e-14,
			"Im":2.3071711920435897e-14
		},
		"ed_3311":7.062060337384121e-12,
		"ed_3322":7.062060337384121e-12,
		"ed_3333":7.062060337384121e-12,
		"ee_1111":-8.706430854061195e-11,
		"ee_1112":{
			"Re":6.672661591444589e-13,
			"Im":-1.8946669808976104e-13
		},
		"ee_1113":{
			"Re":-2.5405087901650417e-11,
			"Im":-2.3531468553078234e-12
		},
		"ee_1122":-8.548954226296044e-10,
		"ee_1123":{
			"Re":-4.841430422857443e-12,
			"Im":-2.2841988930665944e-12
		},
		"ee_1133":-6.617011411824601e-10,
		"ee_1212":{
			"Re":-1.900115192011846e-11,
			"Im":-1.7373410547406136e-10
		},
		"ee_1213":{
			"Re":1.1544099196130052e-11,
			"Im":-1.1917889539215814e-11
		},
		"ee_1222":{
			"Re":3.883865922882308e-13,
			"Im":-1.843320453254953e-12
		},
		"ee_1223":{
			"Re":-8.903588368383045e-12,
			"Im":-2.2621392030357105e-13
		},
		"ee_1232":{
			"Re":1.3138204002268722e-11,
			"Im":6.097419506507834e-11
		},
		"ee_1233":{
			"Re":-3.803579994862227e-12,
			"Im":4.838589441238428e-12
		},
		"ee_1313":{
			"Re":-1.341426349803985e-10,
			"Im":-2.6907522214558435e-11
		},
		"ee_1323":{
			"Re":-1.4564464876485103e-12,
			"Im":-8.883533819237268e-13
		},
		"ee_1333":{
			"Re":4.1487600085346474e-11,
			"Im":4.505926359973598e-12
		},
		"ee_2222":-7.333089757389943e-10,
		"ee_2223":{
			"Re":1.6428972647742354e-11,
			"Im":2.946647241911318e-11
		},
		"ee_2233":{
			"Re":-1.908659145243315e-9,
			"Im":3.673364475007254e-20
		},
		"ee_2323":{
			"Re":1.1533905667581823e-10,
			"Im":-3.64042464632479e-10
		},
		"ee_2333":{
			"Re":-2.9900405110512786e-11,
			"Im":-3.533765509494498e-11
		},
		"ee_3333":-4.502931278920047e-10,
		"ephi_11":-1.0511852958629353e-17,
		"ephi_13":-1.0712730226324213e-19,
		"ephi_21":{
			"Re":-3.0185287944816742e-19,
			"Im":-5.051617769669412e-19
		},
		"ephi_22":-6.077939421760937e-15,
		"ephi_23":{
			"Re":-3.2192776054118465e-17,
			"Im":-1.515009334542176e-17
		},
		"ephi_31":{
			"Re":-3.736454719960661e-16,
			"Im":5.5782055851634825e-18
		},
		"ephi_32":{
			"Re":-5.430151592059795e-16,
			"Im":2.555461258079679e-16
		},
		"ephi_33":-8.009913880653957e-14,
		"eu_1111":-6.20778642388823e-12,
		"eu_1122":-6.20778642388823e-12,
		"eu_1133":-6.20778642388823e-12,
		"eu_1211":{
			"Re":-9.275214620503156e-16,
			"Im":1.537276953655808e-15
		},
		"eu_1222":{
			"Re":-9.275214620503156e-16,
			"Im":1.537276953655808e-15
		},
		"eu_1233":{
			"Re":-9.275214620503156e-16,
			"Im":1.537276953655808e-15
		},
		"eu_1311":{
			"Re":-6.721373913919879e-14,
			"Im":-9.748596820031291e-16
		},
		"eu_1322":{
			"Re":-6.721373913919879e-14,
			"Im":-9.748596820031291e-16
		},
		"eu_1333":{
			"Re":-6.721373913919879e-14,
			"Im":-9.748596820031291e-16
		},
		"eu_2211":-1.807558138842923e-11,
		"eu_2222":-1.807558138842923e-11,
		"eu_2233":-1.807558138842923e-11,
		"eu_2311":{
			"Re":-9.806644966315263e-14,
			"Im":-4.6143423840871794e-14
		},
		"eu_2322":{
			"Re":-9.806644966315263e-14,
			"Im":-4.6143423840871794e-14
		},
		"eu_2333":{
			"Re":-9.806644966315263e-14,
			"Im":-4.6143423840871794e-14
		},
		"eu_3311":-1.4124120674768243e-11,
		"eu_3322":-1.4124120674768243e-11,
		"eu_3333":-1.4124120674768243e-11,
		"phi":-2.2926773804337897e-16,
		"phiB":1.2908944840405656e-13,
		"phiBox":-8.762966231340549e-14,
		"phid_11":1.023699516129996e-13,
		"phid_22":1.023699516129996e-13,
		"phid_33":1.023699516129996e-13,
		"phiD":-3.071098548389988e-13,
		"phie_11":-4.655839817916169e-12,
		"phie_12":{
			"Re":-6.956410965377299e-16,
			"Im":1.1529577152418546e-15
		},
		"phie_13":{
			"Re":-5.041030435439937e-14,
			"Im":-7.311447615023706e-16
		},
		"phie_22":-1.3556686041321918e-11,
		"phie_23":{
			"Re":-7.354983724736451e-14,
			"Im":-3.4607567880653826e-14
		},
		"phie_33":-1.0593090506076182e-11,
		"phil1_11":1.5355492697986452e-13,
		"phil1_13":-1.585604228926379e-20,
		"phil1_22":1.5350224014229178e-13,
		"phil1_23":{
			"Re":-4.722131085634327e-18,
			"Im":-2.2230638838040265e-18
		},
		"phil1_33":1.4185255431925398e-13,
		"phil3_13":-1.585604228926379e-20,
		"phil3_22":-5.2687277207636244e-17,
		"phil3_23":{
			"Re":-4.722131085634327e-18,
			"Im":-2.2230638838040265e-18
		},
		"phil3_33":-1.1702373100245423e-14,
		"phiq1_11":-5.11849758064998e-14,
		"phiq1_22":-5.11849758064998e-14,
		"phiq1_33":-5.11849758064998e-14,
		"phiu_11":-2.047399032259992e-13,
		"phiu_22":-2.047399032259992e-13,
		"phiu_33":-2.047399032259992e-13,
		"ld_1111":-1.023699516129996e-13,
		"ld_1122":-1.023699516129996e-13,
		"ld_1133":-1.023699516129996e-13,
		"ld_2211":-1.023699516129996e-13,
		"ld_2222":-1.023699516129996e-13,
		"ld_2233":-1.023699516129996e-13,
		"ld_3311":-1.023699516129996e-13,
		"ld_3322":-1.023699516129996e-13,
		"ld_3333":-1.023699516129996e-13,
		"le_1111":4.655839817916169e-12,
		"le_1112":{
			"Re":6.956410965377299e-16,
			"Im":-1.1529577152418546e-15
		},
		"le_1113":{
			"Re":5.041030435439937e-14,
			"Im":7.311447615023706e-16
		},
		"le_1122":1.3556686041321918e-11,
		"le_1123":{
			"Re":7.354983724736451e-14,
			"Im":3.4607567880653826e-14
		},
		"le_1133":1.0593090506076182e-11,
		"le_2211":4.655839817916169e-12,
		"le_2212":{
			"Re":6.956410965377299e-16,
			"Im":-1.1529577152418546e-15
		},
		"le_2213":{
			"Re":5.041030435439937e-14,
			"Im":7.311447615023706e-16
		},
		"le_2222":1.3556686041321918e-11,
		"le_2223":{
			"Re":7.354983724736451e-14,
			"Im":3.4607567880653826e-14
		},
		"le_2233":1.0593090506076182e-11,
		"le_3311":4.655839817916169e-12,
		"le_3312":{
			"Re":6.956410965377299e-16,
			"Im":-1.1529577152418546e-15
		},
		"le_3313":{
			"Re":5.041030435439937e-14,
			"Im":7.311447615023706e-16
		},
		"le_3322":1.3556686041321918e-11,
		"le_3323":{
			"Re":7.354983724736451e-14,
			"Im":3.4607567880653826e-14
		},
		"le_3333":1.0593090506076182e-11,
		"ll_1111":-7.67774637097497e-14,
		"ll_1122":-1.535549274194994e-13,
		"ll_1133":-1.535549274194994e-13,
		"ll_2222":-7.67774637097497e-14,
		"ll_2233":-1.535549274194994e-13,
		"ll_3333":-7.67774637097497e-14,
		"lq1_1111":5.11849758064998e-14,
		"lq1_1122":5.11849758064998e-14,
		"lq1_1133":5.11849758064998e-14,
		"lq1_2211":5.11849758064998e-14,
		"lq1_2222":5.11849758064998e-14,
		"lq1_2233":5.11849758064998e-14,
		"lq1_3311":5.11849758064998e-14,
		"lq1_3322":5.11849758064998e-14,