{
	"eft":"SMEFT",
	"basis":"Warsaw",
	"scale":1000,
	"values":{
		"dd_1111":-5.6267465511405933e-14,
		"dd_1122":-1.1253493102281187e-13,
		"dd_1133":-1.1253493102281187e-13,
		"dd_2222":-5.6267465511405933e-14,
		"dd_2233":-1.1253493102281187e-13,
		"dd_3333":-5.6267465511405933e-14,
		"eB_11":8.595040666496354e-17,
		"eB_12":1.469057838352008e-20,
		"eB_13":{
			"Re":2.2751995524996195e-18,
			"Im":-3.2854558159399644e-18
		},
		"eB_21":{
			"Re":3.037586129163855e-18,
			"Im":-2.0111345570129818e-20
		},
		"eB_22":3.047178083512134e-14,
		"eB_23":{
			"Re":-5.693125476706034e-17,
			"Im":8.374599723648472e-17
		},
		"eB_31":{
			"Re":7.911683641532581e-15,
			"Im":1.1424706463832097e-14
		},
		"eB_32":{
			"Re":-9.574375783951592e-16,
			"Im":-1.4083927207025062e-15
		},
		"eB_33":5.81368685183846e-14,
		"ed_1111":5.886912461547243e-12,
		"ed_1122":5.886912461547243e-12,
		"ed_1133":5.886912461547243e-12,
		"ed_1211":{
			"Re":1.0642724240815212e-15,
			"Im":6.015204989750057e-18
		},
		"ed_1222":{
			"Re":1.0642724240815212e-15,
			"Im":6.015204989750057e-18
		},
		"ed_1233":{
			"Re":1.0642724240815212e-15,
			"Im":6.015204989750057e-18
		},
		"ed_1311":{
			"Re":1.6474159986179528e-13,
			"Im":-2.378836053895676e-13
		},
		"ed_1322":{
			"Re":1.6474159986179528e-13,
			"Im":-2.378836053895676e-13
		},
		"ed_1333":{
			"Re":1.6474159986179528e-13,
			"Im":-2.378836053895676e-13
		},
		"ed_2211":1.0326852172932185e-11,
		"ed_2222":1.0326852172932185e-11,
		"ed_2233":1.0326852172932185e-11,
		"ed_2311":{
			"Re":-1.992437542457948e-14,
			"Im":2.930491197698216e-14
		},
		"ed_2322":{
			"Re":-1.992437542457948e-14,
			"Im":2.930491197698216e-14
		},
		"ed_2333":{
			"Re":-1.992437542457948e-14,
			"Im":2.930491197698216e-14
		},
		"ed_3311":8.741831161236349e-13,
		"ed_3322":8.741831161236349e-13,
		"ed_3333":8.741831161236349e-13,
		"ee_1111":-5.741423948825918e-11,
		"ee_1112":{
			"Re":6.138591942688738e-14,
			"Im":-1.754781959802623e-13
		},
		"ee_1113":{
			"Re":9.255121456811398e-13,
			"Im":5.161452513471069e-12
		},
		"ee_1122":-9.591520903264914e-10,
		"ee_1123":{
			"Re":1.847264778387443e-12,
			"Im":-2.679751556429567e-12
		},
		"ee_1133":-9.210064660573177e-11,
		"ee_1212":{
			"Re":2.477910532631216e-10,
			"Im":2.8083734065941626e-10
		},
		"ee_1213":{
			"Re":-2.6302810556123855e-12,
			"Im":2.3162596055818643e-13
		},
		"ee_1222":{
			"Re":-2.138903796406026e-13,
			"Im":4.010134000028165e-13
		},
		"ee_1223":{
			"Re":-2.620891403755067e-11,
			"Im":3.784070032652765e-11
		},
		"ee_1232":{
			"Re":-3.203444158311656e-12,
			"Im":3.938826965488173e-11
		},
		"ee_1233":{
			"Re":-7.019911295370022e-14,
			"Im":-1.8176563718157113e-13
		},
		"ee_1313":{
			"Re":-4.19336648558184e-11,
			"Im":-1.7592798854199218e-12
		},
		"ee_1323":{
			"Re":-8.479748309469232e-14,
			"Im":-1.808291615045186e-13
		},
		"ee_1333":{
			"Re":-5.444930427040918e-12,
			"Im":2.8876622894143164e-13
		},
		"ee_2222":-1.9168728490580035e-10,
		"ee_2223":{
			"Re":4.861960511805334e-13,
			"Im":-1.0315569924357984e-12
		},
		"ee_2233":-1.6170252164461402e-10,
		"ee_2323":{
			"Re":-5.0776271055895254e-11,
			"Im":5.146686774621906e-11
		},
		"ee_2333":{
			"Re":8.109954293105695e-13,
			"Im":-3.7942574781761017e-13
		},
		"ee_3333":1.3161039639502644e-13,
		"ephi_11":1.1526815374399795e-15,
		"ephi_12":1.9706718633247811e-19,
		"ephi_13":{
			"Re":3.0510264536137724e-17,
			"Im":-4.405662627142578e-17
		},
		"ephi_21":{
			"Re":4.0747780200458285e-17,
			"Im":-2.409762975792789e-19
		},
		"ephi_22":4.0843284242289895e-13,
		"ephi_23":{
			"Re":-7.631105935775977e-16,
			"Im":1.1224287252428812e-15
		},
		"ephi_31":{
			"Re":1.0609046630728361e-13,
			"Im":1.5319395262522593e-13
		},
		"ephi_32":{
			"Re":-1.283300077363108e-14,
			"Im":-1.887554537930405e-14
		},
		"ephi_33":7.801886102733957e-13,
		"eu_1111":-1.1773824923094486e-11,
		"eu_1122":-1.1773824923094486e-11,
		"eu_1133":-1.1773824923094486e-11,
		"eu_1211":{
			"Re":-2.1285448481630423e-15,
			"Im":-1.2030409979500114e-17
		},
		"eu_1222":{
			"Re":-2.1285448481630423e-15,
			"Im":-1.2030409979500114e-17
		},
		"eu_1233":{
			"Re":-2.1285448481630423e-15,
			"Im":-1.2030409979500114e-17
		},
		"eu_1311":{
			"Re":-3.2948319972359057e-13,
			"Im":4.757672107791352e-13
		},
		"eu_1322":{
			"Re":-3.2948319972359057e-13,
			"Im":4.757672107791352e-13
		},
		"eu_1333":{
			"Re":-3.2948319972359057e-13,
			"Im":4.757672107791352e-13
		},
		"eu_2211":-2.065370434586437e-11,
		"eu_2222":-2.065370434586437e-11,
		"eu_2233":-2.065370434586437e-11,
		"eu_2311":{
			"Re":3.984875084915896e-14,
			"Im":-5.860982395396432e-14
		},
		"eu_2322":{
			"Re":3.984875084915896e-14,
			"Im":-5.860982395396432e-14
		},
		"eu_2333":{
			"Re":3.984875084915896e-14,
			"Im":-5.860982395396432e-14
		},
		"eu_3311":-1.7483662322472698e-12,
		"eu_3322":-1.7483662322472698e-12,
		"eu_3333":-1.7483662322472698e-12,
		"phi":8.514979583843389e-11,
		"phiB":-1.2951151193275573e-11,
		"phiBox":-6.63706523065147e-11,
		"phid_11":1.6880239653421779e-13,
		"phid_22":1.6880239653421779e-13,
		"phid_33":1.6880239653421779e-13,
		"phiD":-5.064071896026534e-13,
		"phie_11":-8.830368692320865e-12,
		"phie_12":{
			"Re":-1.5964086361222837e-15,
			"Im":-9.022807484622916e-18
		},
		"phie_13":{
			"Re":-2.47112399792693e-13,
			"Im":3.5682540808435144e-13
		},
		"phie_22":-1.5490278259398268e-11,
		"phie_23":{
			"Re":2.98865631368692e-14,
			"Im":-4.395736796547319e-14
		},
		"phie_33":-1.3112746741854529e-12,
		"phil1_11":2.532035940896594e-13,
		"phil1_13":{
			"Re":-6.550855261078596e-20,
			"Im":9.459629812798668e-20
		},
		"phil1_22":2.531514253062903e-13,
		"phil1_23":{
			"Re":1.6391898873260008e-18,
			"Im":-2.411251821793726e-18
		},
		"phil1_33":2.515296923492192e-13,
		"phil3_13":{
			"Re":-6.550855261078596e-20,
			"Im":9.459629812798668e-20
		},
		"phil3_22":-5.216949503639599e-17,
		"phil3_23":{
			"Re":1.6391898873260008e-18,
			"Im":-2.411251821793726e-18
		},
		"phil3_33":-1.6739024521074715e-15,
		"phiq1_11":-8.440119826710889e-14,
		"phiq1_22":-8.440119826710889e-14,
		"phiq1_33":-8.440119826710889e-14,
		"phiu_11":-3.3760479306843557e-13,
		"phiu_22":-3.3760479306843557e-13,
		"phiu_33":-3.3760479306843557e-13,
		"ld_1111":-1.6880239653421779e-13,
		"ld_1122":-1.6880239653421779e-13,
		"ld_1133":-1.6880239653421779e-13,
		"ld_2211":-1.6880239653421779e-13,
		"ld_2222":-1.6880239653421779e-13,
		"ld_2233":-1.6880239653421779e-13,
		"ld_3311":-1.6880239653421779e-13,
		"ld_3322":-1.6880239653421779e-13,
		"ld_3333":-1.6880239653421779e-13,
		"le_1111":8.830368692320865e-12,
		"le_1112":{
			"Re":1.5964086361222837e-15,
			"Im":9.022807484622916e-18
		},
		"le_1113":{
			"Re":2.47112399792693e-13,
			"Im":-3.5682540808435144e-13
		},
		"le_1122":1.5490278259398268e-11,
		"le_1123":{
			"Re":-2.98865631368692e-14,
			"Im":4.395736796547319e-14
		},
		"le_1133":1.3112746741854529e-12,
		"le_2211":8.830368692320865e-12,
		"le_2212":{
			"Re":1.5964086361222837e-15,
			"Im":9.022807484622916e-18
		},
		"le_2213":{
			"Re":2.47112399792693e-13,
			"Im":-3.5682540808435144e-13
		},
		"le_2222":1.5490278259398268e-11,
		"le_2223":{
			"Re":-2.98865631368692e-14,
			"Im":4.395736796547319e-14
		},
		"le_2233":1.3112746741854529e-12,
		"le_3311":8.830368692320865e-12,
		"le_3312":{
			"Re":1.5964086361222837e-15,
			"Im":9.022807484622916e-18
		},
		"le_3313":{
			"Re":2.47112399792693e-13,
			"Im":-3.5682540808435144e-13
		},
		"le_3322":1.5490278259398268e-11,
		"le_3323":{
			"Re":-2.98865631368692e-14,
			"Im":4.395736796547319e-14
		},
		"le_3333":1.3112746741854529e-12,
		"ll_1111":-1.2660179740066335e-13,
		"ll_1122":-2.532035948013267e-13,
		"ll_1133":-2.532035948013267e-13,
		"ll_2222":-1.2660179740066335e-13,
		"ll_2233":-2.532035948013267e-13,
		"ll_3333":-1.2660179740066335e-13,
		"lq1_1111":8.440119826710889e-14,
		"lq1_1122":8.440119826710889e-14,
		"lq1_1133":8.440119826710889e-14,