{
	"eft":"SMEFT",
	"basis":"Warsaw",
	"scale":1000,
	"values":{
		"dd_1111":-7.174446617915112e-14,
		"dd_1122":-1.4348893235830223e-13,
		"dd_1133":-1.4348893235830223e-13,
		"dd_2222":-7.174446617915112e-14,
		"dd_2233":-1.4348893235830223e-13,
		"dd_3333":-7.174446617915112e-14,
		"eB_11":1.188161848069355e-16,
		"eB_13":{
			"Re":6.169561822319125e-20,
			"Im":-1.9693400512342475e-20
		},
		"eB_21":{
			"Re":-2.777186227656902e-19,
			"Im":-2.2442767584595948e-19
		},
		"eB_22":3.6601708289687286e-14,
		"eB_23":{
			"Re":4.185221665340717e-17,
			"Im":2.871980058767051e-16
		},
		"eB_31":{
			"Re":2.145377590789151e-16,
			"Im":6.848100620816069e-17
		},
		"eB_32":{
			"Re":7.038468610442836e-16,
			"Im":-4.829933300988969e-15
		},
		"eB_33":4.0971108567684773e-13,
		"ed_1111":7.250093639604133e-12,
		"ed_1122":7.250093639604133e-12,
		"ed_1133":7.250093639604133e-12,
		"ed_1211":{
			"Re":-2.244613262347932e-17,
			"Im":8.785672735294135e-17
		},
		"ed_1222":{
			"Re":-2.244613262347932e-17,
			"Im":8.785672735294135e-17
		},
		"ed_1233":{
			"Re":-2.244613262347932e-17,
			"Im":8.785672735294135e-17
		},
		"ed_1311":{
			"Re":3.975567543999216e-15,
			"Im":-1.2385428495825085e-15
		},
		"ed_1322":{
			"Re":3.975567543999216e-15,
			"Im":-1.2385428495825085e-15
		},
		"ed_1333":{
			"Re":3.975567543999216e-15,
			"Im":-1.2385428495825085e-15
		},
		"ed_2211":1.0973260562337472e-11,
		"ed_2222":1.0973260562337472e-11,
		"ed_2233":1.0973260562337472e-11,
		"ed_2311":{
			"Re":1.2938104688603462e-14,
			"Im":8.886940257188238e-14
		},
		"ed_2322":{
			"Re":1.2938104688603462e-14,
			"Im":8.886940257188238e-14
		},
		"ed_2333":{
			"Re":1.2938104688603462e-14,
			"Im":8.886940257188238e-14
		},
		"ed_3311":7.186294624998198e-12,
		"ed_3322":7.186294624998198e-12,
		"ed_3333":7.186294624998198e-12,
		"ee_1111":-1.8132754685362232e-10,
		"ee_1112":{
			"Re":2.593386398244008e-12,
			"Im":2.1469040719973845e-13
		},
		"ee_1113":{
			"Re":-1.8629965068621324e-11,
			"Im":-2.8912127241889884e-11
		},
		"ee_1122":-1.1063255277127178e-9,
		"ee_1123":{
			"Re":-1.5726761449601254e-12,
			"Im":-9.206686239016843e-12
		},
		"ee_1133":-7.239318156062666e-10,
		"ee_1212":{
			"Re":-2.3440712757628543e-10,
			"Im":-1.4749804875374398e-10
		},
		"ee_1213":{
			"Re":1.225425500234644e-11,
			"Im":-7.133794898016732e-12
		},
		"ee_1222":{
			"Re":-3.411031792162143e-12,
			"Im":-1.7742299279772e-12
		},
		"ee_1223":{
			"Re":-4.2956144159077937e-13,
			"Im":7.34201242110203e-14
		},
		"ee_1232":{
			"Re":4.577619951259382e-11,
			"Im":-2.2019730717710927e-11
		},
		"ee_1233":{
			"Re":-8.07399630023548e-14,
			"Im":2.5965895004399297e-12
		},
		"ee_1313":{
			"Re":7.897875023974694e-11,
			"Im":-1.6762090951990032e-10
		},
		"ee_1323":{
			"Re":8.91594861329349e-13,
			"Im":-2.4184621391964923e-12
		},
		"ee_1333":{
			"Re":1.7940667499570547e-11,
			"Im":2.8741939159551618e-11
		},
		"ee_2222":-4.206802608893976e-10,
		"ee_2223":{
			"Re":-1.1668499153217543e-11,
			"Im":5.353146358121161e-12
		},
		"ee_2233":-1.095893381421778e-9,
		"ee_2323":{
			"Re":3.327318113487967e-11,
			"Im":2.724757588195519e-10
		},
		"ee_2333":{
			"Re":1.029878766644162e-11,
			"Im":-1.67244226785163e-11
		},
		"ee_3333":-1.7831448541767035e-10,
		"ephi_11":9.517309791650136e-16,
		"ephi_12":{
			"Re":0.0,
			"Im":1.0243445990190451e-20
		},
		"ephi_13":{
			"Re":4.931232461364647e-19,
			"Im":-1.5473836935532094e-19
		},
		"ephi_21":{
			"Re":-1.0590236171770695e-18,
			"Im":-2.1180474853530656e-18
		},
		"ephi_22":2.924780574899653e-13,
		"ephi_23":{
			"Re":3.32621103350395e-16,
			"Im":2.284060598530126e-15
		},
		"ephi_31":{
			"Re":1.7146400364563605e-15,
			"Im":5.380404776443693e-16
		},
		"ephi_32":{
			"Re":5.59342100907449e-15,
			"Im":-3.840920809939425e-14
		},
		"ephi_33":3.282204746007084e-12,
		"eu_1111":-1.4500187279208266e-11,
		"eu_1122":-1.4500187279208266e-11,
		"eu_1133":-1.4500187279208266e-11,
		"eu_1211":{
			"Re":4.489226524695864e-17,
			"Im":-1.757134547058827e-16
		},
		"eu_1222":{
			"Re":4.489226524695864e-17,
			"Im":-1.757134547058827e-16
		},
		"eu_1233":{
			"Re":4.489226524695864e-17,
			"Im":-1.757134547058827e-16
		},
		"eu_1311":{
			"Re":-7.951135087998432e-15,
			"Im":2.477085699165017e-15
		},
		"eu_1322":{
			"Re":-7.951135087998432e-15,
			"Im":2.477085699165017e-15
		},
		"eu_1333":{
			"Re":-7.951135087998432e-15,
			"Im":2.477085699165017e-15
		},
		"eu_2211":-2.1946521124674944e-11,
		"eu_2222":-2.1946521124674944e-11,
		"eu_2233":-2.1946521124674944e-11,
		"eu_2311":{
			"Re":-2.5876209377206925e-14,
			"Im":-1.7773880514376475e-13
		},
		"eu_2322":{
			"Re":-2.5876209377206925e-14,
			"Im":-1.7773880514376475e-13
		},
		"eu_2333":{
			"Re":-2.5876209377206925e-14,
			"Im":-1.7773880514376475e-13
		},
		"eu_3311":-1.4372589249996395e-11,
		"eu_3322":-1.4372589249996395e-11,
		"eu_3333":-1.4372589249996395e-11,
		"phi":2.954994907823311e-11,
		"phiB":-1.0701716752253846e-11,
		"phiBox":-3.563508363649492e-11,
		"phid_11":2.1523339853745335e-13,
		"phid_22":2.1523339853745335e-13,
		"phid_33":2.1523339853745335e-13,
		"phiD":-6.457001956123601e-13,
		"phie_11":-1.0875140459406202e-11,
		"phie_12":{
			"Re":3.366919893519847e-17,
			"Im":-1.317850910294215e-16
		},
		"phie_13":{
			"Re":-5.963351315999026e-15,
			"Im":1.857814274374217e-15
		},
		"phie_22":-1.6459890843506203e-11,
		"phie_23":{
			"Re":-1.9407157032905203e-14,
			"Im":-1.333041038578236e-13
		},
		"phie_33":-1.0779441937497294e-11,
		"phil1_11":3.2285009682238486e-13,
		"phil1_22":3.2278743351198356e-13,
		"phil1_23":{
			"Re":-1.2050275473663906e-18,
			"Im":-8.269132110639352e-18
		},
		"phil1_33":3.1105351487269754e-13,
		"phil3_22":-6.266429419647179e-17,
		"phil3_23":{
			"Re":-1.2050275473663906e-18,
			"Im":-8.269132110639352e-18
		},
		"phil3_33":-1.1796582933482478e-14,
		"phiq1_11":-1.0761669926872667e-13,
		"phiq1_22":-1.0761669926872667e-13,
		"phiq1_33":-1.0761669926872667e-13,
		"phiu_11":-4.304667970749067e-13,
		"phiu_22":-4.304667970749067e-13,
		"phiu_33":-4.304667970749067e-13,
		"ld_1111":-2.1523339853745335e-13,
		"ld_1122":-2.1523339853745335e-13,
		"ld_1133":-2.1523339853745335e-13,
		"ld_2211":-2.1523339853745335e-13,
		"ld_2222":-2.1523339853745335e-13,
		"ld_2233":-2.1523339853745335e-13,
		"ld_3311":-2.1523339853745335e-13,
		"ld_3322":-2.1523339853745335e-13,
		"ld_3333":-2.1523339853745335e-13,
		"le_1111":1.0875140459406202e-11,
		"le_1112":{
			"Re":-3.366919893519847e-17,
			"Im":1.317850910294215e-16
		},
		"le_1113":{
			"Re":5.963351315999026e-15,
			"Im":-1.857814274374217e-15
		},
		"le_1122":1.6459890843506203e-11,
		"le_1123":{
			"Re":1.9407157032905203e-14,
			"Im":1.333041038578236e-13
		},
		"le_1133":1.0779441937497294e-11,
		"le_2211":1.0875140459406202e-11,
		"le_2212":{
			"Re":-3.366919893519847e-17,
			"Im":1.317850910294215e-16
		},
		"le_2213":{
			"Re":5.963351315999026e-15,
			"Im":-1.857814274374217e-15
		},
		"le_2222":1.6459890843506203e-11,
		"le_2223":{
			"Re":1.9407157032905203e-14,
			"Im":1.333041038578236e-13
		},
		"le_2233":1.0779441937497294e-11,
		"le_3311":1.0875140459406202e-11,
		"le_3312":{
			"Re":-3.366919893519847e-17,
			"Im":1.317850910294215e-16
		},
		"le_3313":{
			"Re":5.963351315999026e-15,
			"Im":-1.857814274374217e-15
		},
		"le_3322":1.6459890843506203e-11,
		"le_3323":{
			"Re":1.9407157032905203e-14,
			"Im":1.333041038578236e-13
		},
		"le_3333":1.0779441937497294e-11,
		"ll_1111":-1.6142504890309002e-13,
		"ll_1122":-3.2285009780618003e-13,
		"ll_1133":-3.2285009780618003e-13,
		"ll_2222":-1.6142504890309002e-13,
		"ll_2233":-3.2285009780618003e-13,
		"ll_3333":-1.6142504890309002e-13,
		"lq1_1111":1.0761669926872667e-13,
		"lq1_1122":1.0761669926872667e-13,
		"lq1_1133":1.0761669926872667e-13,
		"lq1_2211":1.0761669926872667e-13,
		"lq1_2222":1.0761669926872667e-13,
		"lq1_2233":1.0761669926872667e-13,
		"lq1_3311":1.0761669926872667e-13,
		"lq1_3322":1.0761669926872667e-13,