{
	"eft":"SMEFT",
	"basis":"Warsaw",
	"scale":1000,
	"values":{
		"dd_1111":-4.241617783023564e-14,
		"dd_1122":-8.483235566047128e-14,
		"dd_1133":-8.483235566047128e-14,
		"dd_2222":-4.241617783023564e-14,
		"dd_2233":-8.483235566047128e-14,
		"dd_3333":-4.241617783023564e-14,
		"eB_11":1.0378413106940593e-17,
		"eB_12":{
			"Re":6.064446484255368e-20,
			"Im":2.71338093907636e-20
		},
		"eB_13":{
			"Re":1.8669449205064472e-17,
			"Im":-1.683810383494733e-17
		},
		"eB_21":{
			"Re":1.2539518894841916e-17,
			"Im":-5.610485910426778e-18
		},
		"eB_22":2.197034045377663e-14,
		"eB_23":{
			"Re":-4.21504960194096e-19,
			"Im":1.7464121996490014e-18
		},
		"eB_31":{
			"Re":6.492036081400236e-14,
			"Im":5.855211711826409e-14
		},
		"eB_32":{
			"Re":-7.088631543797185e-18,
			"Im":-2.9370170640944133e-17
		},
		"eB_33":3.5658814974096856e-13,
		"ed_1111":4.209641452610634e-13,
		"ed_1122":4.209641452610634e-13,
		"ed_1133":4.209641452610634e-13,
		"ed_1211":{
			"Re":3.931558237204188e-15,
			"Im":1.7592916628713047e-15
		},
		"ed_1222":{
			"Re":3.931558237204188e-15,
			"Im":1.7592916628713047e-15
		},
		"ed_1233":{
			"Re":3.931558237204188e-15,
			"Im":1.7592916628713047e-15
		},
		"ed_1311":{
			"Re":1.2103428720498792e-12,
			"Im":-1.0916055227792497e-12
		},
		"ed_1322":{
			"Re":1.2103428720498792e-12,
			"Im":-1.0916055227792497e-12
		},
		"ed_1333":{
			"Re":1.2103428720498792e-12,
			"Im":-1.0916055227792497e-12
		},
		"ed_2211":6.638322426057425e-12,
		"ed_2222":6.638322426057425e-12,
		"ed_2233":6.638322426057425e-12,
		"ed_2311":{
			"Re":-1.3437336000574295e-16,
			"Im":5.509681281138453e-16
		},
		"ed_2322":{
			"Re":-1.3437336000574295e-16,
			"Im":5.509681281138453e-16
		},
		"ed_2333":{
			"Re":-1.3437336000574295e-16,
			"Im":5.509681281138453e-16
		},
		"ed_3311":6.396243391880355e-12,
		"ed_3322":6.396243391880355e-12,
		"ed_3333":6.396243391880355e-12,
		"ee_1111":-2.935387039609973e-12,
		"ee_1112":{
			"Re":-3.98229384097947e-14,
			"Im":-8.388411121399412e-15
		},
		"ee_1113":{
			"Re":-8.908591735521293e-12,
			"Im":1.2454367748964921e-11
		},
		"ee_1122":-8.176518955535211e-11,
		"ee_1123":{
			"Re":7.151410039792585e-15,
			"Im":-2.176828478429276e-14
		},
		"ee_1133":-7.169642296991011e-11,
		"ee_1212":{
			"Re":-7.9993727181327e-12,
			"Im":-7.999913927305583e-12
		},
		"ee_1213":{
			"Re":-3.944628551038588e-14,
			"Im":4.192576486864443e-14
		},
		"ee_1222":{
			"Re":-9.24211459645181e-13,
			"Im":-1.7998841883101114e-13
		},
		"ee_1223":{
			"Re":-1.825985343460705e-10,
			"Im":1.6468454951646593e-10
		},
		"ee_1232":{
			"Re":-8.089272242074522e-11,
			"Im":-1.0367050214945954e-10
		},
		"ee_1233":{
			"Re":7.195298128460806e-13,
			"Im":-1.6161998176876878e-13
		},
		"ee_1313":{
			"Re":3.838669077361847e-12,
			"Im":2.1107002000305446e-11
		},
		"ee_1323":{
			"Re":-1.2257481260612896e-13,
			"Im":-3.263735494312303e-13
		},
		"ee_1333":{
			"Re":-8.464428843124827e-11,
			"Im":7.175367083326777e-11
		},
		"ee_2222":-2.497366756166378e-10,
		"ee_2223":{
			"Re":-1.6595482462780664e-12,
			"Im":1.8038340927295022e-12
		},
		"ee_2233":-9.832044063106964e-10,
		"ee_2323":{
			"Re":2.4492226679964125e-11,
			"Im":2.484918866960967e-10
		},
		"ee_2333":{
			"Re":1.6638684940183543e-12,
			"Im":-1.862418362965733e-12
		},
		"ee_3333":-2.343359643828273e-10,
		"ephi_11":1.7198604251702158e-16,
		"ephi_12":{
			"Re":1.0021976947299002e-18,
			"Im":4.484467276085537e-19
		},
		"ephi_13":{
			"Re":3.0854002317350255e-16,
			"Im":-2.782723751509862e-16
		},
		"ephi_21":{
			"Re":2.0722543074382654e-16,
			"Im":-9.272578333001034e-17
		},
		"ephi_22":3.6324063586486627e-13,
		"ephi_23":{
			"Re":-7.048608484559688e-18,
			"Im":2.898895936486445e-17
		},
		"ephi_31":{
			"Re":1.0728660002885642e-12,
			"Im":9.676182913734597e-13
		},
		"ephi_32":{
			"Re":-1.1853535147510067e-16,
			"Im":-4.87502689444268e-16
		},
		"ephi_33":5.8948275050156145e-12,
		"eu_1111":-8.419282905221268e-13,
		"eu_1122":-8.419282905221268e-13,
		"eu_1133":-8.419282905221268e-13,
		"eu_1211":{
			"Re":-7.863116474408375e-15,
			"Im":-3.5185833257426095e-15
		},
		"eu_1222":{
			"Re":-7.863116474408375e-15,
			"Im":-3.5185833257426095e-15
		},
		"eu_1233":{
			"Re":-7.863116474408375e-15,
			"Im":-3.5185833257426095e-15
		},
		"eu_1311":{
			"Re":-2.4206857440997585e-12,
			"Im":2.1832110455584995e-12
		},
		"eu_1322":{
			"Re":-2.4206857440997585e-12,
			"Im":2.1832110455584995e-12
		},
		"eu_1333":{
			"Re":-2.4206857440997585e-12,
			"Im":2.1832110455584995e-12
		},
		"eu_2211":-1.327664485211485e-11,
		"eu_2222":-1.327664485211485e-11,
		"eu_2233":-1.327664485211485e-11,
		"eu_2311":{
			"Re":2.687467200114859e-16,
			"Im":-1.1019362562276906e-15
		},
		"eu_2322":{
			"Re":2.687467200114859e-16,
			"Im":-1.1019362562276906e-15
		},
		"eu_2333":{
			"Re":2.687467200114859e-16,
			"Im":-1.1019362562276906e-15
		},
		"eu_3311":-1.279248678376071e-11,
		"eu_3322":-1.279248678376071e-11,
		"eu_3333":-1.279248678376071e-11,
		"phi":1.5247772309811206e-10,
		"phiB":-1.3026630292139271e-11,
		"phiBox":-8.899919668351824e-11,
		"phid_11":1.2724853349070692e-13,
		"phid_22":1.2724853349070692e-13,
		"phid_33":1.2724853349070692e-13,
		"phiD":-3.817456004721207e-13,
		"phie_11":-6.31446217891595e-13,
		"phie_12":{
			"Re":-5.897337355806277e-15,
			"Im":-2.6389374943069552e-15
		},
		"phie_13":{
			"Re":-1.8155143080748174e-12,
			"Im":1.6374082841688734e-12
		},
		"phie_22":-9.95748363908613e-12,
		"phie_23":{
			"Re":2.0156004000861284e-16,
			"Im":-8.264521921707664e-16
		},
		"phie_33":-9.594365087820527e-12,
		"phil1_11":1.9087280015012735e-13,
		"phil1_13":{
			"Re":-5.375390453644886e-19,
			"Im":4.848101388406475e-19
		},
		"phil1_22":1.9083518571088858e-13,
		"phil1_23":{
			"Re":1.213615738902779e-20,
			"Im":-5.028347308486983e-20
		},
		"phil1_33":1.8060575638840079e-13,
		"phil3_13":{
			"Re":-5.375390453644886e-19,
			"Im":4.848101388406475e-19
		},
		"phil3_22":-3.761452517176667e-17,
		"phil3_23":{
			"Re":1.213615738902779e-20,
			"Im":-5.028347308486983e-20
		},
		"phil3_33":-1.0267043847659562e-14,
		"phiq1_11":-6.362426674535346e-14,
		"phiq1_22":-6.362426674535346e-14,
		"phiq1_33":-6.362426674535346e-14,
		"phiu_11":-2.5449706698141384e-13,
		"phiu_22":-2.5449706698141384e-13,
		"phiu_33":-2.5449706698141384e-13,
		"ld_1111":-1.2724853349070692e-13,
		"ld_1122":-1.2724853349070692e-13,
		"ld_1133":-1.2724853349070692e-13,
		"ld_2211":-1.2724853349070692e-13,
		"ld_2222":-1.2724853349070692e-13,
		"ld_2233":-1.2724853349070692e-13,
		"ld_3311":-1.2724853349070692e-13,
		"ld_3322":-1.2724853349070692e-13,
		"ld_3333":-1.2724853349070692e-13,
		"le_1111":6.31446217891595e-13,
		"le_1112":{
			"Re":5.897337355806277e-15,
			"Im":2.6389374943069552e-15
		},
		"le_1113":{
			"Re":1.8155143080748174e-12,
			"Im":-1.6374082841688734e-12
		},
		"le_1122":9.95748363908613e-12,
		"le_1123":{
			"Re":-2.0156004000861284e-16,
			"Im":8.264521921707664e-16
		},
		"le_1133":9.594365087820527e-12,
		"le_2211":6.31446217891595e-13,
		"le_2212":{
			"Re":5.897337355806277e-15,
			"Im":2.6389374943069552e-15
		},
		"le_2213":{
			"Re":1.8155143080748174e-12,
			"Im":-1.6374082841688734e-12
		},
		"le_2222":9.95748363908613e-12,
		"le_2223":{
			"Re":-2.0156004000861284e-16,
			"Im":8.264521921707664e-16
		},
		"le_2233":9.594365087820527e-12,
		"le_3311":6.31446217891595e-13,
		"le_3312":{
			"Re":5.897337355806277e-15,
			"Im":2.6389374943069552e-15
		},
		"le_3313":{
			"Re":1.8155143080748174e-12,
			"Im":-1.6374082841688734e-12
		},
		"le_3322":9.95748363908613e-12,
		"le_3323":{
			"Re":-2.0156004000861284e-16,
			"Im":8.264521921707664e-16
		},
		"le_3333":9.594365087820527e-12,
		"ll_1111":-9.543640011803018e-14,
		"ll_1122":-1.9087280023606035e-13,
		"ll_1133":-1.9087280023606035e-13,
		"ll_2222":-9.543640011803018e-14,
		"ll_2233":-1.9087280023606035e-13,
		"ll_3333":-9.543640011803018e-14,
		"lq1_1111":6.362426674535346e-14,