{
	"eft":"SMEFT",
	"basis":"Warsaw",
	"scale":1000,
	"values":{
		"dd_1111":-2.3499707714154257e-13,
		"dd_1122":-4.699941542830851e-13,
		"dd_1133":-4.699941542830851e-13,
		"dd_2222":-2.3499707714154257e-13,
		"dd_2233":-4.699941542830851e-13,
		"dd_3333":-2.3499707714154257e-13,
		"eB_11":8.970802849671857e-16,
		"eB_12":{
			"Re":0.0,
			"Im":1.0051441144842187e-19
		},
		"eB_13":{
			"Re":-1.4937309575755001e-16,
			"Im":-3.018970064932526e-17
		},
		"eB_21":{
			"Re":1.547352172386207e-18,
			"Im":-2.078346910692806e-17
		},
		"eB_22":5.712838567369822e-14,
		"eB_23":{
			"Re":1.2030041153746588e-17,
			"Im":7.797018241080764e-18
		},
		"eB_31":{
			"Re":-5.194237476408285e-13,
			"Im":1.0498040073347464e-13
		},
		"eB_32":{
			"Re":2.023144144172529e-16,
			"Im":-1.311258340253996e-16
		},
		"eB_33":2.2391483034200435e-13,
		"ed_1111":5.995455010258317e-11,
		"ed_1122":5.995455010258317e-11,
		"ed_1133":5.995455010258317e-11,
		"ed_1211":{
			"Re":7.605719583127974e-17,
			"Im":6.090236043630304e-15
		},
		"ed_1222":{
			"Re":7.605719583127974e-17,
			"Im":6.090236043630304e-15
		},
		"ed_1233":{
			"Re":7.605719583127974e-17,
			"Im":6.090236043630304e-15
		},
		"ed_1311":{
			"Re":-1.0098722900642902e-11,
			"Im":-2.038922738424354e-12
		},
		"ed_1322":{
			"Re":-1.0098722900642902e-11,
			"Im":-2.038922738424354e-12
		},
		"ed_1333":{
			"Re":-1.0098722900642902e-11,
			"Im":-2.038922738424354e-12
		},
		"ed_2211":2.0614599922026527e-11,
		"ed_2222":2.0614599922026527e-11,
		"ed_2233":2.0614599922026527e-11,
		"ed_2311":{
			"Re":3.445226260548411e-15,
			"Im":8.419914199444786e-16
		},
		"ed_2322":{
			"Re":3.445226260548411e-15,
			"Im":8.419914199444786e-16
		},
		"ed_2333":{
			"Re":3.445226260548411e-15,
			"Im":8.419914199444786e-16
		},
		"ed_3311":3.629842387678817e-12,
		"ed_3322":3.629842387678817e-12,
		"ed_3333":3.629842387678817e-12,
		"ee_1111":-2.6447792474320073e-9,
		"ee_1112":{
			"Re":2.739326477827679e-12,
			"Im":1.3351202088756045e-12
		},
		"ee_1113":{
			"Re":7.667286842579362e-10,
			"Im":8.21987482831139e-11
		},
		"ee_1122":-4.57843540740353e-9,
		"ee_1123":{
			"Re":-2.0639543416807812e-12,
			"Im":1.4590422361037098e-13
		},
		"ee_1133":-7.187844256323674e-10,
		"ee_1212":{
			"Re":1.3220672901423645e-9,
			"Im":-1.2820473273662568e-9
		},
		"ee_1213":{
			"Re":1.0572829863044896e-11,
			"Im":1.2055914005434317e-12
		},
		"ee_1222":{
			"Re":2.849374850199253e-14,
			"Im":-2.2076523974905686e-12
		},
		"ee_1223":{
			"Re":7.663896637659554e-10,
			"Im":1.547746555225172e-10
		},
		"ee_1232":{
			"Re":-3.638280875836429e-10,
			"Im":5.863007539848587e-10
		},
		"ee_1233":{
			"Re":-3.794671969457582e-12,
			"Im":4.898785790669045e-13
		},
		"ee_1313":{
			"Re":-1.757238066882505e-10,
			"Im":-2.753595652722459e-10
		},
		"ee_1323":{
			"Re":3.638118656176794e-15,
			"Im":-5.0448534769882326e-14
		},
		"ee_1333":{
			"Re":1.6696629541933612e-10,
			"Im":1.0332695907960377e-10
		},
		"ee_2222":4.327416882031204e-11,
		"ee_2223":{
			"Re":2.8002527448834273e-12,
			"Im":3.478186772474908e-12
		},
		"ee_2233":-3.0465668617847117e-10,
		"ee_2323":{
			"Re":6.374829786908042e-11,
			"Im":-6.177798318663319e-11
		},
		"ee_2333":{
			"Re":-9.093939747188641e-14,
			"Im":-5.412101929024967e-13
		},
		"ee_3333":-2.0663902449620966e-11,
		"ephi_11":6.915833140211375e-17,
		"ephi_13":{
			"Re":-1.150695778488915e-17,
			"Im":-2.323944898011395e-18
		},
		"ephi_21":{
			"Re":4.634392955501785e-20,
			"Im":-1.4707996382802964e-18
		},
		"ephi_22":4.927348152571956e-15,
		"ephi_23":{
			"Re":8.450252539776509e-19,
			"Im":3.148852044840427e-19
		},
		"ephi_31":{
			"Re":-3.970853694066099e-14,
			"Im":8.019489494685022e-15
		},
		"ephi_32":{
			"Re":1.409267183243707e-17,
			"Im":-5.218768007042619e-18
		},
		"ephi_33":1.918137468162714e-14,
		"eu_1111":-1.1990910020516633e-10,
		"eu_1122":-1.1990910020516633e-10,
		"eu_1133":-1.1990910020516633e-10,
		"eu_1211":{
			"Re":-1.5211439166255948e-16,
			"Im":-1.2180472087260608e-14
		},
		"eu_1222":{
			"Re":-1.5211439166255948e-16,
			"Im":-1.2180472087260608e-14
		},
		"eu_1233":{
			"Re":-1.5211439166255948e-16,
			"Im":-1.2180472087260608e-14
		},
		"eu_1311":{
			"Re":2.0197445801285805e-11,
			"Im":4.077845476848708e-12
		},
		"eu_1322":{
			"Re":2.0197445801285805e-11,
			"Im":4.077845476848708e-12
		},
		"eu_1333":{
			"Re":2.0197445801285805e-11,
			"Im":4.077845476848708e-12
		},
		"eu_2211":-4.1229199844053054e-11,
		"eu_2222":-4.1229199844053054e-11,
		"eu_2233":-4.1229199844053054e-11,
		"eu_2311":{
			"Re":-6.890452521096822e-15,
			"Im":-1.6839828398889573e-15
		},
		"eu_2322":{
			"Re":-6.890452521096822e-15,
			"Im":-1.6839828398889573e-15
		},
		"eu_2333":{
			"Re":-6.890452521096822e-15,
			"Im":-1.6839828398889573e-15
		},
		"eu_3311":-7.259684775357634e-12,
		"eu_3322":-7.259684775357634e-12,
		"eu_3333":-7.259684775357634e-12,
		"phi":7.64615663636159e-17,
		"phiB":-3.2403976216084057e-13,
		"phiBox":-5.386727922169355e-13,
		"phid_11":7.049912314246277e-13,
		"phid_22":7.049912314246277e-13,
		"phid_33":7.049912314246277e-13,
		"phiD":-2.1149736942738833e-12,
		"phie_11":-8.993182515387477e-11,
		"phie_12":{
			"Re":-1.1408579374692306e-16,
			"Im":-9.135354065445462e-15
		},
		"phie_13":{
			"Re":1.5148084350964362e-11,
			"Im":3.0583841076365327e-12
		},
		"phie_22":-3.092189988303978e-11,
		"phie_23":{
			"Re":-5.1678393908226234e-15,
			"Im":-1.2629871299167394e-15
		},
		"phie_33":-5.444763581518224e-12,
		"phil1_11":1.057486839709138e-12,
		"phil1_13":{
			"Re":4.3008162916167126e-18,
			"Im":8.692352242762367e-19
		},
		"phil1_22":1.0573890399543235e-12,
		"phil1_23":{
			"Re":-3.4637426988077643e-19,
			"Im":-2.2449520047239e-19
		},
		"phil1_33":1.0510397922279869e-12,
		"phil3_13":{
			"Re":4.3008162916167126e-18,
			"Im":8.692352242762367e-19
		},
		"phil3_22":-9.780718261816181e-17,
		"phil3_23":{
			"Re":-3.4637426988077643e-19,
			"Im":-2.2449520047239e-19
		},
		"phil3_33":-6.447054908954781e-15,
		"phiq1_11":-3.5249561571231386e-13,
		"phiq1_22":-3.5249561571231386e-13,
		"phiq1_33":-3.5249561571231386e-13,
		"phiu_11":-1.4099824628492554e-12,
		"phiu_22":-1.4099824628492554e-12,
		"phiu_33":-1.4099824628492554e-12,
		"ld_1111":-7.049912314246277e-13,
		"ld_1122":-7.049912314246277e-13,
		"ld_1133":-7.049912314246277e-13,
		"ld_2211":-7.049912314246277e-13,
		"ld_2222":-7.049912314246277e-13,
		"ld_2233":-7.049912314246277e-13,
		"ld_3311":-7.049912314246277e-13,
		"ld_3322":-7.049912314246277e-13,
		"ld_3333":-7.049912314246277e-13,
		"le_1111":8.993182515387477e-11,
		"le_1112":{
			"Re":1.1408579374692306e-16,
			"Im":9.135354065445462e-15
		},
		"le_1113":{
			"Re":-1.5148084350964362e-11,
			"Im":-3.0583841076365327e-12
		},
		"le_1122":3.092189988303978e-11,
		"le_1123":{
			"Re":5.1678393908226234e-15,
			"Im":1.2629871299167394e-15
		},
		"le_1133":5.444763581518224e-12,
		"le_2211":8.993182515387477e-11,
		"le_2212":{
			"Re":1.1408579374692306e-16,
			"Im":9.135354065445462e-15
		},
		"le_2213":{
			"Re":-1.5148084350964362e-11,
			"Im":-3.0583841076365327e-12
		},
		"le_2222":3.092189988303978e-11,
		"le_2223":{
			"Re":5.1678393908226234e-15,
			"Im":1.2629871299167394e-15
		},
		"le_2233":5.444763581518224e-12,
		"le_3311":8.993182515387477e-11,
		"le_3312":{
			"Re":1.1408579374692306e-16,
			"Im":9.135354065445462e-15
		},
		"le_3313":{
			"Re":-1.5148084350964362e-11,
			"Im":-3.0583841076365327e-12
		},
		"le_3322":3.092189988303978e-11,
		"le_3323":{
			"Re":5.1678393908226234e-15,
			"Im":1.2629871299167394e-15
		},
		"le_3333":5.444763581518224e-12,
		"ll_1111":-5.287434235684708e-13,
		"ll_1122":-1.0574868471369417e-12,
		"ll_1133":-1.0574868471369417e-12,
		"ll_2222":-5.287434235684708e-13,
		"ll_2233":-1.0574868471369417e-12,
		"ll_3333":-5.287434235684708e-13,
		"lq1_1111":3.5249561571231386e-13,
		"lq1_1122":3.5249561571231386e-13,
		"lq1_1133":3.5249561571231386e-13,
		"lq1_2211":3.5249561571231386e-13,