{
	"eft":"SMEFT",
	"basis":"Warsaw",
	"scale":1000,
	"values":{
		"dd_1111":-4.298868389014142e-14,
		"dd_1122":-8.597736778028284e-14,
		"dd_1133":-8.597736778028284e-14,
		"dd_2222":-4.298868389014142e-14,
		"dd_2233":-8.597736778028284e-14,
		"dd_3333":-4.298868389014142e-14,
		"eB_11":2.8268518022002644e-17,
		"eB_12":1.139986098643602e-20,
		"eB_13":{
			"Re":-8.84837915446302e-20,
			"Im":-2.3339350893613953e-19
		},
		"eB_21":{
			"Re":2.3571610798959513e-18,
			"Im":1.6592327594070602e-18
		},
		"eB_22":2.868226007697112e-14,
		"eB_23":{
			"Re":-2.4596121957550797e-17,
			"Im":1.4976498186000541e-16
		},
		"eB_31":{
			"Re":-3.0768983113385483e-16,
			"Im":8.115928137649605e-16
		},
		"eB_32":{
			"Re":-4.13643639882998e-16,
			"Im":-2.518662589593987e-15
		},
		"eB_33":4.364853691346457e-13,
		"ed_1111":1.5978155447138773e-12,
		"ed_1122":1.5978155447138773e-12,
		"ed_1133":1.5978155447138773e-12,
		"ed_1211":{
			"Re":7.471732818131387e-16,
			"Im":-5.293376685302011e-16
		},
		"ed_1222":{
			"Re":7.471732818131387e-16,
			"Im":-5.293376685302011e-16
		},
		"ed_1233":{
			"Re":7.471732818131387e-16,
			"Im":-5.293376685302011e-16
		},
		"ed_1311":{
			"Re":-5.8088094728600475e-15,
			"Im":-1.532939902655097e-14
		},
		"ed_1322":{
			"Re":-5.8088094728600475e-15,
			"Im":-1.532939902655097e-14
		},
		"ed_1333":{
			"Re":-5.8088094728600475e-15,
			"Im":-1.532939902655097e-14
		},
		"ed_2211":8.857019927666446e-12,
		"ed_2222":8.857019927666446e-12,
		"ed_2233":8.857019927666446e-12,
		"ed_2311":{
			"Re":-7.653984957126449e-15,
			"Im":4.755704444577904e-14
		},
		"ed_2322":{
			"Re":-7.653984957126449e-15,
			"Im":4.755704444577904e-14
		},
		"ed_2333":{
			"Re":-7.653984957126449e-15,
			"Im":4.755704444577904e-14
		},
		"ed_3311":7.989298864975708e-12,
		"ed_3322":7.989298864975708e-12,
		"ed_3333":7.989298864975708e-12,
		"ee_1111":-1.2873992579385243e-11,
		"ee_1112":{
			"Re":-2.495514996842876e-14,
			"Im":-4.3463987888438836e-14
		},
		"ee_1113":{
			"Re":2.600010943222097e-13,
			"Im":4.767498956715221e-13
		},
		"ee_1122":-3.3531401314959733e-10,
		"ee_1123":{
			"Re":2.893191275444388e-13,
			"Im":-1.7748532552821045e-12
		},
		"ee_1133":-3.029595326128665e-10,
		"ee_1212":{
			"Re":-8.502591757236044e-11,
			"Im":2.6861136949099934e-11
		},
		"ee_1213":{
			"Re":-4.531681822224408e-11,
			"Im":4.431658130552657e-11
		},
		"ee_1222":{
			"Re":-2.4644747366434467e-13,
			"Im":-1.7022410168541667e-13
		},
		"ee_1223":{
			"Re":9.80867930307527e-13,
			"Im":2.846664314363113e-12
		},
		"ee_1232":{
			"Re":-3.20962894476267e-13,
			"Im":-3.5819050426210106e-13
		},
		"ee_1233":{
			"Re":-4.360338170320968e-13,
			"Im":-4.0031835037400954e-14
		},
		"ee_1313":{
			"Re":2.3982826490388514e-11,
			"Im":-7.722832832216868e-11
		},
		"ee_1323":{
			"Re":2.3871088921858764e-13,
			"Im":6.981201289716865e-14
		},
		"ee_1333":{
			"Re":1.4570095736076002e-12,
			"Im":2.645896784997114e-12
		},
		"ee_2222":-4.6452722343559337e-10,
		"ee_2223":{
			"Re":2.6188406971290444e-10,
			"Im":-1.4095865956112984e-10
		},
		"ee_2233":-1.3735996435293575e-9,
		"ee_2323":{
			"Re":-2.1233146314650876e-10,
			"Im":3.057405640280743e-10
		},
		"ee_2333":{
			"Re":-2.3142382861990295e-10,
			"Im":1.174315813054749e-10
		},
		"ee_3333":-3.7654617921860244e-10,
		"ephi_11":-1.7008780493071225e-18,
		"ephi_13":{
			"Re":0.0,
			"Im":1.3910859493078505e-20
		},
		"ephi_21":{
			"Re":-1.416663919275928e-19,
			"Im":-1.0017713476788927e-19
		},
		"ephi_22":-1.7268834145053347e-15,
		"ephi_23":{
			"Re":1.4446131156976104e-18,
			"Im":-8.924288895043595e-18
		},
		"ephi_31":{
			"Re":1.8513503981861685e-17,
			"Im":-4.8850030248118617e-17
		},
		"ephi_32":{
			"Re":2.4536932130100793e-17,
			"Im":1.5155866980845847e-16
		},
		"ephi_33":-2.6022170676106353e-14,
		"eu_1111":-3.1956310894277545e-12,
		"eu_1122":-3.1956310894277545e-12,
		"eu_1133":-3.1956310894277545e-12,
		"eu_1211":{
			"Re":-1.4943465636262774e-15,
			"Im":1.0586753370604023e-15
		},
		"eu_1222":{
			"Re":-1.4943465636262774e-15,
			"Im":1.0586753370604023e-15
		},
		"eu_1233":{
			"Re":-1.4943465636262774e-15,
			"Im":1.0586753370604023e-15
		},
		"eu_1311":{
			"Re":1.1617618945720095e-14,
			"Im":3.065879805310194e-14
		},
		"eu_1322":{
			"Re":1.1617618945720095e-14,
			"Im":3.065879805310194e-14
		},
		"eu_1333":{
			"Re":1.1617618945720095e-14,
			"Im":3.065879805310194e-14
		},
		"eu_2211":-1.7714039855332892e-11,
		"eu_2222":-1.7714039855332892e-11,
		"eu_2233":-1.7714039855332892e-11,
		"eu_2311":{
			"Re":1.5307969914252898e-14,
			"Im":-9.511408889155808e-14
		},
		"eu_2322":{
			"Re":1.5307969914252898e-14,
			"Im":-9.511408889155808e-14
		},
		"eu_2333":{
			"Re":1.5307969914252898e-14,
			"Im":-9.511408889155808e-14
		},
		"eu_3311":-1.5978597729951416e-11,
		"eu_3322":-1.5978597729951416e-11,
		"eu_3333":-1.5978597729951416e-11,
		"phi":-7.262480044335475e-18,
		"phiB":4.7643831973689246e-14,
		"phiBox":-9.789794043268455e-14,
		"phid_11":1.2896605167042425e-13,
		"phid_22":1.2896605167042425e-13,
		"phid_33":1.2896605167042425e-13,
		"phiD":-3.868981550112727e-13,
		"phie_11":-2.3967233170708157e-12,
		"phie_12":{
			"Re":-1.12075992271971e-15,
			"Im":7.940065027952997e-16
		},
		"phie_13":{
			"Re":8.713214209290073e-15,
			"Im":2.299409853982644e-14
		},
		"phie_22":-1.3285529891499659e-11,
		"phie_23":{
			"Re":1.1480977435688665e-14,
			"Im":-7.133556666866831e-14
		},
		"phie_33":-1.198394829746355e-11,
		"phil1_11":1.934490772715737e-13,
		"phil1_22":1.933999717762136e-13,
		"phil1_23":{
			"Re":7.081824306388601e-19,
			"Im":-4.3120996497432285e-18
		},
		"phil1_33":1.8088159755145771e-13,
		"phil3_22":-4.910572942272888e-17,
		"phil3_23":{
			"Re":7.081824306388601e-19,
			"Im":-4.3120996497432285e-18
		},
		"phil3_33":-1.2567479954178642e-14,
		"phiq1_11":-6.448302583521212e-14,
		"phiq1_22":-6.448302583521212e-14,
		"phiq1_33":-6.448302583521212e-14,
		"phiu_11":-2.579321033408485e-13,
		"phiu_22":-2.579321033408485e-13,
		"phiu_33":-2.579321033408485e-13,
		"ld_1111":-1.2896605167042425e-13,
		"ld_1122":-1.2896605167042425e-13,
		"ld_1133":-1.2896605167042425e-13,
		"ld_2211":-1.2896605167042425e-13,
		"ld_2222":-1.2896605167042425e-13,
		"ld_2233":-1.2896605167042425e-13,
		"ld_3311":-1.2896605167042425e-13,
		"ld_3322":-1.2896605167042425e-13,
		"ld_3333":-1.2896605167042425e-13,
		"le_1111":2.3967233170708157e-12,
		"le_1112":{
			"Re":1.12075992271971e-15,
			"Im":-7.940065027952997e-16
		},
		"le_1113":{
			"Re":-8.713214209290073e-15,
			"Im":-2.299409853982644e-14
		},
		"le_1122":1.3285529891499659e-11,
		"le_1123":{
			"Re":-1.1480977435688665e-14,
			"Im":7.133556666866831e-14
		},
		"le_1133":1.198394829746355e-11,
		"le_2211":2.3967233170708157e-12,
		"le_2212":{
			"Re":1.12075992271971e-15,
			"Im":-7.940065027952997e-16
		},
		"le_2213":{
			"Re":-8.713214209290073e-15,
			"Im":-2.299409853982644e-14
		},
		"le_2222":1.3285529891499659e-11,
		"le_2223":{
			"Re":-1.1480977435688665e-14,
			"Im":7.133556666866831e-14
		},
		"le_2233":1.198394829746355e-11,
		"le_3311":2.3967233170708157e-12,
		"le_3312":{
			"Re":1.12075992271971e-15,
			"Im":-7.940065027952997e-16
		},
		"le_3313":{
			"Re":-8.713214209290073e-15,
			"Im":-2.299409853982644e-14
		},
		"le_3322":1.3285529891499659e-11,
		"le_3323":{
			"Re":-1.1480977435688665e-14,
			"Im":7.133556666866831e-14
		},
		"le_3333":1.198394829746355e-11,
		"ll_1111":-9.672453875281817e-14,
		"ll_1122":-1.9344907750563635e-13,
		"ll_1133":-1.9344907750563635e-13,
		"ll_2222":-9.672453875281817e-14,
		"ll_2233":-1.9344907750563635e-13,
		"ll_3333":-9.672453875281817e-14,
		"lq1_1111":6.448302583521212e-14,
		"lq1_1122":6.448302583521212e-14,
		"lq1_1133":6.448302583521212e-14,
		"lq1_2211":6.448302583521212e-14,
		"lq1_2222":6.448302583521212e-14,
		"lq1_2233":6.448302583521212e-14,
		"lq1_3311":6.448302583521212e-14,
		"lq1_3322":6.448302583521212e-14,
		"lq1_3333":6.448302583521212e-14,