{
	"eft":"SMEFT",
	"basis":"Warsaw",
	"scale":1000,
	"values":{
		"dd_1111":-1.1878979204764347e-13,
		"dd_1122":-2.3757958409528693e-13,
		"dd_1133":-2.3757958409528693e-13,
		"dd_2222":-1.1878979204764347e-13,
		"dd_2233":-2.3757958409528693e-13,
		"dd_3333":-1.1878979204764347e-13,
		"eB_11":9.327567307384479e-17,
		"eB_12":{
			"Re":9.116727197099502e-19,
			"Im":4.999832711978024e-19
		},
		"eB_13":{
			"Re":4.709686697995069e-19,
			"Im":-1.387506491900479e-18
		},
		"eB_21":{
			"Re":1.8850751382495728e-16,
			"Im":-1.0338205955921642e-16
		},
		"eB_22":2.6621778563946724e-14,
		"eB_23":{
			"Re":-8.373998311362678e-15,
			"Im":-1.4773898333475977e-14
		},
		"eB_31":{
			"Re":1.6377267288196405e-15,
			"Im":4.824856968009215e-15
		},
		"eB_32":{
			"Re":-1.408291578592624e-13,
			"Im":2.48459049457727e-13
		},
		"eB_33":6.031801462775479e-13,
		"ed_1111":5.7522843707627704e-12,
		"ed_1122":5.7522843707627704e-12,
		"ed_1133":5.7522843707627704e-12,
		"ed_1211":{
			"Re":6.32530879308626e-14,
			"Im":3.4713891463239506e-14
		},
		"ed_1222":{
			"Re":6.32530879308626e-14,
			"Im":3.4713891463239506e-14
		},
		"ed_1233":{
			"Re":6.32530879308626e-14,
			"Im":3.4713891463239506e-14
		},
		"ed_1311":{
			"Re":3.266480288717486e-14,
			"Im":-9.628025857073195e-14
		},
		"ed_1322":{
			"Re":3.266480288717486e-14,
			"Im":-9.628025857073195e-14
		},
		"ed_1333":{
			"Re":3.266480288717486e-14,
			"Im":-9.628025857073195e-14
		},
		"ed_2211":8.21490544533439e-12,
		"ed_2222":8.21490544533439e-12,
		"ed_2233":8.21490544533439e-12,
		"ed_2311":{
			"Re":-2.8099076945692272e-12,
			"Im":-4.957390548219569e-12
		},
		"ed_2322":{
			"Re":-2.8099076945692272e-12,
			"Im":-4.957390548219569e-12
		},
		"ed_2333":{
			"Re":-2.8099076945692272e-12,
			"Im":-4.957390548219569e-12
		},
		"ed_3311":1.1316929870344646e-11,
		"ed_3322":1.1316929870344646e-11,
		"ed_3333":1.1316929870344646e-11,
		"ee_1111":-3.770766628490791e-11,
		"ee_1112":{
			"Re":-6.8256002339578285e-12,
			"Im":-5.202356944120393e-12
		},
		"ee_1113":{
			"Re":-1.9844668997498887e-12,
			"Im":1.1286718790864714e-11
		},
		"ee_1122":-3.8623257367287e-10,
		"ee_1123":{
			"Re":1.2681574893158956e-10,
			"Im":2.2388823878666155e-10
		},
		"ee_1133":-5.263218928757664e-10,
		"ee_1212":{
			"Re":-4.966864160634197e-11,
			"Im":-1.2556720913628816e-10
		},
		"ee_1213":{
			"Re":-1.5491738325720994e-10,
			"Im":1.0275307388966419e-10
		},
		"ee_1222":{
			"Re":2.518498200501e-12,
			"Im":9.729071833017516e-13
		},
		"ee_1223":{
			"Re":3.788619719607082e-13,
			"Im":-5.290123792395379e-13
		},
		"ee_1232":{
			"Re":-5.8568469691230525e-12,
			"Im":2.4748389373856202e-12
		},
		"ee_1233":{
			"Re":-4.3852780777004403e-13,
			"Im":3.998566796727063e-12
		},
		"ee_1313":{
			"Re":1.784078898704763e-10,
			"Im":4.428992205361174e-11
		},
		"ee_1323":{
			"Re":-4.451288643933452e-12,
			"Im":3.922132631262961e-12
		},
		"ee_1333":{
			"Re":-6.650246748486334e-13,
			"Im":-4.263073043119854e-12
		},
		"ee_2222":{
			"Re":-8.89778244076353e-11,
			"Im":1.5946772358535134e-19
		},
		"ee_2223":{
			"Re":1.2648972957760268e-10,
			"Im":6.935127950327772e-11
		},
		"ee_2233":{
			"Re":-6.363893497715758e-10,
			"Im":-6.415252296536483e-19
		},
		"ee_2323":{
			"Re":-8.21644157541164e-11,
			"Im":9.838585032534208e-11
		},
		"ee_2333":{
			"Re":1.249954017579364e-11,
			"Im":1.7764338481519663e-10
		},
		"ee_3333":{
			"Re":-1.6633449083313722e-10,
			"Im":1.6131590033656196e-19
		},
		"ephi_11":4.367098221566313e-18,
		"ephi_12":{
			"Re":4.2717004906858316e-20,
			"Im":2.343890328115735e-20
		},
		"ephi_13":{
			"Re":2.2337687283727856e-20,
			"Im":-6.583149958501281e-20
		},
		"ephi_21":{
			"Re":8.832247694890733e-18,
			"Im":-4.846271515910675e-18
		},
		"ephi_22":1.2468560208160912e-15,
		"ephi_23":{
			"Re":-3.9727717291360977e-16,
			"Im":-7.00898330304729e-16
		},
		"ephi_31":{
			"Re":7.671361214912131e-17,
			"Im":2.260840307019122e-16
		},
		"ephi_32":{
			"Re":-6.598706756258303e-15,
			"Im":1.1641802633935181e-14
		},
		"ephi_33":2.8606877525627864e-14,
		"eu_1111":-1.1504568741525541e-11,
		"eu_1122":-1.1504568741525541e-11,
		"eu_1133":-1.1504568741525541e-11,
		"eu_1211":{
			"Re":-1.265061758617252e-13,
			"Im":-6.942778292647901e-14
		},
		"eu_1222":{
			"Re":-1.265061758617252e-13,
			"Im":-6.942778292647901e-14
		},
		"eu_1233":{
			"Re":-1.265061758617252e-13,
			"Im":-6.942778292647901e-14
		},
		"eu_1311":{
			"Re":-6.532960577434971e-14,
			"Im":1.925605171414639e-13
		},
		"eu_1322":{
			"Re":-6.532960577434971e-14,
			"Im":1.925605171414639e-13
		},
		"eu_1333":{
			"Re":-6.532960577434971e-14,
			"Im":1.925605171414639e-13
		},
		"eu_2211":-1.642981089066878e-11,
		"eu_2222":-1.642981089066878e-11,
		"eu_2233":-1.642981089066878e-11,
		"eu_2311":{
			"Re":5.6198153891384545e-12,
			"Im":9.914781096439138e-12
		},
		"eu_2322":{
			"Re":5.6198153891384545e-12,
			"Im":9.914781096439138e-12
		},
		"eu_2333":{
			"Re":5.6198153891384545e-12,
			"Im":9.914781096439138e-12
		},
		"eu_3311":-2.263385974068929e-11,
		"eu_3322":-2.263385974068929e-11,
		"eu_3333":-2.263385974068929e-11,
		"phi":8.415040746092684e-18,
		"phiB":-9.854027196668728e-14,
		"phiBox":-2.6909353409442693e-13,
		"phid_11":3.5636937614293037e-13,
		"phid_22":3.5636937614293037e-13,
		"phid_33":3.5636937614293037e-13,
		"phiD":-1.069108128428791e-12,
		"phie_11":-8.628426556144154e-12,
		"phie_12":{
			"Re":-9.487963189629395e-14,
			"Im":-5.20708371948593e-14
		},
		"phie_13":{
			"Re":-4.89972043307623e-14,
			"Im":1.44420387856098e-13
		},
		"phie_22":-1.2322358168001584e-11,
		"phie_23":{
			"Re":4.2148615418538415e-12,
			"Im":7.436085822329357e-12
		},
		"phie_33":-1.6975394805516975e-11,
		"phil1_11":5.345540634420752e-13,
		"phil1_13":{
			"Re":-1.356033841062299e-20,
			"Im":3.994970108121303e-20
		},
		"phil1_22":5.345084861514603e-13,
		"phil1_23":{
			"Re":2.411078660506312e-16,
			"Im":4.2537662034155817e-16
		},
		"phil1_33":5.171870344508773e-13,
		"phil3_13":{
			"Re":-1.356033841062299e-20,
			"Im":3.994970108121303e-20
		},
		"phil3_22":-4.557806293523515e-17,
		"phil3_23":{
			"Re":2.411078660506312e-16,
			"Im":4.2537662034155817e-16
		},
		"phil3_33":-1.736702976351825e-14,
		"phiq1_11":-1.7818468807146519e-13,
		"phiq1_22":-1.7818468807146519e-13,
		"phiq1_33":-1.7818468807146519e-13,
		"phiu_11":-7.127387522858607e-13,
		"phiu_22":-7.127387522858607e-13,
		"phiu_33":-7.127387522858607e-13,
		"ld_1111":-3.5636937614293037e-13,
		"ld_1122":-3.5636937614293037e-13,
		"ld_1133":-3.5636937614293037e-13,
		"ld_2211":-3.5636937614293037e-13,
		"ld_2222":-3.5636937614293037e-13,
		"ld_2233":-3.5636937614293037e-13,
		"ld_3311":-3.5636937614293037e-13,
		"ld_3322":-3.5636937614293037e-13,
		"ld_3333":-3.5636937614293037e-13,
		"le_1111":8.628426556144154e-12,
		"le_1112":{
			"Re":9.487963189629395e-14,
			"Im":5.20708371948593e-14
		},
		"le_1113":{
			"Re":4.89972043307623e-14,
			"Im":-1.44420387856098e-13
		},
		"le_1122":1.2322358168001584e-11,
		"le_1123":{
			"Re":-4.2148615418538415e-12,
			"Im":-7.436085822329357e-12
		},
		"le_1133":1.6975394805516975e-11,
		"le_2211":8.628426556144154e-12,
		"le_2212":{
			"Re":9.487963189629395e-14,
			"Im":5.20708371948593e-14
		},
		"le_2213":{
			"Re":4.89972043307623e-14,
			"Im":-1.44420387856098e-13
		},
		"le_2222":1.2322358168001584e-11,
		"le_2223":{
			"Re":-4.2148615418538415e-12,
			"Im":-7.436085822329357e-12
		},
		"le_2233":1.6975394805516975e-11,
		"le_3311":8.628426556144154e-12,
		"le_3312":{
			"Re":9.487963189629395e-14,
			"Im":5.20708371948593e-14
		},
		"le_3313":{
			"Re":4.89972043307623e-14,
			"Im":-1.44420387856098e-13
		},
		"le_3322":1.2322358168001584e-11,
		"le_3323":{
			"Re":-4.2148615418538415e-12,
			"Im":-7.436085822329357e-12
		},
		"le_3333":1.6975394805516975e-11,
		"ll_1111":-2.6727703210719777e-13,
		"ll_1122":-5.345540642143955e-13,
		"ll_1133":-5.345540642143955e-13,
		"ll_2222":-2.6727703210719777e-13,