{
	"eft":"SMEFT",
	"basis":"Warsaw",
	"scale":1000,
	"values":{
		"dd_1111":-6.627383965928939e-14,
		"dd_1122":-1.3254767931857878e-13,
		"dd_1133":-1.3254767931857878e-13,
		"dd_2222":-6.627383965928939e-14,
		"dd_2233":-1.3254767931857878e-13,
		"dd_3333":-6.627383965928939e-14,
		"eB_11":1.670746412454357e-16,
		"eB_12":{
			"Re":-2.5080402042256724e-20,
			"Im":2.8599212484415494e-20
		},
		"eB_13":{
			"Re":2.1386534772613227e-19,
			"Im":-6.415264397661405e-19
		},
		"eB_21":{
			"Re":-5.185900743218772e-18,
			"Im":-5.913488827990808e-18
		},
		"eB_22":3.6456594617242894e-14,
		"eB_23":{
			"Re":1.7896084199675121e-16,
			"Im":-1.0000232959563742e-16
		},
		"eB_31":{
			"Re":7.436864037867025e-16,
			"Im":2.2308171753692188e-15
		},
		"eB_32":{
			"Re":3.009662019395015e-15,
			"Im":1.6817825054738867e-15
		},
		"eB_33":5.526015803851072e-13,
		"ed_1111":1.1085050355604417e-11,
		"ed_1122":1.1085050355604417e-11,
		"ed_1133":1.1085050355604417e-11,
		"ed_1211":{
			"Re":-7.765324184266457e-16,
			"Im":8.308269224372559e-16
		},
		"ed_1222":{
			"Re":-7.765324184266457e-16,
			"Im":8.308269224372559e-16
		},
		"ed_1233":{
			"Re":-7.765324184266457e-16,
			"Im":8.308269224372559e-16
		},
		"ed_1311":{
			"Re":6.613524216009812e-15,
			"Im":-1.9073482280163817e-14
		},
		"ed_1322":{
			"Re":6.613524216009812e-15,
			"Im":-1.9073482280163817e-14
		},
		"ed_1333":{
			"Re":6.613524216009812e-15,
			"Im":-1.9073482280163817e-14
		},
		"ed_2211":1.1938989156866293e-11,
		"ed_2222":1.1938989156866293e-11,
		"ed_2233":1.1938989156866293e-11,
		"ed_2311":{
			"Re":7.656523892204658e-14,
			"Im":-4.200874121154756e-14
		},
		"ed_2322":{
			"Re":7.656523892204658e-14,
			"Im":-4.200874121154756e-14
		},
		"ed_2333":{
			"Re":7.656523892204658e-14,
			"Im":-4.200874121154756e-14
		},
		"ed_3311":1.0409719177380008e-11,
		"ed_3322":1.0409719177380008e-11,
		"ed_3333":1.0409719177380008e-11,
		"ee_1111":-3.908390333698356e-10,
		"ee_1112":{
			"Re":1.67701180657664e-11,
			"Im":-1.6478336233916463e-11
		},
		"ee_1113":{
			"Re":-1.230192068656419e-10,
			"Im":3.772416809216034e-10
		},
		"ee_1122":-1.8218984662457147e-9,
		"ee_1123":{
			"Re":-2.7834651968430306e-11,
			"Im":1.4822182375467926e-11
		},
		"ee_1133":-1.2832949804691101e-9,
		"ee_1212":{
			"Re":-3.15719029579385e-10,
			"Im":4.5838752558282287e-10
		},
		"ee_1213":{
			"Re":-3.0482643947586485e-11,
			"Im":1.954431965334625e-11
		},
		"ee_1222":{
			"Re":-2.7183649386722407e-11,
			"Im":5.0998517755447e-12
		},
		"ee_1223":{
			"Re":-3.4256984208927075e-12,
			"Im":4.508090227103591e-12
		},
		"ee_1232":{
			"Re":4.509759719654361e-10,
			"Im":1.3361743526638837e-10
		},
		"ee_1233":{
			"Re":2.3831416662302792e-11,
			"Im":1.920453556007597e-11
		},
		"ee_1313":{
			"Re":3.460027937048868e-10,
			"Im":2.5380923315883583e-10
		},
		"ee_1323":{
			"Re":3.4750116973316784e-12,
			"Im":2.125211118109968e-11
		},
		"ee_1333":{
			"Re":1.1184929100072075e-10,
			"Im":-3.4014876718797367e-10
		},
		"ee_2222":-3.041990675649507e-10,
		"ee_2223":{
			"Re":2.896538256199853e-11,
			"Im":2.2954639912997113e-11
		},
		"ee_2233":-1.7191914620852063e-9,
		"ee_2323":{
			"Re":1.5291743065503232e-11,
			"Im":-5.146457419049951e-10
		},
		"ee_2333":{
			"Re":-2.1880115531662495e-11,
			"Im":-2.5821318649264615e-11
		},
		"ee_3333":-3.6550543985842604e-10,
		"ephi_11":1.0223534850590878e-17,
		"ephi_13":{
			"Re":0.0,
			"Im":-2.36143159148825e-20
		},
		"ephi_21":{
			"Re":-1.9192826413894081e-19,
			"Im":-2.11620068442205e-19
		},
		"ephi_22":2.2598944766628704e-15,
		"ephi_23":{
			"Re":1.3317510188710267e-17,
			"Im":-7.339079167923467e-18
		},
		"ephi_31":{
			"Re":2.7505489409381955e-17,
			"Im":8.08043354685484e-17
		},
		"ephi_32":{
			"Re":2.2220375192006793e-16,
			"Im":1.2243955029271118e-16
		},
		"ephi_33":3.388435315171982e-14,
		"eu_1111":-2.2170100711208833e-11,
		"eu_1122":-2.2170100711208833e-11,
		"eu_1133":-2.2170100711208833e-11,
		"eu_1211":{
			"Re":1.5530648368532914e-15,
			"Im":-1.6616538448745117e-15
		},
		"eu_1222":{
			"Re":1.5530648368532914e-15,
			"Im":-1.6616538448745117e-15
		},
		"eu_1233":{
			"Re":1.5530648368532914e-15,
			"Im":-1.6616538448745117e-15
		},
		"eu_1311":{
			"Re":-1.3227048432019623e-14,
			"Im":3.8146964560327634e-14
		},
		"eu_1322":{
			"Re":-1.3227048432019623e-14,
			"Im":3.8146964560327634e-14
		},
		"eu_1333":{
			"Re":-1.3227048432019623e-14,
			"Im":3.8146964560327634e-14
		},
		"eu_2211":-2.3877978313732586e-11,
		"eu_2222":-2.3877978313732586e-11,
		"eu_2233":-2.3877978313732586e-11,
		"eu_2311":{
			"Re":-1.5313047784409317e-13,
			"Im":8.401748242309512e-14
		},
		"eu_2322":{
			"Re":-1.5313047784409317e-13,
			"Im":8.401748242309512e-14
		},
		"eu_2333":{
			"Re":-1.5313047784409317e-13,
			"Im":8.401748242309512e-14
		},
		"eu_3311":-2.0819438354760017e-11,
		"eu_3322":-2.0819438354760017e-11,
		"eu_3333":-2.0819438354760017e-11,
		"phi":1.0674344364978963e-17,
		"phiB":-7.229097670677672e-14,
		"phiBox":-1.5086845971999845e-13,
		"phid_11":1.9882151897786816e-13,
		"phid_22":1.9882151897786816e-13,
		"phid_33":1.9882151897786816e-13,
		"phiD":-5.964645569336045e-13,
		"phie_11":-1.6627575533406634e-11,
		"phie_12":{
			"Re":1.1647986276399749e-15,
			"Im":-1.2462403836558901e-15
		},
		"phie_13":{
			"Re":-9.920286324014717e-15,
			"Im":2.861022342024613e-14
		},
		"phie_22":-1.790848373529945e-11,
		"phie_23":{
			"Re":-1.1484785838306993e-13,
			"Im":6.301311181732142e-14
		},
		"phie_33":-1.5614578766070025e-11,
		"phil1_11":2.982322770834282e-13,
		"phil1_13":{
			"Re":0.0,
			"Im":1.8471113219260268e-20
		},
		"phil1_22":2.981698626158148e-13,
		"phil1_23":{
			"Re":-5.152719778067208e-18,
			"Im":2.8793113387876855e-18
		},
		"phil1_33":2.8232152916057527e-13,
		"phil3_13":{
			"Re":0.0,
			"Im":1.8471113219260268e-20
		},
		"phil3_22":-6.241585098748221e-17,
		"phil3_23":{
			"Re":-5.152719778067208e-18,
			"Im":2.8793113387876855e-18
		},
		"phil3_33":-1.591074930622693e-14,
		"phiq1_11":-9.941075948893408e-14,
		"phiq1_22":-9.941075948893408e-14,
		"phiq1_33":-9.941075948893408e-14,
		"phiu_11":-3.9764303795573633e-13,
		"phiu_22":-3.9764303795573633e-13,
		"phiu_33":-3.9764303795573633e-13,
		"ld_1111":-1.9882151897786816e-13,
		"ld_1122":-1.9882151897786816e-13,
		"ld_1133":-1.9882151897786816e-13,
		"ld_2211":-1.9882151897786816e-13,
		"ld_2222":-1.9882151897786816e-13,
		"ld_2233":-1.9882151897786816e-13,
		"ld_3311":-1.9882151897786816e-13,
		"ld_3322":-1.9882151897786816e-13,
		"ld_3333":-1.9882151897786816e-13,
		"le_1111":1.6627575533406634e-11,
		"le_1112":{
			"Re":-1.1647986276399749e-15,
			"Im":1.2462403836558901e-15
		},
		"le_1113":{
			"Re":9.920286324014717e-15,
			"Im":-2.861022342024613e-14
		},
		"le_1122":1.790848373529945e-11,
		"le_1123":{
			"Re":1.1484785838306993e-13,
			"Im":-6.301311181732142e-14
		},
		"le_1133":1.5614578766070025e-11,
		"le_2211":1.6627575533406634e-11,
		"le_2212":{
			"Re":-1.1647986276399749e-15,
			"Im":1.2462403836558901e-15
		},
		"le_2213":{
			"Re":9.920286324014717e-15,
			"Im":-2.861022342024613e-14
		},
		"le_2222":1.790848373529945e-11,
		"le_2223":{
			"Re":1.1484785838306993e-13,
			"Im":-6.301311181732142e-14
		},
		"le_2233":1.5614578766070025e-11,
		"le_3311":1.6627575533406634e-11,
		"le_3312":{
			"Re":-1.1647986276399749e-15,
			"Im":1.2462403836558901e-15
		},
		"le_3313":{
			"Re":9.920286324014717e-15,
			"Im":-2.861022342024613e-14
		},
		"le_3322":1.790848373529945e-11,
		"le_3323":{
			"Re":1.1484785838306993e-13,
			"Im":-6.301311181732142e-14
		},
		"le_3333":1.5614578766070025e-11,
		"ll_1111":-1.4911613923340112e-13,
		"ll_1122":-2.9823227846680223e-13,
		"ll_1133":-2.9823227846680223e-13,
		"ll_2222":-1.4911613923340112e-13,
		"ll_2233":-2.9823227846680223e-13,
		"ll_3333":-1.4911613923340112e-13,
		"lq1_1111":9.941075948893408e-14,
		"lq1_1122":9.941075948893408e-14,
		"lq1_1133":9.941075948893408e-14,
		"lq1_2211":9.941075948893408e-14,