{
	"eft":"SMEFT",
	"basis":"Warsaw",
	"scale":1000,
	"values":{
		"dd_1111":-4.767879922392568e-14,
		"dd_1122":-9.535759844785136e-14,
		"dd_1133":-9.535759844785136e-14,
		"dd_2222":-4.767879922392568e-14,
		"dd_2233":-9.535759844785136e-14,
		"dd_3333":-4.767879922392568e-14,
		"eB_11":9.516012305386402e-18,
		"eB_12":{
			"Re":1.4987263663539747e-19,
			"Im":2.3569907428140935e-19
		},
		"eB_13":{
			"Re":-1.1574436101219803e-18,
			"Im":-1.3000004324561097e-18
		},
		"eB_21":{
			"Re":3.098932052230153e-17,
			"Im":-4.873574205200327e-17
		},
		"eB_22":1.6339901555853247e-14,
		"eB_23":{
			"Re":-1.8332436628567562e-18,
			"Im":8.630699309535919e-18
		},
		"eB_31":{
			"Re":-4.024845937639996e-15,
			"Im":4.520567061534749e-15
		},
		"eB_32":{
			"Re":-3.083045297974716e-17,
			"Im":-1.4514620976806429e-16
		},
		"eB_33":5.600292693121518e-13,
		"ed_1111":4.0207499271820707e-13,
		"ed_1122":4.0207499271820707e-13,
		"ed_1133":4.0207499271820707e-13,
		"ed_1211":{
			"Re":1.0833051455746551e-14,
			"Im":1.7032768653294693e-14
		},
		"ed_1222":{
			"Re":1.0833051455746551e-14,
			"Im":1.7032768653294693e-14
		},
		"ed_1233":{
			"Re":1.0833051455746551e-14,
			"Im":1.7032768653294693e-14
		},
		"ed_1311":{
			"Re":-7.484202979096929e-14,
			"Im":-1.1168987185157048e-13
		},
		"ed_1322":{
			"Re":-7.484202979096929e-14,
			"Im":-1.1168987185157048e-13
		},
		"ed_1333":{
			"Re":-7.484202979096929e-14,
			"Im":-1.1168987185157048e-13
		},
		"ed_2211":5.426459955785621e-12,
		"ed_2222":5.426459955785621e-12,
		"ed_2233":5.426459955785621e-12,
		"ed_2311":{
			"Re":-5.288524861139484e-16,
			"Im":3.101077372536078e-15
		},
		"ed_2322":{
			"Re":-5.288524861139484e-16,
			"Im":3.101077372536078e-15
		},
		"ed_2333":{
			"Re":-5.288524861139484e-16,
			"Im":3.101077372536078e-15
		},
		"ed_3311":1.14052945540448e-11,
		"ed_3322":1.14052945540448e-11,
		"ed_3333":1.14052945540448e-11,
		"ee_1111":-2.4120527067124305e-12,
		"ee_1112":{
			"Re":-5.816169465182293e-14,
			"Im":-1.2488478614784337e-13
		},
		"ee_1113":{
			"Re":-4.0108491746249115e-12,
			"Im":5.1614581984938445e-12
		},
		"ee_1122":-5.2218876566473115e-11,
		"ee_1123":{
			"Re":-2.4582143139956154e-13,
			"Im":1.67374446342935e-12
		},
		"ee_1133":9.063544582179108e-11,
		"ee_1212":{
			"Re":-1.2287629582055782e-12,
			"Im":6.501340679359907e-12
		},
		"ee_1213":{
			"Re":1.3829650069141932e-14,
			"Im":6.292296279114583e-14
		},
		"ee_1222":{
			"Re":-2.3325246374272674e-13,
			"Im":-9.867434360577296e-14
		},
		"ee_1223":{
			"Re":7.80863541390562e-12,
			"Im":1.0424100388795934e-11
		},
		"ee_1232":{
			"Re":1.6394817330587675e-10,
			"Im":-1.2725115093196103e-10
		},
		"ee_1233":{
			"Re":-2.568217219214327e-12,
			"Im":-4.59868487956544e-12
		},
		"ee_1313":{
			"Re":9.715919576159478e-13,
			"Im":3.797040652983161e-12
		},
		"ee_1323":{
			"Re":8.634812153810737e-13,
			"Im":6.869245477680532e-13
		},
		"ee_1333":{
			"Re":7.62713991959157e-11,
			"Im":-9.02940846709188e-11
		},
		"ee_2222":-5.96566498794524e-11,
		"ee_2223":{
			"Re":4.680992601990645e-13,
			"Im":-1.4057530178790415e-12
		},
		"ee_2233":-1.1458388783550703e-9,
		"ee_2323":{
			"Re":1.211893894646508e-10,
			"Im":-5.383198586019414e-11
		},
		"ee_2333":{
			"Re":6.216955965858346e-13,
			"Im":-1.2042488574576863e-13
		},
		"ee_3333":-1.1072193887456222e-9,
		"ephi_11":3.82817941112961e-17,
		"ephi_12":{
			"Re":6.027195381600635e-19,
			"Im":9.477135396450625e-19
		},
		"ephi_13":{
			"Re":-4.297541727570109e-18,
			"Im":-5.947860329562671e-18
		},
		"ephi_21":{
			"Re":1.2462487963999455e-16,
			"Im":-1.959596102718903e-16
		},
		"ephi_22":6.57161184052922e-14,
		"ephi_23":{
			"Re":-6.433945081924116e-18,
			"Im":3.5418591067943696e-17
		},
		"ephi_31":{
			"Re":-1.4941726142263822e-14,
			"Im":2.0680183590047373e-14
		},
		"ephi_32":{
			"Re":-1.0818438648541155e-16,
			"Im":-5.955647881923005e-16
		},
		"ephi_33":2.2596188774744136e-12,
		"eu_1111":-8.041499854364141e-13,
		"eu_1122":-8.041499854364141e-13,
		"eu_1133":-8.041499854364141e-13,
		"eu_1211":{
			"Re":-2.1666102911493103e-14,
			"Im":-3.4065537306589386e-14
		},
		"eu_1222":{
			"Re":-2.1666102911493103e-14,
			"Im":-3.4065537306589386e-14
		},
		"eu_1233":{
			"Re":-2.1666102911493103e-14,
			"Im":-3.4065537306589386e-14
		},
		"eu_1311":{
			"Re":1.4968405958193858e-13,
			"Im":2.2337974370314096e-13
		},
		"eu_1322":{
			"Re":1.4968405958193858e-13,
			"Im":2.2337974370314096e-13
		},
		"eu_1333":{
			"Re":1.4968405958193858e-13,
			"Im":2.2337974370314096e-13
		},
		"eu_2211":-1.0852919911571243e-11,
		"eu_2222":-1.0852919911571243e-11,
		"eu_2233":-1.0852919911571243e-11,
		"eu_2311":{
			"Re":1.0577049722278967e-15,
			"Im":-6.202154745072156e-15
		},
		"eu_2322":{
			"Re":1.0577049722278967e-15,
			"Im":-6.202154745072156e-15
		},
		"eu_2333":{
			"Re":1.0577049722278967e-15,
			"Im":-6.202154745072156e-15
		},
		"eu_3311":-2.28105891080896e-11,
		"eu_3322":-2.28105891080896e-11,
		"eu_3333":-2.28105891080896e-11,
		"phi":1.953710193971017e-12,
		"phiB":-3.2954332642855522e-12,
		"phiBox":-5.16887028023953e-12,
		"phid_11":1.4303639767177703e-13,
		"phid_22":1.4303639767177703e-13,
		"phid_33":1.4303639767177703e-13,
		"phiD":-4.2910919301533105e-13,
		"phie_11":-6.031124890773108e-13,
		"phie_12":{
			"Re":-1.6249577183619825e-14,
			"Im":-2.5549152979942035e-14
		},
		"phie_13":{
			"Re":1.122630446864547e-13,
			"Im":1.67534807777354e-13
		},
		"phie_22":-8.13968993367843e-12,
		"phie_23":{
			"Re":7.932787291709312e-16,
			"Im":-4.651616058804109e-15
		},
		"phie_33":-1.7107941831067198e-11,
		"phil1_11":2.145545964288732e-13,
		"phil1_13":{
			"Re":3.332562875392246e-20,
			"Im":3.7430187883975335e-20
		},
		"phil1_22":2.1452662162763717e-13,
		"phil1_23":{
			"Re":5.2783563008662705e-20,
			"Im":-2.484989148162642e-19
		},
		"phil1_33":1.98429985894056e-13,
		"phil3_13":{
			"Re":3.332562875392246e-20,
			"Im":3.7430187883975335e-20
		},
		"phil3_22":-2.7974880028369396e-17,
		"phil3_23":{
			"Re":5.2783563008662705e-20,
			"Im":-2.484989148162642e-19
		},
		"phil3_33":-1.6124610613609537e-14,
		"phiq1_11":-7.151819883588852e-14,
		"phiq1_22":-7.151819883588852e-14,
		"phiq1_33":-7.151819883588852e-14,
		"phiu_11":-2.8607279534355407e-13,
		"phiu_22":-2.8607279534355407e-13,
		"phiu_33":-2.8607279534355407e-13,
		"ld_1111":-1.4303639767177703e-13,
		"ld_1122":-1.4303639767177703e-13,
		"ld_1133":-1.4303639767177703e-13,
		"ld_2211":-1.4303639767177703e-13,
		"ld_2222":-1.4303639767177703e-13,
		"ld_2233":-1.4303639767177703e-13,
		"ld_3311":-1.4303639767177703e-13,
		"ld_3322":-1.4303639767177703e-13,
		"ld_3333":-1.4303639767177703e-13,
		"le_1111":6.031124890773108e-13,
		"le_1112":{
			"Re":1.6249577183619825e-14,
			"Im":2.5549152979942035e-14
		},
		"le_1113":{
			"Re":-1.122630446864547e-13,
			"Im":-1.67534807777354e-13
		},
		"le_1122":8.13968993367843e-12,
		"le_1123":{
			"Re":-7.932787291709312e-16,
			"Im":4.651616058804109e-15
		},
		"le_1133":1.7107941831067198e-11,
		"le_2211":6.031124890773108e-13,
		"le_2212":{
			"Re":1.6249577183619825e-14,
			"Im":2.5549152979942035e-14
		},
		"le_2213":{
			"Re":-1.122630446864547e-13,
			"Im":-1.67534807777354e-13
		},
		"le_2222":8.13968993367843e-12,
		"le_2223":{
			"Re":-7.932787291709312e-16,
			"Im":4.651616058804109e-15
		},
		"le_2233":1.7107941831067198e-11,
		"le_3311":6.031124890773108e-13,
		"le_3312":{
			"Re":1.6249577183619825e-14,
			"Im":2.5549152979942035e-14
		},
		"le_3313":{
			"Re":-1.122630446864547e-13,
			"Im":-1.67534807777354e-13
		},
		"le_3322":8.13968993367843e-12,
		"le_3323":{
			"Re":-7.932787291709312e-16,
			"Im":4.651616058804109e-15
		},
		"le_3333":1.7107941831067198e-11,
		"ll_1111":-1.0727729825383276e-13,
		"ll_1122":-2.1455459650766553e-13,
		"ll_1133":-2.1455459650766553e-13,
		"ll_2222":-1.0727729825383276e-13,
		"ll_2233":-2.1455459650766553e-13,
		"ll_3333":-1.0727729825383276e-13,
		"lq1_1111":7.151819883588852e-14,