{
	"eft":"SMEFT",
	"basis":"Warsaw",
	"scale":1000,
	"values":{
		"dd_1111":-1.5418475169457472e-13,
		"dd_1122":-3.0836950338914945e-13,
		"dd_1133":-3.0836950338914945e-13,
		"dd_2222":-1.5418475169457472e-13,
		"dd_2233":-3.0836950338914945e-13,
		"dd_3333":-1.5418475169457472e-13,
		"eB_11":2.899800756406708e-16,
		"eB_12":{
			"Re":-1.2623191894026589e-17,
			"Im":-2.5274370815133857e-17
		},
		"eB_13":{
			"Re":8.906346609520385e-17,
			"Im":-4.3294154820125774e-17
		},
		"eB_21":{
			"Re":-2.6101104804752426e-15,
			"Im":5.226007867567597e-15
		},
		"eB_22":3.1614144598753886e-14,
		"eB_23":{
			"Re":-1.604765705201516e-17,
			"Im":6.464036117018567e-16
		},
		"eB_31":{
			"Re":3.097055671400206e-13,
			"Im":1.50549280869914e-13
		},
		"eB_32":{
			"Re":-2.698804017171769e-16,
			"Im":-1.0870849609515083e-14
		},
		"eB_33":5.668180605332502e-13,
		"ed_1111":1.9247102787159087e-11,
		"ed_1122":1.9247102787159087e-11,
		"ed_1133":1.9247102787159087e-11,
		"ed_1211":{
			"Re":-8.871720154551697e-13,
			"Im":-1.7621499776352176e-12
		},
		"ed_1222":{
			"Re":-8.871720154551697e-13,
			"Im":-1.7621499776352176e-12
		},
		"ed_1233":{
			"Re":-8.871720154551697e-13,
			"Im":-1.7621499776352176e-12
		},
		"ed_1311":{
			"Re":6.210492132967779e-12,
			"Im":-3.0437233533615172e-12
		},
		"ed_1322":{
			"Re":6.210492132967779e-12,
			"Im":-3.0437233533615172e-12
		},
		"ed_1333":{
			"Re":6.210492132967779e-12,
			"Im":-3.0437233533615172e-12
		},
		"ed_2211":9.623443007481308e-12,
		"ed_2222":9.623443007481308e-12,
		"ed_2233":9.623443007481308e-12,
		"ed_2311":{
			"Re":-5.339939629488117e-15,
			"Im":2.2397058490520514e-13
		},
		"ed_2322":{
			"Re":-5.339939629488117e-15,
			"Im":2.2397058490520514e-13
		},
		"ed_2333":{
			"Re":-5.339939629488117e-15,
			"Im":2.2397058490520514e-13
		},
		"ed_3311":1.0348137839304309e-11,
		"ed_3322":1.0348137839304309e-11,
		"ed_3333":1.0348137839304309e-11,
		"ee_1111":-3.504199529657709e-10,
		"ee_1112":{
			"Re":2.946910019434826e-11,
			"Im":7.395714665500815e-11
		},
		"ee_1113":{
			"Re":-2.6930795617035506e-10,
			"Im":8.754542119381937e-11
		},
		"ee_1122":{
			"Re":-1.1295497081332823e-9,
			"Im":-1.9060804442209678e-20
		},
		"ee_1123":{
			"Re":3.388494363205516e-12,
			"Im":-8.850774785333476e-12
		},
		"ee_1133":{
			"Re":-1.1593318165205295e-9,
			"Im":1.878386938144704e-20
		},
		"ee_1212":{
			"Re":-4.4245207325638526e-11,
			"Im":3.710418034614133e-10
		},
		"ee_1213":{
			"Re":7.868533638155337e-11,
			"Im":1.5995520116117702e-10
		},
		"ee_1222":{
			"Re":-6.800026282749986e-12,
			"Im":5.7992891992360096e-11
		},
		"ee_1223":{
			"Re":-3.799938835911899e-10,
			"Im":1.6801256987721796e-10
		},
		"ee_1232":{
			"Re":-1.540225028553392e-10,
			"Im":1.9736326846218267e-10
		},
		"ee_1233":{
			"Re":3.0271641530306835e-11,
			"Im":1.8603388760832757e-10
		},
		"ee_1313":{
			"Re":-1.9182498608781852e-10,
			"Im":-2.507153166641293e-10
		},
		"ee_1323":{
			"Re":6.520154556458604e-11,
			"Im":7.479725223784473e-12
		},
		"ee_1333":{
			"Re":-3.2416531535934917e-10,
			"Im":-5.2480837905557915e-11
		},
		"ee_2222":{
			"Re":-9.64853531808955e-11,
			"Im":6.786731791024331e-19
		},
		"ee_2223":{
			"Re":5.5828737427905394e-11,
			"Im":-2.873769529353164e-11
		},
		"ee_2233":{
			"Re":-6.060039499753256e-10,
			"Im":-2.6631825737724444e-18
		},
		"ee_2323":{
			"Re":-1.7270599913120895e-10,
			"Im":7.833921269809392e-11
		},
		"ee_2333":{
			"Re":-5.5489410795972654e-11,
			"Im":-5.495474058315579e-12
		},
		"ee_3333":{
			"Re":-1.482344074678173e-10,
			"Im":6.530265169116475e-19
		},
		"ephi_11":-5.999081968970977e-17,
		"ephi_12":{
			"Re":2.6308711103024174e-18,
			"Im":5.2371857623930886e-18
		},
		"ephi_13":{
			"Re":-1.8404936323528982e-17,
			"Im":8.999889841645194e-18
		},
		"ephi_21":{
			"Re":5.4399337192904385e-16,
			"Im":-1.08290919154921e-15
		},
		"ephi_22":-6.501450562103035e-15,
		"ephi_23":{
			"Re":3.284320044080748e-18,
			"Im":-1.362319797516498e-16
		},
		"ephi_31":{
			"Re":-6.418257521515091e-14,
			"Im":-3.1384320982655106e-14
		},
		"ephi_32":{
			"Re":5.539188673187678e-17,
			"Im":2.297438665117745e-15
		},
		"ephi_33":-1.1643806021289912e-13,
		"eu_1111":-3.8494205574318173e-11,
		"eu_1122":-3.8494205574318173e-11,
		"eu_1133":-3.8494205574318173e-11,
		"eu_1211":{
			"Re":1.7743440309103394e-12,
			"Im":3.5242999552704352e-12
		},
		"eu_1222":{
			"Re":1.7743440309103394e-12,
			"Im":3.5242999552704352e-12
		},
		"eu_1233":{
			"Re":1.7743440309103394e-12,
			"Im":3.5242999552704352e-12
		},
		"eu_1311":{
			"Re":-1.2420984265935557e-11,
			"Im":6.0874467067230344e-12
		},
		"eu_1322":{
			"Re":-1.2420984265935557e-11,
			"Im":6.0874467067230344e-12
		},
		"eu_1333":{
			"Re":-1.2420984265935557e-11,
			"Im":6.0874467067230344e-12
		},
		"eu_2211":-1.9246886014962615e-11,
		"eu_2222":-1.9246886014962615e-11,
		"eu_2233":-1.9246886014962615e-11,
		"eu_2311":{
			"Re":1.0679879258976233e-14,
			"Im":-4.479411698104103e-13
		},
		"eu_2322":{
			"Re":1.0679879258976233e-14,
			"Im":-4.479411698104103e-13
		},
		"eu_2333":{
			"Re":1.0679879258976233e-14,
			"Im":-4.479411698104103e-13
		},
		"eu_3311":-2.0696275678608617e-11,
		"eu_3322":-2.0696275678608617e-11,
		"eu_3333":-2.0696275678608617e-11,
		"phi":-9.349064853084782e-16,
		"phiB":5.636713250825643e-13,
		"phiBox":-3.9270856991076056e-13,
		"phid_11":4.625542550837241e-13,
		"phid_22":4.625542550837241e-13,
		"phid_33":4.625542550837241e-13,
		"phiD":-1.3876627652511724e-12,
		"phie_11":-2.887065418073864e-11,
		"phie_12":{
			"Re":1.330758023182755e-12,
			"Im":2.6432249664528277e-12
		},
		"phie_13":{
			"Re":-9.31573819945167e-12,
			"Im":4.5655850300422774e-12
		},
		"phie_22":-1.4435164511221939e-11,
		"phie_23":{
			"Re":8.009909444232358e-15,
			"Im":-3.359558773578151e-13
		},
		"phie_33":-1.5522206758956464e-11,
		"phil1_11":6.93831380224558e-13,
		"phil1_12":{
			"Re":2.1611652775471003e-20,
			"Im":4.3271221000264386e-20
		},
		"phil1_13":{
			"Re":-2.5643547389004564e-18,
			"Im":1.2465444693226247e-18
		},
		"phil1_22":6.937772573360717e-13,
		"phil1_23":{
			"Re":4.620512451827833e-19,
			"Im":-1.861153891246604e-17
		},
		"phil1_33":6.775113061301456e-13,
		"phil3_12":{
			"Re":2.1611652775471003e-20,
			"Im":4.3271221000264386e-20
		},
		"phil3_13":{
			"Re":-2.5643547389004564e-18,
			"Im":1.2465444693226247e-18
		},
		"phil3_22":-5.412528951454133e-17,
		"phil3_23":{
			"Re":4.620512451827833e-19,
			"Im":-1.861153891246604e-17
		},
		"phil3_33":-1.6320076495440604e-14,
		"phiq1_11":-2.3127712754186206e-13,
		"phiq1_22":-2.3127712754186206e-13,
		"phiq1_33":-2.3127712754186206e-13,
		"phiu_11":-9.251085101674482e-13,
		"phiu_22":-9.251085101674482e-13,
		"phiu_33":-9.251085101674482e-13,
		"ld_1111":-4.625542550837241e-13,
		"ld_1122":-4.625542550837241e-13,
		"ld_1133":-4.625542550837241e-13,
		"ld_2211":-4.625542550837241e-13,
		"ld_2222":-4.625542550837241e-13,
		"ld_2233":-4.625542550837241e-13,
		"ld_3311":-4.625542550837241e-13,
		"ld_3322":-4.625542550837241e-13,
		"ld_3333":-4.625542550837241e-13,
		"le_1111":2.887065418073864e-11,
		"le_1112":{
			"Re":-1.330758023182755e-12,
			"Im":-2.6432249664528277e-12
		},
		"le_1113":{
			"Re":9.31573819945167e-12,
			"Im":-4.5655850300422774e-12
		},
		"le_1122":1.4435164511221939e-11,
		"le_1123":{
			"Re":-8.009909444232358e-15,
			"Im":3.359558773578151e-13
		},
		"le_1133":1.5522206758956464e-11,
		"le_2211":2.887065418073864e-11,
		"le_2212":{
			"Re":-1.330758023182755e-12,
			"Im":-2.6432249664528277e-12
		},
		"le_2213":{
			"Re":9.31573819945167e-12,
			"Im":-4.5655850300422774e-12
		},
		"le_2222":1.4435164511221939e-11,
		"le_2223":{
			"Re":-8.009909444232358e-15,
			"Im":3.359558773578151e-13
		},
		"le_2233":1.5522206758956464e-11,
		"le_3311":2.887065418073864e-11,
		"le_3312":{
			"Re":-1.330758023182755e-12,
			"Im":-2.6432249664528277e-12
		},
		"le_3313":{
			"Re":9.31573819945167e-12,
			"Im":-4.5655850300422774e-12
		},