{
	"eft":"SMEFT",
	"basis":"Warsaw",
	"scale":1000,
	"values":{
		"dd_1111":-2.7374350133645796e-13,
		"dd_1122":-5.474870026729159e-13,
		"dd_1133":-5.474870026729159e-13,
		"dd_2222":-2.7374350133645796e-13,
		"dd_2233":-5.474870026729159e-13,
		"dd_3333":-2.7374350133645796e-13,
		"eB_11":1.2513836958371818e-15,
		"eB_12":{
			"Re":1.3667297952398178e-17,
			"Im":1.1672966590534338e-17
		},
		"eB_13":{
			"Re":-6.900886058085139e-17,
			"Im":-4.244384545015624e-17
		},
		"eB_21":{
			"Re":2.8260013730927362e-15,
			"Im":-2.4136314089155698e-15
		},
		"eB_22":2.253910147210063e-15,
		"eB_23":{
			"Re":-9.454108691105889e-15,
			"Im":1.0149140455725231e-15
		},
		"eB_31":{
			"Re":-2.3996852178460294e-13,
			"Im":1.475924506766067e-13
		},
		"eB_32":{
			"Re":-1.5899384210190027e-13,
			"Im":-1.7068249242846702e-14
		},
		"eB_33":1.888132597769822e-12,
		"ed_1111":7.666500305405956e-11,
		"ed_1122":7.666500305405956e-11,
		"ed_1133":7.666500305405956e-11,
		"ed_1211":{
			"Re":8.219465890808664e-13,
			"Im":7.25943755134389e-13
		},
		"ed_1222":{
			"Re":8.219465890808664e-13,
			"Im":7.25943755134389e-13
		},
		"ed_1233":{
			"Re":8.219465890808664e-13,
			"Im":7.25943755134389e-13
		},
		"ed_1311":{
			"Re":-3.929710313350854e-12,
			"Im":-2.649005583792463e-12
		},
		"ed_1322":{
			"Re":-3.929710313350854e-12,
			"Im":-2.649005583792463e-12
		},
		"ed_1333":{
			"Re":-3.929710313350854e-12,
			"Im":-2.649005583792463e-12
		},
		"ed_2211":-8.958619247146767e-13,
		"ed_2222":-8.958619247146767e-13,
		"ed_2233":-8.958619247146767e-13,
		"ed_2311":{
			"Re":-3.021290381358754e-12,
			"Im":3.2215792371012374e-13
		},
		"ed_2322":{
			"Re":-3.021290381358754e-12,
			"Im":3.2215792371012374e-13
		},
		"ed_2333":{
			"Re":-3.021290381358754e-12,
			"Im":3.2215792371012374e-13
		},
		"ed_3311":3.4326497113135295e-11,
		"ed_3322":3.4326497113135295e-11,
		"ed_3333":3.4326497113135295e-11,
		"ee_1111":-6.527216062071754e-9,
		"ee_1112":{
			"Re":-4.6832694101424957e-11,
			"Im":-1.774490447947422e-10
		},
		"ee_1113":{
			"Re":-3.353410127170161e-10,
			"Im":1.2085310207468934e-9
		},
		"ee_1122":3.64199848899941e-11,
		"ee_1123":{
			"Re":7.73089186043881e-10,
			"Im":-6.066959804914157e-11
		},
		"ee_1133":-8.98879105211074e-9,
		"ee_1212":{
			"Re":-3.1637545358934384e-11,
			"Im":-9.249731226308079e-12
		},
		"ee_1213":{
			"Re":1.5606545653313732e-10,
			"Im":-3.1419364847572865e-10
		},
		"ee_1222":{
			"Re":-1.0904329182128154e-12,
			"Im":1.9146971535843774e-13
		},
		"ee_1223":{
			"Re":1.3034061560052758e-11,
			"Im":-9.98885598702251e-12
		},
		"ee_1232":{
			"Re":1.819250134926481e-11,
			"Im":1.4611711760617118e-11
		},
		"ee_1233":{
			"Re":-2.3290245978264996e-10,
			"Im":-2.1816216990585653e-11
		},
		"ee_1313":{
			"Re":-8.0429635154095e-10,
			"Im":1.9716308841521062e-9
		},
		"ee_1323":{
			"Re":-6.923877404694501e-11,
			"Im":6.979915582852343e-11
		},
		"ee_1333":{
			"Re":1.0042809244407344e-9,
			"Im":-2.92339534529899e-10
		},
		"ee_2222":-8.879567341482043e-13,
		"ee_2223":{
			"Re":-2.1068127889405015e-12,
			"Im":2.8903281815403136e-12
		},
		"ee_2233":1.607472501500093e-11,
		"ee_2323":{
			"Re":-1.2883435652911168e-11,
			"Im":-1.2947964645413105e-11
		},
		"ee_2333":{
			"Re":1.734420244433652e-10,
			"Im":-2.8806336485056352e-11
		},
		"ee_3333":-9.848749060257947e-10,
		"ephi_11":-1.654935299718456e-14,
		"ephi_12":{
			"Re":-1.7582148910252283e-16,
			"Im":-1.5370578670566386e-16
		},
		"ephi_13":{
			"Re":8.551099976460173e-16,
			"Im":5.602543638580894e-16
		},
		"ephi_21":{
			"Re":-3.635479753298847e-14,
			"Im":3.1781909953484686e-14
		},
		"ephi_22":-3.1779574752048464e-14,
		"ephi_23":{
			"Re":1.2992040436118954e-13,
			"Im":-1.3880421061994824e-14
		},
		"ephi_31":{
			"Re":2.973664729448124e-12,
			"Im":-1.94829180533289e-12
		},
		"ephi_32":{
			"Re":2.1850208452156027e-12,
			"Im":2.334430509588718e-13
		},
		"ephi_33":-2.5993209142153056e-11,
		"eu_1111":-1.5333000610811912e-10,
		"eu_1122":-1.5333000610811912e-10,
		"eu_1133":-1.5333000610811912e-10,
		"eu_1211":{
			"Re":-1.6438931781617329e-12,
			"Im":-1.451887510268778e-12
		},
		"eu_1222":{
			"Re":-1.6438931781617329e-12,
			"Im":-1.451887510268778e-12
		},
		"eu_1233":{
			"Re":-1.6438931781617329e-12,
			"Im":-1.451887510268778e-12
		},
		"eu_1311":{
			"Re":7.859420626701708e-12,
			"Im":5.298011167584926e-12
		},
		"eu_1322":{
			"Re":7.859420626701708e-12,
			"Im":5.298011167584926e-12
		},
		"eu_1333":{
			"Re":7.859420626701708e-12,
			"Im":5.298011167584926e-12
		},
		"eu_2211":1.7917238494293534e-12,
		"eu_2222":1.7917238494293534e-12,
		"eu_2233":1.7917238494293534e-12,
		"eu_2311":{
			"Re":6.042580762717508e-12,
			"Im":-6.443158474202475e-13
		},
		"eu_2322":{
			"Re":6.042580762717508e-12,
			"Im":-6.443158474202475e-13
		},
		"eu_2333":{
			"Re":6.042580762717508e-12,
			"Im":-6.443158474202475e-13
		},
		"eu_3311":-6.865299422627059e-11,
		"eu_3322":-6.865299422627059e-11,
		"eu_3333":-6.865299422627059e-11,
		"phi":-5.434064307755697e-10,
		"phiB":6.897309863671404e-11,
		"phiBox":-3.8680780707487744e-10,
		"phid_11":8.212305040093737e-13,
		"phid_22":8.212305040093737e-13,
		"phid_33":8.212305040093737e-13,
		"phiD":-2.4636915120281214e-12,
		"phie_11":-1.1499750458108932e-10,
		"phie_12":{
			"Re":-1.232919883621299e-12,
			"Im":-1.0889156327015835e-12
		},
		"phie_13":{
			"Re":5.8945654700262694e-12,
			"Im":3.9735083756886945e-12
		},
		"phie_22":1.3437928870720153e-12,
		"phie_23":{
			"Re":4.531935572038135e-12,
			"Im":-4.83236885565186e-13
		},
		"phie_33":-5.1489745669702985e-11,
		"phil1_11":1.2318457456526334e-12,
		"phil1_12":{
			"Re":-2.339922423788143e-20,
			"Im":-1.9984810730293917e-20
		},
		"phil1_13":{
			"Re":1.9869336599528195e-18,
			"Im":1.222061985561193e-18
		},
		"phil1_22":1.2318418971862858e-12,
		"phil1_23":{
			"Re":2.7220688220467696e-16,
			"Im":-2.922185444207284e-17
		},
		"phil1_33":1.1774818064953226e-12,
		"phil3_11":-1.0361427275061008e-20,
		"phil3_12":{
			"Re":-2.339922423788143e-20,
			"Im":-1.9984810730293917e-20
		},
		"phil3_13":{
			"Re":1.9869336599528195e-18,
			"Im":1.222061985561193e-18
		},
		"phil3_22":-3.858827774904141e-18,
		"phil3_23":{
			"Re":2.7220688220467696e-16,
			"Im":-2.922185444207284e-17
		},
		"phil3_33":-5.4363949518737895e-14,
		"phiq1_11":-4.1061525200468686e-13,
		"phiq1_22":-4.1061525200468686e-13,
		"phiq1_33":-4.1061525200468686e-13,
		"phiu_11":-1.6424610080187474e-12,
		"phiu_22":-1.6424610080187474e-12,
		"phiu_33":-1.6424610080187474e-12,
		"ld_1111":-8.212305040093737e-13,
		"ld_1122":-8.212305040093737e-13,
		"ld_1133":-8.212305040093737e-13,
		"ld_2211":-8.212305040093737e-13,
		"ld_2222":-8.212305040093737e-13,
		"ld_2233":-8.212305040093737e-13,
		"ld_3311":-8.212305040093737e-13,
		"ld_3322":-8.212305040093737e-13,
		"ld_3333":-8.212305040093737e-13,
		"le_1111":1.1499750458108932e-10,
		"le_1112":{
			"Re":1.232919883621299e-12,
			"Im":1.0889156327015835e-12
		},
		"le_1113":{
			"Re":-5.8945654700262694e-12,
			"Im":-3.9735083756886945e-12
		},
		"le_1122":-1.3437928870720153e-12,
		"le_1123":{
			"Re":-4.531935572038135e-12,
			"Im":4.83236885565186e-13
		},
		"le_1133":5.1489745669702985e-11,
		"le_2211":1.1499750458108932e-10,
		"le_2212":{
			"Re":1.232919883621299e-12,
			"Im":1.0889156327015835e-12
		},
		"le_2213":{
			"Re":-5.8945654700262694e-12,
			"Im":-3.9735083756886945e-12
		},
		"le_2222":-1.3437928870720153e-12,
		"le_2223":{
			"Re":-4.531935572038135e-12,
			"Im":4.83236885565186e-13
		},
		"le_2233":5.1489745669702985e-11,
		"le_3311":1.1499750458108932e-10,
		"le_3312":{
			"Re":1.232919883621299e-12,
			"Im":1.0889156327015835e-12
		},
		"le_3313":{
			"Re":-5.8945654700262694e-12,
			"Im":-3.9735083756886945e-12
		},
		"le_3322":-1.3437928870720153e-12,
		"le_3323":{
			"Re":-4.531935572038135e-12,
			"Im":4.83236885565186e-13
		},
		"le_3333":5.1489745669702985e-11,
		"ll_1111":-6.159228780070303e-13,