{
	"eft":"SMEFT",
	"basis":"Warsaw",
	"scale":1000,
	"values":{
		"dd_1111":-2.4514243265065103e-13,
		"dd_1122":-4.902848653013021e-13,
		"dd_1133":-4.902848653013021e-13,
		"dd_2222":-2.4514243265065103e-13,
		"dd_2233":-4.902848653013021e-13,
		"dd_3333":-2.4514243265065103e-13,
		"eB_11":5.918274806744381e-17,
		"eB_12":{
			"Re":3.1229249304273607e-17,
			"Im":5.402629599027641e-17
		},
		"eB_13":{
			"Re":-8.174410067240958e-17,
			"Im":-2.1794471789674273e-17
		},
		"eB_21":{
			"Re":6.4573042690597735e-15,
			"Im":-1.1171073257010953e-14
		},
		"eB_22":4.8841038059490834e-14,
		"eB_23":{
			"Re":-4.6332315262458936e-14,
			"Im":4.606905807641187e-14
		},
		"eB_31":{
			"Re":-2.842535123440795e-13,
			"Im":7.578718347793712e-14
		},
		"eB_32":{
			"Re":-7.791906204743633e-13,
			"Im":-7.747633103134451e-13
		},
		"eB_33":1.5140242014784988e-12,
		"ed_1111":3.2447835475938595e-12,
		"ed_1122":3.2447835475938595e-12,
		"ed_1133":3.2447835475938595e-12,
		"ed_1211":{
			"Re":2.50307356281314e-12,
			"Im":4.330973991032482e-12
		},
		"ed_1222":{
			"Re":2.50307356281314e-12,
			"Im":4.330973991032482e-12
		},
		"ed_1233":{
			"Re":2.50307356281314e-12,
			"Im":4.330973991032482e-12
		},
		"ed_1311":{
			"Re":-6.552829561787783e-12,
			"Im":-1.747812590831451e-12
		},
		"ed_1322":{
			"Re":-6.552829561787783e-12,
			"Im":-1.747812590831451e-12
		},
		"ed_1333":{
			"Re":-6.552829561787783e-12,
			"Im":-1.747812590831451e-12
		},
		"ed_2211":1.7452085344964343e-11,
		"ed_2222":1.7452085344964343e-11,
		"ed_2233":1.7452085344964343e-11,
		"ed_2311":{
			"Re":-1.7953891032921837e-11,
			"Im":1.7851820348546654e-11
		},
		"ed_2322":{
			"Re":-1.7953891032921837e-11,
			"Im":1.7851820348546654e-11
		},
		"ed_2333":{
			"Re":-1.7953891032921837e-11,
			"Im":1.7851820348546654e-11
		},
		"ed_3311":3.34116645289394e-11,
		"ed_3322":3.34116645289394e-11,
		"ed_3333":3.34116645289394e-11,
		"ee_1111":1.0234136433668288e-11,
		"ee_1112":{
			"Re":2.055171956671781e-11,
			"Im":1.0341308240838339e-12
		},
		"ee_1113":{
			"Re":-2.085984558747747e-11,
			"Im":1.8911104483864705e-11
		},
		"ee_1122":-1.4397902226998578e-10,
		"ee_1123":{
			"Re":1.4510417622509154e-10,
			"Im":-1.431361967652409e-10
		},
		"ee_1133":-2.7302362486694983e-10,
		"ee_1212":{
			"Re":-2.5319686487850296e-11,
			"Im":9.870847686663678e-11
		},
		"ee_1213":{
			"Re":-1.3871009690098832e-10,
			"Im":-2.3335782905903605e-10
		},
		"ee_1222":{
			"Re":-3.4737035571016227e-12,
			"Im":1.6711565355568522e-11
		},
		"ee_1223":{
			"Re":-1.3775258174512124e-12,
			"Im":-3.040393476473097e-11
		},
		"ee_1232":{
			"Re":1.7894521238713624e-11,
			"Im":1.5748995990208581e-12
		},
		"ee_1233":{
			"Re":-3.9375315012308435e-11,
			"Im":2.2786362911746194e-11
		},
		"ee_1313":{
			"Re":1.816697042997925e-10,
			"Im":4.8120247761352175e-11
		},
		"ee_1323":{
			"Re":1.5496075767867963e-11,
			"Im":1.7154413295017027e-11
		},
		"ee_1333":{
			"Re":-6.207277425080086e-12,
			"Im":-3.7730013733061905e-11
		},
		"ee_2222":4.66679557584845e-11,
		"ee_2223":{
			"Re":-3.564371085201007e-11,
			"Im":4.304928294182973e-11
		},
		"ee_2233":4.234005719575469e-11,
		"ee_2323":{
			"Re":-6.114317780360551e-13,
			"Im":-1.670982962493871e-11
		},
		"ee_2333":{
			"Re":-3.302862871769063e-11,
			"Im":2.1483740434247123e-11
		},
		"ee_3333":7.572108939339808e-11,
		"ephi_11":-1.567104928445153e-17,
		"ephi_12":{
			"Re":-8.305820364138046e-18,
			"Im":-1.4370681409353117e-17
		},
		"ephi_13":{
			"Re":2.16952864112553e-17,
			"Im":5.786121074198213e-18
		},
		"ephi_21":{
			"Re":-1.7174165094949512e-15,
			"Im":2.9714639133005684e-15
		},
		"ephi_22":-1.2985004135912353e-14,
		"ephi_23":{
			"Re":1.229239998410355e-14,
			"Im":-1.2222525635999939e-14
		},
		"ephi_31":{
			"Re":7.560934211154836e-14,
			"Im":-2.016495681596103e-14
		},
		"ephi_32":{
			"Re":2.071829439688017e-13,
			"Im":2.0600524395921927e-13
		},
		"ephi_33":-4.0165722611658376e-13,
		"eu_1111":-6.489567095187719e-12,
		"eu_1122":-6.489567095187719e-12,
		"eu_1133":-6.489567095187719e-12,
		"eu_1211":{
			"Re":-5.00614712562628e-12,
			"Im":-8.661947982064964e-12
		},
		"eu_1222":{
			"Re":-5.00614712562628e-12,
			"Im":-8.661947982064964e-12
		},
		"eu_1233":{
			"Re":-5.00614712562628e-12,
			"Im":-8.661947982064964e-12
		},
		"eu_1311":{
			"Re":1.3105659123575566e-11,
			"Im":3.495625181662902e-12
		},
		"eu_1322":{
			"Re":1.3105659123575566e-11,
			"Im":3.495625181662902e-12
		},
		"eu_1333":{
			"Re":1.3105659123575566e-11,
			"Im":3.495625181662902e-12
		},
		"eu_2211":-3.4904170689928686e-11,
		"eu_2222":-3.4904170689928686e-11,
		"eu_2233":-3.4904170689928686e-11,
		"eu_2311":{
			"Re":3.5907782065843675e-11,
			"Im":-3.570364069709331e-11
		},
		"eu_2322":{
			"Re":3.5907782065843675e-11,
			"Im":-3.570364069709331e-11
		},
		"eu_2333":{
			"Re":3.5907782065843675e-11,
			"Im":-3.570364069709331e-11
		},
		"eu_3311":-6.68233290578788e-11,
		"eu_3322":-6.68233290578788e-11,
		"eu_3333":-6.68233290578788e-11,
		"phi":-2.3104928162375315e-15,
		"phiB":1.0381405044678322e-12,
		"phiBox":-6.492674821751405e-13,
		"phid_11":7.354272979519531e-13,
		"phid_22":7.354272979519531e-13,
		"phid_33":7.354272979519531e-13,
		"phiD":-2.206281893855859e-12,
		"phie_11":-4.867175321390794e-12,
		"phie_12":{
			"Re":-3.754610344219714e-12,
			"Im":-6.49646098654873e-12
		},
		"phie_13":{
			"Re":9.829244342681686e-12,
			"Im":2.6217188862471797e-12
		},
		"phie_22":-2.6178128017446547e-11,
		"phie_23":{
			"Re":2.6930836549382782e-11,
			"Im":-2.6777730522820012e-11
		},
		"phie_33":-5.011749679340914e-11,
		"phil1_11":1.1031409464378978e-12,
		"phil1_12":{
			"Re":-5.34663259553201e-20,
			"Im":-9.249622120053426e-20
		},
		"phil1_13":{
			"Re":2.3536123298006e-18,
			"Im":6.275160788817895e-19
		},
		"phil1_22":1.1030573281756682e-12,
		"phil1_23":{
			"Re":1.334020529590807e-15,
			"Im":-1.3264407121618766e-15
		},
		"phil1_33":1.059548491950698e-12,
		"phil3_12":{
			"Re":-5.34663259553201e-20,
			"Im":-9.249622120053426e-20
		},
		"phil3_13":{
			"Re":2.3536123298006e-18,
			"Im":6.275160788817895e-19
		},
		"phil3_22":-8.361875226144419e-17,
		"phil3_23":{
			"Re":1.334020529590807e-15,
			"Im":-1.3264407121618766e-15
		},
		"phil3_33":-4.3592454977231676e-14,
		"phiq1_11":-3.6771364897597655e-13,
		"phiq1_22":-3.6771364897597655e-13,
		"phiq1_33":-3.6771364897597655e-13,
		"phiu_11":-1.4708545959039062e-12,
		"phiu_22":-1.4708545959039062e-12,
		"phiu_33":-1.4708545959039062e-12,
		"ld_1111":-7.354272979519531e-13,
		"ld_1122":-7.354272979519531e-13,
		"ld_1133":-7.354272979519531e-13,
		"ld_2211":-7.354272979519531e-13,
		"ld_2222":-7.354272979519531e-13,
		"ld_2233":-7.354272979519531e-13,
		"ld_3311":-7.354272979519531e-13,
		"ld_3322":-7.354272979519531e-13,
		"ld_3333":-7.354272979519531e-13,
		"le_1111":4.867175321390794e-12,
		"le_1112":{
			"Re":3.754610344219714e-12,
			"Im":6.49646098654873e-12
		},
		"le_1113":{
			"Re":-9.829244342681686e-12,
			"Im":-2.6217188862471797e-12
		},
		"le_1122":2.6178128017446547e-11,
		"le_1123":{
			"Re":-2.6930836549382782e-11,
			"Im":2.6777730522820012e-11
		},
		"le_1133":5.011749679340914e-11,
		"le_2211":4.867175321390794e-12,
		"le_2212":{
			"Re":3.754610344219714e-12,
			"Im":6.49646098654873e-12
		},
		"le_2213":{
			"Re":-9.829244342681686e-12,
			"Im":-2.6217188862471797e-12
		},
		"le_2222":2.6178128017446547e-11,
		"le_2223":{
			"Re":-2.6930836549382782e-11,
			"Im":2.6777730522820012e-11
		},
		"le_2233":5.011749679340914e-11,
		"le_3311":4.867175321390794e-12,
		"le_3312":{
			"Re":3.754610344219714e-12,
			"Im":6.49646098654873e-12
		},
		"le_3313":{
			"Re":-9.829244342681686e-12,
			"Im":-2.6217188862471797e-12
		},
		"le_3322":2.6178128017446547e-11,
		"le_3323":{
			"Re":-2.6930836549382782e-11,
			"Im":2.6777730522820012e-11
		},
		"le_3333":5.011749679340914e-11,
		"ll_1111":-5.515704734639648e-13,
		"ll_1122":-1.1031409469279296e-12,
		"ll_1133":-1.1031409469279296e-12,