{
	"eft":"SMEFT",
	"basis":"Warsaw",
	"scale":1000,
	"values":{
		"dd_1111":-3.4563530141935534e-13,
		"dd_1122":-6.912706028387107e-13,
		"dd_1133":-6.912706028387107e-13,
		"dd_2222":-3.4563530141935534e-13,
		"dd_2233":-6.912706028387107e-13,
		"dd_3333":-3.4563530141935534e-13,
		"eB_11":9.04817522498702e-16,
		"eB_12":{
			"Re":-2.1168853566240667e-19,
			"Im":3.932531655266536e-20
		},
		"eB_13":{
			"Re":1.1213612511681906e-19,
			"Im":1.5016890174515163e-19
		},
		"eB_21":{
			"Re":-4.377105807844816e-17,
			"Im":-8.131336491106611e-18
		},
		"eB_22":2.957809540144884e-13,
		"eB_23":{
			"Re":6.767295141078124e-14,
			"Im":8.226341907241641e-14
		},
		"eB_31":{
			"Re":3.899374653696285e-16,
			"Im":-5.221910500549825e-16
		},
		"eB_32":{
			"Re":1.1380853449778373e-12,
			"Im":-1.3834595613510098e-12
		},
		"eB_33":4.406219855521878e-12,
		"ed_1111":5.010001330709215e-11,
		"ed_1122":5.010001330709215e-11,
		"ed_1133":5.010001330709215e-11,
		"ed_1211":{
			"Re":-1.1636055252561315e-14,
			"Im":1.2130408651713938e-15
		},
		"ed_1222":{
			"Re":-1.1636055252561315e-14,
			"Im":1.2130408651713938e-15
		},
		"ed_1233":{
			"Re":-1.1636055252561315e-14,
			"Im":1.2130408651713938e-15
		},
		"ed_1311":{
			"Re":8.028854104903161e-15,
			"Im":9.43384039053917e-15
		},
		"ed_1322":{
			"Re":8.028854104903161e-15,
			"Im":9.43384039053917e-15
		},
		"ed_1333":{
			"Re":8.028854104903161e-15,
			"Im":9.43384039053917e-15
		},
		"ed_2211":7.975826893212676e-11,
		"ed_2222":7.975826893212676e-11,
		"ed_2233":7.975826893212676e-11,
		"ed_2311":{
			"Re":1.8449598594320254e-11,
			"Im":2.2521389103687556e-11
		},
		"ed_2322":{
			"Re":1.8449598594320254e-11,
			"Im":2.2521389103687556e-11
		},
		"ed_2333":{
			"Re":1.8449598594320254e-11,
			"Im":2.2521389103687556e-11
		},
		"ed_3311":7.05203003004125e-11,
		"ed_3322":7.05203003004125e-11,
		"ed_3333":7.05203003004125e-11,
		"ee_1111":-3.285773007943589e-9,
		"ee_1112":{
			"Re":5.62571193990462e-11,
			"Im":2.008997866510464e-11
		},
		"ee_1113":{
			"Re":-2.8725344705503622e-11,
			"Im":-4.910156322356318e-11
		},
		"ee_1122":-1.3498402166102256e-8,
		"ee_1123":{
			"Re":-3.1230320134594705e-9,
			"Im":-3.796400666940938e-9
		},
		"ee_1133":-1.1940888444724579e-8,
		"ee_1212":{
			"Re":-1.2231164402016686e-9,
			"Im":-7.501042200475899e-10
		},
		"ee_1213":{
			"Re":-4.12119906306157e-10,
			"Im":-8.772190458314702e-10
		},
		"ee_1222":{
			"Re":-8.19635569730548e-11,
			"Im":-1.6916443203945716e-11
		},
		"ee_1223":{
			"Re":-4.2840174196854944e-11,
			"Im":-4.2345872664652647e-11
		},
		"ee_1232":{
			"Re":7.309096484571795e-11,
			"Im":-4.019437496779773e-11
		},
		"ee_1233":{
			"Re":5.7248746825337715e-11,
			"Im":4.2431212617473154e-12
		},
		"ee_1313":{
			"Re":6.095223471985457e-10,
			"Im":-1.1387327889566104e-9
		},
		"ee_1323":{
			"Re":1.0431404400169817e-11,
			"Im":-7.841157721099765e-11
		},
		"ee_1333":{
			"Re":3.748861787159079e-11,
			"Im":6.106946449173548e-11
		},
		"ee_2222":-8.59004865732511e-9,
		"ee_2223":{
			"Re":-3.751015733239824e-9,
			"Im":-5.237884062452601e-9
		},
		"ee_2233":-2.0858326237658504e-8,
		"ee_2323":{
			"Re":3.8770440790563345e-10,
			"Im":5.34155143477379e-10
		},
		"ee_2333":{
			"Re":-3.6104309042731e-9,
			"Im":-4.291277201242311e-9
		},
		"ee_3333":-6.662525351210043e-9,
		"ephi_11":5.725548690042466e-15,
		"ephi_12":{
			"Re":-1.2968202292345985e-18,
			"Im":1.6987497353608517e-19
		},
		"ephi_13":{
			"Re":8.266791727145413e-19,
			"Im":1.0083525172238785e-18
		},
		"ephi_21":{
			"Re":-2.681447728820049e-16,
			"Im":-3.512520757255987e-17
		},
		"ephi_22":1.8615562382026736e-12,
		"ephi_23":{
			"Re":4.2172406585427147e-13,
			"Im":5.14104521024645e-13
		},
		"ephi_31":{
			"Re":2.8744303605968005e-15,
			"Im":-3.506095912366934e-15
		},
		"ephi_32":{
			"Re":7.091649827056229e-12,
			"Im":-8.645108266281944e-12
		},
		"ephi_33":2.7761905867732606e-11,
		"eu_1111":-1.002000266141843e-10,
		"eu_1122":-1.002000266141843e-10,
		"eu_1133":-1.002000266141843e-10,
		"eu_1211":{
			"Re":2.327211050512263e-14,
			"Im":-2.4260817303427875e-15
		},
		"eu_1222":{
			"Re":2.327211050512263e-14,
			"Im":-2.4260817303427875e-15
		},
		"eu_1233":{
			"Re":2.327211050512263e-14,
			"Im":-2.4260817303427875e-15
		},
		"eu_1311":{
			"Re":-1.6057708209806323e-14,
			"Im":-1.886768078107834e-14
		},
		"eu_1322":{
			"Re":-1.6057708209806323e-14,
			"Im":-1.886768078107834e-14
		},
		"eu_1333":{
			"Re":-1.6057708209806323e-14,
			"Im":-1.886768078107834e-14
		},
		"eu_2211":-1.5951653786425352e-10,
		"eu_2222":-1.5951653786425352e-10,
		"eu_2233":-1.5951653786425352e-10,
		"eu_2311":{
			"Re":-3.689919718864051e-11,
			"Im":-4.504277820737511e-11
		},
		"eu_2322":{
			"Re":-3.689919718864051e-11,
			"Im":-4.504277820737511e-11
		},
		"eu_2333":{
			"Re":-3.689919718864051e-11,
			"Im":-4.504277820737511e-11
		},
		"eu_3311":-1.41040600600825e-10,
		"eu_3322":-1.41040600600825e-10,
		"eu_3333":-1.41040600600825e-10,
		"phi":8.905288433742851e-11,
		"phiB":-4.4093068805274195e-11,
		"phiBox":-1.2577768882684582e-10,
		"phid_11":1.036905904258066e-12,
		"phid_22":1.036905904258066e-12,
		"phid_33":1.036905904258066e-12,
		"phiD":-3.110717712774198e-12,
		"phie_11":-7.515001996063815e-11,
		"phie_12":{
			"Re":1.7454082878843506e-14,
			"Im":-1.8195612977562513e-15
		},
		"phie_13":{
			"Re":-1.2043281157356194e-14,
			"Im":-1.4150760585810592e-14
		},
		"phie_22":-1.196374033981899e-10,
		"phie_23":{
			"Re":-2.7674397891480203e-11,
			"Im":-3.3782083655531154e-11
		},
		"phie_33":-1.057804504506186e-10,
		"phil1_11":1.5553588488952313e-12,
		"phil1_22":1.554852461861101e-12,
		"phil1_23":{
			"Re":-1.948469571800785e-15,
			"Im":-2.368564775044878e-15
		},
		"phil1_33":1.4284930239360384e-12,
		"phil3_22":-5.063945259980999e-16,
		"phil3_23":{
			"Re":-1.948469571800785e-15,
			"Im":-2.368564775044878e-15
		},
		"phil3_33":-1.2686583245106053e-13,
		"phiq1_11":-5.18452952129033e-13,
		"phiq1_22":-5.18452952129033e-13,
		"phiq1_33":-5.18452952129033e-13,
		"phiu_11":-2.073811808516132e-12,
		"phiu_22":-2.073811808516132e-12,
		"phiu_33":-2.073811808516132e-12,
		"ld_1111":-1.036905904258066e-12,
		"ld_1122":-1.036905904258066e-12,
		"ld_1133":-1.036905904258066e-12,
		"ld_2211":-1.036905904258066e-12,
		"ld_2222":-1.036905904258066e-12,
		"ld_2233":-1.036905904258066e-12,
		"ld_3311":-1.036905904258066e-12,
		"ld_3322":-1.036905904258066e-12,
		"ld_3333":-1.036905904258066e-12,
		"le_1111":7.515001996063815e-11,
		"le_1112":{
			"Re":-1.7454082878843506e-14,
			"Im":1.8195612977562513e-15
		},
		"le_1113":{
			"Re":1.2043281157356194e-14,
			"Im":1.4150760585810592e-14
		},
		"le_1122":1.196374033981899e-10,
		"le_1123":{
			"Re":2.7674397891480203e-11,
			"Im":3.3782083655531154e-11
		},
		"le_1133":1.057804504506186e-10,
		"le_2211":7.515001996063815e-11,
		"le_2212":{
			"Re":-1.7454082878843506e-14,
			"Im":1.8195612977562513e-15
		},
		"le_2213":{
			"Re":1.2043281157356194e-14,
			"Im":1.4150760585810592e-14
		},
		"le_2222":1.196374033981899e-10,
		"le_2223":{
			"Re":2.7674397891480203e-11,
			"Im":3.3782083655531154e-11
		},
		"le_2233":1.057804504506186e-10,
		"le_3311":7.515001996063815e-11,
		"le_3312":{
			"Re":-1.7454082878843506e-14,
			"Im":1.8195612977562513e-15
		},
		"le_3313":{
			"Re":1.2043281157356194e-14,
			"Im":1.4150760585810592e-14
		},
		"le_3322":1.196374033981899e-10,
		"le_3323":{
			"Re":2.7674397891480203e-11,
			"Im":3.3782083655531154e-11
		},
		"le_3333":1.057804504506186e-10,
		"ll_1111":-7.776794281935495e-13,
		"ll_1122":-1.555358856387099e-12,
		"ll_1133":-1.555358856387099e-12,
		"ll_2222":-7.776794281935495e-13,
		"ll_2233":-1.555358856387099e-12,
		"ll_3333":-7.776794281935495e-13,
		"lq1_1111":5.18452952129033e-13,
		"lq1_1122":5.18452952129033e-13,
		"lq1_1133":5.18452952129033e-13,
		"lq1_2211":5.18452952129033e-13,
		"lq1_2222":5.18452952129033e-13,
		"lq1_2233":5.18452952129033e-13,
		"lq1_3311":5.18452952129033e-13,