{
	"eft":"SMEFT",
	"basis":"Warsaw",
	"scale":1000,
	"values":{
		"dd_1111":-1.9093896329827465e-12,
		"dd_1122":-3.818779265965493e-12,
		"dd_1133":-3.818779265965493e-12,
		"dd_2222":-1.9093896329827465e-12,
		"dd_2233":-3.818779265965493e-12,
		"dd_3333":-1.9093896329827465e-12,
		"eB_11":5.197179396955478e-16,
		"eB_12":{
			"Re":-9.810392196993151e-20,
			"Im":2.3821108733556065e-19
		},
		"eB_13":{
			"Re":-2.0034810388521916e-19,
			"Im":-8.286427123791818e-19
		},
		"eB_21":{
			"Re":-2.028504969734428e-17,
			"Im":-4.925515359662478e-17
		},
		"eB_22":2.4473269855066082e-14,
		"eB_23":{
			"Re":-1.9241255713303407e-14,
			"Im":4.130265213603367e-14
		},
		"eB_31":{
			"Re":-6.966821061384881e-16,
			"Im":2.8814874655732824e-15
		},
		"eB_32":{
			"Re":-3.2358853411546683e-13,
			"Im":-6.946045964421948e-13
		},
		"eB_33":4.242629283534964e-12,
		"ed_1111":2.3392186770777737e-11,
		"ed_1122":2.3392186770777737e-11,
		"ed_1133":2.3392186770777737e-11,
		"ed_1211":{
			"Re":-6.7554006696996435e-15,
			"Im":1.6264645189339922e-14
		},
		"ed_1222":{
			"Re":-6.7554006696996435e-15,
			"Im":1.6264645189339922e-14
		},
		"ed_1233":{
			"Re":-6.7554006696996435e-15,
			"Im":1.6264645189339922e-14
		},
		"ed_1311":{
			"Re":-1.438825554533714e-14,
			"Im":-5.697451048953938e-14
		},
		"ed_1322":{
			"Re":-1.438825554533714e-14,
			"Im":-5.697451048953938e-14
		},
		"ed_1333":{
			"Re":-1.438825554533714e-14,
			"Im":-5.697451048953938e-14
		},
		"ed_2211":-3.520878124782206e-12,
		"ed_2222":-3.520878124782206e-12,
		"ed_2233":-3.520878124782206e-12,
		"ed_2311":{
			"Re":-6.2092367899096075e-12,
			"Im":1.3330102477019903e-11
		},
		"ed_2322":{
			"Re":-6.2092367899096075e-12,
			"Im":1.3330102477019903e-11
		},
		"ed_2333":{
			"Re":-6.2092367899096075e-12,
			"Im":1.3330102477019903e-11
		},
		"ed_3311":7.000806400663827e-11,
		"ed_3322":7.000806400663827e-11,
		"ed_3333":7.000806400663827e-11,
		"ee_1111":-3.892216773564726e-11,
		"ee_1112":{
			"Re":-7.609347910545103e-13,
			"Im":1.1584671591410184e-12
		},
		"ee_1113":{
			"Re":-3.7390063775716825e-12,
			"Im":-6.270585956431945e-12
		},
		"ee_1122":-3.841272927209208e-11,
		"ee_1123":{
			"Re":8.518781249404512e-11,
			"Im":-1.8288284584183166e-10
		},
		"ee_1133":-1.0471367763461545e-9,
		"ee_1212":{
			"Re":-1.5230256214703424e-11,
			"Im":3.456799653907733e-12
		},
		"ee_1213":{
			"Re":-1.5778212413954517e-10,
			"Im":-4.207981446441353e-12
		},
		"ee_1222":{
			"Re":1.1295090330714464e-13,
			"Im":9.73170014418143e-14
		},
		"ee_1223":{
			"Re":8.750977134201008e-13,
			"Im":1.4781893784597508e-12
		},
		"ee_1232":{
			"Re":9.283632644229697e-14,
			"Im":-7.290747785844852e-13
		},
		"ee_1233":{
			"Re":4.507889873163365e-12,
			"Im":-7.490958147344944e-12
		},
		"ee_1313":{
			"Re":1.8666613188859129e-10,
			"Im":-3.303218421639527e-10
		},
		"ee_1323":{
			"Re":-4.1378259376374594e-12,
			"Im":6.764562451538136e-14
		},
		"ee_1333":{
			"Re":1.0180543926891409e-11,
			"Im":1.7908740156696923e-11
		},
		"ee_2222":-6.971398882813167e-12,
		"ee_2223":{
			"Re":1.954653409622132e-11,
			"Im":-7.0721532263754715e-12
		},
		"ee_2233":-2.8884398404510746e-11,
		"ee_2323":{
			"Re":9.233777733241195e-12,
			"Im":6.64880850766909e-11
		},
		"ee_2333":{
			"Re":5.400731888215196e-11,
			"Im":-1.6055249606794335e-10
		},
		"ee_3333":-4.927851885716049e-10,
		"ephi_11":1.935709510483519e-15,
		"ephi_12":{
			"Re":-3.724237664593006e-19,
			"Im":8.988074709465415e-19
		},
		"ephi_13":{
			"Re":-7.841801989070234e-19,
			"Im":-3.1427999898073836e-18
		},
		"ephi_21":{
			"Re":-7.700640631006977e-17,
			"Im":-1.8584725064327591e-16
		},
		"ephi_22":9.11446601753608e-14,
		"ephi_23":{
			"Re":-7.142662925022471e-14,
			"Im":1.5333484641997315e-13
		},
		"ephi_31":{
			"Re":-2.726465928659219e-15,
			"Im":1.0926947558023605e-14
		},
		"ephi_32":{
			"Re":-1.2010230642680798e-12,
			"Im":-2.578291758411505e-12
		},
		"ephi_33":1.5756762319316203e-11,
		"eu_1111":-4.678437354155547e-11,
		"eu_1122":-4.678437354155547e-11,
		"eu_1133":-4.678437354155547e-11,
		"eu_1211":{
			"Re":1.3510801339399287e-14,
			"Im":-3.2529290378679844e-14
		},
		"eu_1222":{
			"Re":1.3510801339399287e-14,
			"Im":-3.2529290378679844e-14
		},
		"eu_1233":{
			"Re":1.3510801339399287e-14,
			"Im":-3.2529290378679844e-14
		},
		"eu_1311":{
			"Re":2.877651109067428e-14,
			"Im":1.1394902097907875e-13
		},
		"eu_1322":{
			"Re":2.877651109067428e-14,
			"Im":1.1394902097907875e-13
		},
		"eu_1333":{
			"Re":2.877651109067428e-14,
			"Im":1.1394902097907875e-13
		},
		"eu_2211":7.041756249564412e-12,
		"eu_2222":7.041756249564412e-12,
		"eu_2233":7.041756249564412e-12,
		"eu_2311":{
			"Re":1.2418473579819215e-11,
			"Im":-2.6660204954039807e-11
		},
		"eu_2322":{
			"Re":1.2418473579819215e-11,
			"Im":-2.6660204954039807e-11
		},
		"eu_2333":{
			"Re":1.2418473579819215e-11,
			"Im":-2.6660204954039807e-11
		},
		"eu_3311":-1.4001612801327655e-10,
		"eu_3322":-1.4001612801327655e-10,
		"eu_3333":-1.4001612801327655e-10,
		"phi":7.312735826115288e-11,
		"phiB":-1.290323486961889e-10,
		"phiBox":-1.9806772924354066e-10,
		"phid_11":5.728168898948239e-12,
		"phid_22":5.728168898948239e-12,
		"phid_33":5.728168898948239e-12,
		"phiD":-1.7184506696844716e-11,
		"phie_11":-3.5088280156166615e-11,
		"phie_12":{
			"Re":1.0133101004549513e-14,
			"Im":-2.4396967784009965e-14
		},
		"phie_13":{
			"Re":2.1582383318006013e-14,
			"Im":8.546176573430924e-14
		},
		"phie_22":5.281317187173314e-12,
		"phie_23":{
			"Re":9.313855184864408e-12,
			"Im":-1.9995153715529847e-11
		},
		"phie_33":-1.0501209600995736e-10,
		"phil1_11":8.592253344119106e-12,
		"phil1_13":{
			"Re":0.0,
			"Im":2.38586477655547e-20
		},
		"phil1_22":8.592211448733686e-12,
		"phil1_23":{
			"Re":5.540027514543607e-16,
			"Im":-1.189204242522722e-15
		},
		"phil1_33":8.47009768813174e-12,
		"phil3_13":{
			"Re":0.0,
			"Im":2.38586477655547e-20
		},
		"phil3_22":-4.189968867053137e-17,
		"phil3_23":{
			"Re":5.540027514543607e-16,
			"Im":-1.189204242522722e-15
		},
		"phil3_33":-1.2215566029061856e-13,
		"phiq1_11":-2.8640844494741193e-12,
		"phiq1_22":-2.8640844494741193e-12,
		"phiq1_33":-2.8640844494741193e-12,
		"phiu_11":-1.1456337797896477e-11,
		"phiu_22":-1.1456337797896477e-11,
		"phiu_33":-1.1456337797896477e-11,
		"ld_1111":-5.728168898948239e-12,
		"ld_1122":-5.728168898948239e-12,
		"ld_1133":-5.728168898948239e-12,
		"ld_2211":-5.728168898948239e-12,
		"ld_2222":-5.728168898948239e-12,
		"ld_2233":-5.728168898948239e-12,
		"ld_3311":-5.728168898948239e-12,
		"ld_3322":-5.728168898948239e-12,
		"ld_3333":-5.728168898948239e-12,
		"le_1111":3.5088280156166615e-11,
		"le_1112":{
			"Re":-1.0133101004549513e-14,
			"Im":2.4396967784009965e-14
		},
		"le_1113":{
			"Re":-2.1582383318006013e-14,
			"Im":-8.546176573430924e-14
		},
		"le_1122":-5.281317187173314e-12,
		"le_1123":{
			"Re":-9.313855184864408e-12,
			"Im":1.9995153715529847e-11
		},
		"le_1133":1.0501209600995736e-10,
		"le_2211":3.5088280156166615e-11,
		"le_2212":{
			"Re":-1.0133101004549513e-14,
			"Im":2.4396967784009965e-14
		},
		"le_2213":{
			"Re":-2.1582383318006013e-14,
			"Im":-8.546176573430924e-14
		},
		"le_2222":-5.281317187173314e-12,
		"le_2223":{
			"Re":-9.313855184864408e-12,
			"Im":1.9995153715529847e-11
		},
		"le_2233":1.0501209600995736e-10,
		"le_3311":3.5088280156166615e-11,
		"le_3312":{
			"Re":-1.0133101004549513e-14,
			"Im":2.4396967784009965e-14
		},
		"le_3313":{
			"Re":-2.1582383318006013e-14,
			"Im":-8.546176573430924e-14
		},
		"le_3322":-5.281317187173314e-12,
		"le_3323":{
			"Re":-9.313855184864408e-12,
			"Im":1.9995153715529847e-11
		},
		"le_3333":1.0501209600995736e-10,
		"ll_1111":-4.296126674211179e-12,
		"ll_1122":-8.592253348422358e-12,
		"ll_1133":-8.592253348422358e-12,
		"ll_2222":-4.296126674211179e-12,
		"ll_2233":-8.592253348422358e-12,
		"ll_3333":-4.296126674211179e-12,
		"lq1_1111":2.8640844494741193e-12,