{
	"eft":"SMEFT",
	"basis":"Warsaw",
	"scale":1000,
	"values":{
		"dd_1111":-3.84838629494213e-14,
		"dd_1122":-7.69677258988426e-14,
		"dd_1133":-7.69677258988426e-14,
		"dd_2222":-3.84838629494213e-14,
		"dd_2233":-7.69677258988426e-14,
		"dd_3333":-3.84838629494213e-14,
		"eB_11":1.4940094553730993e-16,
		"eB_12":-4.903563674102288e-20,
		"eB_13":{
			"Re":-2.8258853428543393e-18,
			"Im":1.854911420316485e-19
		},
		"eB_21":{
			"Re":-1.0139149467820905e-17,
			"Im":1.0641101369529303e-18
		},
		"eB_22":3.0447563353708672e-15,
		"eB_23":{
			"Re":7.71524183104563e-18,
			"Im":8.600842302478189e-18
		},
		"eB_31":{
			"Re":-9.826615346924035e-15,
			"Im":-6.450191291786741e-16
		},
		"eB_32":{
			"Re":1.2975056470603792e-16,
			"Im":-1.4464409154403387e-16
		},
		"eB_33":2.9926195655451066e-13,
		"ed_1111":1.0106277518933477e-11,
		"ed_1122":1.0106277518933477e-11,
		"ed_1133":1.0106277518933477e-11,
		"ed_1211":{
			"Re":-3.3934377249832077e-15,
			"Im":-3.5588744215160266e-16
		},
		"ed_1222":{
			"Re":-3.3934377249832077e-15,
			"Im":-3.5588744215160266e-16
		},
		"ed_1233":{
			"Re":-3.3934377249832077e-15,
			"Im":-3.5588744215160266e-16
		},
		"ed_1311":{
			"Re":-1.9570568459963173e-13,
			"Im":1.2884488444916299e-14
		},
		"ed_1322":{
			"Re":-1.9570568459963173e-13,
			"Im":1.2884488444916299e-14
		},
		"ed_1333":{
			"Re":-1.9570568459963173e-13,
			"Im":1.2884488444916299e-14
		},
		"ed_2211":7.86560790747039e-13,
		"ed_2222":7.86560790747039e-13,
		"ed_2233":7.86560790747039e-13,
		"ed_2311":{
			"Re":2.575829315251857e-15,
			"Im":2.871991383452013e-15
		},
		"ed_2322":{
			"Re":2.575829315251857e-15,
			"Im":2.871991383452013e-15
		},
		"ed_2333":{
			"Re":2.575829315251857e-15,
			"Im":2.871991383452013e-15
		},
		"ed_3311":5.719855009184072e-12,
		"ed_3322":5.719855009184072e-12,
		"ed_3333":5.719855009184072e-12,
		"ee_1111":-4.1695322016238286e-10,
		"ee_1112":{
			"Re":1.2298841130020108e-13,
			"Im":8.50053151425523e-14
		},
		"ee_1113":{
			"Re":5.697555184413902e-12,
			"Im":4.1261885737258445e-11
		},
		"ee_1122":-2.0936056182529495e-10,
		"ee_1123":{
			"Re":-5.874072236175286e-13,
			"Im":-7.122426526761258e-13
		},
		"ee_1133":{
			"Re":-1.3673298275312273e-9,
			"Im":1.3419148321262464e-20
		},
		"ee_1212":{
			"Re":-3.778099617818907e-11,
			"Im":6.725670291879397e-11
		},
		"ee_1213":{
			"Re":-1.8932997777849126e-12,
			"Im":4.880642165998786e-13
		},
		"ee_1222":{
			"Re":1.021390704127487e-13,
			"Im":-5.057806832993133e-14
		},
		"ee_1223":{
			"Re":4.008242446037953e-12,
			"Im":-2.6353802709895695e-13
		},
		"ee_1232":{
			"Re":5.73949315071249e-12,
			"Im":-1.3267696871627256e-12
		},
		"ee_1233":{
			"Re":5.906093856683843e-13,
			"Im":1.1492990337962258e-13
		},
		"ee_1313":{
			"Re":3.977124138835754e-10,
			"Im":2.119038020120466e-10
		},
		"ee_1323":{
			"Re":-3.3010992430856016e-13,
			"Im":-1.7086316754657166e-13
		},
		"ee_1333":{
			"Re":1.7750374056730838e-11,
			"Im":-3.5095436521007854e-11
		},
		"ee_2222":-1.6631963868708245e-12,
		"ee_2223":{
			"Re":7.948282674408204e-14,
			"Im":7.854353859044965e-14
		},
		"ee_2233":-1.1955616354974272e-10,
		"ee_2323":{
			"Re":-1.0124544299201823e-12,
			"Im":-4.432669110986343e-11
		},
		"ee_2333":{
			"Re":-1.1671915813568746e-12,
			"Im":-1.140988802870228e-12
		},
		"ee_3333":-1.3188198609265243e-10,
		"ephi_11":-1.7481344389392277e-15,
		"ephi_12":{
			"Re":5.738394016747656e-19,
			"Im":6.019361574376428e-20
		},
		"ephi_13":{
			"Re":3.3085870527917646e-17,
			"Im":-2.1764316021086486e-18
		},
		"ephi_21":{
			"Re":1.1865338932914605e-16,
			"Im":-1.2446298570273179e-17
		},
		"ephi_22":-3.559156457610175e-14,
		"ephi_23":{
			"Re":-9.012286670979697e-17,
			"Im":-1.0048012493407005e-16
		},
		"ephi_31":{
			"Re":1.15057195888237e-13,
			"Im":7.568611198301679e-15
		},
		"ephi_32":{
			"Re":-1.5157112850756615e-15,
			"Im":1.6899025064780761e-15
		},
		"ephi_33":-3.4998585024996036e-12,
		"eu_1111":-2.0212555037866954e-11,
		"eu_1122":-2.0212555037866954e-11,
		"eu_1133":-2.0212555037866954e-11,
		"eu_1211":{
			"Re":6.7868754499664154e-15,
			"Im":7.117748843032053e-16
		},
		"eu_1222":{
			"Re":6.7868754499664154e-15,
			"Im":7.117748843032053e-16
		},
		"eu_1233":{
			"Re":6.7868754499664154e-15,
			"Im":7.117748843032053e-16
		},
		"eu_1311":{
			"Re":3.9141136919926346e-13,
			"Im":-2.5768976889832597e-14
		},
		"eu_1322":{
			"Re":3.9141136919926346e-13,
			"Im":-2.5768976889832597e-14
		},
		"eu_1333":{
			"Re":3.9141136919926346e-13,
			"Im":-2.5768976889832597e-14
		},
		"eu_2211":-1.573121581494078e-12,
		"eu_2222":-1.573121581494078e-12,
		"eu_2233":-1.573121581494078e-12,
		"eu_2311":{
			"Re":-5.151658630503714e-15,
			"Im":-5.743982766904026e-15
		},
		"eu_2322":{
			"Re":-5.151658630503714e-15,
			"Im":-5.743982766904026e-15
		},
		"eu_2333":{
			"Re":-5.151658630503714e-15,
			"Im":-5.743982766904026e-15
		},
		"eu_3311":-1.1439710018368144e-11,
		"eu_3322":-1.1439710018368144e-11,
		"eu_3333":-1.1439710018368144e-11,
		"phi":-4.271440835191322e-11,
		"phiB":7.988271901257094e-12,
		"phiBox":-3.6934638224779375e-11,
		"phid_11":1.154515888482639e-13,
		"phid_22":1.154515888482639e-13,
		"phid_33":1.154515888482639e-13,
		"phiD":-3.463547665447917e-13,
		"phie_11":-1.515941627840022e-11,
		"phie_12":{
			"Re":5.0901565874748125e-15,
			"Im":5.338311632274039e-16
		},
		"phie_13":{
			"Re":2.935585268994477e-13,
			"Im":-1.9326732667374486e-14
		},
		"phie_22":-1.1798411861205576e-12,
		"phie_23":{
			"Re":-3.863743972877781e-15,
			"Im":-4.307987075178014e-15
		},
		"phie_33":-8.579782513776106e-12,
		"phil1_11":1.7317738203535955e-13,
		"phil1_13":8.136414164245204e-20,
		"phil1_22":1.731721704690686e-13,
		"phil1_23":{
			"Re":-2.221406578771181e-19,
			"Im":-2.4763925865314213e-19
		},
		"phil1_33":1.6456090055384927e-13,
		"phil3_13":8.136414164245204e-20,
		"phil3_22":-5.212803327270096e-18,
		"phil3_23":{
			"Re":-2.221406578771181e-19,
			"Im":-2.4763925865314213e-19
		},
		"phil3_33":-8.616482718546583e-15,
		"phiq1_11":-5.772579442413195e-14,
		"phiq1_22":-5.772579442413195e-14,
		"phiq1_33":-5.772579442413195e-14,
		"phiu_11":-2.309031776965278e-13,
		"phiu_22":-2.309031776965278e-13,
		"phiu_33":-2.309031776965278e-13,
		"ld_1111":-1.154515888482639e-13,
		"ld_1122":-1.154515888482639e-13,
		"ld_1133":-1.154515888482639e-13,
		"ld_2211":-1.154515888482639e-13,
		"ld_2222":-1.154515888482639e-13,
		"ld_2233":-1.154515888482639e-13,
		"ld_3311":-1.154515888482639e-13,
		"ld_3322":-1.154515888482639e-13,
		"ld_3333":-1.154515888482639e-13,
		"le_1111":1.515941627840022e-11,
		"le_1112":{
			"Re":-5.0901565874748125e-15,
			"Im":-5.338311632274039e-16
		},
		"le_1113":{
			"Re":-2.935585268994477e-13,
			"Im":1.9326732667374486e-14
		},
		"le_1122":1.1798411861205576e-12,
		"le_1123":{
			"Re":3.863743972877781e-15,
			"Im":4.307987075178014e-15
		},
		"le_1133":8.579782513776106e-12,
		"le_2211":1.515941627840022e-11,
		"le_2212":{
			"Re":-5.0901565874748125e-15,
			"Im":-5.338311632274039e-16
		},
		"le_2213":{
			"Re":-2.935585268994477e-13,
			"Im":1.9326732667374486e-14
		},
		"le_2222":1.1798411861205576e-12,
		"le_2223":{
			"Re":3.863743972877781e-15,
			"Im":4.307987075178014e-15
		},
		"le_2233":8.579782513776106e-12,
		"le_3311":1.515941627840022e-11,
		"le_3312":{
			"Re":-5.0901565874748125e-15,
			"Im":-5.338311632274039e-16
		},
		"le_3313":{
			"Re":-2.935585268994477e-13,
			"Im":1.9326732667374486e-14
		},
		"le_3322":1.1798411861205576e-12,
		"le_3323":{
			"Re":3.863743972877781e-15,
			"Im":4.307987075178014e-15
		},
		"le_3333":8.579782513776106e-12,
		"ll_1111":-8.658869163619792e-14,
		"ll_1122":-1.7317738327239584e-13,
		"ll_1133":-1.7317738327239584e-13,
		"ll_2222":-8.658869163619792e-14,
		"ll_2233":-1.7317738327239584e-13,
		"ll_3333":-8.658869163619792e-14,
		"lq1_1111":5.772579442413195e-14,
		"lq1_1122":5.772579442413195e-14,
		"lq1_1133":5.772579442413195e-14,
		"lq1_2211":5.772579442413195e-14,