{
	"eft":"SMEFT",
	"basis":"Warsaw",
	"scale":1000,
	"values":{
		"dd_1111":-1.724961958081892e-13,
		"dd_1122":-3.449923916163784e-13,
		"dd_1133":-3.449923916163784e-13,
		"dd_2222":-1.724961958081892e-13,
		"dd_2233":-3.449923916163784e-13,
		"dd_3333":-1.724961958081892e-13,
		"eB_11":2.4661980819474727e-16,
		"eB_12":{
			"Re":4.077018056263883e-18,
			"Im":2.288058248586595e-18
		},
		"eB_13":{
			"Re":8.700948873510319e-17,
			"Im":5.3571591950636855e-18
		},
		"eB_21":{
			"Re":8.430092521034095e-16,
			"Im":-4.731041771930717e-16
		},
		"eB_22":3.811243536238489e-15,
		"eB_23":{
			"Re":8.524189731167179e-15,
			"Im":-4.084696262988882e-15
		},
		"eB_31":{
			"Re":3.0256315228584675e-13,
			"Im":-1.862876103421614e-14
		},
		"eB_32":{
			"Re":1.433549920405351e-13,
			"Im":6.869410685777828e-14
		},
		"eB_33":3.0242461161290877e-12,
		"ed_1111":1.3542261368166714e-11,
		"ed_1122":1.3542261368166714e-11,
		"ed_1133":1.3542261368166714e-11,
		"ed_1211":{
			"Re":2.4051312041021665e-13,
			"Im":1.3508221595669125e-13
		},
		"ed_1222":{
			"Re":2.4051312041021665e-13,
			"Im":1.3508221595669125e-13
		},
		"ed_1233":{
			"Re":2.4051312041021665e-13,
			"Im":1.3508221595669125e-13
		},
		"ed_1311":{
			"Re":5.133722228438323e-12,
			"Im":3.1775668041627177e-13
		},
		"ed_1322":{
			"Re":5.133722228438323e-12,
			"Im":3.1775668041627177e-13
		},
		"ed_1333":{
			"Re":5.133722228438323e-12,
			"Im":3.1775668041627177e-13
		},
		"ed_2211":5.489351925184167e-14,
		"ed_2222":5.489351925184167e-14,
		"ed_2233":5.489351925184167e-14,
		"ed_2311":{
			"Re":2.4349123264108683e-12,
			"Im":-1.1667819566631738e-12
		},
		"ed_2322":{
			"Re":2.4349123264108683e-12,
			"Im":-1.1667819566631738e-12
		},
		"ed_2333":{
			"Re":2.4349123264108683e-12,
			"Im":-1.1667819566631738e-12
		},
		"ed_3311":5.033360738088511e-11,
		"ed_3322":5.033360738088511e-11,
		"ed_3333":5.033360738088511e-11,
		"ee_1111":{
			"Re":-5.272908269554425e-10,
			"Im":-3.6228607668178887e-19
		},
		"ee_1112":{
			"Re":-3.6138857296602666e-11,
			"Im":-8.907907995587913e-12
		},
		"ee_1113":{
			"Re":-6.801800812169404e-10,
			"Im":1.428152060444954e-10
		},
		"ee_1122":-5.257614804965737e-11,
		"ee_1123":{
			"Re":-1.7715536133997885e-10,
			"Im":8.498669044130915e-11
		},
		"ee_1133":{
			"Re":-3.710921747668287e-9,
			"Im":2.3201009328836233e-18
		},
		"ee_1212":{
			"Re":5.5683432826311894e-12,
			"Im":-4.933350945395865e-12
		},
		"ee_1213":{
			"Re":-4.6821420439210253e-11,
			"Im":1.4784785754270376e-11
		},
		"ee_1222":{
			"Re":-2.011973933305119e-12,
			"Im":9.621637259279364e-14
		},
		"ee_1223":{
			"Re":-1.6785081591221186e-11,
			"Im":-3.4811172838960133e-12
		},
		"ee_1232":{
			"Re":-2.6149210572533615e-11,
			"Im":-2.4724892171800135e-12
		},
		"ee_1233":{
			"Re":-1.3965941780636304e-11,
			"Im":-6.027699247528864e-11
		},
		"ee_1313":{
			"Re":-3.338633197185955e-10,
			"Im":3.0568108644831917e-10
		},
		"ee_1323":{
			"Re":-2.7713680269477703e-11,
			"Im":-1.2095706342761756e-11
		},
		"ee_1333":{
			"Re":-3.8391709215125453e-10,
			"Im":-4.2987693898513824e-10
		},
		"ee_2222":-1.360558833067e-12,
		"ee_2223":{
			"Re":-1.2690332111519231e-11,
			"Im":3.5655284630785393e-12
		},
		"ee_2233":{
			"Re":-2.1726924159257527e-10,
			"Im":-2.804706974745157e-20
		},
		"ee_2323":{
			"Re":-4.6680336053840457e-11,
			"Im":2.4364512074255788e-11
		},
		"ee_2333":{
			"Re":-5.914384613862094e-10,
			"Im":2.8580006500577007e-10
		},
		"ee_3333":{
			"Re":-6.237255784013887e-9,
			"Im":-7.918198175138192e-19
		},
		"ephi_11":8.410839095565055e-17,
		"ephi_12":{
			"Re":1.3885817697453777e-18,
			"Im":7.796975143424663e-19
		},
		"ephi_13":{
			"Re":2.9688573854792535e-17,
			"Im":1.8345641097864144e-18
		},
		"ephi_21":{
			"Re":2.87116740985159e-16,
			"Im":-1.6121788062738332e-16
		},
		"ephi_22":1.300122711697058e-15,
		"ephi_23":{
			"Re":2.9106334504353908e-15,
			"Im":-1.3947423290714088e-15
		},
		"ephi_31":{
			"Re":1.030599807328383e-13,
			"Im":-6.368487895071361e-15
		},
		"ephi_32":{
			"Re":4.886542901690551e-14,
			"Im":2.3415755843572543e-14
		},
		"ephi_33":1.0326624292406979e-12,
		"eu_1111":-2.708452273633343e-11,
		"eu_1122":-2.708452273633343e-11,
		"eu_1133":-2.708452273633343e-11,
		"eu_1211":{
			"Re":-4.810262408204333e-13,
			"Im":-2.701644319133825e-13
		},
		"eu_1222":{
			"Re":-4.810262408204333e-13,
			"Im":-2.701644319133825e-13
		},
		"eu_1233":{
			"Re":-4.810262408204333e-13,
			"Im":-2.701644319133825e-13
		},
		"eu_1311":{
			"Re":-1.0267444456876647e-11,
			"Im":-6.355133608325435e-13
		},
		"eu_1322":{
			"Re":-1.0267444456876647e-11,
			"Im":-6.355133608325435e-13
		},
		"eu_1333":{
			"Re":-1.0267444456876647e-11,
			"Im":-6.355133608325435e-13
		},
		"eu_2211":-1.0978703850368334e-13,
		"eu_2222":-1.0978703850368334e-13,
		"eu_2233":-1.0978703850368334e-13,
		"eu_2311":{
			"Re":-4.869824652821737e-12,
			"Im":2.3335639133263476e-12
		},
		"eu_2322":{
			"Re":-4.869824652821737e-12,
			"Im":2.3335639133263476e-12
		},
		"eu_2333":{
			"Re":-4.869824652821737e-12,
			"Im":2.3335639133263476e-12
		},
		"eu_3311":-1.0066721476177021e-10,
		"eu_3322":-1.0066721476177021e-10,
		"eu_3333":-1.0066721476177021e-10,
		"phi":6.612570927235117e-15,
		"phiB":-1.1660541788998545e-12,
		"phiBox":-5.632806704240918e-13,
		"phid_11":5.174885874245675e-13,
		"phid_22":5.174885874245675e-13,
		"phid_33":5.174885874245675e-13,
		"phiD":-1.5524657622737026e-12,
		"phie_11":-2.0313392052250077e-11,
		"phie_12":{
			"Re":-3.607696806153255e-13,
			"Im":-2.0262332393503705e-13
		},
		"phie_13":{
			"Re":-7.700583342657493e-12,
			"Im":-4.766350206244068e-13
		},
		"phie_22":-8.234027887776211e-14,
		"phie_23":{
			"Re":-3.652368489616305e-12,
			"Im":1.750172934994762e-12
		},
		"phie_33":-7.550041107132773e-11,
		"phil1_11":7.762328790948452e-13,
		"phil1_13":{
			"Re":-2.5052157135750953e-18,
			"Im":-1.5424569883930879e-19
		},
		"phil1_22":7.762263560620017e-13,
		"phil1_23":{
			"Re":-2.4543224389043136e-16,
			"Im":1.1760838285552225e-16
		},
		"phil1_33":6.891574483077829e-13,
		"phil3_13":{
			"Re":-2.5052157135750953e-18,
			"Im":-1.5424569883930879e-19
		},
		"phil3_22":-6.525074849485685e-18,
		"phil3_23":{
			"Re":-2.4543224389043136e-16,
			"Im":1.1760838285552225e-16
		},
		"phil3_33":-8.70754328290684e-14,
		"phiq1_11":-2.5874429371228374e-13,
		"phiq1_22":-2.5874429371228374e-13,
		"phiq1_33":-2.5874429371228374e-13,
		"phiu_11":-1.034977174849135e-12,
		"phiu_22":-1.034977174849135e-12,
		"phiu_33":-1.034977174849135e-12,
		"ld_1111":-5.174885874245675e-13,
		"ld_1122":-5.174885874245675e-13,
		"ld_1133":-5.174885874245675e-13,
		"ld_2211":-5.174885874245675e-13,
		"ld_2222":-5.174885874245675e-13,
		"ld_2233":-5.174885874245675e-13,
		"ld_3311":-5.174885874245675e-13,
		"ld_3322":-5.174885874245675e-13,
		"ld_3333":-5.174885874245675e-13,
		"le_1111":2.0313392052250077e-11,
		"le_1112":{
			"Re":3.607696806153255e-13,
			"Im":2.0262332393503705e-13
		},
		"le_1113":{
			"Re":7.700583342657493e-12,
			"Im":4.766350206244068e-13
		},
		"le_1122":8.234027887776211e-14,
		"le_1123":{
			"Re":3.652368489616305e-12,
			"Im":-1.750172934994762e-12
		},
		"le_1133":7.550041107132773e-11,
		"le_2211":2.0313392052250077e-11,
		"le_2212":{
			"Re":3.607696806153255e-13,
			"Im":2.0262332393503705e-13
		},
		"le_2213":{
			"Re":7.700583342657493e-12,
			"Im":4.766350206244068e-13
		},
		"le_2222":8.234027887776211e-14,
		"le_2223":{
			"Re":3.652368489616305e-12,
			"Im":-1.750172934994762e-12
		},
		"le_2233":7.550041107132773e-11,
		"le_3311":2.0313392052250077e-11,
		"le_3312":{
			"Re":3.607696806153255e-13,
			"Im":2.0262332393503705e-13
		},
		"le_3313":{
			"Re":7.700583342657493e-12,
			"Im":4.766350206244068e-13
		},
		"le_3322":8.234027887776211e-14,
		"le_3323":{
			"Re":3.652368489616305e-12,
			"Im":-1.750172934994762e-12
		},
		"le_3333":7.550041107132773e-11,
		"ll_1111":-3.8811644056842565e-13,
		"ll_1122":-7.762328811368513e-13,