{
	"eft":"SMEFT",
	"basis":"Warsaw",
	"scale":1000,
	"values":{
		"dd_1111":-4.29905336542319e-14,
		"dd_1122":-8.59810673084638e-14,
		"dd_1133":-8.59810673084638e-14,
		"dd_2222":-4.29905336542319e-14,
		"dd_2233":-8.59810673084638e-14,
		"dd_3333":-4.29905336542319e-14,
		"eB_11":1.6774666449573543e-16,
		"eB_12":{
			"Re":-7.740935955172115e-20,
			"Im":1.0223867790742555e-19
		},
		"eB_13":{
			"Re":4.350628861784837e-20,
			"Im":-1.0485498152363584e-19
		},
		"eB_21":{
			"Re":-1.600601356210341e-17,
			"Im":-2.1139997471034368e-17
		},
		"eB_22":1.8118166999852547e-14,
		"eB_23":{
			"Re":-1.52066539116389e-18,
			"Im":2.350247642051903e-18
		},
		"eB_31":{
			"Re":1.5128694605423243e-16,
			"Im":3.6461832156319524e-16
		},
		"eB_32":{
			"Re":-2.557368875185528e-17,
			"Im":-3.9525132903579895e-17
		},
		"eB_33":4.344750664067045e-13,
		"ed_1111":9.926707372077125e-12,
		"ed_1122":9.926707372077125e-12,
		"ed_1133":9.926707372077125e-12,
		"ed_1211":{
			"Re":-4.703577970280788e-15,
			"Im":6.211921271579693e-15
		},
		"ed_1222":{
			"Re":-4.703577970280788e-15,
			"Im":6.211921271579693e-15
		},
		"ed_1233":{
			"Re":-4.703577970280788e-15,
			"Im":6.211921271579693e-15
		},
		"ed_1311":{
			"Re":2.6439243888317007e-15,
			"Im":-6.372649792405232e-15
		},
		"ed_1322":{
			"Re":2.6439243888317007e-15,
			"Im":-6.372649792405232e-15
		},
		"ed_1333":{
			"Re":2.6439243888317007e-15,
			"Im":-6.372649792405232e-15
		},
		"ed_2211":5.058679563309639e-12,
		"ed_2222":5.058679563309639e-12,
		"ed_2233":5.058679563309639e-12,
		"ed_2311":{
			"Re":-4.490085497701441e-16,
			"Im":7.053747740697103e-16
		},
		"ed_2322":{
			"Re":-4.490085497701441e-16,
			"Im":7.053747740697103e-16
		},
		"ed_2333":{
			"Re":-4.490085497701441e-16,
			"Im":7.053747740697103e-16
		},
		"ed_3311":7.325343513684111e-12,
		"ed_3322":7.325343513684111e-12,
		"ed_3333":7.325343513684111e-12,
		"ee_1111":-7.887854501450263e-10,
		"ee_1112":{
			"Re":9.72144600411211e-13,
			"Im":-1.8158265815358502e-13
		},
		"ee_1113":{
			"Re":-8.486361566535435e-13,
			"Im":-1.851260467828332e-12
		},
		"ee_1122":-1.250399438366349e-9,
		"ee_1123":{
			"Re":9.842947705891097e-14,
			"Im":-1.6550722059449834e-13
		},
		"ee_1133":-1.7957672809248005e-9,
		"ee_1212":{
			"Re":1.7975607413286377e-10,
			"Im":-1.2656860873871228e-10
		},
		"ee_1213":{
			"Re":-3.883213356004403e-12,
			"Im":-7.785273977794432e-12
		},
		"ee_1222":{
			"Re":1.2251916464501028e-13,
			"Im":-1.2829816911751772e-12
		},
		"ee_1223":{
			"Re":-3.510192280044364e-13,
			"Im":8.064654212407154e-13
		},
		"ee_1232":{
			"Re":9.243109477508503e-13,
			"Im":1.505460627852957e-12
		},
		"ee_1233":{
			"Re":9.035429900254545e-13,
			"Im":-1.135361726156228e-12
		},
		"ee_1313":{
			"Re":2.992196431039855e-10,
			"Im":-9.462331966020958e-11
		},
		"ee_1323":{
			"Re":-4.074066022018611e-13,
			"Im":-8.953217261140267e-13
		},
		"ee_1333":{
			"Re":1.3645272870275052e-13,
			"Im":3.5840388478883677e-12
		},
		"ee_2222":-2.0834776016436426e-10,
		"ee_2223":{
			"Re":7.365464011216382e-13,
			"Im":-4.567287654070156e-12
		},
		"ee_2233":-9.272064337270972e-10,
		"ee_2323":{
			"Re":1.5586307920570815e-10,
			"Im":4.944645278989041e-11
		},
		"ee_2333":{
			"Re":-9.278707825130822e-13,
			"Im":6.267115565150909e-12
		},
		"ee_3333":-4.3249984213450635e-10,
		"ephi_11":2.9493301425700864e-16,
		"ephi_12":{
			"Re":-1.361761697466968e-19,
			"Im":1.7984820617719313e-19
		},
		"ephi_13":{
			"Re":7.656800095354151e-20,
			"Im":-1.8454739107660227e-19
		},
		"ephi_21":{
			"Re":-2.8157254597805954e-17,
			"Im":-3.7187356198069214e-17
		},
		"ephi_22":3.184120264840429e-14,
		"ephi_23":{
			"Re":-2.684888476030428e-18,
			"Im":4.1969964167327065e-18
		},
		"ephi_31":{
			"Re":2.661654454579216e-16,
			"Im":6.415230753421778e-16
		},
		"ephi_32":{
			"Re":-4.513795575225863e-17,
			"Im":-7.055955958822963e-17
		},
		"ephi_33":7.639683805284512e-13,
		"eu_1111":-1.985341474415425e-11,
		"eu_1122":-1.985341474415425e-11,
		"eu_1133":-1.985341474415425e-11,
		"eu_1211":{
			"Re":9.407155940561576e-15,
			"Im":-1.2423842543159386e-14
		},
		"eu_1222":{
			"Re":9.407155940561576e-15,
			"Im":-1.2423842543159386e-14
		},
		"eu_1233":{
			"Re":9.407155940561576e-15,
			"Im":-1.2423842543159386e-14
		},
		"eu_1311":{
			"Re":-5.2878487776634014e-15,
			"Im":1.2745299584810464e-14
		},
		"eu_1322":{
			"Re":-5.2878487776634014e-15,
			"Im":1.2745299584810464e-14
		},
		"eu_1333":{
			"Re":-5.2878487776634014e-15,
			"Im":1.2745299584810464e-14
		},
		"eu_2211":-1.0117359126619278e-11,
		"eu_2222":-1.0117359126619278e-11,
		"eu_2233":-1.0117359126619278e-11,
		"eu_2311":{
			"Re":8.980170995402882e-16,
			"Im":-1.4107495481394207e-15
		},
		"eu_2322":{
			"Re":8.980170995402882e-16,
			"Im":-1.4107495481394207e-15
		},
		"eu_2333":{
			"Re":8.980170995402882e-16,
			"Im":-1.4107495481394207e-15
		},
		"eu_3311":-1.4650687027368222e-11,
		"eu_3322":-1.4650687027368222e-11,
		"eu_3333":-1.4650687027368222e-11,
		"phi":2.1360531756305217e-13,
		"phiB":-1.470713836337228e-12,
		"phiBox":-1.214803880192166e-12,
		"phid_11":1.2897160096269568e-13,
		"phid_22":1.2897160096269568e-13,
		"phid_33":1.2897160096269568e-13,
		"phiD":-3.869148028880871e-13,
		"phie_11":-1.4890061058115696e-11,
		"phie_12":{
			"Re":7.055366955421194e-15,
			"Im":-9.317881907369554e-15
		},
		"phie_13":{
			"Re":-3.9658865832475534e-15,
			"Im":9.558974688607857e-15
		},
		"phie_22":-7.588019344964454e-12,
		"phie_23":{
			"Re":6.735128246552312e-16,
			"Im":-1.0580621611046633e-15
		},
		"phie_33":-1.098801527052617e-11,
		"phil1_11":1.9345740005510516e-13,
		"phil1_22":1.9342638206816652e-13,
		"phil1_23":{
			"Re":4.3783671050313446e-20,
			"Im":-6.766937042449658e-20
		},
		"phil1_33":1.8094780301584898e-13,
		"phil3_22":-3.101937587703954e-17,
		"phil3_23":{
			"Re":4.3783671050313446e-20,
			"Im":-6.766937042449658e-20
		},
		"phil3_33":-1.2509598428194558e-14,
		"phiq1_11":-6.448580048134784e-14,
		"phiq1_22":-6.448580048134784e-14,
		"phiq1_33":-6.448580048134784e-14,
		"phiu_11":-2.5794320192539135e-13,
		"phiu_22":-2.5794320192539135e-13,
		"phiu_33":-2.5794320192539135e-13,
		"ld_1111":-1.2897160096269568e-13,
		"ld_1122":-1.2897160096269568e-13,
		"ld_1133":-1.2897160096269568e-13,
		"ld_2211":-1.2897160096269568e-13,
		"ld_2222":-1.2897160096269568e-13,
		"ld_2233":-1.2897160096269568e-13,
		"ld_3311":-1.2897160096269568e-13,
		"ld_3322":-1.2897160096269568e-13,
		"ld_3333":-1.2897160096269568e-13,
		"le_1111":1.4890061058115696e-11,
		"le_1112":{
			"Re":-7.055366955421194e-15,
			"Im":9.317881907369554e-15
		},
		"le_1113":{
			"Re":3.9658865832475534e-15,
			"Im":-9.558974688607857e-15
		},
		"le_1122":7.588019344964454e-12,
		"le_1123":{
			"Re":-6.735128246552312e-16,
			"Im":1.0580621611046633e-15
		},
		"le_1133":1.098801527052617e-11,
		"le_2211":1.4890061058115696e-11,
		"le_2212":{
			"Re":-7.055366955421194e-15,
			"Im":9.317881907369554e-15
		},
		"le_2213":{
			"Re":3.9658865832475534e-15,
			"Im":-9.558974688607857e-15
		},
		"le_2222":7.588019344964454e-12,
		"le_2223":{
			"Re":-6.735128246552312e-16,
			"Im":1.0580621611046633e-15
		},
		"le_2233":1.098801527052617e-11,
		"le_3311":1.4890061058115696e-11,
		"le_3312":{
			"Re":-7.055366955421194e-15,
			"Im":9.317881907369554e-15
		},
		"le_3313":{
			"Re":3.9658865832475534e-15,
			"Im":-9.558974688607857e-15
		},
		"le_3322":7.588019344964454e-12,
		"le_3323":{
			"Re":-6.735128246552312e-16,
			"Im":1.0580621611046633e-15
		},
		"le_3333":1.098801527052617e-11,
		"ll_1111":-9.672870072202177e-14,
		"ll_1122":-1.9345740144404354e-13,
		"ll_1133":-1.9345740144404354e-13,
		"ll_2222":-9.672870072202177e-14,
		"ll_2233":-1.9345740144404354e-13,
		"ll_3333":-9.672870072202177e-14,
		"lq1_1111":6.448580048134784e-14,
		"lq1_1122":6.448580048134784e-14,
		"lq1_1133":6.448580048134784e-14,
		"lq1_2211":6.448580048134784e-14,
		"lq1_2222":6.448580048134784e-14,
		"lq1_2233":6.448580048134784e-14,