{
	"eft":"SMEFT",
	"basis":"Warsaw",
	"scale":1000,
	"values":{
		"dd_1111":-2.6368469834999553e-14,
		"dd_1122":-5.2736939669999105e-14,
		"dd_1133":-5.2736939669999105e-14,
		"dd_2222":-2.6368469834999553e-14,
		"dd_2233":-5.2736939669999105e-14,
		"dd_3333":-2.6368469834999553e-14,
		"eB_11":2.763705799055513e-17,
		"eB_12":{
			"Re":3.3062101757440902e-18,
			"Im":1.1976735355239866e-18
		},
		"eB_13":{
			"Re":-4.085037362081908e-18,
			"Im":2.4851829386552828e-18
		},
		"eB_21":{
			"Re":6.836285071802714e-16,
			"Im":-2.476441991457274e-16
		},
		"eB_22":2.083516721900402e-14,
		"eB_23":{
			"Re":2.620183981245068e-16,
			"Im":-3.2313162671090036e-16
		},
		"eB_31":{
			"Re":-1.4205137846974961e-14,
			"Im":-8.64187107472548e-15
		},
		"eB_32":{
			"Re":4.406476927686607e-15,
			"Im":5.434244571752634e-15
		},
		"eB_33":3.4610654710618386e-13,
		"ed_1111":1.6196902130418425e-12,
		"ed_1122":1.6196902130418425e-12,
		"ed_1133":1.6196902130418425e-12,
		"ed_1211":{
			"Re":2.108860687238013e-13,
			"Im":7.99579651212496e-14
		},
		"ed_1222":{
			"Re":2.108860687238013e-13,
			"Im":7.99579651212496e-14
		},
		"ed_1233":{
			"Re":2.108860687238013e-13,
			"Im":7.99579651212496e-14
		},
		"ed_1311":{
			"Re":-2.6409266831443893e-13,
			"Im":1.554426676742106e-13
		},
		"ed_1322":{
			"Re":-2.6409266831443893e-13,
			"Im":1.554426676742106e-13
		},
		"ed_1333":{
			"Re":-2.6409266831443893e-13,
			"Im":1.554426676742106e-13
		},
		"ed_2211":6.298306344549696e-12,
		"ed_2222":6.298306344549696e-12,
		"ed_2233":6.298306344549696e-12,
		"ed_2311":{
			"Re":7.4507376566117e-14,
			"Im":-9.249299408131901e-14
		},
		"ed_2322":{
			"Re":7.4507376566117e-14,
			"Im":-9.249299408131901e-14
		},
		"ed_2333":{
			"Re":7.4507376566117e-14,
			"Im":-9.249299408131901e-14
		},
		"ed_3311":6.224904341066717e-12,
		"ed_3322":6.224904341066717e-12,
		"ed_3333":6.224904341066717e-12,
		"ee_1111":-4.381961157468953e-11,
		"ee_1112":{
			"Re":-7.489744443537756e-12,
			"Im":2.394347944263143e-11
		},
		"ee_1113":{
			"Re":-1.677485264840039e-11,
			"Im":-2.9568699951846514e-11
		},
		"ee_1122":{
			"Re":-2.919317346557326e-10,
			"Im":9.51113731388545e-20
		},
		"ee_1123":{
			"Re":-9.341101759479549e-11,
			"Im":1.0425987574688931e-10
		},
		"ee_1133":{
			"Re":-2.1420248244023164e-10,
			"Im":-9.478759412914464e-20
		},
		"ee_1212":{
			"Re":-1.2121690622851067e-11,
			"Im":2.8061204771023426e-11
		},
		"ee_1213":{
			"Re":-6.150313216382421e-12,
			"Im":6.832045859579764e-11
		},
		"ee_1222":{
			"Re":4.2016462259409185e-11,
			"Im":4.016431787522444e-11
		},
		"ee_1223":{
			"Re":2.911025087181254e-10,
			"Im":3.9154418634234886e-11
		},
		"ee_1232":{
			"Re":-2.341879746623626e-11,
			"Im":-1.4117222477487318e-10
		},
		"ee_1233":{
			"Re":-1.766783426268418e-10,
			"Im":-3.0924486948186853e-10
		},
		"ee_1313":{
			"Re":1.6401619683492193e-11,
			"Im":-5.087106340252772e-12
		},
		"ee_1323":{
			"Re":-1.1109785614654803e-11,
			"Im":-6.49567840446149e-11
		},
		"ee_1333":{
			"Re":8.033596423972922e-12,
			"Im":3.076721109087994e-11
		},
		"ee_2222":{
			"Re":-6.256385564962345e-10,
			"Im":-1.296047212857079e-17
		},
		"ee_2223":{
			"Re":2.296373475345068e-10,
			"Im":-4.1962418901275073e-11
		},
		"ee_2233":{
			"Re":-8.866024490972513e-10,
			"Im":5.1677793729759295e-17
		},
		"ee_2323":{
			"Re":-4.609328683485894e-11,
			"Im":-4.974938358541314e-11
		},
		"ee_2333":{
			"Re":-9.004280225956114e-11,
			"Im":-1.1266447652968383e-10
		},
		"ee_3333":{
			"Re":-6.812735155630727e-10,
			"Im":-1.2878547760037929e-17
		},
		"ephi_11":-6.848730965824503e-17,
		"ephi_12":{
			"Re":-8.144080356724122e-18,
			"Im":-3.0470800575396376e-18
		},
		"ephi_13":{
			"Re":1.0156077345629178e-17,
			"Im":-6.036650960754115e-18
		},
		"ephi_21":{
			"Re":-1.683961362820333e-15,
			"Im":6.300484184739553e-16
		},
		"ephi_22":-5.148712267703465e-14,
		"ephi_23":{
			"Re":-6.097464332814005e-16,
			"Im":7.553781774218538e-16
		},
		"ephi_31":{
			"Re":3.532466669432059e-14,
			"Im":2.0996676251796898e-14
		},
		"ephi_32":{
			"Re":-1.0256950579096086e-14,
			"Im":-1.2706704623913183e-14
		},
		"ephi_33":-8.556128876987763e-13,
		"eu_1111":-3.239380426083685e-12,
		"eu_1122":-3.239380426083685e-12,
		"eu_1133":-3.239380426083685e-12,
		"eu_1211":{
			"Re":-4.217721374476026e-13,
			"Im":-1.599159302424992e-13
		},
		"eu_1222":{
			"Re":-4.217721374476026e-13,
			"Im":-1.599159302424992e-13
		},
		"eu_1233":{
			"Re":-4.217721374476026e-13,
			"Im":-1.599159302424992e-13
		},
		"eu_1311":{
			"Re":5.281853366288779e-13,
			"Im":-3.108853353484212e-13
		},
		"eu_1322":{
			"Re":5.281853366288779e-13,
			"Im":-3.108853353484212e-13
		},
		"eu_1333":{
			"Re":5.281853366288779e-13,
			"Im":-3.108853353484212e-13
		},
		"eu_2211":-1.2596612689099391e-11,
		"eu_2222":-1.2596612689099391e-11,
		"eu_2233":-1.2596612689099391e-11,
		"eu_2311":{
			"Re":-1.49014753132234e-13,
			"Im":1.8498598816263802e-13
		},
		"eu_2322":{
			"Re":-1.49014753132234e-13,
			"Im":1.8498598816263802e-13
		},
		"eu_2333":{
			"Re":-1.49014753132234e-13,
			"Im":1.8498598816263802e-13
		},
		"eu_3311":-1.2449808682133434e-11,
		"eu_3322":-1.2449808682133434e-11,
		"eu_3333":-1.2449808682133434e-11,
		"phi":-3.248958359511074e-13,
		"phiB":1.2209942014131692e-12,
		"phiBox":-1.3157343600559171e-12,
		"phid_11":7.910540950499865e-14,
		"phid_22":7.910540950499865e-14,
		"phid_33":7.910540950499865e-14,
		"phiD":-2.3731622851499595e-13,
		"phie_11":-2.4295353195627644e-12,
		"phie_12":{
			"Re":-3.163291030857021e-13,
			"Im":-1.199369476818742e-13
		},
		"phie_13":{
			"Re":3.961390024716585e-13,
			"Im":-2.331640015113161e-13
		},
		"phie_22":-9.447459516824544e-12,
		"phie_23":{
			"Re":-1.1176106484917368e-13,
			"Im":1.387394911219767e-13
		},
		"phie_33":-9.337356511600078e-12,
		"phil1_11":1.186581140286638e-13,
		"phil1_13":{
			"Re":1.1761820393159292e-19,
			"Im":-7.155448721210629e-20
		},
		"phil1_22":1.1862244321619272e-13,
		"phil1_23":{
			"Re":-7.544149698726304e-18,
			"Im":9.30374882736902e-18
		},
		"phil1_33":1.0869286135247981e-13,
		"phil3_13":{
			"Re":1.1761820393159292e-19,
			"Im":-7.155448721210629e-20
		},
		"phil3_22":-3.56710413052556e-17,
		"phil3_23":{
			"Re":-7.544149698726304e-18,
			"Im":9.30374882736902e-18
		},
		"phil3_33":-9.965252905018172e-15,
		"phiq1_11":-3.9552704752499326e-14,
		"phiq1_22":-3.9552704752499326e-14,
		"phiq1_33":-3.9552704752499326e-14,
		"phiu_11":-1.582108190099973e-13,
		"phiu_22":-1.582108190099973e-13,
		"phiu_33":-1.582108190099973e-13,
		"ld_1111":-7.910540950499865e-14,
		"ld_1122":-7.910540950499865e-14,
		"ld_1133":-7.910540950499865e-14,
		"ld_2211":-7.910540950499865e-14,
		"ld_2222":-7.910540950499865e-14,
		"ld_2233":-7.910540950499865e-14,
		"ld_3311":-7.910540950499865e-14,
		"ld_3322":-7.910540950499865e-14,
		"ld_3333":-7.910540950499865e-14,
		"le_1111":2.4295353195627644e-12,
		"le_1112":{
			"Re":3.163291030857021e-13,
			"Im":1.199369476818742e-13
		},
		"le_1113":{
			"Re":-3.961390024716585e-13,
			"Im":2.331640015113161e-13
		},
		"le_1122":9.447459516824544e-12,
		"le_1123":{
			"Re":1.1176106484917368e-13,
			"Im":-1.387394911219767e-13
		},
		"le_1133":9.337356511600078e-12,
		"le_2211":2.4295353195627644e-12,
		"le_2212":{
			"Re":3.163291030857021e-13,
			"Im":1.199369476818742e-13
		},
		"le_2213":{
			"Re":-3.961390024716585e-13,
			"Im":2.331640015113161e-13
		},
		"le_2222":9.447459516824544e-12,
		"le_2223":{
			"Re":1.1176106484917368e-13,
			"Im":-1.387394911219767e-13
		},
		"le_2233":9.337356511600078e-12,
		"le_3311":2.4295353195627644e-12,
		"le_3312":{
			"Re":3.163291030857021e-13,
			"Im":1.199369476818742e-13
		},
		"le_3313":{
			"Re":-3.961390024716585e-13,
			"Im":2.331640015113161e-13
		},
		"le_3322":9.447459516824544e-12,
		"le_3323":{
			"Re":1.1176106484917368e-13,
			"Im":-1.387394911219767e-13
		},
		"le_3333":9.337356511600078e-12,
		"ll_1111":-5.932905712874899e-14,