{
	"eft":"SMEFT",
	"basis":"Warsaw",
	"scale":1000,
	"values":{
		"dd_1111":-1.913870985519182e-13,
		"dd_1122":-3.827741971038364e-13,
		"dd_1133":-3.827741971038364e-13,
		"dd_2222":-1.913870985519182e-13,
		"dd_2233":-3.827741971038364e-13,
		"dd_3333":-1.913870985519182e-13,
		"eB_11":7.24569750397179e-17,
		"eB_12":1.6702642444987102e-20,
		"eB_13":{
			"Re":-6.559432527579062e-19,
			"Im":2.420262630177597e-19
		},
		"eB_21":{
			"Re":3.4536227020300177e-18,
			"Im":-8.504793467060735e-19
		},
		"eB_22":3.612909729300797e-14,
		"eB_23":{
			"Re":-3.471767937611133e-18,
			"Im":-2.879673720039562e-17
		},
		"eB_31":{
			"Re":-2.2809495971097992e-15,
			"Im":-8.416119912801332e-16
		},
		"eB_32":{
			"Re":-5.838622564244481e-17,
			"Im":4.842872064499306e-16
		},
		"eB_33":1.4338202312825228e-12,
		"ed_1111":3.5855517463679937e-12,
		"ed_1122":3.5855517463679937e-12,
		"ed_1133":3.5855517463679937e-12,
		"ed_1211":{
			"Re":1.092145389275139e-15,
			"Im":2.688445013873102e-16
		},
		"ed_1222":{
			"Re":1.092145389275139e-15,
			"Im":2.688445013873102e-16
		},
		"ed_1233":{
			"Re":1.092145389275139e-15,
			"Im":2.688445013873102e-16
		},
		"ed_1311":{
			"Re":-4.29161495418722e-14,
			"Im":1.5848690701806816e-14
		},
		"ed_1322":{
			"Re":-4.29161495418722e-14,
			"Im":1.5848690701806816e-14
		},
		"ed_1333":{
			"Re":-4.29161495418722e-14,
			"Im":1.5848690701806816e-14
		},
		"ed_2211":1.0273881064432696e-11,
		"ed_2222":1.0273881064432696e-11,
		"ed_2233":1.0273881064432696e-11,
		"ed_2311":{
			"Re":-1.2851093904970981e-15,
			"Im":-9.202377292331927e-15
		},
		"ed_2322":{
			"Re":-1.2851093904970981e-15,
			"Im":-9.202377292331927e-15
		},
		"ed_2333":{
			"Re":-1.2851093904970981e-15,
			"Im":-9.202377292331927e-15
		},
		"ed_3311":2.584153037516807e-11,
		"ed_3322":2.584153037516807e-11,
		"ed_3333":2.584153037516807e-11,
		"ee_1111":-1.464358134910455e-11,
		"ee_1112":{
			"Re":-2.4411895897711852e-14,
			"Im":-2.7155078461235363e-14
		},
		"ee_1113":{
			"Re":1.124472195202177e-12,
			"Im":-1.302784449846539e-13
		},
		"ee_1122":-2.202292865400164e-10,
		"ee_1123":{
			"Re":2.366884428839088e-14,
			"Im":1.849021236365118e-13
		},
		"ee_1133":-5.346058410596167e-10,
		"ee_1212":{
			"Re":4.758598831940881e-11,
			"Im":-4.755930839010391e-11
		},
		"ee_1213":{
			"Re":3.4061829455304435e-12,
			"Im":-1.4967287596506676e-12
		},
		"ee_1222":{
			"Re":-2.4797373995612916e-14,
			"Im":2.6817126937903254e-14
		},
		"ee_1223":{
			"Re":2.2749927332629355e-12,
			"Im":-8.365719328946833e-13
		},
		"ee_1232":{
			"Re":1.14948458657863e-13,
			"Im":-7.631835611451818e-13
		},
		"ee_1233":{
			"Re":-1.194711666477273e-13,
			"Im":-6.976108661839227e-14
		},
		"ee_1313":{
			"Re":-1.5932633783081026e-10,
			"Im":-1.249270978164413e-12
		},
		"ee_1323":{
			"Re":1.3338538221219214e-14,
			"Im":-1.2592428669542186e-13
		},
		"ee_1333":{
			"Re":4.066426369458972e-12,
			"Im":-9.724666488701122e-13
		},
		"ee_2222":-1.2490324817364704e-10,
		"ee_2223":{
			"Re":8.434793446888836e-12,
			"Im":3.742628689506788e-12
		},
		"ee_2233":-1.3984902380044731e-9,
		"ee_2323":{
			"Re":-2.6998714871860447e-10,
			"Im":-2.741125415297569e-10
		},
		"ee_2333":{
			"Re":-1.9257216666217684e-11,
			"Im":-7.529657621081953e-12
		},
		"ee_3333":-7.932495083370256e-10,
		"ephi_11":-1.2697116468424276e-15,
		"ephi_12":{
			"Re":-2.9286289743304702e-19,
			"Im":-7.209979081439429e-20
		},
		"ephi_13":{
			"Re":1.1505744681415517e-17,
			"Im":-4.2479355807486504e-18
		},
		"ephi_21":{
			"Re":-6.05555722309176e-17,
			"Im":1.4908150294577085e-17
		},
		"ephi_22":-6.333683037174458e-13,
		"ephi_23":{
			"Re":6.823174398112526e-17,
			"Im":5.086742154696243e-16
		},
		"ephi_31":{
			"Re":4.0010935271505085e-14,
			"Im":1.477208792351764e-14
		},
		"ephi_32":{
			"Re":1.1475169952214766e-15,
			"Im":-8.554878297507647e-15
		},
		"ephi_33":-2.515854605551535e-11,
		"eu_1111":-7.1711034927359874e-12,
		"eu_1122":-7.1711034927359874e-12,
		"eu_1133":-7.1711034927359874e-12,
		"eu_1211":{
			"Re":-2.184290778550278e-15,
			"Im":-5.376890027746204e-16
		},
		"eu_1222":{
			"Re":-2.184290778550278e-15,
			"Im":-5.376890027746204e-16
		},
		"eu_1233":{
			"Re":-2.184290778550278e-15,
			"Im":-5.376890027746204e-16
		},
		"eu_1311":{
			"Re":8.58322990837444e-14,
			"Im":-3.169738140361363e-14
		},
		"eu_1322":{
			"Re":8.58322990837444e-14,
			"Im":-3.169738140361363e-14
		},
		"eu_1333":{
			"Re":8.58322990837444e-14,
			"Im":-3.169738140361363e-14
		},
		"eu_2211":-2.0547762128865392e-11,
		"eu_2222":-2.0547762128865392e-11,
		"eu_2233":-2.0547762128865392e-11,
		"eu_2311":{
			"Re":2.5702187809941963e-15,
			"Im":1.8404754584663854e-14
		},
		"eu_2322":{
			"Re":2.5702187809941963e-15,
			"Im":1.8404754584663854e-14
		},
		"eu_2333":{
			"Re":2.5702187809941963e-15,
			"Im":1.8404754584663854e-14
		},
		"eu_3311":-5.168306075033614e-11,
		"eu_3322":-5.168306075033614e-11,
		"eu_3333":-5.168306075033614e-11,
		"phi":-8.069237836182145e-10,
		"phiB":6.198618078581968e-11,
		"phiBox":-4.4656386349249994e-10,
		"phid_11":5.741612956557545e-13,
		"phid_22":5.741612956557545e-13,
		"phid_33":5.741612956557545e-13,
		"phiD":-1.7224838869672637e-12,
		"phie_11":-5.378327619551988e-12,
		"phie_12":{
			"Re":-1.6382180839127086e-15,
			"Im":-4.03266752080965e-16
		},
		"phie_13":{
			"Re":6.43742243128083e-14,
			"Im":-2.377303605271023e-14
		},
		"phie_22":-1.5410821596649044e-11,
		"phie_23":{
			"Re":1.9276640857457358e-15,
			"Im":1.3803565938497916e-14
		},
		"phie_33":-3.876229556275211e-11,
		"phil1_11":8.612419428836899e-13,
		"phil1_13":1.8886208480382732e-20,
		"phil1_22":8.611800883274763e-13,
		"phil1_23":{
			"Re":9.996067920440659e-20,
			"Im":8.291284040727679e-19
		},
		"phil1_33":8.199587567177994e-13,
		"phil3_13":1.8886208480382732e-20,
		"phil3_22":-6.18551561556458e-17,
		"phil3_23":{
			"Re":9.996067920440659e-20,
			"Im":8.291284040727679e-19
		},
		"phil3_33":-4.128318676583245e-14,
		"phiq1_11":-2.8708064782787727e-13,
		"phiq1_22":-2.8708064782787727e-13,
		"phiq1_33":-2.8708064782787727e-13,
		"phiu_11":-1.148322591311509e-12,
		"phiu_22":-1.148322591311509e-12,
		"phiu_33":-1.148322591311509e-12,
		"ld_1111":-5.741612956557545e-13,
		"ld_1122":-5.741612956557545e-13,
		"ld_1133":-5.741612956557545e-13,
		"ld_2211":-5.741612956557545e-13,
		"ld_2222":-5.741612956557545e-13,
		"ld_2233":-5.741612956557545e-13,
		"ld_3311":-5.741612956557545e-13,
		"ld_3322":-5.741612956557545e-13,
		"ld_3333":-5.741612956557545e-13,
		"le_1111":5.378327619551988e-12,
		"le_1112":{
			"Re":1.6382180839127086e-15,
			"Im":4.03266752080965e-16
		},
		"le_1113":{
			"Re":-6.43742243128083e-14,
			"Im":2.377303605271023e-14
		},
		"le_1122":1.5410821596649044e-11,
		"le_1123":{
			"Re":-1.9276640857457358e-15,
			"Im":-1.3803565938497916e-14
		},
		"le_1133":3.876229556275211e-11,
		"le_2211":5.378327619551988e-12,
		"le_2212":{
			"Re":1.6382180839127086e-15,
			"Im":4.03266752080965e-16
		},
		"le_2213":{
			"Re":-6.43742243128083e-14,
			"Im":2.377303605271023e-14
		},
		"le_2222":1.5410821596649044e-11,
		"le_2223":{
			"Re":-1.9276640857457358e-15,
			"Im":-1.3803565938497916e-14
		},
		"le_2233":3.876229556275211e-11,
		"le_3311":5.378327619551988e-12,
		"le_3312":{
			"Re":1.6382180839127086e-15,
			"Im":4.03266752080965e-16
		},
		"le_3313":{
			"Re":-6.43742243128083e-14,
			"Im":2.377303605271023e-14
		},
		"le_3322":1.5410821596649044e-11,
		"le_3323":{
			"Re":-1.9276640857457358e-15,
			"Im":-1.3803565938497916e-14
		},
		"le_3333":3.876229556275211e-11,
		"ll_1111":-4.3062097174181594e-13,
		"ll_1122":-8.612419434836319e-13,
		"ll_1133":-8.612419434836319e-13,
		"ll_2222":-4.3062097174181594e-13,
		"ll_2233":-8.612419434836319e-13,
		"ll_3333":-4.3062097174181594e-13,
		"lq1_1111":2.8708064782787727e-13,
		"lq1_1122":2.8708064782787727e-13,
		"lq1_1133":2.8708064782787727e-13,
		"lq1_2211":2.8708064782787727e-13,
		"lq1_2222":2.8708064782787727e-13,