{
	"eft":"SMEFT",
	"basis":"Warsaw",
	"scale":1000,
	"values":{
		"dd_1111":-4.404637212812569e-13,
		"dd_1122":-8.809274425625138e-13,
		"dd_1133":-8.809274425625138e-13,
		"dd_2222":-4.404637212812569e-13,
		"dd_2233":-8.809274425625138e-13,
		"dd_3333":-4.404637212812569e-13,
		"eB_11":1.416953606750807e-15,
		"eB_12":{
			"Re":-1.533279911690415e-18,
			"Im":-8.847918783821077e-19
		},
		"eB_13":{
			"Re":-1.3637793942967236e-18,
			"Im":1.243637126838662e-18
		},
		"eB_21":{
			"Re":-3.1703787763054633e-16,
			"Im":1.8294933438327485e-16
		},
		"eB_22":8.019772063912462e-14,
		"eB_23":{
			"Re":8.388413992391597e-18,
			"Im":2.4454949716575473e-17
		},
		"eB_31":{
			"Re":-4.7423493524610965e-15,
			"Im":-4.324571663000812e-15
		},
		"eB_32":{
			"Re":1.4107159261310284e-16,
			"Im":-4.112694851398299e-16
		},
		"eB_33":2.1173946453698977e-12,
		"ed_1111":8.077896567765733e-11,
		"ed_1122":8.077896567765733e-11,
		"ed_1133":8.077896567765733e-11,
		"ed_1211":{
			"Re":-9.049334364068818e-14,
			"Im":-5.2177851492145984e-14
		},
		"ed_1222":{
			"Re":-9.049334364068818e-14,
			"Im":-5.2177851492145984e-14
		},
		"ed_1233":{
			"Re":-9.049334364068818e-14,
			"Im":-5.2177851492145984e-14
		},
		"ed_1311":{
			"Re":-9.242777855472833e-14,
			"Im":7.557129732065526e-14
		},
		"ed_1322":{
			"Re":-9.242777855472833e-14,
			"Im":7.557129732065526e-14
		},
		"ed_1333":{
			"Re":-9.242777855472833e-14,
			"Im":7.557129732065526e-14
		},
		"ed_2211":2.0034302431291528e-11,
		"ed_2222":2.0034302431291528e-11,
		"ed_2233":2.0034302431291528e-11,
		"ed_2311":{
			"Re":2.3863781746606323e-15,
			"Im":6.9301529308059645e-15
		},
		"ed_2322":{
			"Re":2.3863781746606323e-15,
			"Im":6.9301529308059645e-15
		},
		"ed_2333":{
			"Re":2.3863781746606323e-15,
			"Im":6.9301529308059645e-15
		},
		"ed_3311":3.3011733004261133e-11,
		"ed_3322":3.3011733004261133e-11,
		"ed_3333":3.3011733004261133e-11,
		"ee_1111":-5.998271569143999e-9,
		"ee_1112":{
			"Re":1.2666951255732038e-11,
			"Im":5.58186078669889e-12
		},
		"ee_1113":{
			"Re":-2.2905127570070738e-10,
			"Im":3.117426248324191e-11
		},
		"ee_1122":-4.345052527452922e-9,
		"ee_1123":{
			"Re":6.358759007954078e-15,
			"Im":-2.013930091913304e-12
		},
		"ee_1133":-6.933839637101619e-9,
		"ee_1212":{
			"Re":5.268533936205482e-10,
			"Im":-2.936689287390101e-10
		},
		"ee_1213":{
			"Re":6.362956432292817e-13,
			"Im":4.1594480284019475e-13
		},
		"ee_1222":{
			"Re":4.126211474065337e-12,
			"Im":4.599372177635757e-12
		},
		"ee_1223":{
			"Re":4.312687236943348e-12,
			"Im":-3.878728238523294e-12
		},
		"ee_1232":{
			"Re":-6.296653578141284e-11,
			"Im":2.1105335972398283e-11
		},
		"ee_1233":{
			"Re":7.578295501584346e-12,
			"Im":4.350062680925526e-12
		},
		"ee_1313":{
			"Re":-8.945724029342455e-10,
			"Im":3.205153497723412e-10
		},
		"ee_1323":{
			"Re":1.4762008677133339e-12,
			"Im":-2.705688701391709e-12
		},
		"ee_1333":{
			"Re":1.1024203418502355e-10,
			"Im":-2.2785820661229496e-11
		},
		"ee_2222":-4.1201710967230846e-10,
		"ee_2223":{
			"Re":-2.5048954476086774e-14,
			"Im":-1.8634846511673056e-13
		},
		"ee_2233":-1.8317154272384437e-9,
		"ee_2323":{
			"Re":-2.4918224957039724e-10,
			"Im":-4.135411111102058e-11
		},
		"ee_2333":{
			"Re":-4.058987724121012e-13,
			"Im":-3.3348542322165166e-13
		},
		"ee_3333":-1.0684507446046774e-9,
		"ephi_11":1.523405281045696e-15,
		"ephi_12":{
			"Re":-1.6512712023275299e-18,
			"Im":-9.523518746936156e-19
		},
		"ephi_13":{
			"Re":-1.6192722099721005e-18,
			"Im":1.3673184255126507e-18
		},
		"ephi_21":{
			"Re":-3.414344003753784e-16,
			"Im":1.9691840472739912e-16
		},
		"ephi_22":8.58140293481573e-14,
		"ephi_23":{
			"Re":9.018201605039999e-18,
			"Im":2.6221180319165373e-17
		},
		"ephi_31":{
			"Re":-5.628002192417894e-15,
			"Im":-4.752114190484887e-15
		},
		"ephi_32":{
			"Re":1.515803861955175e-16,
			"Im":-4.407320934102368e-16
		},
		"ephi_33":2.2692334731347077e-12,
		"eu_1111":-1.6155793135531467e-10,
		"eu_1122":-1.6155793135531467e-10,
		"eu_1133":-1.6155793135531467e-10,
		"eu_1211":{
			"Re":1.8098668728137635e-13,
			"Im":1.0435570298429197e-13
		},
		"eu_1222":{
			"Re":1.8098668728137635e-13,
			"Im":1.0435570298429197e-13
		},
		"eu_1233":{
			"Re":1.8098668728137635e-13,
			"Im":1.0435570298429197e-13
		},
		"eu_1311":{
			"Re":1.8485555710945665e-13,
			"Im":-1.5114259464131052e-13
		},
		"eu_1322":{
			"Re":1.8485555710945665e-13,
			"Im":-1.5114259464131052e-13
		},
		"eu_1333":{
			"Re":1.8485555710945665e-13,
			"Im":-1.5114259464131052e-13
		},
		"eu_2211":-4.0068604862583056e-11,
		"eu_2222":-4.0068604862583056e-11,
		"eu_2233":-4.0068604862583056e-11,
		"eu_2311":{
			"Re":-4.772756349321265e-15,
			"Im":-1.3860305861611929e-14
		},
		"eu_2322":{
			"Re":-4.772756349321265e-15,
			"Im":-1.3860305861611929e-14
		},
		"eu_2333":{
			"Re":-4.772756349321265e-15,
			"Im":-1.3860305861611929e-14
		},
		"eu_3311":-6.602346600852227e-11,
		"eu_3322":-6.602346600852227e-11,
		"eu_3333":-6.602346600852227e-11,
		"phi":5.333353275472737e-13,
		"phiB":-9.412012179491643e-12,
		"phiBox":-5.460372147526308e-12,
		"phid_11":1.3213911638437706e-12,
		"phid_22":1.3213911638437706e-12,
		"phid_33":1.3213911638437706e-12,
		"phiD":-3.964173491531312e-12,
		"phie_11":-1.2116844851648585e-10,
		"phie_12":{
			"Re":1.3574001546103199e-13,
			"Im":7.826677723821885e-14
		},
		"phie_13":{
			"Re":1.386416678320826e-13,
			"Im":-1.1335694598098081e-13
		},
		"phie_22":-3.00514536469373e-11,
		"phie_23":{
			"Re":-3.579567261990934e-15,
			"Im":-1.0395229396208999e-14
		},
		"phie_33":-4.9517599506391774e-11,
		"phil1_11":1.9820867340333133e-12,
		"phil1_13":{
			"Re":3.926653998443345e-20,
			"Im":-3.580735063996133e-20
		},
		"phil1_22":1.981949442514118e-12,
		"phil1_23":{
			"Re":-2.4152292871977773e-19,
			"Im":-7.041177369881179e-19
		},
		"phil1_33":1.9211217818917744e-12,
		"phil3_11":-1.1732342204332262e-20,
		"phil3_13":{
			"Re":3.926653998443345e-20,
			"Im":-3.580735063996133e-20
		},
		"phil3_22":-1.3730325153792177e-16,
		"phil3_23":{
			"Re":-2.4152292871977773e-19,
			"Im":-7.041177369881179e-19
		},
		"phil3_33":-6.096496387388133e-14,
		"phiq1_11":-6.606955819218853e-13,
		"phiq1_22":-6.606955819218853e-13,
		"phiq1_33":-6.606955819218853e-13,
		"phiu_11":-2.6427823276875412e-12,
		"phiu_22":-2.6427823276875412e-12,
		"phiu_33":-2.6427823276875412e-12,
		"ld_1111":-1.3213911638437706e-12,
		"ld_1122":-1.3213911638437706e-12,
		"ld_1133":-1.3213911638437706e-12,
		"ld_2211":-1.3213911638437706e-12,
		"ld_2222":-1.3213911638437706e-12,
		"ld_2233":-1.3213911638437706e-12,
		"ld_3311":-1.3213911638437706e-12,
		"ld_3322":-1.3213911638437706e-12,
		"ld_3333":-1.3213911638437706e-12,
		"le_1111":1.2116844851648585e-10,
		"le_1112":{
			"Re":-1.3574001546103199e-13,
			"Im":-7.826677723821885e-14
		},
		"le_1113":{
			"Re":-1.386416678320826e-13,
			"Im":1.1335694598098081e-13
		},
		"le_1122":3.00514536469373e-11,
		"le_1123":{
			"Re":3.579567261990934e-15,
			"Im":1.0395229396208999e-14
		},
		"le_1133":4.9517599506391774e-11,
		"le_2211":1.2116844851648585e-10,
		"le_2212":{
			"Re":-1.3574001546103199e-13,
			"Im":-7.826677723821885e-14
		},
		"le_2213":{
			"Re":-1.386416678320826e-13,
			"Im":1.1335694598098081e-13
		},
		"le_2222":3.00514536469373e-11,
		"le_2223":{
			"Re":3.579567261990934e-15,
			"Im":1.0395229396208999e-14
		},
		"le_2233":4.9517599506391774e-11,
		"le_3311":1.2116844851648585e-10,
		"le_3312":{
			"Re":-1.3574001546103199e-13,
			"Im":-7.826677723821885e-14
		},
		"le_3313":{
			"Re":-1.386416678320826e-13,
			"Im":1.1335694598098081e-13
		},
		"le_3322":3.00514536469373e-11,
		"le_3323":{
			"Re":3.579567261990934e-15,
			"Im":1.0395229396208999e-14
		},
		"le_3333":4.9517599506391774e-11,
		"ll_1111":-9.91043372882828e-13,
		"ll_1122":-1.982086745765656e-12,
		"ll_1133":-1.982086745765656e-12,
		"ll_2222":-9.91043372882828e-13,
		"ll_2233":-1.982086745765656e-12,