{
	"eft":"SMEFT",
	"basis":"Warsaw",
	"scale":1000,
	"values":{
		"dd_1111":-6.633067269638492e-14,
		"dd_1122":-1.3266134539276985e-13,
		"dd_1133":-1.3266134539276985e-13,
		"dd_2222":-6.633067269638492e-14,
		"dd_2233":-1.3266134539276985e-13,
		"dd_3333":-6.633067269638492e-14,
		"eB_11":7.615925843953408e-17,
		"eB_12":{
			"Re":4.184925947156047e-19,
			"Im":-1.828686554532853e-18
		},
		"eB_13":{
			"Re":3.684151811657035e-18,
			"Im":-9.379930405538853e-19
		},
		"eB_21":{
			"Re":8.653214786233023e-17,
			"Im":3.7811941556152916e-16
		},
		"eB_22":2.5536660462379434e-14,
		"eB_23":{
			"Re":-4.0738225289713e-15,
			"Im":-8.204680141014933e-15
		},
		"eB_31":{
			"Re":1.2811115222480883e-14,
			"Im":3.2617377173217514e-15
		},
		"eB_32":{
			"Re":-6.851123856147036e-14,
			"Im":1.37981660826932e-13
		},
		"eB_33":1.9634394594424572e-13,
		"ed_1111":5.4752429834382024e-12,
		"ed_1122":5.4752429834382024e-12,
		"ed_1133":5.4752429834382024e-12,
		"ed_1211":{
			"Re":3.222588267447064e-14,
			"Im":-1.4113698494316627e-13
		},
		"ed_1222":{
			"Re":3.222588267447064e-14,
			"Im":-1.4113698494316627e-13
		},
		"ed_1233":{
			"Re":3.222588267447064e-14,
			"Im":-1.4113698494316627e-13
		},
		"ed_1311":{
			"Re":2.842947107615029e-13,
			"Im":-7.243170858990609e-14
		},
		"ed_1322":{
			"Re":2.842947107615029e-13,
			"Im":-7.243170858990609e-14
		},
		"ed_1333":{
			"Re":2.842947107615029e-13,
			"Im":-7.243170858990609e-14
		},
		"ed_2211":9.139823043205021e-12,
		"ed_2222":9.139823043205021e-12,
		"ed_2233":9.139823043205021e-12,
		"ed_2311":{
			"Re":-1.522941805241839e-12,
			"Im":-3.06720234234772e-12
		},
		"ed_2322":{
			"Re":-1.522941805241839e-12,
			"Im":-3.06720234234772e-12
		},
		"ed_2333":{
			"Re":-1.522941805241839e-12,
			"Im":-3.06720234234772e-12
		},
		"ed_3311":3.9578500073849875e-12,
		"ed_3322":3.9578500073849875e-12,
		"ed_3333":3.9578500073849875e-12,
		"ee_1111":-5.633772049330288e-12,
		"ee_1112":{
			"Re":3.4211336842967266e-12,
			"Im":1.4749514458543563e-12
		},
		"ee_1113":{
			"Re":-7.703278235947507e-13,
			"Im":-6.28840436428383e-14
		},
		"ee_1122":-6.462059432099589e-10,
		"ee_1123":{
			"Re":1.0636782515002326e-10,
			"Im":2.1333277395336215e-10
		},
		"ee_1133":-2.8545136331246424e-10,
		"ee_1212":{
			"Re":-2.5491821933876647e-10,
			"Im":-1.637428401644201e-10
		},
		"ee_1213":{
			"Re":-9.219697752721121e-11,
			"Im":2.3897198213858617e-10
		},
		"ee_1222":{
			"Re":-4.113021830783861e-12,
			"Im":1.47691736895444e-13
		},
		"ee_1223":{
			"Re":-3.9853026178962036e-11,
			"Im":9.93141951277813e-12
		},
		"ee_1232":{
			"Re":-2.5797613331857507e-11,
			"Im":-2.704666929338594e-11
		},
		"ee_1233":{
			"Re":-1.462238170374267e-11,
			"Im":1.637041283768785e-11
		},
		"ee_1313":{
			"Re":9.148512791570032e-11,
			"Im":-8.639096059578476e-11
		},
		"ee_1323":{
			"Re":1.4613309804426217e-11,
			"Im":1.0847957420814832e-11
		},
		"ee_1333":{
			"Re":-2.940417383740039e-12,
			"Im":-2.5063619336082188e-12
		},
		"ee_2222":{
			"Re":-5.058156796362735e-11,
			"Im":4.2563874410603105e-18
		},
		"ee_2223":{
			"Re":9.29738211253671e-11,
			"Im":-4.714867446058494e-11
		},
		"ee_2233":{
			"Re":-2.735745437625006e-10,
			"Im":-1.7006027319508013e-17
		},
		"ee_2323":{
			"Re":-4.930574380876629e-12,
			"Im":1.376085434185844e-10
		},
		"ee_2333":{
			"Re":-7.57926751887172e-11,
			"Im":8.244974584336568e-11
		},
		"ee_3333":{
			"Re":-2.0805484734145206e-11,
			"Im":4.250586142312315e-18
		},
		"ephi_11":8.902683515087003e-16,
		"ephi_12":{
			"Re":4.886676615911091e-18,
			"Im":-2.1389241105517536e-17
		},
		"ephi_13":{
			"Re":4.3088681759981434e-17,
			"Im":-1.0976055789393195e-17
		},
		"ephi_21":{
			"Re":1.0104230124327942e-15,
			"Im":4.422674782198728e-15
		},
		"ephi_22":2.9882881161839104e-13,
		"ephi_23":{
			"Re":-4.770640273941169e-14,
			"Im":-9.608064280549656e-14
		},
		"ephi_31":{
			"Re":1.4982724809602875e-13,
			"Im":3.816575974817463e-14
		},
		"ephi_32":{
			"Re":-8.022591218161057e-13,
			"Im":1.6157489915740334e-12
		},
		"ephi_33":2.2958748956034514e-12,
		"eu_1111":-1.0950485966876405e-11,
		"eu_1122":-1.0950485966876405e-11,
		"eu_1133":-1.0950485966876405e-11,
		"eu_1211":{
			"Re":-6.445176534894128e-14,
			"Im":2.8227396988633254e-13
		},
		"eu_1222":{
			"Re":-6.445176534894128e-14,
			"Im":2.8227396988633254e-13
		},
		"eu_1233":{
			"Re":-6.445176534894128e-14,
			"Im":2.8227396988633254e-13
		},
		"eu_1311":{
			"Re":-5.685894215230058e-13,
			"Im":1.4486341717981218e-13
		},
		"eu_1322":{
			"Re":-5.685894215230058e-13,
			"Im":1.4486341717981218e-13
		},
		"eu_1333":{
			"Re":-5.685894215230058e-13,
			"Im":1.4486341717981218e-13
		},
		"eu_2211":-1.8279646086410043e-11,
		"eu_2222":-1.8279646086410043e-11,
		"eu_2233":-1.8279646086410043e-11,
		"eu_2311":{
			"Re":3.045883610483678e-12,
			"Im":6.13440468469544e-12
		},
		"eu_2322":{
			"Re":3.045883610483678e-12,
			"Im":6.13440468469544e-12
		},
		"eu_2333":{
			"Re":3.045883610483678e-12,
			"Im":6.13440468469544e-12
		},
		"eu_3311":-7.915700014769975e-12,
		"eu_3322":-7.915700014769975e-12,
		"eu_3333":-7.915700014769975e-12,
		"phi":5.7863052732573464e-11,
		"phiB":-1.2706296424690113e-11,
		"phiBox":-5.423850527554641e-11,
		"phid_11":1.9899201808915476e-13,
		"phid_22":1.9899201808915476e-13,
		"phid_33":1.9899201808915476e-13,
		"phiD":-5.969760542674642e-13,
		"phie_11":-8.21286447515731e-12,
		"phie_12":{
			"Re":-4.8338824011706e-14,
			"Im":2.1170547741474988e-13
		},
		"phie_13":{
			"Re":-4.264420661422554e-13,
			"Im":1.0864756288485964e-13
		},
		"phie_22":-1.3709734564807527e-11,
		"phie_23":{
			"Re":2.284412707862759e-12,
			"Im":4.600803513521581e-12
		},
		"phie_33":-5.9367750110774756e-12,
		"phil1_11":2.984880265031353e-13,
		"phil1_13":{
			"Re":-1.0607572971562355e-19,
			"Im":2.7007110817232677e-20
		},
		"phil1_22":2.9844430685730824e-13,
		"phil1_23":{
			"Re":1.1729530149253364e-16,
			"Im":2.3623278234291727e-16
		},
		"phil1_33":2.9283480533234466e-13,
		"phil3_13":{
			"Re":-1.0607572971562355e-19,
			"Im":2.7007110817232677e-20
		},
		"phil3_22":-4.3720276423841904e-17,
		"phil3_23":{
			"Re":1.1729530149253364e-16,
			"Im":2.3623278234291727e-16
		},
		"phil3_33":-5.653221801387496e-15,
		"phiq1_11":-9.949600904457738e-14,
		"phiq1_22":-9.949600904457738e-14,
		"phiq1_33":-9.949600904457738e-14,
		"phiu_11":-3.979840361783095e-13,
		"phiu_22":-3.979840361783095e-13,
		"phiu_33":-3.979840361783095e-13,
		"ld_1111":-1.9899201808915476e-13,
		"ld_1122":-1.9899201808915476e-13,
		"ld_1133":-1.9899201808915476e-13,
		"ld_2211":-1.9899201808915476e-13,
		"ld_2222":-1.9899201808915476e-13,
		"ld_2233":-1.9899201808915476e-13,
		"ld_3311":-1.9899201808915476e-13,
		"ld_3322":-1.9899201808915476e-13,
		"ld_3333":-1.9899201808915476e-13,
		"le_1111":8.21286447515731e-12,
		"le_1112":{
			"Re":4.8338824011706e-14,
			"Im":-2.1170547741474988e-13
		},
		"le_1113":{
			"Re":4.264420661422554e-13,
			"Im":-1.0864756288485964e-13
		},
		"le_1122":1.3709734564807527e-11,
		"le_1123":{
			"Re":-2.284412707862759e-12,
			"Im":-4.600803513521581e-12
		},
		"le_1133":5.9367750110774756e-12,
		"le_2211":8.21286447515731e-12,
		"le_2212":{
			"Re":4.8338824011706e-14,
			"Im":-2.1170547741474988e-13
		},
		"le_2213":{
			"Re":4.264420661422554e-13,
			"Im":-1.0864756288485964e-13
		},
		"le_2222":1.3709734564807527e-11,
		"le_2223":{
			"Re":-2.284412707862759e-12,
			"Im":-4.600803513521581e-12
		},
		"le_2233":5.9367750110774756e-12,
		"le_3311":8.21286447515731e-12,
		"le_3312":{
			"Re":4.8338824011706e-14,
			"Im":-2.1170547741474988e-13
		},
		"le_3313":{
			"Re":4.264420661422554e-13,
			"Im":-1.0864756288485964e-13
		},
		"le_3322":1.3709734564807527e-11,
		"le_3323":{
			"Re":-2.284412707862759e-12,
			"Im":-4.600803513521581e-12
		},
		"le_3333":5.9367750110774756e-12,
		"ll_1111":-1.4924401356686606e-13,
		"ll_1122":-2.984880271337321e-13,
		"ll_1133":-2.984880271337321e-13,