{
	"eft":"SMEFT",
	"basis":"Warsaw",
	"scale":1000,
	"values":{
		"dd_1111":-7.201017443399029e-13,
		"dd_1122":-1.4402034886798058e-12,
		"dd_1133":-1.4402034886798058e-12,
		"dd_2222":-7.201017443399029e-13,
		"dd_2233":-1.4402034886798058e-12,
		"dd_3333":-7.201017443399029e-13,
		"eB_11":1.2110081797458396e-16,
		"eB_13":{
			"Re":2.4154272059186433e-18,
			"Im":2.424668066770761e-17
		},
		"eB_21":{
			"Re":-1.7708792876412146e-18,
			"Im":-3.5121238541413187e-20
		},
		"eB_22":6.599730216882012e-14,
		"eB_23":{
			"Re":3.1138006579441356e-17,
			"Im":-2.852248449363364e-17
		},
		"eB_31":{
			"Re":8.399305410984459e-15,
			"Im":-8.431439193516572e-14
		},
		"eB_32":{
			"Re":5.236613480144328e-16,
			"Im":4.796749798528491e-16
		},
		"eB_33":6.535788738533542e-12,
		"ed_1111":2.9648516755418647e-12,
		"ed_1122":2.9648516755418647e-12,
		"ed_1133":2.9648516755418647e-12,
		"ed_1211":{
			"Re":-5.098850968279662e-16,
			"Im":9.817240388865368e-18
		},
		"ed_1222":{
			"Re":-5.098850968279662e-16,
			"Im":9.817240388865368e-18
		},
		"ed_1233":{
			"Re":-5.098850968279662e-16,
			"Im":9.817240388865368e-18
		},
		"ed_1311":{
			"Re":1.4497447043369059e-13,
			"Im":1.4586650461363028e-12
		},
		"ed_1322":{
			"Re":1.4497447043369059e-13,
			"Im":1.4586650461363028e-12
		},
		"ed_1333":{
			"Re":1.4497447043369059e-13,
			"Im":1.4586650461363028e-12
		},
		"ed_2211":1.488055789822834e-11,
		"ed_2222":1.488055789822834e-11,
		"ed_2233":1.488055789822834e-11,
		"ed_2311":{
			"Re":9.077556974105775e-15,
			"Im":-8.553319399193697e-15
		},
		"ed_2322":{
			"Re":9.077556974105775e-15,
			"Im":-8.553319399193697e-15
		},
		"ed_2333":{
			"Re":9.077556974105775e-15,
			"Im":-8.553319399193697e-15
		},
		"ed_3311":1.0870781676906475e-10,
		"ed_3322":1.0870781676906475e-10,
		"ed_3333":1.0870781676906475e-10,
		"ee_1111":-1.0798121893920323e-11,
		"ee_1112":{
			"Re":2.1428073868312293e-13,
			"Im":-6.004566969018815e-13
		},
		"ee_1113":{
			"Re":-1.5180484158560093e-12,
			"Im":-4.222385324544561e-12
		},
		"ee_1122":-1.359628577113349e-10,
		"ee_1123":{
			"Re":-4.0825560833844854e-13,
			"Im":1.5957459588633542e-13
		},
		"ee_1133":-8.436530029636221e-10,
		"ee_1212":{
			"Re":2.592268321216216e-11,
			"Im":1.9185697285834656e-11
		},
		"ee_1213":{
			"Re":3.496517161821146e-12,
			"Im":-3.471689008036859e-12
		},
		"ee_1222":{
			"Re":-4.826911071996202e-13,
			"Im":1.600904888537964e-12
		},
		"ee_1223":{
			"Re":-3.371051126318057e-12,
			"Im":-3.6055185148010667e-11
		},
		"ee_1232":{
			"Re":9.74049678119486e-12,
			"Im":-1.5027463275259672e-11
		},
		"ee_1233":{
			"Re":-1.9467477847941516e-12,
			"Im":-1.8407108336215228e-12
		},
		"ee_1313":{
			"Re":1.2211794264361817e-10,
			"Im":1.446109933614277e-10
		},
		"ee_1323":{
			"Re":-5.054542702525449e-12,
			"Im":8.387989377460284e-12
		},
		"ee_1333":{
			"Re":5.283211169693111e-11,
			"Im":-3.0616853230508276e-10
		},
		"ee_2222":-1.3076127438907096e-10,
		"ee_2223":{
			"Re":1.7365706975522081e-12,
			"Im":-1.2627283310191999e-11
		},
		"ee_2233":-2.7567431587860952e-9,
		"ee_2323":{
			"Re":4.825084811193083e-10,
			"Im":1.1788043673849207e-10
		},
		"ee_2333":{
			"Re":-8.124282136002119e-12,
			"Im":7.694761258718633e-11
		},
		"ee_3333":-6.015232820303527e-9,
		"ephi_11":5.4758853414657304e-17,
		"ephi_13":{
			"Re":1.0918585500149546e-18,
			"Im":1.0977893578426578e-17
		},
		"ephi_21":{
			"Re":-7.949941766558757e-19,
			"Im":-1.544966655181333e-20
		},
		"ephi_22":2.984162119458967e-14,
		"ephi_23":{
			"Re":1.4117402979079047e-17,
			"Im":-1.3187625390711068e-17
		},
		"ephi_31":{
			"Re":3.791846749356336e-15,
			"Im":-3.812451406428192e-14
		},
		"ephi_32":{
			"Re":2.371118041065499e-16,
			"Im":2.215010918548173e-16
		},
		"ephi_33":2.9583622271657087e-12,
		"eu_1111":-5.929703351083729e-12,
		"eu_1122":-5.929703351083729e-12,
		"eu_1133":-5.929703351083729e-12,
		"eu_1211":{
			"Re":1.0197701936559324e-15,
			"Im":-1.9634480777730736e-17
		},
		"eu_1222":{
			"Re":1.0197701936559324e-15,
			"Im":-1.9634480777730736e-17
		},
		"eu_1233":{
			"Re":1.0197701936559324e-15,
			"Im":-1.9634480777730736e-17
		},
		"eu_1311":{
			"Re":-2.8994894086738117e-13,
			"Im":-2.9173300922726056e-12
		},
		"eu_1322":{
			"Re":-2.8994894086738117e-13,
			"Im":-2.9173300922726056e-12
		},
		"eu_1333":{
			"Re":-2.8994894086738117e-13,
			"Im":-2.9173300922726056e-12
		},
		"eu_2211":-2.976111579645668e-11,
		"eu_2222":-2.976111579645668e-11,
		"eu_2233":-2.976111579645668e-11,
		"eu_2311":{
			"Re":-1.815511394821155e-14,
			"Im":1.7106638798387393e-14
		},
		"eu_2322":{
			"Re":-1.815511394821155e-14,
			"Im":1.7106638798387393e-14
		},
		"eu_2333":{
			"Re":-1.815511394821155e-14,
			"Im":1.7106638798387393e-14
		},
		"eu_3311":-2.174156335381295e-10,
		"eu_3322":-2.174156335381295e-10,
		"eu_3333":-2.174156335381295e-10,
		"phi":6.203249641964668e-14,
		"phiB":-6.375945494817706e-12,
		"phiBox":-2.8747640195134447e-12,
		"phid_11":2.1603052330197085e-12,
		"phid_22":2.1603052330197085e-12,
		"phid_33":2.1603052330197085e-12,
		"phiD":-6.480915699059126e-12,
		"phie_11":-4.447277513312797e-12,
		"phie_12":{
			"Re":7.648276452419747e-16,
			"Im":-1.4725860583289375e-17
		},
		"phie_13":{
			"Re":-2.1746170565053674e-13,
			"Im":-2.1879975692044545e-12
		},
		"phie_22":-2.2320836847342518e-11,
		"phie_23":{
			"Re":-1.36163354611586e-14,
			"Im":1.2829979098789838e-14
		},
		"phie_33":-1.630617251535973e-10,
		"phil1_11":3.2404578485268508e-12,
		"phil1_13":{
			"Re":-6.954604927845039e-20,
			"Im":-6.981211623448199e-19
		},
		"phil1_22":3.2403448582361908e-12,
		"phil1_23":{
			"Re":-8.965392683746388e-19,
			"Im":8.212319987442772e-19
		},
		"phil1_33":3.0522765271656307e-12,
		"phil3_13":{
			"Re":-6.954604927845039e-20,
			"Im":-6.981211623448199e-19
		},
		"phil3_22":-1.129912933721085e-16,
		"phil3_23":{
			"Re":-8.965392683746388e-19,
			"Im":8.212319987442772e-19
		},
		"phil3_33":-1.8818132236393212e-13,
		"phiq1_11":-1.0801526165098542e-12,
		"phiq1_22":-1.0801526165098542e-12,
		"phiq1_33":-1.0801526165098542e-12,
		"phiu_11":-4.320610466039417e-12,
		"phiu_22":-4.320610466039417e-12,
		"phiu_33":-4.320610466039417e-12,
		"ld_1111":-2.1603052330197085e-12,
		"ld_1122":-2.1603052330197085e-12,
		"ld_1133":-2.1603052330197085e-12,
		"ld_2211":-2.1603052330197085e-12,
		"ld_2222":-2.1603052330197085e-12,
		"ld_2233":-2.1603052330197085e-12,
		"ld_3311":-2.1603052330197085e-12,
		"ld_3322":-2.1603052330197085e-12,
		"ld_3333":-2.1603052330197085e-12,
		"le_1111":4.447277513312797e-12,
		"le_1112":{
			"Re":-7.648276452419747e-16,
			"Im":1.4725860583289375e-17
		},
		"le_1113":{
			"Re":2.1746170565053674e-13,
			"Im":2.1879975692044545e-12
		},
		"le_1122":2.2320836847342518e-11,
		"le_1123":{
			"Re":1.36163354611586e-14,
			"Im":-1.2829979098789838e-14
		},
		"le_1133":1.630617251535973e-10,
		"le_2211":4.447277513312797e-12,
		"le_2212":{
			"Re":-7.648276452419747e-16,
			"Im":1.4725860583289375e-17
		},
		"le_2213":{
			"Re":2.1746170565053674e-13,
			"Im":2.1879975692044545e-12
		},
		"le_2222":2.2320836847342518e-11,
		"le_2223":{
			"Re":1.36163354611586e-14,
			"Im":-1.2829979098789838e-14
		},
		"le_2233":1.630617251535973e-10,
		"le_3311":4.447277513312797e-12,
		"le_3312":{
			"Re":-7.648276452419747e-16,
			"Im":1.4725860583289375e-17
		},
		"le_3313":{
			"Re":2.1746170565053674e-13,
			"Im":2.1879975692044545e-12
		},
		"le_3322":2.2320836847342518e-11,
		"le_3323":{
			"Re":1.36163354611586e-14,
			"Im":-1.2829979098789838e-14
		},
		"le_3333":1.630617251535973e-10,
		"ll_1111":-1.6202289247647815e-12,
		"ll_1122":-3.240457849529563e-12,
		"ll_1133":-3.240457849529563e-12,
		"ll_2222":-1.6202289247647815e-12,
		"ll_2233":-3.240457849529563e-12,
		"ll_3333":-1.6202289247647815e-12,
		"lq1_1111":1.0801526165098542e-12,
		"lq1_1122":1.0801526165098542e-12,
		"lq1_1133":1.0801526165098542e-12,
		"lq1_2211":1.0801526165098542e-12,
		"lq1_2222":1.0801526165098542e-12,