{
	"eft":"SMEFT",
	"basis":"Warsaw",
	"scale":1000,
	"values":{
		"dd_1111":-1.0370435378525597e-13,
		"dd_1122":-2.0740870757051194e-13,
		"dd_1133":-2.0740870757051194e-13,
		"dd_2222":-1.0370435378525597e-13,
		"dd_2233":-2.0740870757051194e-13,
		"dd_3333":-1.0370435378525597e-13,
		"eB_11":5.978873725985669e-17,
		"eB_12":{
			"Re":6.942612345501862e-20,
			"Im":-1.5369926115925635e-20
		},
		"eB_13":{
			"Re":9.483996267324137e-19,
			"Im":-1.5400137752923726e-18
		},
		"eB_21":{
			"Re":1.4355311554319442e-17,
			"Im":3.178055564400586e-18
		},
		"eB_22":9.72117374420065e-14,
		"eB_23":{
			"Re":4.5852869179364064e-17,
			"Im":-6.590978981822168e-17
		},
		"eB_31":{
			"Re":3.2979251442849907e-15,
			"Im":5.355179408474128e-15
		},
		"eB_32":{
			"Re":7.711275679621699e-16,
			"Im":1.1084334925391611e-15
		},
		"eB_33":1.6820902408287942e-12,
		"ed_1111":3.3643884806719765e-12,
		"ed_1122":3.3643884806719765e-12,
		"ed_1133":3.3643884806719765e-12,
		"ed_1211":{
			"Re":4.5602278109407205e-15,
			"Im":-6.635862109641078e-16
		},
		"ed_1222":{
			"Re":4.5602278109407205e-15,
			"Im":-6.635862109641078e-16
		},
		"ed_1233":{
			"Re":4.5602278109407205e-15,
			"Im":-6.635862109641078e-16
		},
		"ed_1311":{
			"Re":5.3063309490228037e-14,
			"Im":-8.614537415474292e-14
		},
		"ed_1322":{
			"Re":5.3063309490228037e-14,
			"Im":-8.614537415474292e-14
		},
		"ed_1333":{
			"Re":5.3063309490228037e-14,
			"Im":-8.614537415474292e-14
		},
		"ed_2211":2.6391263886882914e-11,
		"ed_2222":2.6391263886882914e-11,
		"ed_2233":2.6391263886882914e-11,
		"ed_2311":{
			"Re":1.6818742962174893e-14,
			"Im":-2.29009744187905e-14
		},
		"ed_2322":{
			"Re":1.6818742962174893e-14,
			"Im":-2.29009744187905e-14
		},
		"ed_2333":{
			"Re":1.6818742962174893e-14,
			"Im":-2.29009744187905e-14
		},
		"ed_3311":2.7070535775777692e-11,
		"ed_3322":2.7070535775777692e-11,
		"ed_3333":2.7070535775777692e-11,
		"ee_1111":-2.0466081625176054e-11,
		"ee_1112":{
			"Re":-1.896668478627629e-13,
			"Im":-8.84770993436957e-14
		},
		"ee_1113":{
			"Re":-6.511021951654543e-13,
			"Im":3.181873362382234e-12
		},
		"ee_1122":-9.432446089835954e-10,
		"ee_1123":{
			"Re":-5.088458634067566e-13,
			"Im":7.148039821805925e-13
		},
		"ee_1133":-9.69520819996324e-10,
		"ee_1212":{
			"Re":-1.3734612144083228e-10,
			"Im":-9.755641684407219e-11
		},
		"ee_1213":{
			"Re":-4.02412218531327e-11,
			"Im":1.0935505986956042e-11
		},
		"ee_1222":{
			"Re":-6.486522286681798e-13,
			"Im":-9.129103294018227e-14
		},
		"ee_1223":{
			"Re":-1.5712282871023326e-11,
			"Im":2.538956655579733e-11
		},
		"ee_1232":{
			"Re":-5.224182795896553e-12,
			"Im":-3.3522595109359334e-12
		},
		"ee_1233":{
			"Re":-2.706724684209657e-12,
			"Im":7.269881392902692e-13
		},
		"ee_1313":{
			"Re":6.921189038697119e-11,
			"Im":-1.5374054019205762e-10
		},
		"ee_1323":{
			"Re":4.4600350896484274e-13,
			"Im":4.864927306705608e-13
		},
		"ee_1333":{
			"Re":-1.3893708095696914e-11,
			"Im":2.0481032748873306e-11
		},
		"ee_2222":-3.057516779966102e-9,
		"ee_2223":{
			"Re":1.250074073772825e-10,
			"Im":-1.51317822938787e-10
		},
		"ee_2233":-7.92438540738741e-9,
		"ee_2323":{
			"Re":1.5920929549777222e-10,
			"Im":8.06668982856312e-10
		},
		"ee_2333":{
			"Re":-1.334066082460468e-10,
			"Im":1.6310656808614642e-10
		},
		"ee_3333":-3.2759640213383386e-9,
		"ephi_11":-3.925771207860722e-18,
		"ephi_13":{
			"Re":-5.45714702143062e-20,
			"Im":8.859997876672201e-20
		},
		"ephi_21":{
			"Re":-9.325638104474739e-19,
			"Im":-1.5622654481956692e-19
		},
		"ephi_22":-5.753465761894322e-15,
		"ephi_23":{
			"Re":-3.2788418531525766e-18,
			"Im":4.5280229237038034e-18
		},
		"ephi_31":{
			"Re":-1.9170280449875497e-16,
			"Im":-3.112412062870035e-16
		},
		"ephi_32":{
			"Re":-5.55933094480758e-17,
			"Im":-7.679886956051462e-17
		},
		"ephi_33":-9.832195962527185e-14,
		"eu_1111":-6.728776961343953e-12,
		"eu_1122":-6.728776961343953e-12,
		"eu_1133":-6.728776961343953e-12,
		"eu_1211":{
			"Re":-9.120455621881441e-15,
			"Im":1.3271724219282157e-15
		},
		"eu_1222":{
			"Re":-9.120455621881441e-15,
			"Im":1.3271724219282157e-15
		},
		"eu_1233":{
			"Re":-9.120455621881441e-15,
			"Im":1.3271724219282157e-15
		},
		"eu_1311":{
			"Re":-1.0612661898045607e-13,
			"Im":1.7229074830948584e-13
		},
		"eu_1322":{
			"Re":-1.0612661898045607e-13,
			"Im":1.7229074830948584e-13
		},
		"eu_1333":{
			"Re":-1.0612661898045607e-13,
			"Im":1.7229074830948584e-13
		},
		"eu_2211":-5.278252777376583e-11,
		"eu_2222":-5.278252777376583e-11,
		"eu_2233":-5.278252777376583e-11,
		"eu_2311":{
			"Re":-3.3637485924349786e-14,
			"Im":4.5801948837581e-14
		},
		"eu_2322":{
			"Re":-3.3637485924349786e-14,
			"Im":4.5801948837581e-14
		},
		"eu_2333":{
			"Re":-3.3637485924349786e-14,
			"Im":4.5801948837581e-14
		},
		"eu_3311":-5.4141071551555384e-11,
		"eu_3322":-5.4141071551555384e-11,
		"eu_3333":-5.4141071551555384e-11,
		"phi":-2.2023563698412624e-17,
		"phiB":1.2404219959284842e-13,
		"phiBox":-2.366318754800026e-13,
		"phid_11":3.1111306135576786e-13,
		"phid_22":3.1111306135576786e-13,
		"phid_33":3.1111306135576786e-13,
		"phiD":-9.333391840673035e-13,
		"phie_11":-5.0465827210079654e-12,
		"phie_12":{
			"Re":-6.840341716411059e-15,
			"Im":9.953793164461553e-16
		},
		"phie_13":{
			"Re":-7.95949642353422e-14,
			"Im":1.2921806123211463e-13
		},
		"phie_22":-3.9586895830324345e-11,
		"phie_23":{
			"Re":-2.52281144432583e-14,
			"Im":3.4351461628181307e-14
		},
		"phie_33":-4.0605803663666615e-11,
		"phil1_11":4.666695915386024e-13,
		"phil1_13":{
			"Re":-2.7306741852860095e-20,
			"Im":4.434075829051574e-20
		},
		"phil1_22":4.665031597768237e-13,
		"phil1_23":{
			"Re":-1.3202161057442413e-18,
			"Im":1.8977038427813847e-18
		},
		"phil1_33":4.182381052586294e-13,
		"phil3_13":{
			"Re":-2.7306741852860095e-20,
			"Im":4.434075829051574e-20
		},
		"phil3_22":-1.6643225682809042e-16,
		"phil3_23":{
			"Re":-1.3202161057442413e-18,
			"Im":1.8977038427813847e-18
		},
		"phil3_33":-4.843148677502241e-14,
		"phiq1_11":-1.5555653067788393e-13,
		"phiq1_22":-1.5555653067788393e-13,
		"phiq1_33":-1.5555653067788393e-13,
		"phiu_11":-6.222261227115357e-13,
		"phiu_22":-6.222261227115357e-13,
		"phiu_33":-6.222261227115357e-13,
		"ld_1111":-3.1111306135576786e-13,
		"ld_1122":-3.1111306135576786e-13,
		"ld_1133":-3.1111306135576786e-13,
		"ld_2211":-3.1111306135576786e-13,
		"ld_2222":-3.1111306135576786e-13,
		"ld_2233":-3.1111306135576786e-13,
		"ld_3311":-3.1111306135576786e-13,
		"ld_3322":-3.1111306135576786e-13,
		"ld_3333":-3.1111306135576786e-13,
		"le_1111":5.0465827210079654e-12,
		"le_1112":{
			"Re":6.840341716411059e-15,
			"Im":-9.953793164461553e-16
		},
		"le_1113":{
			"Re":7.95949642353422e-14,
			"Im":-1.2921806123211463e-13
		},
		"le_1122":3.9586895830324345e-11,
		"le_1123":{
			"Re":2.52281144432583e-14,
			"Im":-3.4351461628181307e-14
		},
		"le_1133":4.0605803663666615e-11,
		"le_2211":5.0465827210079654e-12,
		"le_2212":{
			"Re":6.840341716411059e-15,
			"Im":-9.953793164461553e-16
		},
		"le_2213":{
			"Re":7.95949642353422e-14,
			"Im":-1.2921806123211463e-13
		},
		"le_2222":3.9586895830324345e-11,
		"le_2223":{
			"Re":2.52281144432583e-14,
			"Im":-3.4351461628181307e-14
		},
		"le_2233":4.0605803663666615e-11,
		"le_3311":5.0465827210079654e-12,
		"le_3312":{
			"Re":6.840341716411059e-15,
			"Im":-9.953793164461553e-16
		},
		"le_3313":{
			"Re":7.95949642353422e-14,
			"Im":-1.2921806123211463e-13
		},
		"le_3322":3.9586895830324345e-11,
		"le_3323":{
			"Re":2.52281144432583e-14,
			"Im":-3.4351461628181307e-14
		},
		"le_3333":4.0605803663666615e-11,
		"ll_1111":-2.333347960168259e-13,
		"ll_1122":-4.666695920336518e-13,
		"ll_1133":-4.666695920336518e-13,
		"ll_2222":-2.333347960168259e-13,
		"ll_2233":-4.666695920336518e-13,
		"ll_3333":-2.333347960168259e-13,
		"lq1_1111":1.5555653067788393e-13,
		"lq1_1122":1.5555653067788393e-13,
		"lq1_1133":1.5555653067788393e-13,