{
	"eft":"SMEFT",
	"basis":"Warsaw",
	"scale":1000,
	"values":{
		"dd_1111":-8.138434985388519e-14,
		"dd_1122":-1.6276869970777038e-13,
		"dd_1133":-1.6276869970777038e-13,
		"dd_2222":-8.138434985388519e-14,
		"dd_2233":-1.6276869970777038e-13,
		"dd_3333":-8.138434985388519e-14,
		"eB_11":2.3879205639966225e-16,
		"eB_12":{
			"Re":4.88756185326378e-19,
			"Im":8.417376484057237e-20
		},
		"eB_13":{
			"Re":2.974167010518813e-18,
			"Im":6.139760465135772e-18
		},
		"eB_21":{
			"Re":1.0106062336905268e-16,
			"Im":-1.7404696659599048e-17
		},
		"eB_22":5.92508290952255e-14,
		"eB_23":{
			"Re":-8.288136807796829e-17,
			"Im":1.5127006157615215e-16
		},
		"eB_31":{
			"Re":1.0342243808221534e-14,
			"Im":-2.1350145916465213e-14
		},
		"eB_32":{
			"Re":-1.3938518775202e-15,
			"Im":-2.543974167296162e-15
		},
		"eB_33":1.2691393167844712e-12,
		"ed_1111":1.3122220141202924e-11,
		"ed_1122":1.3122220141202924e-11,
		"ed_1133":1.3122220141202924e-11,
		"ed_1211":{
			"Re":2.789721822974532e-14,
			"Im":4.8022939994442186e-15
		},
		"ed_1222":{
			"Re":2.789721822974532e-14,
			"Im":4.8022939994442186e-15
		},
		"ed_1233":{
			"Re":2.789721822974532e-14,
			"Im":4.8022939994442186e-15
		},
		"ed_1311":{
			"Re":1.6987881301758444e-13,
			"Im":3.5057589150508226e-13
		},
		"ed_1322":{
			"Re":1.6987881301758444e-13,
			"Im":3.5057589150508226e-13
		},
		"ed_1333":{
			"Re":1.6987881301758444e-13,
			"Im":3.5057589150508226e-13
		},
		"ed_2211":1.584832763415671e-11,
		"ed_2222":1.584832763415671e-11,
		"ed_2233":1.584832763415671e-11,
		"ed_2311":{
			"Re":-2.289751264791138e-14,
			"Im":4.1787263499812555e-14
		},
		"ed_2322":{
			"Re":-2.289751264791138e-14,
			"Im":4.1787263499812555e-14
		},
		"ed_2333":{
			"Re":-2.289751264791138e-14,
			"Im":4.1787263499812555e-14
		},
		"ed_3311":2.0327244642222066e-11,
		"ed_3322":2.0327244642222066e-11,
		"ed_3333":2.0327244642222066e-11,
		"ee_1111":-1.0129080775997798e-9,
		"ee_1112":{
			"Re":-3.867582040613526e-12,
			"Im":-1.1466157185985274e-12
		},
		"ee_1113":{
			"Re":-4.9900220926163863e-11,
			"Im":-4.757172915540187e-11
		},
		"ee_1122":-3.029492428845363e-9,
		"ee_1123":{
			"Re":4.0847618621366245e-12,
			"Im":-7.877466816268768e-12
		},
		"ee_1133":{
			"Re":-3.8688039424759975e-9,
			"Im":-4.086070156451185e-20
		},
		"ee_1212":{
			"Re":2.575816676361846e-10,
			"Im":1.4571696993149446e-10
		},
		"ee_1213":{
			"Re":1.2509560210100448e-11,
			"Im":1.338015748140379e-12
		},
		"ee_1222":{
			"Re":-5.012575984412991e-12,
			"Im":-1.8665178842750134e-14
		},
		"ee_1223":{
			"Re":-3.824613378300274e-11,
			"Im":-7.9112519407017e-11
		},
		"ee_1232":{
			"Re":-8.117096283534001e-12,
			"Im":-2.9703008052642165e-11
		},
		"ee_1233":{
			"Re":-9.005901723028265e-12,
			"Im":-2.210686964519758e-12
		},
		"ee_1313":{
			"Re":-3.419100507249367e-10,
			"Im":1.5842369835912492e-10
		},
		"ee_1323":{
			"Re":-1.8024414124699195e-12,
			"Im":5.563386456031161e-13
		},
		"ee_1333":{
			"Re":-1.2063418809316366e-11,
			"Im":-8.742545813296572e-11
		},
		"ee_2222":-1.4665548924677922e-9,
		"ee_2223":{
			"Re":1.9184415827800825e-11,
			"Im":-1.53046247271227e-11
		},
		"ee_2233":-4.654863041220584e-9,
		"ee_2323":{
			"Re":-2.642695903197312e-10,
			"Im":3.695667484984495e-10
		},
		"ee_2333":{
			"Re":-9.91419674875195e-12,
			"Im":-1.8495897087755072e-12
		},
		"ee_3333":{
			"Re":-2.3931834673172144e-9,
			"Im":1.0652255021666729e-20
		},
		"ephi_11":2.274068317142532e-17,
		"ephi_12":4.6591063262216694e-20,
		"ephi_13":{
			"Re":2.853921588738519e-19,
			"Im":5.890216526568476e-19
		},
		"ephi_21":{
			"Re":9.633472472097821e-18,
			"Im":-1.6585692356941596e-18
		},
		"ephi_22":5.643615728055478e-15,
		"ephi_23":{
			"Re":-7.953632788418217e-18,
			"Im":1.4515575480902062e-17
		},
		"ephi_31":{
			"Re":9.863323891428517e-16,
			"Im":-2.035691301684158e-15
		},
		"ephi_32":{
			"Re":-1.3294338931817458e-16,
			"Im":-2.4262486180044017e-16
		},
		"ephi_33":1.2166044389039648e-13,
		"eu_1111":-2.6244440282405848e-11,
		"eu_1122":-2.6244440282405848e-11,
		"eu_1133":-2.6244440282405848e-11,
		"eu_1211":{
			"Re":-5.579443645949064e-14,
			"Im":-9.604587998888437e-15
		},
		"eu_1222":{
			"Re":-5.579443645949064e-14,
			"Im":-9.604587998888437e-15
		},
		"eu_1233":{
			"Re":-5.579443645949064e-14,
			"Im":-9.604587998888437e-15
		},
		"eu_1311":{
			"Re":-3.397576260351689e-13,
			"Im":-7.011517830101645e-13
		},
		"eu_1322":{
			"Re":-3.397576260351689e-13,
			"Im":-7.011517830101645e-13
		},
		"eu_1333":{
			"Re":-3.397576260351689e-13,
			"Im":-7.011517830101645e-13
		},
		"eu_2211":-3.169665526831342e-11,
		"eu_2222":-3.169665526831342e-11,
		"eu_2233":-3.169665526831342e-11,
		"eu_2311":{
			"Re":4.579502529582276e-14,
			"Im":-8.357452699962511e-14
		},
		"eu_2322":{
			"Re":4.579502529582276e-14,
			"Im":-8.357452699962511e-14
		},
		"eu_2333":{
			"Re":4.579502529582276e-14,
			"Im":-8.357452699962511e-14
		},
		"eu_3311":-4.065448928444413e-11,
		"eu_3322":-4.065448928444413e-11,
		"eu_3333":-4.065448928444413e-11,
		"phi":7.318888864348486e-17,
		"phiB":-1.5748937177681136e-13,
		"phiBox":-1.8988728834545324e-13,
		"phid_11":2.441530495616556e-13,
		"phid_22":2.441530495616556e-13,
		"phid_33":2.441530495616556e-13,
		"phiD":-7.324591486849667e-13,
		"phie_11":-1.9683330211804423e-11,
		"phie_12":{
			"Re":-4.18458273446172e-14,
			"Im":-7.203440999166069e-15
		},
		"phie_13":{
			"Re":-2.5481821952637646e-13,
			"Im":-5.258638372576233e-13
		},
		"phie_22":-2.3772491451235017e-11,
		"phie_23":{
			"Re":3.4346268971867525e-14,
			"Im":-6.268089524971975e-14
		},
		"phie_33":-3.049086696333314e-11,
		"phil1_11":3.6622957236529076e-13,
		"phil1_13":{
			"Re":-8.563353305330336e-20,
			"Im":-1.7677870101815596e-19
		},
		"phil1_22":3.661281334109175e-13,
		"phil1_23":{
			"Re":2.3863570363419707e-18,
			"Im":-4.3554345711396645e-18
		},
		"phil1_33":3.296879533613029e-13,
		"phil3_13":{
			"Re":-8.563353305330336e-20,
			"Im":-1.7677870101815596e-19
		},
		"phil3_22":-1.0144093156586927e-16,
		"phil3_23":{
			"Re":2.3863570363419707e-18,
			"Im":-4.3554345711396645e-18
		},
		"phil3_33":-3.654162098118045e-14,
		"phiq1_11":-1.220765247808278e-13,
		"phiq1_22":-1.220765247808278e-13,
		"phiq1_33":-1.220765247808278e-13,
		"phiu_11":-4.883060991233112e-13,
		"phiu_22":-4.883060991233112e-13,
		"phiu_33":-4.883060991233112e-13,
		"ld_1111":-2.441530495616556e-13,
		"ld_1122":-2.441530495616556e-13,
		"ld_1133":-2.441530495616556e-13,
		"ld_2211":-2.441530495616556e-13,
		"ld_2222":-2.441530495616556e-13,
		"ld_2233":-2.441530495616556e-13,
		"ld_3311":-2.441530495616556e-13,
		"ld_3322":-2.441530495616556e-13,
		"ld_3333":-2.441530495616556e-13,
		"le_1111":1.9683330211804423e-11,
		"le_1112":{
			"Re":4.18458273446172e-14,
			"Im":7.203440999166069e-15
		},
		"le_1113":{
			"Re":2.5481821952637646e-13,
			"Im":5.258638372576233e-13
		},
		"le_1122":2.3772491451235017e-11,
		"le_1123":{
			"Re":-3.4346268971867525e-14,
			"Im":6.268089524971975e-14
		},
		"le_1133":3.049086696333314e-11,
		"le_2211":1.9683330211804423e-11,
		"le_2212":{
			"Re":4.18458273446172e-14,
			"Im":7.203440999166069e-15
		},
		"le_2213":{
			"Re":2.5481821952637646e-13,
			"Im":5.258638372576233e-13
		},
		"le_2222":2.3772491451235017e-11,
		"le_2223":{
			"Re":-3.4346268971867525e-14,
			"Im":6.268089524971975e-14
		},
		"le_2233":3.049086696333314e-11,
		"le_3311":1.9683330211804423e-11,
		"le_3312":{
			"Re":4.18458273446172e-14,
			"Im":7.203440999166069e-15
		},
		"le_3313":{
			"Re":2.5481821952637646e-13,
			"Im":5.258638372576233e-13
		},
		"le_3322":2.3772491451235017e-11,
		"le_3323":{
			"Re":-3.4346268971867525e-14,
			"Im":6.268089524971975e-14
		},
		"le_3333":3.049086696333314e-11,
		"ll_1111":-1.8311478717124168e-13,
		"ll_1122":-3.6622957434248335e-13,
		"ll_1133":-3.6622957434248335e-13,
		"ll_2222":-1.8311478717124168e-13,
		"ll_2233":-3.6622957434248335e-13,
		"ll_3333":-1.8311478717124168e-13,