{
	"eft":"SMEFT",
	"basis":"Warsaw",
	"scale":1000,
	"values":{
		"dd_1111":-2.765502932290636e-13,
		"dd_1122":-5.531005864581272e-13,
		"dd_1133":-5.531005864581272e-13,
		"dd_2222":-2.765502932290636e-13,
		"dd_2233":-5.531005864581272e-13,
		"dd_3333":-2.765502932290636e-13,
		"eB_11":6.688292329596113e-16,
		"eB_12":{
			"Re":7.1142143935462745e-19,
			"Im":-4.72634170586028e-19
		},
		"eB_13":{
			"Re":-1.4495527539067117e-16,
			"Im":8.432336995139846e-17
		},
		"eB_21":{
			"Re":1.4710134888886505e-16,
			"Im":9.772705765972662e-17
		},
		"eB_22":1.848589911193558e-13,
		"eB_23":{
			"Re":8.942337994868464e-16,
			"Im":4.710868838388345e-16
		},
		"eB_31":{
			"Re":-5.04061404109482e-13,
			"Im":-2.932225553184706e-13
		},
		"eB_32":{
			"Re":1.5038717256503537e-14,
			"Im":-7.92247223641625e-15
		},
		"eB_33":1.7697221587489586e-13,
		"ed_1111":4.6307885011130084e-11,
		"ed_1122":4.6307885011130084e-11,
		"ed_1133":4.6307885011130084e-11,
		"ed_1211":{
			"Re":3.045030156694969e-14,
			"Im":-4.4663071982696644e-14
		},
		"ed_1222":{
			"Re":3.045030156694969e-14,
			"Im":-4.4663071982696644e-14
		},
		"ed_1233":{
			"Re":3.045030156694969e-14,
			"Im":-4.4663071982696644e-14
		},
		"ed_1311":{
			"Re":-1.0359223060786914e-11,
			"Im":6.03617912976361e-12
		},
		"ed_1322":{
			"Re":-1.0359223060786914e-11,
			"Im":6.03617912976361e-12
		},
		"ed_1333":{
			"Re":-1.0359223060786914e-11,
			"Im":6.03617912976361e-12
		},
		"ed_2211":5.972653484610398e-11,
		"ed_2222":5.972653484610398e-11,
		"ed_2233":5.972653484610398e-11,
		"ed_2311":{
			"Re":2.2652201880902273e-13,
			"Im":1.889132222426492e-13
		},
		"ed_2322":{
			"Re":2.2652201880902273e-13,
			"Im":1.889132222426492e-13
		},
		"ed_2333":{
			"Re":2.2652201880902273e-13,
			"Im":1.889132222426492e-13
		},
		"ed_3311":2.1374529243089484e-12,
		"ed_3322":2.1374529243089484e-12,
		"ed_3333":2.1374529243089484e-12,
		"ee_1111":-8.592077555804297e-10,
		"ee_1112":{
			"Re":-3.1444772163770664e-11,
			"Im":-5.967327829034652e-12
		},
		"ee_1113":{
			"Re":4.07469935146929e-10,
			"Im":-2.3526981037644125e-10
		},
		"ee_1122":-9.008343853272234e-9,
		"ee_1123":{
			"Re":-2.7925754154530346e-11,
			"Im":-3.718307076327269e-11
		},
		"ee_1133":-2.1588187659628923e-10,
		"ee_1212":{
			"Re":-2.850426121177209e-9,
			"Im":-1.2111554886042969e-9
		},
		"ee_1213":{
			"Re":-8.538568680857058e-11,
			"Im":-2.3512960476825337e-11
		},
		"ee_1222":{
			"Re":2.6310069839324404e-11,
			"Im":6.664068800357036e-12
		},
		"ee_1223":{
			"Re":1.988243321740675e-9,
			"Im":-1.1573263941643854e-9
		},
		"ee_1232":{
			"Re":9.224718291433164e-10,
			"Im":1.2379202594769128e-9
		},
		"ee_1233":{
			"Re":3.619725169941045e-11,
			"Im":2.050964100745257e-11
		},
		"ee_1313":{
			"Re":1.191470976862098e-11,
			"Im":2.691333269385757e-11
		},
		"ee_1323":{
			"Re":1.1295022956147099e-11,
			"Im":3.1554213684107845e-12
		},
		"ee_1333":{
			"Re":-5.3134198135348806e-12,
			"Im":-1.0685017406293919e-11
		},
		"ee_2222":-2.1781726509155323e-9,
		"ee_2223":{
			"Re":5.390643295953429e-11,
			"Im":-5.017951639170229e-11
		},
		"ee_2233":-5.329493476629202e-10,
		"ee_2323":{
			"Re":-5.6027583115236463e-11,
			"Im":2.423775319264442e-10
		},
		"ee_2333":{
			"Re":-5.021112899591562e-12,
			"Im":5.094920997853185e-12
		},
		"ee_3333":3.937858881749289e-12,
		"ephi_11":-1.9204319974732414e-17,
		"ephi_12":{
			"Re":-1.4432532169447446e-20,
			"Im":1.6706655585111673e-20
		},
		"ephi_13":{
			"Re":4.066264699691879e-18,
			"Im":-2.368344256696114e-18
		},
		"ephi_21":{
			"Re":-2.9845353196290454e-18,
			"Im":-3.4546555781328504e-18
		},
		"ephi_22":-5.142948957621292e-15,
		"ephi_23":{
			"Re":-2.0112299179239042e-17,
			"Im":-1.4786801017635876e-17
		},
		"ephi_31":{
			"Re":1.44361059718492e-14,
			"Im":8.407914143428224e-15
		},
		"ephi_32":{
			"Re":-3.470445669477704e-16,
			"Im":2.533157788276387e-16
		},
		"ephi_33":-5.1261980081859906e-15,
		"eu_1111":-9.261577002226017e-11,
		"eu_1122":-9.261577002226017e-11,
		"eu_1133":-9.261577002226017e-11,
		"eu_1211":{
			"Re":-6.090060313389938e-14,
			"Im":8.932614396539329e-14
		},
		"eu_1222":{
			"Re":-6.090060313389938e-14,
			"Im":8.932614396539329e-14
		},
		"eu_1233":{
			"Re":-6.090060313389938e-14,
			"Im":8.932614396539329e-14
		},
		"eu_1311":{
			"Re":2.071844612157383e-11,
			"Im":-1.207235825952722e-11
		},
		"eu_1322":{
			"Re":2.071844612157383e-11,
			"Im":-1.207235825952722e-11
		},
		"eu_1333":{
			"Re":2.071844612157383e-11,
			"Im":-1.207235825952722e-11
		},
		"eu_2211":-1.1945306969220797e-10,
		"eu_2222":-1.1945306969220797e-10,
		"eu_2233":-1.1945306969220797e-10,
		"eu_2311":{
			"Re":-4.5304403761804546e-13,
			"Im":-3.778264444852984e-13
		},
		"eu_2322":{
			"Re":-4.5304403761804546e-13,
			"Im":-3.778264444852984e-13
		},
		"eu_2333":{
			"Re":-4.5304403761804546e-13,
			"Im":-3.778264444852984e-13
		},
		"eu_3311":-4.274905848617897e-12,
		"eu_3322":-4.274905848617897e-12,
		"eu_3333":-4.274905848617897e-12,
		"phi":-4.19576368747086e-18,
		"phiB":1.3725516293184384e-13,
		"phiBox":-6.237519675780279e-13,
		"phid_11":8.296508796871908e-13,
		"phid_22":8.296508796871908e-13,
		"phid_33":8.296508796871908e-13,
		"phiD":-2.488952639061572e-12,
		"phie_11":-6.946182751669509e-11,
		"phie_12":{
			"Re":-4.567545235042443e-14,
			"Im":6.699460797404486e-14
		},
		"phie_13":{
			"Re":1.5538834591180363e-11,
			"Im":-9.05426869464541e-12
		},
		"phie_22":-8.958980226915598e-11,
		"phie_23":{
			"Re":-3.397830282135339e-13,
			"Im":-2.83369833363974e-13
		},
		"phie_33":-3.2061793864634207e-12,
		"phil1_11":1.2444763139928959e-12,
		"phil1_13":{
			"Re":4.173616452107813e-18,
			"Im":-2.427875792570013e-18
		},
		"phil1_22":1.2441598299802797e-12,
		"phil1_23":{
			"Re":-2.5747175378822904e-17,
			"Im":-1.3563742081569631e-17
		},
		"phil1_33":1.2393808571562654e-12,
		"phil3_13":{
			"Re":4.173616452107813e-18,
			"Im":-2.427875792570013e-18
		},
		"phil3_22":-3.1648955050631205e-16,
		"phil3_23":{
			"Re":-2.5747175378822904e-17,
			"Im":-1.3563742081569631e-17
		},
		"phil3_33":-5.0954623745206255e-15,
		"phiq1_11":-4.148254398435954e-13,
		"phiq1_22":-4.148254398435954e-13,
		"phiq1_33":-4.148254398435954e-13,
		"phiu_11":-1.6593017593743815e-12,
		"phiu_22":-1.6593017593743815e-12,
		"phiu_33":-1.6593017593743815e-12,
		"ld_1111":-8.296508796871908e-13,
		"ld_1122":-8.296508796871908e-13,
		"ld_1133":-8.296508796871908e-13,
		"ld_2211":-8.296508796871908e-13,
		"ld_2222":-8.296508796871908e-13,
		"ld_2233":-8.296508796871908e-13,
		"ld_3311":-8.296508796871908e-13,
		"ld_3322":-8.296508796871908e-13,
		"ld_3333":-8.296508796871908e-13,
		"le_1111":6.946182751669509e-11,
		"le_1112":{
			"Re":4.567545235042443e-14,
			"Im":-6.699460797404486e-14
		},
		"le_1113":{
			"Re":-1.5538834591180363e-11,
			"Im":9.05426869464541e-12
		},
		"le_1122":8.958980226915598e-11,
		"le_1123":{
			"Re":3.397830282135339e-13,
			"Im":2.83369833363974e-13
		},
		"le_1133":3.2061793864634207e-12,
		"le_2211":6.946182751669509e-11,
		"le_2212":{
			"Re":4.567545235042443e-14,
			"Im":-6.699460797404486e-14
		},
		"le_2213":{
			"Re":-1.5538834591180363e-11,
			"Im":9.05426869464541e-12
		},
		"le_2222":8.958980226915598e-11,
		"le_2223":{
			"Re":3.397830282135339e-13,
			"Im":2.83369833363974e-13
		},
		"le_2233":3.2061793864634207e-12,
		"le_3311":6.946182751669509e-11,
		"le_3312":{
			"Re":4.567545235042443e-14,
			"Im":-6.699460797404486e-14
		},
		"le_3313":{
			"Re":-1.5538834591180363e-11,
			"Im":9.05426869464541e-12
		},
		"le_3322":8.958980226915598e-11,
		"le_3323":{
			"Re":3.397830282135339e-13,
			"Im":2.83369833363974e-13
		},
		"le_3333":3.2061793864634207e-12,
		"ll_1111":-6.22238159765393e-13,
		"ll_1122":-1.244476319530786e-12,
		"ll_1133":-1.244476319530786e-12,
		"ll_2222":-6.22238159765393e-13,
		"ll_2233":-1.244476319530786e-12,
		"ll_3333":-6.22238159765393e-13,
		"lq1_1111":4.148254398435954e-13,
		"lq1_1122":4.148254398435954e-13,