{
	"eft":"SMEFT",
	"basis":"Warsaw",
	"scale":1000,
	"values":{
		"dd_1111":-6.974932308007925e-14,
		"dd_1122":-1.394986461601585e-13,
		"dd_1133":-1.394986461601585e-13,
		"dd_2222":-6.974932308007925e-14,
		"dd_2233":-1.394986461601585e-13,
		"dd_3333":-6.974932308007925e-14,
		"eB_11":6.563285247745907e-17,
		"eB_13":{
			"Re":0.0,
			"Im":-4.085701305712565e-20
		},
		"eB_21":{
			"Re":-1.3704117592849987e-19,
			"Im":-6.598880503893511e-20
		},
		"eB_22":6.6738883540712894e-15,
		"eB_23":{
			"Re":-8.874935658774422e-17,
			"Im":3.9836523853252147e-16
		},
		"eB_31":{
			"Re":-3.020785733618783e-17,
			"Im":1.4207446616751046e-16
		},
		"eB_32":{
			"Re":-1.4925363827509038e-15,
			"Im":-6.69948081871658e-15
		},
		"eB_33":5.526151095246884e-13,
		"ed_1111":4.564380760013627e-12,
		"ed_1122":4.564380760013627e-12,
		"ed_1133":4.564380760013627e-12,
		"ed_1211":{
			"Re":-4.9214293630917237e-17,
			"Im":2.538295888568382e-17
		},
		"ed_1222":{
			"Re":-4.9214293630917237e-17,
			"Im":2.538295888568382e-17
		},
		"ed_1233":{
			"Re":-4.9214293630917237e-17,
			"Im":2.538295888568382e-17
		},
		"ed_1311":{
			"Re":-7.120414658837721e-16,
			"Im":-3.06812957618405e-15
		},
		"ed_1322":{
			"Re":-7.120414658837721e-16,
			"Im":-3.06812957618405e-15
		},
		"ed_1333":{
			"Re":-7.120414658837721e-16,
			"Im":-3.06812957618405e-15
		},
		"ed_2211":2.033937070129484e-12,
		"ed_2222":2.033937070129484e-12,
		"ed_2233":2.033937070129484e-12,
		"ed_2311":{
			"Re":-3.238293732124506e-14,
			"Im":1.4573123649959415e-13
		},
		"ed_2322":{
			"Re":-3.238293732124506e-14,
			"Im":1.4573123649959415e-13
		},
		"ed_2333":{
			"Re":-3.238293732124506e-14,
			"Im":1.4573123649959415e-13
		},
		"ed_3311":1.1619509544818039e-11,
		"ed_3322":1.1619509544818039e-11,
		"ed_3333":1.1619509544818039e-11,
		"ee_1111":-6.9102804179706795e-12,
		"ee_1112":{
			"Re":4.9108660517150275e-14,
			"Im":-1.153457212514323e-15
		},
		"ee_1113":{
			"Re":-2.550015928845534e-12,
			"Im":1.0294735433725494e-12
		},
		"ee_1122":-1.238307133267324e-10,
		"ee_1123":{
			"Re":1.8192958752002146e-12,
			"Im":-8.184115804924496e-12
		},
		"ee_1133":-6.619910704982524e-10,
		"ee_1212":{
			"Re":4.6906868558130565e-11,
			"Im":4.03897646040849e-11
		},
		"ee_1213":{
			"Re":1.4030075741055955e-11,
			"Im":4.062072424863136e-12
		},
		"ee_1222":{
			"Re":1.8620853016199147e-14,
			"Im":1.4107618054165109e-14
		},
		"ee_1223":{
			"Re":2.3272161308201544e-14,
			"Im":8.187762864210637e-14
		},
		"ee_1232":{
			"Re":-6.892849971100641e-13,
			"Im":-1.1489943913139517e-12
		},
		"ee_1233":{
			"Re":-2.4868388910595857e-13,
			"Im":-1.8475929331931512e-13
		},
		"ee_1313":{
			"Re":-2.2101235096400494e-10,
			"Im":2.0801940751534187e-10
		},
		"ee_1323":{
			"Re":-8.645059669296788e-14,
			"Im":7.694315830109161e-14
		},
		"ee_1333":{
			"Re":6.05322583681931e-12,
			"Im":-2.34099542997954e-12
		},
		"ee_2222":{
			"Re":1.4968081478136927e-12,
			"Im":1.6601638751412272e-20
		},
		"ee_2223":{
			"Re":7.371874389341421e-12,
			"Im":-6.7903944951356665e-12
		},
		"ee_2233":{
			"Re":-3.0662158931830295e-10,
			"Im":-9.657896900767281e-20
		},
		"ee_2323":{
			"Re":-1.5477340514910445e-11,
			"Im":1.483522256990373e-10
		},
		"ee_2333":{
			"Re":-1.336616228788561e-11,
			"Im":9.883447454281507e-12
		},
		"ee_3333":{
			"Re":-9.386366210231036e-11,
			"Im":3.19009984176391e-20
		},
		"ephi_11":6.126453080814417e-16,
		"ephi_13":{
			"Re":-8.586418973623036e-20,
			"Im":-3.7833482918434583e-19
		},
		"ephi_21":{
			"Re":-1.2584776072298138e-18,
			"Im":-6.376382567890389e-19
		},
		"ephi_22":6.233396983966559e-14,
		"ephi_23":{
			"Re":-8.246581368987359e-16,
			"Im":3.708656935619261e-15
		},
		"ephi_31":{
			"Re":-2.9856278372329e-16,
			"Im":1.3155221907209957e-15
		},
		"ephi_32":{
			"Re":-1.3867759099972786e-14,
			"Im":-6.23661670572397e-14
		},
		"ephi_33":5.150102507942002e-12,
		"eu_1111":-9.128761520027254e-12,
		"eu_1122":-9.128761520027254e-12,
		"eu_1133":-9.128761520027254e-12,
		"eu_1211":{
			"Re":9.842858726183447e-17,
			"Im":-5.076591777136764e-17
		},
		"eu_1222":{
			"Re":9.842858726183447e-17,
			"Im":-5.076591777136764e-17
		},
		"eu_1233":{
			"Re":9.842858726183447e-17,
			"Im":-5.076591777136764e-17
		},
		"eu_1311":{
			"Re":1.4240829317675442e-15,
			"Im":6.1362591523681e-15
		},
		"eu_1322":{
			"Re":1.4240829317675442e-15,
			"Im":6.1362591523681e-15
		},
		"eu_1333":{
			"Re":1.4240829317675442e-15,
			"Im":6.1362591523681e-15
		},
		"eu_2211":-4.067874140258968e-12,
		"eu_2222":-4.067874140258968e-12,
		"eu_2233":-4.067874140258968e-12,
		"eu_2311":{
			"Re":6.476587464249012e-14,
			"Im":-2.914624729991883e-13
		},
		"eu_2322":{
			"Re":6.476587464249012e-14,
			"Im":-2.914624729991883e-13
		},
		"eu_2333":{
			"Re":6.476587464249012e-14,
			"Im":-2.914624729991883e-13
		},
		"eu_3311":-2.3239019089636078e-11,
		"eu_3322":-2.3239019089636078e-11,
		"eu_3333":-2.3239019089636078e-11,
		"phi":3.2076560811559473e-11,
		"phiB":-1.0793563846895206e-11,
		"phiBox":-3.727430791288696e-11,
		"phid_11":2.0924796924023773e-13,
		"phid_22":2.0924796924023773e-13,
		"phid_33":2.0924796924023773e-13,
		"phiD":-6.277439077207132e-13,
		"phie_11":-6.8465711400204406e-12,
		"phie_12":{
			"Re":7.382144044637539e-17,
			"Im":-3.807443832852605e-17
		},
		"phie_13":{
			"Re":1.0680621988256739e-15,
			"Im":4.602194364276065e-15
		},
		"phie_22":-3.0509056051942264e-12,
		"phie_23":{
			"Re":4.857440598186751e-14,
			"Im":-2.1859685474939102e-13
		},
		"phie_33":-1.7429264317227044e-11,
		"phil1_11":3.138719533169182e-13,
		"phil1_22":3.138605277678928e-13,
		"phil1_23":{
			"Re":2.555310758924132e-18,
			"Im":-1.1469908280372835e-17
		},
		"phil1_33":2.979608150171543e-13,
		"phil3_22":-1.1426092463880001e-17,
		"phil3_23":{
			"Re":2.555310758924132e-18,
			"Im":-1.1469908280372835e-17
		},
		"phil3_33":-1.5911138843202323e-14,
		"phiq1_11":-1.0462398462011886e-13,
		"phiq1_22":-1.0462398462011886e-13,
		"phiq1_33":-1.0462398462011886e-13,
		"phiu_11":-4.1849593848047546e-13,
		"phiu_22":-4.1849593848047546e-13,
		"phiu_33":-4.1849593848047546e-13,
		"ld_1111":-2.0924796924023773e-13,
		"ld_1122":-2.0924796924023773e-13,
		"ld_1133":-2.0924796924023773e-13,
		"ld_2211":-2.0924796924023773e-13,
		"ld_2222":-2.0924796924023773e-13,
		"ld_2233":-2.0924796924023773e-13,
		"ld_3311":-2.0924796924023773e-13,
		"ld_3322":-2.0924796924023773e-13,
		"ld_3333":-2.0924796924023773e-13,
		"le_1111":6.8465711400204406e-12,
		"le_1112":{
			"Re":-7.382144044637539e-17,
			"Im":3.807443832852605e-17
		},
		"le_1113":{
			"Re":-1.0680621988256739e-15,
			"Im":-4.602194364276065e-15
		},
		"le_1122":3.0509056051942264e-12,
		"le_1123":{
			"Re":-4.857440598186751e-14,
			"Im":2.1859685474939102e-13
		},
		"le_1133":1.7429264317227044e-11,
		"le_2211":6.8465711400204406e-12,
		"le_2212":{
			"Re":-7.382144044637539e-17,
			"Im":3.807443832852605e-17
		},
		"le_2213":{
			"Re":-1.0680621988256739e-15,
			"Im":-4.602194364276065e-15
		},
		"le_2222":3.0509056051942264e-12,
		"le_2223":{
			"Re":-4.857440598186751e-14,
			"Im":2.1859685474939102e-13
		},
		"le_2233":1.7429264317227044e-11,
		"le_3311":6.8465711400204406e-12,
		"le_3312":{
			"Re":-7.382144044637539e-17,
			"Im":3.807443832852605e-17
		},
		"le_3313":{
			"Re":-1.0680621988256739e-15,
			"Im":-4.602194364276065e-15
		},
		"le_3322":3.0509056051942264e-12,
		"le_3323":{
			"Re":-4.857440598186751e-14,
			"Im":2.1859685474939102e-13
		},
		"le_3333":1.7429264317227044e-11,
		"ll_1111":-1.569359769301783e-13,
		"ll_1122":-3.138719538603566e-13,
		"ll_1133":-3.138719538603566e-13,
		"ll_2222":-1.569359769301783e-13,
		"ll_2233":-3.138719538603566e-13,
		"ll_3333":-1.569359769301783e-13,
		"lq1_1111":1.0462398462011886e-13,
		"lq1_1122":1.0462398462011886e-13,
		"lq1_1133":1.0462398462011886e-13,
		"lq1_2211":1.0462398462011886e-13,
		"lq1_2222":1.0462398462011886e-13,
		"lq1_2233":1.0462398462011886e-13,
		"lq1_3311":1.0462398462011886e-13,