{
	"eft":"SMEFT",
	"basis":"Warsaw",
	"scale":1000,
	"values":{
		"dd_1111":-1.45387645815918e-13,
		"dd_1122":-2.90775291631836e-13,
		"dd_1133":-2.90775291631836e-13,
		"dd_2222":-1.45387645815918e-13,
		"dd_2233":-2.90775291631836e-13,
		"dd_3333":-1.45387645815918e-13,
		"eB_11":1.6646908160023086e-16,
		"eB_12":{
			"Re":2.9834890159301835e-18,
			"Im":2.7220921863504904e-18
		},
		"eB_13":{
			"Re":2.3402647795264095e-17,
			"Im":3.6969907165549654e-17
		},
		"eB_21":{
			"Re":6.168991182449751e-16,
			"Im":-5.628498246766965e-16
		},
		"eB_22":3.186644555962393e-14,
		"eB_23":{
			"Re":6.185044647019854e-16,
			"Im":1.6895627264540557e-16
		},
		"eB_31":{
			"Re":8.137938737150419e-14,
			"Im":-1.285576069269671e-13
		},
		"eB_32":{
			"Re":1.0401657566372409e-14,
			"Im":-2.84141084186831e-15
		},
		"eB_33":6.517261164236243e-13,
		"ed_1111":9.948458669871407e-12,
		"ed_1122":9.948458669871407e-12,
		"ed_1133":9.948458669871407e-12,
		"ed_1211":{
			"Re":1.9362560772092034e-13,
			"Im":1.766679843048577e-13
		},
		"ed_1222":{
			"Re":1.9362560772092034e-13,
			"Im":1.766679843048577e-13
		},
		"ed_1233":{
			"Re":1.9362560772092034e-13,
			"Im":1.766679843048577e-13
		},
		"ed_1311":{
			"Re":1.5196590675101947e-12,
			"Im":2.399206873432726e-12
		},
		"ed_1322":{
			"Re":1.5196590675101947e-12,
			"Im":2.399206873432726e-12
		},
		"ed_1333":{
			"Re":1.5196590675101947e-12,
			"Im":2.399206873432726e-12
		},
		"ed_2211":9.149630898618691e-12,
		"ed_2222":9.149630898618691e-12,
		"ed_2233":9.149630898618691e-12,
		"ed_2311":{
			"Re":1.9421523181909883e-13,
			"Im":5.301827036981015e-14
		},
		"ed_2322":{
			"Re":1.9421523181909883e-13,
			"Im":5.301827036981015e-14
		},
		"ed_2333":{
			"Re":1.9421523181909883e-13,
			"Im":5.301827036981015e-14
		},
		"ed_3311":1.1312338553303512e-11,
		"ed_3322":1.1312338553303512e-11,
		"ed_3333":1.1312338553303512e-11,
		"ee_1111":{
			"Re":-2.880916754830231e-10,
			"Im":3.044578412841155e-19
		},
		"ee_1112":{
			"Re":4.612297336783791e-12,
			"Im":-1.1354156700518555e-11
		},
		"ee_1113":{
			"Re":8.175631789667406e-11,
			"Im":-6.538036156730637e-11
		},
		"ee_1122":{
			"Re":-6.39697856512058e-10,
			"Im":-1.3215152172833677e-20
		},
		"ee_1123":{
			"Re":3.6337462068427116e-11,
			"Im":2.1332940228556488e-11
		},
		"ee_1133":{
			"Re":-1.3578258078302846e-10,
			"Im":-1.3846629542651415e-18
		},
		"ee_1212":{
			"Re":1.7910527191655486e-11,
			"Im":9.693097389407955e-11
		},
		"ee_1213":{
			"Re":4.539207661170251e-14,
			"Im":-1.599024819737181e-11
		},
		"ee_1222":{
			"Re":-5.980927608277237e-12,
			"Im":1.695612672457391e-11
		},
		"ee_1223":{
			"Re":-9.491858915221174e-11,
			"Im":-1.5262262296122227e-10
		},
		"ee_1232":{
			"Re":2.0687843959831085e-10,
			"Im":2.6452945736812883e-10
		},
		"ee_1233":{
			"Re":-3.75961974851371e-11,
			"Im":-4.8546377899109833e-11
		},
		"ee_1313":{
			"Re":-2.8350260994091184e-11,
			"Im":-1.8247004744053262e-11
		},
		"ee_1323":{
			"Re":-1.2485490539328792e-11,
			"Im":-1.6207265842406674e-12
		},
		"ee_1333":{
			"Re":-2.2646973487921638e-10,
			"Im":-1.0398861707817696e-10
		},
		"ee_2222":-1.3742369918258554e-10,
		"ee_2223":{
			"Re":-3.015803306332784e-11,
			"Im":-5.319927502742623e-12
		},
		"ee_2233":-7.271545902593196e-10,
		"ee_2323":{
			"Re":-3.029446872256726e-12,
			"Im":6.451449012448907e-11
		},
		"ee_2333":{
			"Re":-1.5285392921343692e-11,
			"Im":-1.1385970555869872e-11
		},
		"ee_3333":{
			"Re":-4.2072590043905045e-10,
			"Im":3.892681718883402e-19
		},
		"ephi_11":1.6877471739441868e-16,
		"ephi_12":{
			"Re":3.0214342319727085e-18,
			"Im":2.756787730735661e-18
		},
		"ephi_13":{
			"Re":2.372337467670504e-17,
			"Im":3.7460596934985347e-17
		},
		"ephi_21":{
			"Re":6.247438080176143e-16,
			"Im":-5.700226887836422e-16
		},
		"ephi_22":3.231753009890802e-14,
		"ephi_23":{
			"Re":6.269288219543039e-16,
			"Im":1.711769278739785e-16
		},
		"ephi_31":{
			"Re":8.244684123501312e-14,
			"Im":-1.3018835499625605e-13
		},
		"ephi_32":{
			"Re":1.0537241975821036e-14,
			"Im":-2.8770925110183775e-15
		},
		"ephi_33":6.612140026038907e-13,
		"eu_1111":-1.9896917339742815e-11,
		"eu_1122":-1.9896917339742815e-11,
		"eu_1133":-1.9896917339742815e-11,
		"eu_1211":{
			"Re":-3.8725121544184067e-13,
			"Im":-3.533359686097154e-13
		},
		"eu_1222":{
			"Re":-3.8725121544184067e-13,
			"Im":-3.533359686097154e-13
		},
		"eu_1233":{
			"Re":-3.8725121544184067e-13,
			"Im":-3.533359686097154e-13
		},
		"eu_1311":{
			"Re":-3.0393181350203893e-12,
			"Im":-4.798413746865452e-12
		},
		"eu_1322":{
			"Re":-3.0393181350203893e-12,
			"Im":-4.798413746865452e-12
		},
		"eu_1333":{
			"Re":-3.0393181350203893e-12,
			"Im":-4.798413746865452e-12
		},
		"eu_2211":-1.8299261797237383e-11,
		"eu_2222":-1.8299261797237383e-11,
		"eu_2233":-1.8299261797237383e-11,
		"eu_2311":{
			"Re":-3.8843046363819765e-13,
			"Im":-1.060365407396203e-13
		},
		"eu_2322":{
			"Re":-3.8843046363819765e-13,
			"Im":-1.060365407396203e-13
		},
		"eu_2333":{
			"Re":-3.8843046363819765e-13,
			"Im":-1.060365407396203e-13
		},
		"eu_3311":-2.2624677106607025e-11,
		"eu_3322":-2.2624677106607025e-11,
		"eu_3333":-2.2624677106607025e-11,
		"phi":1.2000323633786069e-13,
		"phiB":-2.7341662817812563e-12,
		"phiBox":-1.4697632690101017e-12,
		"phid_11":4.361629374477539e-13,
		"phid_22":4.361629374477539e-13,
		"phid_33":4.361629374477539e-13,
		"phiD":-1.3084888123432617e-12,
		"phie_11":-1.4922688004807098e-11,
		"phie_12":{
			"Re":-2.904384115813804e-13,
			"Im":-2.6500197645728657e-13
		},
		"phie_13":{
			"Re":-2.2794886012652907e-12,
			"Im":-3.5988103101490883e-12
		},
		"phie_22":-1.3724446347928026e-11,
		"phie_23":{
			"Re":-2.913228477286481e-13,
			"Im":-7.952740555471505e-14
		},
		"phie_33":-1.696850782995526e-11,
		"phil1_11":6.542444047932708e-13,
		"phil1_13":{
			"Re":-6.738193942783858e-19,
			"Im":-1.0644539314846236e-18
		},
		"phil1_22":6.541898489279158e-13,
		"phil1_23":{
			"Re":-1.7808254322756947e-17,
			"Im":-4.864663788876913e-18
		},
		"phil1_33":6.354796193472597e-13,
		"phil3_13":{
			"Re":-6.738193942783858e-19,
			"Im":-1.0644539314846236e-18
		},
		"phil3_22":-5.4557243714954167e-17,
		"phil3_23":{
			"Re":-1.7808254322756947e-17,
			"Im":-4.864663788876913e-18
		},
		"phil3_33":-1.8764786824371198e-14,
		"phiq1_11":-2.1808146872387695e-13,
		"phiq1_22":-2.1808146872387695e-13,
		"phiq1_33":-2.1808146872387695e-13,
		"phiu_11":-8.723258748955078e-13,
		"phiu_22":-8.723258748955078e-13,
		"phiu_33":-8.723258748955078e-13,
		"ld_1111":-4.361629374477539e-13,
		"ld_1122":-4.361629374477539e-13,
		"ld_1133":-4.361629374477539e-13,
		"ld_2211":-4.361629374477539e-13,
		"ld_2222":-4.361629374477539e-13,
		"ld_2233":-4.361629374477539e-13,
		"ld_3311":-4.361629374477539e-13,
		"ld_3322":-4.361629374477539e-13,
		"ld_3333":-4.361629374477539e-13,
		"le_1111":1.4922688004807098e-11,
		"le_1112":{
			"Re":2.904384115813804e-13,
			"Im":2.6500197645728657e-13
		},
		"le_1113":{
			"Re":2.2794886012652907e-12,
			"Im":3.5988103101490883e-12
		},
		"le_1122":1.3724446347928026e-11,
		"le_1123":{
			"Re":2.913228477286481e-13,
			"Im":7.952740555471505e-14
		},
		"le_1133":1.696850782995526e-11,
		"le_2211":1.4922688004807098e-11,
		"le_2212":{
			"Re":2.904384115813804e-13,
			"Im":2.6500197645728657e-13
		},
		"le_2213":{
			"Re":2.2794886012652907e-12,
			"Im":3.5988103101490883e-12
		},
		"le_2222":1.3724446347928026e-11,
		"le_2223":{
			"Re":2.913228477286481e-13,
			"Im":7.952740555471505e-14
		},
		"le_2233":1.696850782995526e-11,
		"le_3311":1.4922688004807098e-11,
		"le_3312":{
			"Re":2.904384115813804e-13,
			"Im":2.6500197645728657e-13
		},
		"le_3313":{
			"Re":2.2794886012652907e-12,
			"Im":3.5988103101490883e-12
		},
		"le_3322":1.3724446347928026e-11,
		"le_3323":{
			"Re":2.913228477286481e-13,
			"Im":7.952740555471505e-14
		},
		"le_3333":1.696850782995526e-11,
		"ll_1111":-3.2712220308581543e-13,
		"ll_1122":-6.542444061716309e-13,