{
	"eft":"SMEFT",
	"basis":"Warsaw",
	"scale":1000,
	"values":{
		"dd_1111":-2.1720809623930218e-13,
		"dd_1122":-4.3441619247860437e-13,
		"dd_1133":-4.3441619247860437e-13,
		"dd_2222":-2.1720809623930218e-13,
		"dd_2233":-4.3441619247860437e-13,
		"dd_3333":-2.1720809623930218e-13,
		"eB_11":1.9381309936586602e-16,
		"eB_12":{
			"Re":-1.102689835279062e-18,
			"Im":-8.933633978066474e-20
		},
		"eB_13":{
			"Re":-9.898230609384767e-19,
			"Im":-8.498665882278514e-18
		},
		"eB_21":{
			"Re":-2.280043209306947e-16,
			"Im":1.8472167634491132e-17
		},
		"eB_22":5.3624537785992437e-14,
		"eB_23":{
			"Re":6.692617187621962e-16,
			"Im":4.223839275367228e-15
		},
		"eB_31":{
			"Re":-3.441969259634846e-15,
			"Im":2.955290482621752e-14
		},
		"eB_32":{
			"Re":1.1255264299830747e-14,
			"Im":-7.103413518434919e-14
		},
		"eB_33":1.050252204515643e-12,
		"ed_1111":1.4026721649759927e-11,
		"ed_1122":1.4026721649759927e-11,
		"ed_1133":1.4026721649759927e-11,
		"ed_1211":{
			"Re":-7.375476304303178e-14,
			"Im":-6.431116735996932e-15
		},
		"ed_1222":{
			"Re":-7.375476304303178e-14,
			"Im":-6.431116735996932e-15
		},
		"ed_1233":{
			"Re":-7.375476304303178e-14,
			"Im":-6.431116735996932e-15
		},
		"ed_1311":{
			"Re":-1.2557450519008958e-13,
			"Im":-1.3959144406641328e-12
		},
		"ed_1322":{
			"Re":-1.2557450519008958e-13,
			"Im":-1.3959144406641328e-12
		},
		"ed_1333":{
			"Re":-1.2557450519008958e-13,
			"Im":-1.3959144406641328e-12
		},
		"ed_2211":2.4850410811980976e-11,
		"ed_2222":2.4850410811980976e-11,
		"ed_2233":2.4850410811980976e-11,
		"ed_2311":{
			"Re":1.9690882030553812e-13,
			"Im":1.2363766465918445e-12
		},
		"ed_2322":{
			"Re":1.9690882030553812e-13,
			"Im":1.2363766465918445e-12
		},
		"ed_2333":{
			"Re":1.9690882030553812e-13,
			"Im":1.2363766465918445e-12
		},
		"ed_3311":3.175093226607103e-11,
		"ed_3322":3.175093226607103e-11,
		"ed_3333":3.175093226607103e-11,
		"ee_1111":1.9799395489375048e-11,
		"ee_1112":{
			"Re":9.168054279846092e-11,
			"Im":5.5243980749854236e-11
		},
		"ee_1113":{
			"Re":6.648083284576834e-11,
			"Im":2.771188923163828e-12
		},
		"ee_1122":-1.255431599988634e-9,
		"ee_1123":{
			"Re":-7.447375276905435e-12,
			"Im":-9.712044255146902e-11
		},
		"ee_1133":-1.5852648041681154e-9,
		"ee_1212":{
			"Re":-5.455801420977442e-10,
			"Im":-4.386703345777226e-10
		},
		"ee_1213":{
			"Re":5.952129565497017e-10,
			"Im":-1.0398351834223146e-9
		},
		"ee_1222":{
			"Re":-1.7813446734065147e-10,
			"Im":-2.0851089715421752e-11
		},
		"ee_1223":{
			"Re":-2.5360329445645967e-12,
			"Im":-2.0070881789383972e-10
		},
		"ee_1232":{
			"Re":-9.971367726157302e-12,
			"Im":-1.639007576207922e-10
		},
		"ee_1233":{
			"Re":2.943375228699063e-10,
			"Im":-5.908167174841188e-11
		},
		"ee_1313":{
			"Re":-8.423276057917111e-10,
			"Im":-3.205476781564651e-10
		},
		"ee_1323":{
			"Re":-2.4695195844379865e-10,
			"Im":5.047895649772496e-11
		},
		"ee_1333":{
			"Re":-6.454510616017269e-11,
			"Im":-5.139601981796381e-11
		},
		"ee_2222":1.3906193128320838e-10,
		"ee_2223":{
			"Re":3.209143480139382e-10,
			"Im":2.0265006011890293e-9
		},
		"ee_2233":9.276257179351866e-10,
		"ee_2323":{
			"Re":1.5759644839270382e-9,
			"Im":-5.141127645747575e-10
		},
		"ee_2333":{
			"Re":-4.751907413415057e-10,
			"Im":-2.9786678671345134e-9
		},
		"ee_3333":4.145529228389267e-10,
		"ephi_11":-6.338829541448672e-17,
		"ephi_12":{
			"Re":3.190731305807585e-19,
			"Im":2.725731308683553e-20
		},
		"ephi_13":{
			"Re":4.691271965054028e-19,
			"Im":5.0088786412715375e-18
		},
		"ephi_21":{
			"Re":6.597555593570861e-17,
			"Im":-5.636061282570474e-18
		},
		"ephi_22":-2.1139036153795964e-14,
		"ephi_23":{
			"Re":-1.8076313527915572e-16,
			"Im":-1.136775442168528e-15
		},
		"ephi_31":{
			"Re":1.6333461837906008e-15,
			"Im":-1.743503368021391e-14
		},
		"ephi_32":{
			"Re":-3.0465635316497946e-15,
			"Im":1.9159245783542926e-14
		},
		"ephi_33":-4.412701795340835e-13,
		"eu_1111":-2.8053443299519854e-11,
		"eu_1122":-2.8053443299519854e-11,
		"eu_1133":-2.8053443299519854e-11,
		"eu_1211":{
			"Re":1.4750952608606356e-13,
			"Im":1.2862233471993863e-14
		},
		"eu_1222":{
			"Re":1.4750952608606356e-13,
			"Im":1.2862233471993863e-14
		},
		"eu_1233":{
			"Re":1.4750952608606356e-13,
			"Im":1.2862233471993863e-14
		},
		"eu_1311":{
			"Re":2.5114901038017917e-13,
			"Im":2.7918288813282657e-12
		},
		"eu_1322":{
			"Re":2.5114901038017917e-13,
			"Im":2.7918288813282657e-12
		},
		"eu_1333":{
			"Re":2.5114901038017917e-13,
			"Im":2.7918288813282657e-12
		},
		"eu_2211":-4.970082162396195e-11,
		"eu_2222":-4.970082162396195e-11,
		"eu_2233":-4.970082162396195e-11,
		"eu_2311":{
			"Re":-3.9381764061107625e-13,
			"Im":-2.472753293183689e-12
		},
		"eu_2322":{
			"Re":-3.9381764061107625e-13,
			"Im":-2.472753293183689e-12
		},
		"eu_2333":{
			"Re":-3.9381764061107625e-13,
			"Im":-2.472753293183689e-12
		},
		"eu_3311":-6.350186453214206e-11,
		"eu_3322":-6.350186453214206e-11,
		"eu_3333":-6.350186453214206e-11,
		"phi":-3.9217224559668055e-15,
		"phiB":1.1424009578564167e-12,
		"phiBox":-6.222389145957974e-13,
		"phid_11":6.516242887179065e-13,
		"phid_22":6.516242887179065e-13,
		"phid_33":6.516242887179065e-13,
		"phiD":-1.9548728661537195e-12,
		"phie_11":-2.1040082474639888e-11,
		"phie_12":{
			"Re":1.1063214456454728e-13,
			"Im":9.646675103995354e-15
		},
		"phie_13":{
			"Re":1.8836175778513432e-13,
			"Im":2.093871660996199e-12
		},
		"phie_22":-3.727561621797144e-11,
		"phie_23":{
			"Re":-2.953632304583068e-13,
			"Im":-1.854564969887762e-12
		},
		"phie_33":-4.762639839910653e-11,
		"phil1_11":9.774364314720918e-13,
		"phil1_13":{
			"Re":2.8499423706206156e-20,
			"Im":2.4469734993534206e-19
		},
		"phil1_22":9.773446246895197e-13,
		"phil1_23":{
			"Re":-1.926967964886927e-17,
			"Im":-1.2161465005823694e-16
		},
		"phil1_33":9.471971067204002e-13,
		"phil3_13":{
			"Re":2.8499423706206156e-20,
			"Im":2.4469734993534206e-19
		},
		"phil3_22":-9.180838734016257e-17,
		"phil3_23":{
			"Re":-1.926967964886927e-17,
			"Im":-1.2161465005823694e-16
		},
		"phil3_33":-3.0239326356459605e-14,
		"phiq1_11":-3.2581214435895324e-13,
		"phiq1_22":-3.2581214435895324e-13,
		"phiq1_33":-3.2581214435895324e-13,
		"phiu_11":-1.303248577435813e-12,
		"phiu_22":-1.303248577435813e-12,
		"phiu_33":-1.303248577435813e-12,
		"ld_1111":-6.516242887179065e-13,
		"ld_1122":-6.516242887179065e-13,
		"ld_1133":-6.516242887179065e-13,
		"ld_2211":-6.516242887179065e-13,
		"ld_2222":-6.516242887179065e-13,
		"ld_2233":-6.516242887179065e-13,
		"ld_3311":-6.516242887179065e-13,
		"ld_3322":-6.516242887179065e-13,
		"ld_3333":-6.516242887179065e-13,
		"le_1111":2.1040082474639888e-11,
		"le_1112":{
			"Re":-1.1063214456454728e-13,
			"Im":-9.646675103995354e-15
		},
		"le_1113":{
			"Re":-1.8836175778513432e-13,
			"Im":-2.093871660996199e-12
		},
		"le_1122":3.727561621797144e-11,
		"le_1123":{
			"Re":2.953632304583068e-13,
			"Im":1.854564969887762e-12
		},
		"le_1133":4.762639839910653e-11,
		"le_2211":2.1040082474639888e-11,
		"le_2212":{
			"Re":-1.1063214456454728e-13,
			"Im":-9.646675103995354e-15
		},
		"le_2213":{
			"Re":-1.8836175778513432e-13,
			"Im":-2.093871660996199e-12
		},
		"le_2222":3.727561621797144e-11,
		"le_2223":{
			"Re":2.953632304583068e-13,
			"Im":1.854564969887762e-12
		},
		"le_2233":4.762639839910653e-11,
		"le_3311":2.1040082474639888e-11,
		"le_3312":{
			"Re":-1.1063214456454728e-13,
			"Im":-9.646675103995354e-15
		},
		"le_3313":{
			"Re":-1.8836175778513432e-13,
			"Im":-2.093871660996199e-12
		},
		"le_3322":3.727561621797144e-11,
		"le_3323":{
			"Re":2.953632304583068e-13,
			"Im":1.854564969887762e-12
		},
		"le_3333":4.762639839910653e-11,
		"ll_1111":-4.887182165384299e-13,
		"ll_1122":-9.774364330768598e-13,
		"ll_1133":-9.774364330768598e-13,
		"ll_2222":-4.887182165384299e-13,
		"ll_2233":-9.774364330768598e-13,
		"ll_3333":-4.887182165384299e-13,
		"lq1_1111":3.2581214435895324e-13,