{
	"eft":"SMEFT",
	"basis":"Warsaw",
	"scale":1000,
	"values":{
		"dd_1111":-3.4652616242434346e-13,
		"dd_1122":-6.930523248486869e-13,
		"dd_1133":-6.930523248486869e-13,
		"dd_2222":-3.4652616242434346e-13,
		"dd_2233":-6.930523248486869e-13,
		"dd_3333":-3.4652616242434346e-13,
		"eB_11":8.255239354503041e-16,
		"eB_12":{
			"Re":-2.3657071066427905e-19,
			"Im":-1.5947889536213744e-18
		},
		"eB_13":{
			"Re":-6.371497187405681e-17,
			"Im":9.176521130143744e-17
		},
		"eB_21":{
			"Re":-4.891597121093429e-17,
			"Im":3.2975616602668177e-16
		},
		"eB_22":3.0968212843538354e-13,
		"eB_23":{
			"Re":3.069542000612497e-15,
			"Im":2.8225429424249117e-15
		},
		"eB_31":{
			"Re":-2.2155977489660978e-13,
			"Im":-3.19100502774683e-13
		},
		"eB_32":{
			"Re":5.162181778486058e-14,
			"Im":-4.7467927604420795e-14
		},
		"eB_33":2.9002621390913536e-13,
		"ed_1111":4.43216002958805e-11,
		"ed_1122":4.43216002958805e-11,
		"ed_1133":4.43216002958805e-11,
		"ed_1211":{
			"Re":-1.2288540764008507e-14,
			"Im":-8.906779285959385e-14
		},
		"ed_1222":{
			"Re":-1.2288540764008507e-14,
			"Im":-8.906779285959385e-14
		},
		"ed_1233":{
			"Re":-1.2288540764008507e-14,
			"Im":-8.906779285959385e-14
		},
		"ed_1311":{
			"Re":-3.580287972887348e-12,
			"Im":5.156407816563325e-12
		},
		"ed_1322":{
			"Re":-3.580287972887348e-12,
			"Im":5.156407816563325e-12
		},
		"ed_1333":{
			"Re":-3.580287972887348e-12,
			"Im":5.156407816563325e-12
		},
		"ed_2211":8.190153649540466e-11,
		"ed_2222":8.190153649540466e-11,
		"ed_2233":8.190153649540466e-11,
		"ed_2311":{
			"Re":8.319529295714565e-13,
			"Im":7.654188621220814e-13
		},
		"ed_2322":{
			"Re":8.319529295714565e-13,
			"Im":7.654188621220814e-13
		},
		"ed_2333":{
			"Re":8.319529295714565e-13,
			"Im":7.654188621220814e-13
		},
		"ed_3311":2.619312894646726e-12,
		"ed_3322":2.619312894646726e-12,
		"ed_3333":2.619312894646726e-12,
		"ee_1111":-2.9554351685383723e-9,
		"ee_1112":{
			"Re":2.2158996957783704e-11,
			"Im":2.1286394090097356e-11
		},
		"ee_1113":{
			"Re":4.5817026849894e-10,
			"Im":-6.436687846619753e-10
		},
		"ee_1122":-1.2854187860738543e-8,
		"ee_1123":{
			"Re":-1.287043534768175e-10,
			"Im":-1.1030836164258203e-10
		},
		"ee_1133":-6.662019574889741e-10,
		"ee_1212":{
			"Re":-5.937901190453426e-10,
			"Im":-7.960476006877966e-10
		},
		"ee_1213":{
			"Re":-4.136755771954975e-12,
			"Im":-2.8339882867555184e-11
		},
		"ee_1222":{
			"Re":-2.8308350331556008e-11,
			"Im":4.5387822498257665e-12
		},
		"ee_1223":{
			"Re":1.010501747150366e-9,
			"Im":-1.4569806615756398e-9
		},
		"ee_1232":{
			"Re":-1.1647380326318568e-10,
			"Im":2.9705966478713646e-10
		},
		"ee_1233":{
			"Re":-1.0203968197827834e-11,
			"Im":-1.743521833442416e-11
		},
		"ee_1313":{
			"Re":5.632687125134382e-11,
			"Im":7.610679888097364e-11
		},
		"ee_1323":{
			"Re":2.4914494497417934e-11,
			"Im":-5.228844567401788e-12
		},
		"ee_1333":{
			"Re":4.4250568805240197e-11,
			"Im":-7.775206052349859e-11
		},
		"ee_2222":-9.991918654451295e-9,
		"ee_2223":{
			"Re":-1.9377722203043512e-10,
			"Im":-1.9079805238209844e-10
		},
		"ee_2233":-1.0806105117852124e-9,
		"ee_2323":{
			"Re":-5.465779003851215e-11,
			"Im":3.057755803236318e-11
		},
		"ee_2333":{
			"Re":-1.1570150688422675e-11,
			"Im":-8.323930877163286e-12
		},
		"ee_3333":-2.3970097021523566e-11,
		"ephi_11":-1.531889902311304e-17,
		"ephi_12":{
			"Re":0.0,
			"Im":2.9462801033377655e-20
		},
		"ephi_13":{
			"Re":1.1446660878841712e-18,
			"Im":-1.6485810574376607e-18
		},
		"ephi_21":{
			"Re":8.611155784910956e-19,
			"Im":-6.092739154965144e-18
		},
		"ephi_22":-5.7366727846095096e-15,
		"ephi_23":{
			"Re":-5.504265745158188e-17,
			"Im":-5.063250288307433e-17
		},
		"ephi_31":{
			"Re":4.110629215273537e-15,
			"Im":5.920248746225421e-15
		},
		"ephi_32":{
			"Re":-9.559081683299417e-16,
			"Im":8.793079919878263e-16
		},
		"ephi_33":-5.219611385722828e-15,
		"eu_1111":-8.8643200591761e-11,
		"eu_1122":-8.8643200591761e-11,
		"eu_1133":-8.8643200591761e-11,
		"eu_1211":{
			"Re":2.4577081528017013e-14,
			"Im":1.781355857191877e-13
		},
		"eu_1222":{
			"Re":2.4577081528017013e-14,
			"Im":1.781355857191877e-13
		},
		"eu_1233":{
			"Re":2.4577081528017013e-14,
			"Im":1.781355857191877e-13
		},
		"eu_1311":{
			"Re":7.160575945774696e-12,
			"Im":-1.031281563312665e-11
		},
		"eu_1322":{
			"Re":7.160575945774696e-12,
			"Im":-1.031281563312665e-11
		},
		"eu_1333":{
			"Re":7.160575945774696e-12,
			"Im":-1.031281563312665e-11
		},
		"eu_2211":-1.6380307299080933e-10,
		"eu_2222":-1.6380307299080933e-10,
		"eu_2233":-1.6380307299080933e-10,
		"eu_2311":{
			"Re":-1.663905859142913e-12,
			"Im":-1.5308377242441628e-12
		},
		"eu_2322":{
			"Re":-1.663905859142913e-12,
			"Im":-1.5308377242441628e-12
		},
		"eu_2333":{
			"Re":-1.663905859142913e-12,
			"Im":-1.5308377242441628e-12
		},
		"eu_3311":-5.238625789293452e-12,
		"eu_3322":-5.238625789293452e-12,
		"eu_3333":-5.238625789293452e-12,
		"phi":-2.3719999514685643e-18,
		"phiB":1.3190801311645133e-13,
		"phiBox":-7.807996846152847e-13,
		"phid_11":1.0395784872730302e-12,
		"phid_22":1.0395784872730302e-12,
		"phid_33":1.0395784872730302e-12,
		"phiD":-3.118735461819091e-12,
		"phie_11":-6.648240044382088e-11,
		"phie_12":{
			"Re":1.843281114601031e-14,
			"Im":1.3360168928938975e-13
		},
		"phie_13":{
			"Re":5.370431959331033e-12,
			"Im":-7.734611724845001e-12
		},
		"phie_22":-1.2285230474310676e-10,
		"phie_23":{
			"Re":-1.247929394357182e-12,
			"Im":-1.1481282931831203e-12
		},
		"phie_33":-3.928969341970098e-12,
		"phil1_11":1.559367724074227e-12,
		"phil1_13":{
			"Re":1.834509673017829e-18,
			"Im":-2.642144582779886e-18
		},
		"phil1_22":1.5588375367489322e-12,
		"phil1_23":{
			"Re":-8.837961198490278e-17,
			"Im":-8.126790576980642e-17
		},
		"phil1_33":1.5510171677813571e-12,
		"phil3_13":{
			"Re":1.834509673017829e-18,
			"Im":-2.642144582779886e-18
		},
		"phil3_22":-5.301941606133237e-16,
		"phil3_23":{
			"Re":-8.837961198490278e-17,
			"Im":-8.126790576980642e-17
		},
		"phil3_33":-8.35056312818823e-15,
		"phiq1_11":-5.197892436365151e-13,
		"phiq1_22":-5.197892436365151e-13,
		"phiq1_33":-5.197892436365151e-13,
		"phiu_11":-2.0791569745460605e-12,
		"phiu_22":-2.0791569745460605e-12,
		"phiu_33":-2.0791569745460605e-12,
		"ld_1111":-1.0395784872730302e-12,
		"ld_1122":-1.0395784872730302e-12,
		"ld_1133":-1.0395784872730302e-12,
		"ld_2211":-1.0395784872730302e-12,
		"ld_2222":-1.0395784872730302e-12,
		"ld_2233":-1.0395784872730302e-12,
		"ld_3311":-1.0395784872730302e-12,
		"ld_3322":-1.0395784872730302e-12,
		"ld_3333":-1.0395784872730302e-12,
		"le_1111":6.648240044382088e-11,
		"le_1112":{
			"Re":-1.843281114601031e-14,
			"Im":-1.3360168928938975e-13
		},
		"le_1113":{
			"Re":-5.370431959331033e-12,
			"Im":7.734611724845001e-12
		},
		"le_1122":1.2285230474310676e-10,
		"le_1123":{
			"Re":1.247929394357182e-12,
			"Im":1.1481282931831203e-12
		},
		"le_1133":3.928969341970098e-12,
		"le_2211":6.648240044382088e-11,
		"le_2212":{
			"Re":-1.843281114601031e-14,
			"Im":-1.3360168928938975e-13
		},
		"le_2213":{
			"Re":-5.370431959331033e-12,
			"Im":7.734611724845001e-12
		},
		"le_2222":1.2285230474310676e-10,
		"le_2223":{
			"Re":1.247929394357182e-12,
			"Im":1.1481282931831203e-12
		},
		"le_2233":3.928969341970098e-12,
		"le_3311":6.648240044382088e-11,
		"le_3312":{
			"Re":-1.843281114601031e-14,
			"Im":-1.3360168928938975e-13
		},
		"le_3313":{
			"Re":-5.370431959331033e-12,
			"Im":7.734611724845001e-12
		},
		"le_3322":1.2285230474310676e-10,
		"le_3323":{
			"Re":1.247929394357182e-12,
			"Im":1.1481282931831203e-12
		},
		"le_3333":3.928969341970098e-12,
		"ll_1111":-7.796838654547727e-13,
		"ll_1122":-1.5593677309095455e-12,
		"ll_1133":-1.5593677309095455e-12,
		"ll_2222":-7.796838654547727e-13,
		"ll_2233":-1.5593677309095455e-12,
		"ll_3333":-7.796838654547727e-13,
		"lq1_1111":5.197892436365151e-13,
		"lq1_1122":5.197892436365151e-13,