{
	"eft":"SMEFT",
	"basis":"Warsaw",
	"scale":1000,
	"values":{
		"dd_1111":-7.478212756544748e-14,
		"dd_1122":-1.4956425513089496e-13,
		"dd_1133":-1.4956425513089496e-13,
		"dd_2222":-7.478212756544748e-14,
		"dd_2233":-1.4956425513089496e-13,
		"dd_3333":-7.478212756544748e-14,
		"eB_11":2.5663981971046936e-16,
		"eB_13":{
			"Re":0.0,
			"Im":6.214405138102556e-20
		},
		"eB_21":{
			"Re":-1.5827660926348466e-18,
			"Im":-1.636986941328617e-18
		},
		"eB_22":4.592746833017562e-16,
		"eB_23":{
			"Re":6.103161762838707e-16,
			"Im":-6.065422535471293e-16
		},
		"eB_31":{
			"Re":2.6205128559036808e-17,
			"Im":-2.1609712176220362e-16
		},
		"eB_32":{
			"Re":1.0263951572251564e-14,
			"Im":1.020048387843555e-14
		},
		"eB_33":6.017474241863959e-13,
		"ed_1111":1.750787528692891e-11,
		"ed_1122":1.750787528692891e-11,
		"ed_1133":1.750787528692891e-11,
		"ed_1211":{
			"Re":-5.230982869978883e-16,
			"Im":4.987744590980936e-16
		},
		"ed_1222":{
			"Re":-5.230982869978883e-16,
			"Im":4.987744590980936e-16
		},
		"ed_1233":{
			"Re":-5.230982869978883e-16,
			"Im":4.987744590980936e-16
		},
		"ed_1311":{
			"Re":9.972523740407567e-16,
			"Im":2.8668311237377688e-15
		},
		"ed_1322":{
			"Re":9.972523740407567e-16,
			"Im":2.8668311237377688e-15
		},
		"ed_1333":{
			"Re":9.972523740407567e-16,
			"Im":2.8668311237377688e-15
		},
		"ed_2211":-2.8360369277136343e-13,
		"ed_2222":-2.8360369277136343e-13,
		"ed_2233":-2.8360369277136343e-13,
		"ed_2311":{
			"Re":2.2090018307299901e-13,
			"Im":-2.075504410914366e-13
		},
		"ed_2322":{
			"Re":2.2090018307299901e-13,
			"Im":-2.075504410914366e-13
		},
		"ed_2333":{
			"Re":2.2090018307299901e-13,
			"Im":-2.075504410914366e-13
		},
		"ed_3311":1.1931383135649675e-11,
		"ed_3322":1.1931383135649675e-11,
		"ed_3333":1.1931383135649675e-11,
		"ee_1111":-5.848071243633053e-10,
		"ee_1112":{
			"Re":-1.8490698384145234e-13,
			"Im":-2.319343303770694e-13
		},
		"ee_1113":{
			"Re":-7.81489577984966e-12,
			"Im":1.783366395382021e-11
		},
		"ee_1122":1.9046475797068817e-11,
		"ee_1123":{
			"Re":-4.466635091328163e-11,
			"Im":4.296877339600102e-11
		},
		"ee_1133":-2.498373505381939e-9,
		"ee_1212":{
			"Re":-1.0955429611304312e-11,
			"Im":-5.651983265365813e-12
		},
		"ee_1213":{
			"Re":-6.057022381030233e-11,
			"Im":-1.529253550471485e-12
		},
		"ee_1222":{
			"Re":2.5554176812732594e-15,
			"Im":7.5507125557811e-16
		},
		"ee_1223":{
			"Re":1.5854855614590777e-14,
			"Im":-6.047274900526888e-15
		},
		"ee_1232":{
			"Re":-1.420024623791771e-14,
			"Im":1.9638984154591695e-13
		},
		"ee_1233":{
			"Re":4.270387471244753e-13,
			"Im":8.205526449014834e-13
		},
		"ee_1313":{
			"Re":5.590651162917675e-10,
			"Im":6.131464401491188e-10
		},
		"ee_1323":{
			"Re":-2.0195065535435882e-13,
			"Im":-9.541826504331355e-14
		},
		"ee_1333":{
			"Re":5.541289790254506e-12,
			"Im":-1.2483586559700946e-11
		},
		"ee_2222":-2.089389570449831e-13,
		"ee_2223":{
			"Re":7.922664897566281e-13,
			"Im":-4.908704990462476e-13
		},
		"ee_2233":1.493773806387498e-11,
		"ee_2323":{
			"Re":-7.66827232667519e-12,
			"Im":-2.314785397096422e-12
		},
		"ee_2333":{
			"Re":-5.809135784183936e-11,
			"Im":2.65095674494278e-13
		},
		"ee_3333":-2.9973710689392014e-10,
		"ephi_11":2.9816898743256586e-16,
		"ephi_13":{
			"Re":1.4400243304235295e-20,
			"Im":5.445935022095907e-20
		},
		"ephi_21":{
			"Re":-1.8079074399269694e-18,
			"Im":-1.7650111546750676e-18
		},
		"ephi_22":5.576113080246429e-16,
		"ephi_23":{
			"Re":7.451179723396658e-16,
			"Im":-7.107720663863683e-16
		},
		"ephi_31":{
			"Re":5.0059401702792395e-17,
			"Im":-1.8924765899001157e-16
		},
		"ephi_32":{
			"Re":1.2524960772971634e-14,
			"Im":1.1947387960681537e-14
		},
		"ephi_33":7.108394740662679e-13,
		"eu_1111":-3.501575057385782e-11,
		"eu_1122":-3.501575057385782e-11,
		"eu_1133":-3.501575057385782e-11,
		"eu_1211":{
			"Re":1.0461965739957767e-15,
			"Im":-9.975489181961871e-16
		},
		"eu_1222":{
			"Re":1.0461965739957767e-15,
			"Im":-9.975489181961871e-16
		},
		"eu_1233":{
			"Re":1.0461965739957767e-15,
			"Im":-9.975489181961871e-16
		},
		"eu_1311":{
			"Re":-1.9945047480815135e-15,
			"Im":-5.7336622474755376e-15
		},
		"eu_1322":{
			"Re":-1.9945047480815135e-15,
			"Im":-5.7336622474755376e-15
		},
		"eu_1333":{
			"Re":-1.9945047480815135e-15,
			"Im":-5.7336622474755376e-15
		},
		"eu_2211":5.672073855427269e-13,
		"eu_2222":5.672073855427269e-13,
		"eu_2233":5.672073855427269e-13,
		"eu_2311":{
			"Re":-4.4180036614599803e-13,
			"Im":4.151008821828732e-13
		},
		"eu_2322":{
			"Re":-4.4180036614599803e-13,
			"Im":4.151008821828732e-13
		},
		"eu_2333":{
			"Re":-4.4180036614599803e-13,
			"Im":4.151008821828732e-13
		},
		"eu_3311":-2.386276627129935e-11,
		"eu_3322":-2.386276627129935e-11,
		"eu_3333":-2.386276627129935e-11,
		"phi":7.931281627555679e-14,
		"phiB":-1.528933520904745e-12,
		"phiBox":-8.629111213416583e-13,
		"phid_11":2.2434638269634242e-13,
		"phid_22":2.2434638269634242e-13,
		"phid_33":2.2434638269634242e-13,
		"phiD":-6.730391480890272e-13,
		"phie_11":-2.626181293039334e-11,
		"phie_12":{
			"Re":7.846474304968306e-16,
			"Im":-7.481616886471392e-16
		},
		"phie_13":{
			"Re":-1.4958785610611603e-15,
			"Im":-4.300246685606584e-15
		},
		"phie_22":4.254055391570451e-13,
		"phie_23":{
			"Re":-3.3135027460949856e-13,
			"Im":3.1132566163715486e-13
		},
		"phie_33":-1.7897074703474513e-11,
		"phil1_11":3.36519571919542e-13,
		"phil1_22":3.365187877390318e-13,
		"phil1_23":{
			"Re":-1.757249349815539e-17,
			"Im":1.746383304422847e-17
		},
		"phil1_33":3.191937958496245e-13,
		"phil3_22":-7.863054817996467e-19,
		"phil3_23":{
			"Re":-1.757249349815539e-17,
			"Im":1.746383304422847e-17
		},
		"phil3_33":-1.7325778194889112e-14,
		"phiq1_11":-1.1217319134817121e-13,
		"phiq1_22":-1.1217319134817121e-13,
		"phiq1_33":-1.1217319134817121e-13,
		"phiu_11":-4.4869276539268484e-13,
		"phiu_22":-4.4869276539268484e-13,
		"phiu_33":-4.4869276539268484e-13,
		"ld_1111":-2.2434638269634242e-13,
		"ld_1122":-2.2434638269634242e-13,
		"ld_1133":-2.2434638269634242e-13,
		"ld_2211":-2.2434638269634242e-13,
		"ld_2222":-2.2434638269634242e-13,
		"ld_2233":-2.2434638269634242e-13,
		"ld_3311":-2.2434638269634242e-13,
		"ld_3322":-2.2434638269634242e-13,
		"ld_3333":-2.2434638269634242e-13,
		"le_1111":2.626181293039334e-11,
		"le_1112":{
			"Re":-7.846474304968306e-16,
			"Im":7.481616886471392e-16
		},
		"le_1113":{
			"Re":1.4958785610611603e-15,
			"Im":4.300246685606584e-15
		},
		"le_1122":-4.254055391570451e-13,
		"le_1123":{
			"Re":3.3135027460949856e-13,
			"Im":-3.1132566163715486e-13
		},
		"le_1133":1.7897074703474513e-11,
		"le_2211":2.626181293039334e-11,
		"le_2212":{
			"Re":-7.846474304968306e-16,
			"Im":7.481616886471392e-16
		},
		"le_2213":{
			"Re":1.4958785610611603e-15,
			"Im":4.300246685606584e-15
		},
		"le_2222":-4.254055391570451e-13,
		"le_2223":{
			"Re":3.3135027460949856e-13,
			"Im":-3.1132566163715486e-13
		},
		"le_2233":1.7897074703474513e-11,
		"le_3311":2.626181293039334e-11,
		"le_3312":{
			"Re":-7.846474304968306e-16,
			"Im":7.481616886471392e-16
		},
		"le_3313":{
			"Re":1.4958785610611603e-15,
			"Im":4.300246685606584e-15
		},
		"le_3322":-4.254055391570451e-13,
		"le_3323":{
			"Re":3.3135027460949856e-13,
			"Im":-3.1132566163715486e-13
		},
		"le_3333":1.7897074703474513e-11,
		"ll_1111":-1.682597870222568e-13,
		"ll_1122":-3.365195740445136e-13,
		"ll_1133":-3.365195740445136e-13,
		"ll_2222":-1.682597870222568e-13,
		"ll_2233":-3.365195740445136e-13,
		"ll_3333":-1.682597870222568e-13,
		"lq1_1111":1.1217319134817121e-13,
		"lq1_1122":1.1217319134817121e-13,
		"lq1_1133":1.1217319134817121e-13,
		"lq1_2211":1.1217319134817121e-13,
		"lq1_2222":1.1217319134817121e-13,
		"lq1_2233":1.1217319134817121e-13,
		"lq1_3311":1.1217319134817121e-13,
		"lq1_3322":1.1217319134817121e-13,
		"lq1_3333":1.1217319134817121e-13,
		"lu_1111":4.4869276539268484e-13,