{
	"eft":"SMEFT",
	"basis":"Warsaw",
	"scale":1000,
	"values":{
		"dd_1111":-4.877483144651602e-14,
		"dd_1122":-9.754966289303204e-14,
		"dd_1133":-9.754966289303204e-14,
		"dd_2222":-4.877483144651602e-14,
		"dd_2233":-9.754966289303204e-14,
		"dd_3333":-4.877483144651602e-14,
		"eB_11":6.523947443814904e-17,
		"eB_12":2.4050520329934475e-20,
		"eB_13":{
			"Re":1.7004741569065914e-18,
			"Im":8.646180833538465e-18
		},
		"eB_21":{
			"Re":4.972951033387232e-18,
			"Im":-1.6127723531709066e-19
		},
		"eB_22":1.6322730196529745e-14,
		"eB_23":{
			"Re":1.995261073300776e-18,
			"Im":-6.056343682954181e-19
		},
		"eB_31":{
			"Re":5.913157619632168e-15,
			"Im":-3.006586713999911e-14
		},
		"eB_32":{
			"Re":3.355516996952451e-17,
			"Im":1.0185215578790547e-17
		},
		"eB_33":3.7624451647306127e-13,
		"ed_1111":4.2151985766438494e-12,
		"ed_1122":4.2151985766438494e-12,
		"ed_1133":4.2151985766438494e-12,
		"ed_1211":{
			"Re":1.6701473175486532e-15,
			"Im":4.430811614409014e-18
		},
		"ed_1222":{
			"Re":1.6701473175486532e-15,
			"Im":4.430811614409014e-18
		},
		"ed_1233":{
			"Re":1.6701473175486532e-15,
			"Im":4.430811614409014e-18
		},
		"ed_1311":{
			"Re":1.1867275916536537e-13,
			"Im":6.033445338892198e-13
		},
		"ed_1322":{
			"Re":1.1867275916536537e-13,
			"Im":6.033445338892198e-13
		},
		"ed_1333":{
			"Re":1.1867275916536537e-13,
			"Im":6.033445338892198e-13
		},
		"ed_2211":5.168227042821367e-12,
		"ed_2222":5.168227042821367e-12,
		"ed_2233":5.168227042821367e-12,
		"ed_2311":{
			"Re":4.2652887742678997e-16,
			"Im":-1.2180681889494928e-16
		},
		"ed_2322":{
			"Re":4.2652887742678997e-16,
			"Im":-1.2180681889494928e-16
		},
		"ed_2333":{
			"Re":4.2652887742678997e-16,
			"Im":-1.2180681889494928e-16
		},
		"ed_3311":7.212961447974287e-12,
		"ed_3322":7.212961447974287e-12,
		"ed_3333":7.212961447974287e-12,
		"ee_1111":-5.54841356998509e-11,
		"ee_1112":{
			"Re":-4.4887803575329417e-13,
			"Im":-1.797853425897079e-12
		},
		"ee_1113":{
			"Re":2.1559802817216715e-11,
			"Im":-2.5055850642341525e-11
		},
		"ee_1122":-4.1923365592266285e-10,
		"ee_1123":{
			"Re":-4.767479160497852e-13,
			"Im":4.0948077085781415e-13
		},
		"ee_1133":-5.745183131386646e-10,
		"ee_1212":{
			"Re":1.4107243822645993e-10,
			"Im":-1.5388460137445304e-11
		},
		"ee_1213":{
			"Re":8.448805144455926e-12,
			"Im":-3.7837945657877454e-12
		},
		"ee_1222":{
			"Re":-3.073383460654537e-13,
			"Im":2.2126737338397175e-12
		},
		"ee_1223":{
			"Re":-1.1358462205497269e-11,
			"Im":-5.778754713348271e-11
		},
		"ee_1232":{
			"Re":3.444288799411474e-11,
			"Im":-3.128009466455933e-11
		},
		"ee_1233":{
			"Re":1.2934409030888935e-12,
			"Im":-2.6379524755613324e-12
		},
		"ee_1313":{
			"Re":-1.4356011208976766e-10,
			"Im":1.2793128760013703e-10
		},
		"ee_1323":{
			"Re":-1.594716592500244e-12,
			"Im":-2.6174569928485918e-12
		},
		"ee_1333":{
			"Re":-2.9765290640265155e-11,
			"Im":-1.763736654868602e-11
		},
		"ee_2222":-8.266918498146444e-11,
		"ee_2223":{
			"Re":1.0675520232876243e-11,
			"Im":-3.426392915470998e-12
		},
		"ee_2233":-7.063463546639924e-10,
		"ee_2323":{
			"Re":-1.946477599708496e-10,
			"Im":1.3703834062307227e-10
		},
		"ee_2333":{
			"Re":-1.4886293207688736e-11,
			"Im":4.65208111079793e-12
		},
		"ee_3333":-1.6136317221020473e-10,
		"ephi_11":7.606000378219604e-18,
		"ephi_13":{
			"Re":2.0067882895391255e-19,
			"Im":1.020298238951762e-18
		},
		"ephi_21":5.818689738747726e-19,
		"ephi_22":1.904613823772925e-15,
		"ephi_23":{
			"Re":1.7342709656871874e-19,
			"Im":-5.0716582625499684e-20
		},
		"ephi_31":{
			"Re":6.943568696428622e-16,
			"Im":-3.5302720305249484e-15
		},
		"ephi_32":{
			"Re":2.8969472790067587e-18,
			"Im":8.469578454846872e-19
		},
		"ephi_33":4.421030344467177e-14,
		"eu_1111":-8.430397153287699e-12,
		"eu_1122":-8.430397153287699e-12,
		"eu_1133":-8.430397153287699e-12,
		"eu_1211":{
			"Re":-3.3402946350973064e-15,
			"Im":-8.861623228818028e-18
		},
		"eu_1222":{
			"Re":-3.3402946350973064e-15,
			"Im":-8.861623228818028e-18
		},
		"eu_1233":{
			"Re":-3.3402946350973064e-15,
			"Im":-8.861623228818028e-18
		},
		"eu_1311":{
			"Re":-2.3734551833073073e-13,
			"Im":-1.2066890677784397e-12
		},
		"eu_1322":{
			"Re":-2.3734551833073073e-13,
			"Im":-1.2066890677784397e-12
		},
		"eu_1333":{
			"Re":-2.3734551833073073e-13,
			"Im":-1.2066890677784397e-12
		},
		"eu_2211":-1.0336454085642734e-11,
		"eu_2222":-1.0336454085642734e-11,
		"eu_2233":-1.0336454085642734e-11,
		"eu_2311":{
			"Re":-8.530577548535799e-16,
			"Im":2.4361363778989856e-16
		},
		"eu_2322":{
			"Re":-8.530577548535799e-16,
			"Im":2.4361363778989856e-16
		},
		"eu_2333":{
			"Re":-8.530577548535799e-16,
			"Im":2.4361363778989856e-16
		},
		"eu_3311":-1.4425922895948574e-11,
		"eu_3322":-1.4425922895948574e-11,
		"eu_3333":-1.4425922895948574e-11,
		"phi":5.370810043603984e-17,
		"phiB":-1.0097628372098992e-13,
		"phiBox":-1.14388849476513e-13,
		"phid_11":1.4632449433954804e-13,
		"phid_22":1.4632449433954804e-13,
		"phid_33":1.4632449433954804e-13,
		"phiD":-4.389734830186441e-13,
		"phie_11":-6.322797864965771e-12,
		"phie_12":{
			"Re":-2.505220976322976e-15,
			"Im":-6.646217421638857e-18
		},
		"phie_13":{
			"Re":-1.7800913874804765e-13,
			"Im":-9.050168008338278e-13
		},
		"phie_22":-7.752340564232049e-12,
		"phie_23":{
			"Re":-6.397933161402922e-16,
			"Im":1.8271022834246652e-16
		},
		"phie_33":-1.0819442171961418e-11,
		"phil1_11":2.1948674096914075e-13,
		"phil1_13":{
			"Re":-4.8960804624198255e-20,
			"Im":-2.48944665708094e-19
		},
		"phil1_22":2.194587960276787e-13,
		"phil1_23":{
			"Re":-5.744844000562246e-20,
			"Im":1.7437692810196762e-20
		},
		"phil1_33":2.0865374285001024e-13,
		"phil3_13":{
			"Re":-4.8960804624198255e-20,
			"Im":-2.48944665708094e-19
		},
		"phil3_22":-2.79454816433573e-17,
		"phil3_23":{
			"Re":-5.744844000562246e-20,
			"Im":1.7437692810196762e-20
		},
		"phil3_33":-1.0832998659311819e-14,
		"phiq1_11":-7.316224716977402e-14,
		"phiq1_22":-7.316224716977402e-14,
		"phiq1_33":-7.316224716977402e-14,
		"phiu_11":-2.9264898867909607e-13,
		"phiu_22":-2.9264898867909607e-13,
		"phiu_33":-2.9264898867909607e-13,
		"ld_1111":-1.4632449433954804e-13,
		"ld_1122":-1.4632449433954804e-13,
		"ld_1133":-1.4632449433954804e-13,
		"ld_2211":-1.4632449433954804e-13,
		"ld_2222":-1.4632449433954804e-13,
		"ld_2233":-1.4632449433954804e-13,
		"ld_3311":-1.4632449433954804e-13,
		"ld_3322":-1.4632449433954804e-13,
		"ld_3333":-1.4632449433954804e-13,
		"le_1111":6.322797864965771e-12,
		"le_1112":{
			"Re":2.505220976322976e-15,
			"Im":6.646217421638857e-18
		},
		"le_1113":{
			"Re":1.7800913874804765e-13,
			"Im":9.050168008338278e-13
		},
		"le_1122":7.752340564232049e-12,
		"le_1123":{
			"Re":6.397933161402922e-16,
			"Im":-1.8271022834246652e-16
		},
		"le_1133":1.0819442171961418e-11,
		"le_2211":6.322797864965771e-12,
		"le_2212":{
			"Re":2.505220976322976e-15,
			"Im":6.646217421638857e-18
		},
		"le_2213":{
			"Re":1.7800913874804765e-13,
			"Im":9.050168008338278e-13
		},
		"le_2222":7.752340564232049e-12,
		"le_2223":{
			"Re":6.397933161402922e-16,
			"Im":-1.8271022834246652e-16
		},
		"le_2233":1.0819442171961418e-11,
		"le_3311":6.322797864965771e-12,
		"le_3312":{
			"Re":2.505220976322976e-15,
			"Im":6.646217421638857e-18
		},
		"le_3313":{
			"Re":1.7800913874804765e-13,
			"Im":9.050168008338278e-13
		},
		"le_3322":7.752340564232049e-12,
		"le_3323":{
			"Re":6.397933161402922e-16,
			"Im":-1.8271022834246652e-16
		},
		"le_3333":1.0819442171961418e-11,
		"ll_1111":-1.0974337075466103e-13,
		"ll_1122":-2.1948674150932205e-13,
		"ll_1133":-2.1948674150932205e-13,
		"ll_2222":-1.0974337075466103e-13,
		"ll_2233":-2.1948674150932205e-13,
		"ll_3333":-1.0974337075466103e-13,
		"lq1_1111":7.316224716977402e-14,
		"lq1_1122":7.316224716977402e-14,
		"lq1_1133":7.316224716977402e-14,
		"lq1_2211":7.316224716977402e-14,
		"lq1_2222":7.316224716977402e-14,