{
	"eft":"SMEFT",
	"basis":"Warsaw",
	"scale":1000,
	"values":{
		"dd_1111":-1.1766169798134364e-12,
		"dd_1122":-2.353233959626873e-12,
		"dd_1133":-2.353233959626873e-12,
		"dd_2222":-1.1766169798134364e-12,
		"dd_2233":-2.353233959626873e-12,
		"dd_3333":-1.1766169798134364e-12,
		"eB_11":1.150323264271305e-15,
		"eB_12":{
			"Re":3.3752502989670497e-19,
			"Im":9.479172425886472e-18
		},
		"eB_13":{
			"Re":-3.070241349143342e-17,
			"Im":-9.092325353510503e-18
		},
		"eB_21":{
			"Re":6.97904005066241e-17,
			"Im":-1.9600183141275216e-15
		},
		"eB_22":6.700092641306985e-14,
		"eB_23":{
			"Re":-2.335206616214712e-15,
			"Im":6.183614166086994e-15
		},
		"eB_31":{
			"Re":-1.0676328689888977e-13,
			"Im":3.1617271409811045e-14
		},
		"eB_32":{
			"Re":-3.927218145514298e-14,
			"Im":-1.0399251864608138e-13
		},
		"eB_33":1.5039439367615002e-12,
		"ed_1111":6.453894338409711e-11,
		"ed_1122":6.453894338409711e-11,
		"ed_1133":6.453894338409711e-11,
		"ed_1211":{
			"Re":1.9557392257630142e-14,
			"Im":5.881542155628172e-13
		},
		"ed_1222":{
			"Re":1.9557392257630142e-14,
			"Im":5.881542155628172e-13
		},
		"ed_1233":{
			"Re":1.9557392257630142e-14,
			"Im":5.881542155628172e-13
		},
		"ed_1311":{
			"Re":-1.9030073263014924e-12,
			"Im":-5.677748583397277e-13
		},
		"ed_1322":{
			"Re":-1.9030073263014924e-12,
			"Im":-5.677748583397277e-13
		},
		"ed_1333":{
			"Re":-1.9030073263014924e-12,
			"Im":-5.677748583397277e-13
		},
		"ed_2211":1.3131137957061239e-11,
		"ed_2222":1.3131137957061239e-11,
		"ed_2233":1.3131137957061239e-11,
		"ed_2311":{
			"Re":-7.029615366511692e-13,
			"Im":1.8617800372185726e-12
		},
		"ed_2322":{
			"Re":-7.029615366511692e-13,
			"Im":1.8617800372185726e-12
		},
		"ed_2333":{
			"Re":-7.029615366511692e-13,
			"Im":1.8617800372185726e-12
		},
		"ed_3311":1.9883232929812935e-11,
		"ed_3322":1.9883232929812935e-11,
		"ed_3333":1.9883232929812935e-11,
		"ee_1111":{
			"Re":-1.2416191271363724e-9,
			"Im":1.0855065894594737e-19
		},
		"ee_1112":{
			"Re":7.27462345994156e-11,
			"Im":5.409167221806764e-11
		},
		"ee_1113":{
			"Re":-2.870590841450794e-10,
			"Im":1.3811578437475783e-10
		},
		"ee_1122":{
			"Re":-9.4887474523632e-10,
			"Im":-3.1284494317961084e-20
		},
		"ee_1123":{
			"Re":1.2930712705100368e-11,
			"Im":-4.874551717113991e-11
		},
		"ee_1133":{
			"Re":-1.1246601643049651e-9,
			"Im":-2.830893749929126e-19
		},
		"ee_1212":{
			"Re":-1.4865712049512806e-10,
			"Im":-1.5376416394472693e-10
		},
		"ee_1213":{
			"Re":1.750920267582633e-11,
			"Im":1.0168913838965412e-10
		},
		"ee_1222":{
			"Re":-3.4324192802532014e-11,
			"Im":-5.890217710299423e-12
		},
		"ee_1223":{
			"Re":4.1892060401607726e-11,
			"Im":1.6441097721699494e-11
		},
		"ee_1232":{
			"Re":5.849987118038361e-11,
			"Im":1.0682086132791369e-10
		},
		"ee_1233":{
			"Re":4.320711301969754e-12,
			"Im":-7.304693836035332e-11
		},
		"ee_1313":{
			"Re":-1.9985089792912135e-10,
			"Im":1.6637865203077424e-10
		},
		"ee_1323":{
			"Re":-1.955857220777045e-12,
			"Im":4.405198257120434e-11
		},
		"ee_1333":{
			"Re":1.714752549000524e-10,
			"Im":-5.185761930487589e-11
		},
		"ee_2222":{
			"Re":-5.85503615600135e-11,
			"Im":1.2206939367373011e-20
		},
		"ee_2223":{
			"Re":-1.5273896891655955e-11,
			"Im":-4.316996287065014e-11
		},
		"ee_2233":{
			"Re":-3.2785770094962675e-10,
			"Im":-3.105410341375813e-20
		},
		"ee_2323":{
			"Re":6.538810747573295e-12,
			"Im":-7.576443164211927e-11
		},
		"ee_2333":{
			"Re":3.238135613635288e-11,
			"Im":-4.9306173403155596e-12
		},
		"ee_3333":{
			"Re":-1.4275239047403756e-10,
			"Im":5.195640657776048e-20
		},
		"ephi_11":2.7036193894813173e-15,
		"ephi_12":{
			"Re":7.550092300197398e-19,
			"Im":2.2230221044147015e-17
		},
		"ephi_13":{
			"Re":-7.196781725854358e-17,
			"Im":-2.1423924370125327e-17
		},
		"ephi_21":{
			"Re":1.5611389655004588e-16,
			"Im":-4.596561789202739e-15
		},
		"ephi_22":1.5759453335576322e-13,
		"ephi_23":{
			"Re":-5.4899358572210175e-15,
			"Im":1.4539184306501992e-14
		},
		"ephi_31":{
			"Re":-2.501951268091363e-13,
			"Im":7.44800752697271e-14
		},
		"ephi_32":{
			"Re":-9.23036304984699e-14,
			"Im":-2.4445085949344397e-13
		},
		"ephi_33":3.537771722492642e-12,
		"eu_1111":-1.2907788676819422e-10,
		"eu_1122":-1.2907788676819422e-10,
		"eu_1133":-1.2907788676819422e-10,
		"eu_1211":{
			"Re":-3.9114784515260284e-14,
			"Im":-1.1763084311256345e-12
		},
		"eu_1222":{
			"Re":-3.9114784515260284e-14,
			"Im":-1.1763084311256345e-12
		},
		"eu_1233":{
			"Re":-3.9114784515260284e-14,
			"Im":-1.1763084311256345e-12
		},
		"eu_1311":{
			"Re":3.806014652602985e-12,
			"Im":1.1355497166794554e-12
		},
		"eu_1322":{
			"Re":3.806014652602985e-12,
			"Im":1.1355497166794554e-12
		},
		"eu_1333":{
			"Re":3.806014652602985e-12,
			"Im":1.1355497166794554e-12
		},
		"eu_2211":-2.6262275914122478e-11,
		"eu_2222":-2.6262275914122478e-11,
		"eu_2233":-2.6262275914122478e-11,
		"eu_2311":{
			"Re":1.4059230733023383e-12,
			"Im":-3.723560074437145e-12
		},
		"eu_2322":{
			"Re":1.4059230733023383e-12,
			"Im":-3.723560074437145e-12
		},
		"eu_2333":{
			"Re":1.4059230733023383e-12,
			"Im":-3.723560074437145e-12
		},
		"eu_3311":-3.976646585962587e-11,
		"eu_3322":-3.976646585962587e-11,
		"eu_3333":-3.976646585962587e-11,
		"phi":1.3258815213748668e-11,
		"phiB":-5.288517117663699e-11,
		"phiBox":-5.547004046131002e-11,
		"phid_11":3.529850939440309e-12,
		"phid_22":3.529850939440309e-12,
		"phid_33":3.529850939440309e-12,
		"phiD":-1.0589552818320927e-11,
		"phie_11":-9.68084150761457e-11,
		"phie_12":{
			"Re":-2.9336088386447333e-14,
			"Im":-8.822313233442291e-13
		},
		"phie_13":{
			"Re":2.854510989452253e-12,
			"Im":8.516622875095891e-13
		},
		"phie_22":-1.969670693559185e-11,
		"phie_23":{
			"Re":1.0544423049767507e-12,
			"Im":-2.7926700558278534e-12
		},
		"phie_33":-2.982484939471938e-11,
		"phil1_11":5.294776399635814e-12,
		"phil1_12":{
			"Re":0.0,
			"Im":-1.6228905080974006e-20
		},
		"phil1_13":{
			"Re":8.83997479373639e-19,
			"Im":2.6179025620871114e-19
		},
		"phil1_22":5.294661699602894e-12,
		"phil1_23":{
			"Re":6.723630255082047e-17,
			"Im":-1.7804135618736083e-16
		},
		"phil1_33":5.251474189626896e-12,
		"phil3_12":{
			"Re":0.0,
			"Im":-1.6228905080974006e-20
		},
		"phil3_13":{
			"Re":8.83997479373639e-19,
			"Im":2.6179025620871114e-19
		},
		"phil3_22":-1.1470955756914023e-16,
		"phil3_23":{
			"Re":6.723630255082047e-17,
			"Im":-1.7804135618736083e-16
		},
		"phil3_33":-4.330221953356756e-14,
		"phiq1_11":-1.7649254697201545e-12,
		"phiq1_22":-1.7649254697201545e-12,
		"phiq1_33":-1.7649254697201545e-12,
		"phiu_11":-7.059701878880618e-12,
		"phiu_22":-7.059701878880618e-12,
		"phiu_33":-7.059701878880618e-12,
		"ld_1111":-3.529850939440309e-12,
		"ld_1122":-3.529850939440309e-12,
		"ld_1133":-3.529850939440309e-12,
		"ld_2211":-3.529850939440309e-12,
		"ld_2222":-3.529850939440309e-12,
		"ld_2233":-3.529850939440309e-12,
		"ld_3311":-3.529850939440309e-12,
		"ld_3322":-3.529850939440309e-12,
		"ld_3333":-3.529850939440309e-12,
		"le_1111":9.68084150761457e-11,
		"le_1112":{
			"Re":2.9336088386447333e-14,
			"Im":8.822313233442291e-13
		},
		"le_1113":{
			"Re":-2.854510989452253e-12,
			"Im":-8.516622875095891e-13
		},
		"le_1122":1.969670693559185e-11,
		"le_1123":{
			"Re":-1.0544423049767507e-12,
			"Im":2.7926700558278534e-12
		},
		"le_1133":2.982484939471938e-11,
		"le_2211":9.68084150761457e-11,
		"le_2212":{
			"Re":2.9336088386447333e-14,
			"Im":8.822313233442291e-13
		},
		"le_2213":{
			"Re":-2.854510989452253e-12,
			"Im":-8.516622875095891e-13
		},
		"le_2222":1.969670693559185e-11,
		"le_2223":{
			"Re":-1.0544423049767507e-12,
			"Im":2.7926700558278534e-12
		},
		"le_2233":2.982484939471938e-11,
		"le_3311":9.68084150761457e-11,
		"le_3312":{
			"Re":2.9336088386447333e-14,
			"Im":8.822313233442291e-13
		},
		"le_3313":{
			"Re":-2.854510989452253e-12,
			"Im":-8.516622875095891e-13
		},