{
	"eft":"SMEFT",
	"basis":"Warsaw",
	"scale":1000,
	"values":{
		"dd_1111":-3.07469122668836e-13,
		"dd_1122":-6.14938245337672e-13,
		"dd_1133":-6.14938245337672e-13,
		"dd_2222":-3.07469122668836e-13,
		"dd_2233":-6.14938245337672e-13,
		"dd_3333":-3.07469122668836e-13,
		"eB_11":5.424410619924974e-18,
		"eB_12":{
			"Re":-4.743278870946422e-19,
			"Im":-3.003673094371526e-19
		},
		"eB_13":{
			"Re":-1.0595406680196241e-18,
			"Im":5.909137954386574e-19
		},
		"eB_21":{
			"Re":-9.807726917890396e-17,
			"Im":6.210726010788557e-17
		},
		"eB_22":3.687050720279897e-14,
		"eB_23":{
			"Re":-1.0365919555849374e-16,
			"Im":-1.1109432277431258e-16
		},
		"eB_31":{
			"Re":-3.6844023468182195e-15,
			"Im":-2.0548188855749774e-15
		},
		"eB_32":{
			"Re":-1.7432816048063874e-15,
			"Im":1.8683213606605055e-15
		},
		"eB_33":3.4604957119519214e-12,
		"ed_1111":-1.5081955948835552e-12,
		"ed_1122":-1.5081955948835552e-12,
		"ed_1133":-1.5081955948835552e-12,
		"ed_1211":{
			"Re":-2.943767812110088e-14,
			"Im":-1.8645166616395345e-14
		},
		"ed_1222":{
			"Re":-2.943767812110088e-14,
			"Im":-1.8645166616395345e-14
		},
		"ed_1233":{
			"Re":-2.943767812110088e-14,
			"Im":-1.8645166616395345e-14
		},
		"ed_1311":{
			"Re":-6.577878284805281e-14,
			"Im":3.6695014935022366e-14
		},
		"ed_1322":{
			"Re":-6.577878284805281e-14,
			"Im":3.6695014935022366e-14
		},
		"ed_1333":{
			"Re":-6.577878284805281e-14,
			"Im":3.6695014935022366e-14
		},
		"ed_2211":9.222548814151035e-12,
		"ed_2222":9.222548814151035e-12,
		"ed_2233":9.222548814151035e-12,
		"ed_2311":{
			"Re":-3.363087047732166e-14,
			"Im":-3.4221204705573447e-14
		},
		"ed_2322":{
			"Re":-3.363087047732166e-14,
			"Im":-3.4221204705573447e-14
		},
		"ed_2333":{
			"Re":-3.363087047732166e-14,
			"Im":-3.4221204705573447e-14
		},
		"ed_3311":5.99413824382573e-11,
		"ed_3322":5.99413824382573e-11,
		"ed_3333":5.99413824382573e-11,
		"ee_1111":-1.869702852968201e-12,
		"ee_1112":{
			"Re":-4.3293889775147705e-14,
			"Im":-4.5227595836204295e-14
		},
		"ee_1113":{
			"Re":-1.3502986516123012e-13,
			"Im":4.0841870259285734e-14
		},
		"ee_1122":1.658080146408974e-11,
		"ee_1123":{
			"Re":-6.77753472671737e-14,
			"Im":-6.491513139776604e-14
		},
		"ee_1133":1.1331285731523954e-10,
		"ee_1212":{
			"Re":-1.7160880265304827e-12,
			"Im":1.0697652154859607e-12
		},
		"ee_1213":{
			"Re":-5.572239778202171e-12,
			"Im":1.3014292515439688e-12
		},
		"ee_1222":{
			"Re":5.173415872268008e-13,
			"Im":5.745444299121025e-13
		},
		"ee_1223":{
			"Re":9.916029665986382e-13,
			"Im":-1.7306429230647417e-12
		},
		"ee_1232":{
			"Re":-2.118340323071214e-13,
			"Im":-8.398899623899549e-13
		},
		"ee_1233":{
			"Re":6.026804004302891e-12,
			"Im":1.2560959680431348e-12
		},
		"ee_1313":{
			"Re":1.1260566411126186e-11,
			"Im":1.1655045134819848e-12
		},
		"ee_1323":{
			"Re":1.8525031385917987e-12,
			"Im":1.7246391718011132e-12
		},
		"ee_1333":{
			"Re":1.1015451316138585e-11,
			"Im":-2.817404062806518e-12
		},
		"ee_2222":-1.113012631493226e-10,
		"ee_2223":{
			"Re":1.537335686601387e-10,
			"Im":5.315508407112237e-11
		},
		"ee_2233":-1.5507818402977207e-9,
		"ee_2323":{
			"Re":-2.5240980766123956e-10,
			"Im":-1.9622450159240158e-10
		},
		"ee_2333":{
			"Re":-8.475554759025857e-10,
			"Im":-2.8798972493887494e-10
		},
		"ee_3333":-4.2214263577183955e-9,
		"ephi_11":-2.0993127874939814e-18,
		"ephi_12":{
			"Re":1.835810703366792e-19,
			"Im":1.162689726070941e-19
		},
		"ephi_13":{
			"Re":4.095523465555021e-19,
			"Im":-2.2845262292861405e-19
		},
		"ephi_21":{
			"Re":3.795945212318589e-17,
			"Im":-2.4041185115752726e-17
		},
		"ephi_22":-1.4270829202162404e-14,
		"ephi_23":{
			"Re":4.232544375056211e-17,
			"Im":4.372124098609244e-17
		},
		"ephi_31":{
			"Re":1.4263255784693703e-15,
			"Im":7.956192435740753e-16
		},
		"ephi_32":{
			"Re":7.128262666092409e-16,
			"Im":-7.363732221262222e-16
		},
		"ephi_33":-1.3376858548282526e-12,
		"eu_1111":3.0163911897671103e-12,
		"eu_1122":3.0163911897671103e-12,
		"eu_1133":3.0163911897671103e-12,
		"eu_1211":{
			"Re":5.887535624220176e-14,
			"Im":3.729033323279069e-14
		},
		"eu_1222":{
			"Re":5.887535624220176e-14,
			"Im":3.729033323279069e-14
		},
		"eu_1233":{
			"Re":5.887535624220176e-14,
			"Im":3.729033323279069e-14
		},
		"eu_1311":{
			"Re":1.3155756569610563e-13,
			"Im":-7.339002987004473e-14
		},
		"eu_1322":{
			"Re":1.3155756569610563e-13,
			"Im":-7.339002987004473e-14
		},
		"eu_1333":{
			"Re":1.3155756569610563e-13,
			"Im":-7.339002987004473e-14
		},
		"eu_2211":-1.844509762830207e-11,
		"eu_2222":-1.844509762830207e-11,
		"eu_2233":-1.844509762830207e-11,
		"eu_2311":{
			"Re":6.726174095464332e-14,
			"Im":6.844240941114689e-14
		},
		"eu_2322":{
			"Re":6.726174095464332e-14,
			"Im":6.844240941114689e-14
		},
		"eu_2333":{
			"Re":6.726174095464332e-14,
			"Im":6.844240941114689e-14
		},
		"eu_3311":-1.198827648765146e-10,
		"eu_3322":-1.198827648765146e-10,
		"eu_3333":-1.198827648765146e-10,
		"phi":-1.5566425293731465e-14,
		"phiB":2.280374821459044e-12,
		"phiBox":-1.0676415905398496e-12,
		"phid_11":9.22407368006508e-13,
		"phid_22":9.22407368006508e-13,
		"phid_33":9.22407368006508e-13,
		"phiD":-2.767222104019524e-12,
		"phie_11":2.262293392325333e-12,
		"phie_12":{
			"Re":4.4156517181651336e-14,
			"Im":2.796774992459301e-14
		},
		"phie_13":{
			"Re":9.866817427207916e-14,
			"Im":-5.504252240253346e-14
		},
		"phie_22":-1.3833823221226554e-11,
		"phie_23":{
			"Re":5.0446305715969556e-14,
			"Im":5.133180705835593e-14
		},
		"phie_33":-8.991207365738587e-11,
		"phil1_11":1.3836110519648478e-12,
		"phil1_13":{
			"Re":3.050676390911532e-20,
			"Im":-1.701385156058256e-20
		},
		"phil1_22":1.3835479275158928e-12,
		"phil1_23":{
			"Re":2.984601442268241e-18,
			"Im":3.1986769161527773e-18
		},
		"phil1_33":1.2839749277160714e-12,
		"phil3_13":{
			"Re":3.050676390911532e-20,
			"Im":-1.701385156058256e-20
		},
		"phil3_22":-6.312449386905557e-17,
		"phil3_23":{
			"Re":2.984601442268241e-18,
			"Im":3.1986769161527773e-18
		},
		"phil3_33":-9.963612429369063e-14,
		"phiq1_11":-4.61203684003254e-13,
		"phiq1_22":-4.61203684003254e-13,
		"phiq1_33":-4.61203684003254e-13,
		"phiu_11":-1.844814736013016e-12,
		"phiu_22":-1.844814736013016e-12,
		"phiu_33":-1.844814736013016e-12,
		"ld_1111":-9.22407368006508e-13,
		"ld_1122":-9.22407368006508e-13,
		"ld_1133":-9.22407368006508e-13,
		"ld_2211":-9.22407368006508e-13,
		"ld_2222":-9.22407368006508e-13,
		"ld_2233":-9.22407368006508e-13,
		"ld_3311":-9.22407368006508e-13,
		"ld_3322":-9.22407368006508e-13,
		"ld_3333":-9.22407368006508e-13,
		"le_1111":-2.262293392325333e-12,
		"le_1112":{
			"Re":-4.4156517181651336e-14,
			"Im":-2.796774992459301e-14
		},
		"le_1113":{
			"Re":-9.866817427207916e-14,
			"Im":5.504252240253346e-14
		},
		"le_1122":1.3833823221226554e-11,
		"le_1123":{
			"Re":-5.0446305715969556e-14,
			"Im":-5.133180705835593e-14
		},
		"le_1133":8.991207365738587e-11,
		"le_2211":-2.262293392325333e-12,
		"le_2212":{
			"Re":-4.4156517181651336e-14,
			"Im":-2.796774992459301e-14
		},
		"le_2213":{
			"Re":-9.866817427207916e-14,
			"Im":5.504252240253346e-14
		},
		"le_2222":1.3833823221226554e-11,
		"le_2223":{
			"Re":-5.0446305715969556e-14,
			"Im":-5.133180705835593e-14
		},
		"le_2233":8.991207365738587e-11,
		"le_3311":-2.262293392325333e-12,
		"le_3312":{
			"Re":-4.4156517181651336e-14,
			"Im":-2.796774992459301e-14
		},
		"le_3313":{
			"Re":-9.866817427207916e-14,
			"Im":5.504252240253346e-14
		},
		"le_3322":1.3833823221226554e-11,
		"le_3323":{
			"Re":-5.0446305715969556e-14,
			"Im":-5.133180705835593e-14
		},
		"le_3333":8.991207365738587e-11,
		"ll_1111":-6.91805526004881e-13,
		"ll_1122":-1.383611052009762e-12,
		"ll_1133":-1.383611052009762e-12,
		"ll_2222":-6.91805526004881e-13,
		"ll_2233":-1.383611052009762e-12,
		"ll_3333":-6.91805526004881e-13,
		"lq1_1111":4.61203684003254e-13,
		"lq1_1122":4.61203684003254e-13,