{
	"eft":"SMEFT",
	"basis":"Warsaw",
	"scale":1000,
	"values":{
		"dd_1111":-9.604236927179137e-14,
		"dd_1122":-1.9208473854358274e-13,
		"dd_1133":-1.9208473854358274e-13,
		"dd_2222":-9.604236927179137e-14,
		"dd_2233":-1.9208473854358274e-13,
		"dd_3333":-9.604236927179137e-14,
		"eB_11":5.3864161438831864e-17,
		"eB_12":{
			"Re":1.7207830979749093e-20,
			"Im":7.029072577502744e-20
		},
		"eB_13":{
			"Re":-2.256335004387307e-19,
			"Im":-4.982135707371651e-19
		},
		"eB_21":{
			"Re":3.558081059332846e-18,
			"Im":-1.453408627277571e-17
		},
		"eB_22":5.6057936606160596e-14,
		"eB_23":{
			"Re":-5.314940052272731e-16,
			"Im":4.853202372033711e-16
		},
		"eB_31":{
			"Re":-7.84608485194841e-16,
			"Im":1.7324670063600393e-15
		},
		"eB_32":{
			"Re":-8.938364969794606e-15,
			"Im":-8.161840706925908e-15
		},
		"eB_33":3.9100050870535185e-13,
		"ed_1111":3.0279227755830596e-12,
		"ed_1122":3.0279227755830596e-12,
		"ed_1133":3.0279227755830596e-12,
		"ed_1211":{
			"Re":7.714105782246854e-16,
			"Im":2.1224213624301216e-15
		},
		"ed_1222":{
			"Re":7.714105782246854e-16,
			"Im":2.1224213624301216e-15
		},
		"ed_1233":{
			"Re":7.714105782246854e-16,
			"Im":2.1224213624301216e-15
		},
		"ed_1311":{
			"Re":-1.3529657625154899e-14,
			"Im":-3.3004367302889835e-14
		},
		"ed_1322":{
			"Re":-1.3529657625154899e-14,
			"Im":-3.3004367302889835e-14
		},
		"ed_1333":{
			"Re":-1.3529657625154899e-14,
			"Im":-3.3004367302889835e-14
		},
		"ed_2211":1.7614231099907822e-11,
		"ed_2222":1.7614231099907822e-11,
		"ed_2233":1.7614231099907822e-11,
		"ed_2311":{
			"Re":-1.7031533136942514e-13,
			"Im":1.642519259513234e-13
		},
		"ed_2322":{
			"Re":-1.7031533136942514e-13,
			"Im":1.642519259513234e-13
		},
		"ed_2333":{
			"Re":-1.7031533136942514e-13,
			"Im":1.642519259513234e-13
		},
		"ed_3311":6.956713627740935e-12,
		"ed_3322":6.956713627740935e-12,
		"ed_3333":6.956713627740935e-12,
		"ee_1111":{
			"Re":-2.2762783443928895e-11,
			"Im":-2.445034738311938e-20
		},
		"ee_1112":{
			"Re":2.5197841855038778e-11,
			"Im":2.610450022073261e-11
		},
		"ee_1113":{
			"Re":-2.0758591767639482e-11,
			"Im":-1.898058562499233e-11
		},
		"ee_1122":{
			"Re":-5.155881273938371e-10,
			"Im":3.920988213049491e-19
		},
		"ee_1123":{
			"Re":-3.087369885251292e-11,
			"Im":-3.2898993591664443e-12
		},
		"ee_1133":{
			"Re":-1.980525205627845e-10,
			"Im":3.0079396673764046e-20
		},
		"ee_1212":{
			"Re":9.80097707206425e-11,
			"Im":-6.917625688350185e-11
		},
		"ee_1213":{
			"Re":1.0122099895973374e-10,
			"Im":8.204351913670264e-11
		},
		"ee_1222":{
			"Re":2.2377540627368285e-11,
			"Im":-1.4812997448153503e-10
		},
		"ee_1223":{
			"Re":1.6332411560815067e-10,
			"Im":-1.4310109014922248e-11
		},
		"ee_1232":{
			"Re":-2.3727506496732314e-11,
			"Im":1.1728785762138447e-10
		},
		"ee_1233":{
			"Re":-1.2963080155446298e-10,
			"Im":9.484146698264937e-12
		},
		"ee_1313":{
			"Re":2.2864708474824063e-11,
			"Im":-4.0889456549943195e-11
		},
		"ee_1323":{
			"Re":-1.7004332965690778e-11,
			"Im":-5.579941357994589e-11
		},
		"ee_1333":{
			"Re":1.2399285853893284e-11,
			"Im":4.7589599228740405e-11
		},
		"ee_2222":{
			"Re":-1.0279753172278663e-9,
			"Im":-3.900003268968519e-19
		},
		"ee_2223":{
			"Re":1.7432347151177377e-10,
			"Im":4.870869858264126e-10
		},
		"ee_2233":{
			"Re":-6.489992049572724e-10,
			"Im":8.017544149981202e-19
		},
		"ee_2323":{
			"Re":1.7332188455615308e-10,
			"Im":-8.269031789220873e-11
		},
		"ee_2333":{
			"Re":-2.379681905083921e-11,
			"Im":-2.1670474224178404e-10
		},
		"ee_3333":{
			"Re":-1.7353742723034206e-10,
			"Im":-1.9751559868856697e-19
		},
		"ephi_11":1.8760322993410528e-17,
		"ephi_12":{
			"Re":0.0,
			"Im":1.489350167472409e-20
		},
		"ephi_13":{
			"Re":-7.289315987925163e-20,
			"Im":-1.7258098390366224e-19
		},
		"ephi_21":{
			"Re":9.473350588461404e-19,
			"Im":-3.0795145870009674e-18
		},
		"ephi_22":1.9562765637636243e-14,
		"ephi_23":{
			"Re":-1.841361881342567e-16,
			"Im":1.748475246357734e-16
		},
		"ephi_31":{
			"Re":-2.5301449073282035e-16,
			"Im":5.99107678989878e-16
		},
		"ephi_32":{
			"Re":-3.091463368074575e-15,
			"Im":-2.9357066553547282e-15
		},
		"ephi_33":1.365303156981773e-13,
		"eu_1111":-6.055845551166119e-12,
		"eu_1122":-6.055845551166119e-12,
		"eu_1133":-6.055845551166119e-12,
		"eu_1211":{
			"Re":-1.5428211564493709e-15,
			"Im":-4.244842724860243e-15
		},
		"eu_1222":{
			"Re":-1.5428211564493709e-15,
			"Im":-4.244842724860243e-15
		},
		"eu_1233":{
			"Re":-1.5428211564493709e-15,
			"Im":-4.244842724860243e-15
		},
		"eu_1311":{
			"Re":2.7059315250309797e-14,
			"Im":6.600873460577967e-14
		},
		"eu_1322":{
			"Re":2.7059315250309797e-14,
			"Im":6.600873460577967e-14
		},
		"eu_1333":{
			"Re":2.7059315250309797e-14,
			"Im":6.600873460577967e-14
		},
		"eu_2211":-3.5228462199815644e-11,
		"eu_2222":-3.5228462199815644e-11,
		"eu_2233":-3.5228462199815644e-11,
		"eu_2311":{
			"Re":3.406306627388503e-13,
			"Im":-3.285038519026468e-13
		},
		"eu_2322":{
			"Re":3.406306627388503e-13,
			"Im":-3.285038519026468e-13
		},
		"eu_2333":{
			"Re":3.406306627388503e-13,
			"Im":-3.285038519026468e-13
		},
		"eu_3311":-1.391342725548187e-11,
		"eu_3322":-1.391342725548187e-11,
		"eu_3333":-1.391342725548187e-11,
		"phi":3.021357184150722e-15,
		"phiB":-6.078338299052189e-13,
		"phiBox":-3.015812049209729e-13,
		"phid_11":2.881271078153741e-13,
		"phid_22":2.881271078153741e-13,
		"phid_33":2.881271078153741e-13,
		"phiD":-8.643813234461223e-13,
		"phie_11":-4.541884163374588e-12,
		"phie_12":{
			"Re":-1.1571158673368767e-15,
			"Im":-3.183632043644425e-15
		},
		"phie_13":{
			"Re":2.0294486437731944e-14,
			"Im":4.9506550954334677e-14
		},
		"phie_22":-2.6421346649861736e-11,
		"phie_23":{
			"Re":2.5547299705413704e-13,
			"Im":-2.463778889269856e-13
		},
		"phie_33":-1.0435070441611399e-11,
		"phil1_11":4.3219066127706716e-13,
		"phil1_13":{
			"Re":0.0,
			"Im":1.4344785658113833e-20
		},
		"phil1_22":4.320946872126986e-13,
		"phil1_23":{
			"Re":1.5303010659217234e-17,
			"Im":-1.3973555091898705e-17
		},
		"phil1_33":4.2093280200379905e-13,
		"phil3_13":{
			"Re":0.0,
			"Im":1.4344785658113833e-20
		},
		"phil3_22":-9.59745103625495e-17,
		"phil3_23":{
			"Re":1.5303010659217234e-17,
			"Im":-1.3973555091898705e-17
		},
		"phil3_33":-1.1257859719262088e-14,
		"phiq1_11":-1.4406355390768704e-13,
		"phiq1_22":-1.4406355390768704e-13,
		"phiq1_33":-1.4406355390768704e-13,
		"phiu_11":-5.762542156307482e-13,
		"phiu_22":-5.762542156307482e-13,
		"phiu_33":-5.762542156307482e-13,
		"ld_1111":-2.881271078153741e-13,
		"ld_1122":-2.881271078153741e-13,
		"ld_1133":-2.881271078153741e-13,
		"ld_2211":-2.881271078153741e-13,
		"ld_2222":-2.881271078153741e-13,
		"ld_2233":-2.881271078153741e-13,
		"ld_3311":-2.881271078153741e-13,
		"ld_3322":-2.881271078153741e-13,
		"ld_3333":-2.881271078153741e-13,
		"le_1111":4.541884163374588e-12,
		"le_1112":{
			"Re":1.1571158673368767e-15,
			"Im":3.183632043644425e-15
		},
		"le_1113":{
			"Re":-2.0294486437731944e-14,
			"Im":-4.9506550954334677e-14
		},
		"le_1122":2.6421346649861736e-11,
		"le_1123":{
			"Re":-2.5547299705413704e-13,
			"Im":2.463778889269856e-13
		},
		"le_1133":1.0435070441611399e-11,
		"le_2211":4.541884163374588e-12,
		"le_2212":{
			"Re":1.1571158673368767e-15,
			"Im":3.183632043644425e-15
		},
		"le_2213":{
			"Re":-2.0294486437731944e-14,
			"Im":-4.9506550954334677e-14
		},
		"le_2222":2.6421346649861736e-11,
		"le_2223":{
			"Re":-2.5547299705413704e-13,
			"Im":2.463778889269856e-13
		},
		"le_2233":1.0435070441611399e-11,
		"le_3311":4.541884163374588e-12,
		"le_3312":{
			"Re":1.1571158673368767e-15,
			"Im":3.183632043644425e-15
		},
		"le_3313":{
			"Re":-2.0294486437731944e-14,
			"Im":-4.9506550954334677e-14
		},
		"le_3322":2.6421346649861736e-11,
		"le_3323":{
			"Re":-2.5547299705413704e-13,
			"Im":2.463778889269856e-13
		},
		"le_3333":1.0435070441611399e-11,