{
	"eft":"SMEFT",
	"basis":"Warsaw",
	"scale":1000,
	"values":{
		"dd_1111":-3.643320139906727e-14,
		"dd_1122":-7.286640279813454e-14,
		"dd_1133":-7.286640279813454e-14,
		"dd_2222":-3.643320139906727e-14,
		"dd_2233":-7.286640279813454e-14,
		"dd_3333":-3.643320139906727e-14,
		"eB_11":1.0749559868272075e-16,
		"eB_12":{
			"Re":0.0,
			"Im":1.1758796880482348e-20
		},
		"eB_13":{
			"Re":0.0,
			"Im":-1.735970468550878e-20
		},
		"eB_21":{
			"Re":-6.778319641717047e-19,
			"Im":-2.431378626989754e-18
		},
		"eB_22":1.7181292940479056e-14,
		"eB_23":{
			"Re":2.478418351792963e-16,
			"Im":1.114856092680643e-16
		},
		"eB_31":{
			"Re":-2.6564077958673744e-17,
			"Im":6.036591007205725e-17
		},
		"eB_32":{
			"Re":4.168063526264896e-15,
			"Im":-1.8749017951609152e-15
		},
		"eB_33":3.787431382044123e-13,
		"ed_1111":6.6322857741062566e-12,
		"ed_1122":6.6322857741062566e-12,
		"ed_1133":6.6322857741062566e-12,
		"ed_1211":{
			"Re":-2.086384309440072e-16,
			"Im":7.484666741319649e-16
		},
		"ed_1222":{
			"Re":-2.086384309440072e-16,
			"Im":7.484666741319649e-16
		},
		"ed_1233":{
			"Re":-2.086384309440072e-16,
			"Im":7.484666741319649e-16
		},
		"ed_1311":{
			"Re":-4.862802250493386e-16,
			"Im":-1.10672962300155e-15
		},
		"ed_1322":{
			"Re":-4.862802250493386e-16,
			"Im":-1.10672962300155e-15
		},
		"ed_1333":{
			"Re":-4.862802250493386e-16,
			"Im":-1.10672962300155e-15
		},
		"ed_2211":5.07068408999003e-12,
		"ed_2222":5.07068408999003e-12,
		"ed_2233":5.07068408999003e-12,
		"ed_2311":{
			"Re":7.669223810002404e-14,
			"Im":3.448240728949096e-14
		},
		"ed_2322":{
			"Re":7.669223810002404e-14,
			"Im":3.448240728949096e-14
		},
		"ed_2333":{
			"Re":7.669223810002404e-14,
			"Im":3.448240728949096e-14
		},
		"ed_3311":6.723367426066328e-12,
		"ed_3322":6.723367426066328e-12,
		"ed_3333":6.723367426066328e-12,
		"ee_1111":-3.2167990541503225e-10,
		"ee_1112":{
			"Re":-2.0966564817525483e-14,
			"Im":-1.4173309753073945e-14
		},
		"ee_1113":{
			"Re":-1.3838246140779794e-12,
			"Im":7.995886449678483e-13
		},
		"ee_1122":-9.25637968402541e-10,
		"ee_1123":{
			"Re":-1.3666880649918006e-11,
			"Im":-6.14636875436599e-12
		},
		"ee_1133":-1.2201133871079003e-9,
		"ee_1212":{
			"Re":-1.9682211274497052e-10,
			"Im":-8.630306298383663e-11
		},
		"ee_1213":{
			"Re":6.6611343681864705e-12,
			"Im":4.041328393084377e-11
		},
		"ee_1222":{
			"Re":3.275782966607315e-14,
			"Im":-9.15029723153471e-16
		},
		"ee_1223":{
			"Re":8.38020040403867e-14,
			"Im":1.3938585085938018e-13
		},
		"ee_1232":{
			"Re":8.472300137689354e-13,
			"Im":8.738767037937951e-13
		},
		"ee_1233":{
			"Re":9.163855679423977e-14,
			"Im":-3.6018271398249076e-13
		},
		"ee_1313":{
			"Re":-1.7602477372890025e-10,
			"Im":2.220273738855182e-10
		},
		"ee_1323":{
			"Re":1.3134081557795924e-13,
			"Im":3.166349013291632e-14
		},
		"ee_1333":{
			"Re":1.4886398171367649e-12,
			"Im":-5.86741669899458e-13
		},
		"ee_2222":{
			"Re":-1.910617163582814e-10,
			"Im":-1.7921122173499443e-20
		},
		"ee_2223":{
			"Re":-2.7629390664865077e-11,
			"Im":-3.1054757742288745e-11
		},
		"ee_2233":{
			"Re":-9.323060074022987e-10,
			"Im":7.075829318887308e-20
		},
		"ee_2323":{
			"Re":5.5183971352935784e-11,
			"Im":-2.101913191090178e-10
		},
		"ee_2333":{
			"Re":1.397954544380488e-11,
			"Im":2.4428638561833272e-11
		},
		"ee_3333":{
			"Re":-3.3184053691190305e-10,
			"Im":-1.745801927125311e-20
		},
		"ephi_11":6.604129224984627e-16,
		"ephi_12":{
			"Re":-2.012053165045095e-20,
			"Im":7.217777510969482e-20
		},
		"ephi_13":{
			"Re":-4.689749664912724e-20,
			"Im":-1.0668651375131152e-19
		},
		"ephi_21":{
			"Re":-4.1603417894950594e-18,
			"Im":-1.492426836856217e-17
		},
		"ephi_22":1.0546571372606005e-13,
		"ephi_23":{
			"Re":1.5270218945403003e-15,
			"Im":6.866730002403916e-16
		},
		"ephi_31":{
			"Re":-1.6306377858054969e-16,
			"Im":3.709517367258439e-16
		},
		"ephi_32":{
			"Re":2.5678147826592674e-14,
			"Im":-1.1546979341490127e-14
		},
		"ephi_33":2.3271969129933876e-12,
		"eu_1111":-1.3264571548212513e-11,
		"eu_1122":-1.3264571548212513e-11,
		"eu_1133":-1.3264571548212513e-11,
		"eu_1211":{
			"Re":4.172768618880144e-16,
			"Im":-1.4969333482639298e-15
		},
		"eu_1222":{
			"Re":4.172768618880144e-16,
			"Im":-1.4969333482639298e-15
		},
		"eu_1233":{
			"Re":4.172768618880144e-16,
			"Im":-1.4969333482639298e-15
		},
		"eu_1311":{
			"Re":9.725604500986771e-16,
			"Im":2.2134592460031e-15
		},
		"eu_1322":{
			"Re":9.725604500986771e-16,
			"Im":2.2134592460031e-15
		},
		"eu_1333":{
			"Re":9.725604500986771e-16,
			"Im":2.2134592460031e-15
		},
		"eu_2211":-1.014136817998006e-11,
		"eu_2222":-1.014136817998006e-11,
		"eu_2233":-1.014136817998006e-11,
		"eu_2311":{
			"Re":-1.5338447620004808e-13,
			"Im":-6.896481457898192e-14
		},
		"eu_2322":{
			"Re":-1.5338447620004808e-13,
			"Im":-6.896481457898192e-14
		},
		"eu_2333":{
			"Re":-1.5338447620004808e-13,
			"Im":-6.896481457898192e-14
		},
		"eu_3311":-1.3446734852132656e-11,
		"eu_3322":-1.3446734852132656e-11,
		"eu_3333":-1.3446734852132656e-11,
		"phi":6.976834385095533e-12,
		"phiB":-4.210108565997923e-12,
		"phiBox":-1.0893245410349524e-11,
		"phid_11":1.092996041972018e-13,
		"phid_22":1.092996041972018e-13,
		"phid_33":1.092996041972018e-13,
		"phiD":-3.278988125916054e-13,
		"phie_11":-9.94842866115939e-12,
		"phie_12":{
			"Re":3.129576464160109e-16,
			"Im":-1.122700011197947e-15
		},
		"phie_13":{
			"Re":7.294203375740134e-16,
			"Im":1.6600944345023212e-15
		},
		"phie_22":-7.60602613498504e-12,
		"phie_23":{
			"Re":-1.1503835715003616e-13,
			"Im":-5.172361093423646e-14
		},
		"phie_33":-1.008505113909949e-11,
		"phil1_11":1.639494054057417e-13,
		"phil1_22":1.639199909038495e-13,
		"phil1_23":{
			"Re":-7.135971823288887e-18,
			"Im":-3.209943010079674e-18
		},
		"phil1_33":1.5304446621361092e-13,
		"phil3_22":-2.941539195320283e-17,
		"phil3_23":{
			"Re":-7.135971823288887e-18,
			"Im":-3.209943010079674e-18
		},
		"phil3_33":-1.090494008219178e-14,
		"phiq1_11":-5.46498020986009e-14,
		"phiq1_22":-5.46498020986009e-14,
		"phiq1_33":-5.46498020986009e-14,
		"phiu_11":-2.185992083944036e-13,
		"phiu_22":-2.185992083944036e-13,
		"phiu_33":-2.185992083944036e-13,
		"ld_1111":-1.092996041972018e-13,
		"ld_1122":-1.092996041972018e-13,
		"ld_1133":-1.092996041972018e-13,
		"ld_2211":-1.092996041972018e-13,
		"ld_2222":-1.092996041972018e-13,
		"ld_2233":-1.092996041972018e-13,
		"ld_3311":-1.092996041972018e-13,
		"ld_3322":-1.092996041972018e-13,
		"ld_3333":-1.092996041972018e-13,
		"le_1111":9.94842866115939e-12,
		"le_1112":{
			"Re":-3.129576464160109e-16,
			"Im":1.122700011197947e-15
		},
		"le_1113":{
			"Re":-7.294203375740134e-16,
			"Im":-1.6600944345023212e-15
		},
		"le_1122":7.60602613498504e-12,
		"le_1123":{
			"Re":1.1503835715003616e-13,
			"Im":5.172361093423646e-14
		},
		"le_1133":1.008505113909949e-11,
		"le_2211":9.94842866115939e-12,
		"le_2212":{
			"Re":-3.129576464160109e-16,
			"Im":1.122700011197947e-15
		},
		"le_2213":{
			"Re":-7.294203375740134e-16,
			"Im":-1.6600944345023212e-15
		},
		"le_2222":7.60602613498504e-12,
		"le_2223":{
			"Re":1.1503835715003616e-13,
			"Im":5.172361093423646e-14
		},
		"le_2233":1.008505113909949e-11,
		"le_3311":9.94842866115939e-12,
		"le_3312":{
			"Re":-3.129576464160109e-16,
			"Im":1.122700011197947e-15
		},
		"le_3313":{
			"Re":-7.294203375740134e-16,
			"Im":-1.6600944345023212e-15
		},
		"le_3322":7.60602613498504e-12,
		"le_3323":{
			"Re":1.1503835715003616e-13,
			"Im":5.172361093423646e-14
		},
		"le_3333":1.008505113909949e-11,
		"ll_1111":-8.197470314790136e-14,
		"ll_1122":-1.639494062958027e-13,
		"ll_1133":-1.639494062958027e-13,
		"ll_2222":-8.197470314790136e-14,
		"ll_2233":-1.639494062958027e-13,
		"ll_3333":-8.197470314790136e-14,
		"lq1_1111":5.46498020986009e-14,
		"lq1_1122":5.46498020986009e-14,
		"lq1_1133":5.46498020986009e-14,
		"lq1_2211":5.46498020986009e-14,