{
	"eft":"SMEFT",
	"basis":"Warsaw",
	"scale":1000,
	"values":{
		"dd_1111":-3.4251533448320336e-13,
		"dd_1122":-6.850306689664067e-13,
		"dd_1133":-6.850306689664067e-13,
		"dd_2222":-3.4251533448320336e-13,
		"dd_2233":-6.850306689664067e-13,
		"dd_3333":-3.4251533448320336e-13,
		"eB_11":1.5841346765239066e-15,
		"eB_12":{
			"Re":7.229649180496222e-20,
			"Im":2.528174989832825e-19
		},
		"eB_13":{
			"Re":-9.673905656545256e-19,
			"Im":1.1131574821123968e-19
		},
		"eB_21":{
			"Re":1.4948820595131573e-17,
			"Im":-5.2275336482531454e-17
		},
		"eB_22":1.529351536288485e-13,
		"eB_23":{
			"Re":1.0995820387262228e-18,
			"Im":-3.820870605160429e-19
		},
		"eB_31":{
			"Re":-3.3639634399773744e-15,
			"Im":-3.870847210745105e-16
		},
		"eB_32":{
			"Re":1.8492147568369232e-17,
			"Im":6.425723646059755e-18
		},
		"eB_33":2.697157650382829e-12,
		"ed_1111":9.238835284821956e-11,
		"ed_1122":9.238835284821956e-11,
		"ed_1133":9.238835284821956e-11,
		"ed_1211":{
			"Re":3.568031236667547e-15,
			"Im":1.5086408849486388e-14
		},
		"ed_1222":{
			"Re":3.568031236667547e-15,
			"Im":1.5086408849486388e-14
		},
		"ed_1233":{
			"Re":3.568031236667547e-15,
			"Im":1.5086408849486388e-14
		},
		"ed_1311":{
			"Re":-3.131015847500769e-14,
			"Im":4.335259454197565e-14
		},
		"ed_1322":{
			"Re":-3.131015847500769e-14,
			"Im":4.335259454197565e-14
		},
		"ed_1333":{
			"Re":-3.131015847500769e-14,
			"Im":4.335259454197565e-14
		},
		"ed_2211":4.345516136265546e-11,
		"ed_2222":4.345516136265546e-11,
		"ed_2233":4.345516136265546e-11,
		"ed_2311":{
			"Re":3.600338207425422e-16,
			"Im":-8.967106442418791e-17
		},
		"ed_2322":{
			"Re":3.600338207425422e-16,
			"Im":-8.967106442418791e-17
		},
		"ed_2333":{
			"Re":3.600338207425422e-16,
			"Im":-8.967106442418791e-17
		},
		"ed_3311":4.5600734230037726e-11,
		"ed_3322":4.5600734230037726e-11,
		"ed_3333":4.5600734230037726e-11,
		"ee_1111":-9.388740970654826e-9,
		"ee_1112":{
			"Re":1.965857973804011e-12,
			"Im":-5.1418468803904115e-12
		},
		"ee_1113":{
			"Re":-1.4025870323125043e-10,
			"Im":-2.2932959353668395e-10
		},
		"ee_1122":-1.2535162762053382e-8,
		"ee_1123":{
			"Re":-1.7017823512343268e-13,
			"Im":-1.7627455922543008e-13
		},
		"ee_1133":-1.3135474825413752e-8,
		"ee_1212":{
			"Re":-6.599734224784546e-10,
			"Im":2.040506529058278e-9
		},
		"ee_1213":{
			"Re":-8.985149072837098e-13,
			"Im":2.353281800493432e-12
		},
		"ee_1222":{
			"Re":-1.4618244249412173e-12,
			"Im":-5.741077939151883e-13
		},
		"ee_1223":{
			"Re":6.693309879556796e-12,
			"Im":-2.336786532632234e-12
		},
		"ee_1232":{
			"Re":-8.747429456212243e-11,
			"Im":-1.1401320668260896e-10
		},
		"ee_1233":{
			"Re":-6.714268770782922e-13,
			"Im":-2.260721015880354e-12
		},
		"ee_1313":{
			"Re":8.554479051977499e-10,
			"Im":-2.0661704805550553e-9
		},
		"ee_1323":{
			"Re":1.0691000801994897e-12,
			"Im":-1.4290948296812308e-12
		},
		"ee_1333":{
			"Re":8.847778687373867e-11,
			"Im":1.23315579255371e-10
		},
		"ee_2222":-1.7880589894797228e-9,
		"ee_2223":{
			"Re":1.2819992707636502e-12,
			"Im":8.411679828666899e-14
		},
		"ee_2233":-6.126784688045416e-9,
		"ee_2323":{
			"Re":-1.175808888159123e-9,
			"Im":-9.393799319505663e-11
		},
		"ee_2333":{
			"Re":-1.4304353493457919e-12,
			"Im":-2.2550746182779684e-14
		},
		"ee_3333":-1.984659376072766e-9,
		"ephi_11":-3.0190409176848424e-17,
		"ephi_13":{
			"Re":1.2056438108462278e-20,
			"Im":-1.0149497566636365e-20
		},
		"ephi_21":{
			"Re":-2.510670555939516e-19,
			"Im":9.968938814649113e-19
		},
		"ephi_22":-2.9787867478258148e-15,
		"ephi_23":-2.2269073980844698e-20,
		"ephi_31":{
			"Re":4.3901624409879743e-17,
			"Im":3.552093555054055e-17
		},
		"ephi_32":{
			"Re":-3.8533846008890375e-19,
			"Im":-1.0673713732532371e-19
		},
		"ephi_33":-5.0900937617568057e-14,
		"eu_1111":-1.8477670569643912e-10,
		"eu_1122":-1.8477670569643912e-10,
		"eu_1133":-1.8477670569643912e-10,
		"eu_1211":{
			"Re":-7.136062473335095e-15,
			"Im":-3.0172817698972777e-14
		},
		"eu_1222":{
			"Re":-7.136062473335095e-15,
			"Im":-3.0172817698972777e-14
		},
		"eu_1233":{
			"Re":-7.136062473335095e-15,
			"Im":-3.0172817698972777e-14
		},
		"eu_1311":{
			"Re":6.262031695001538e-14,
			"Im":-8.67051890839513e-14
		},
		"eu_1322":{
			"Re":6.262031695001538e-14,
			"Im":-8.67051890839513e-14
		},
		"eu_1333":{
			"Re":6.262031695001538e-14,
			"Im":-8.67051890839513e-14
		},
		"eu_2211":-8.691032272531092e-11,
		"eu_2222":-8.691032272531092e-11,
		"eu_2233":-8.691032272531092e-11,
		"eu_2311":{
			"Re":-7.200676414850844e-16,
			"Im":1.7934212884837582e-16
		},
		"eu_2322":{
			"Re":-7.200676414850844e-16,
			"Im":1.7934212884837582e-16
		},
		"eu_2333":{
			"Re":-7.200676414850844e-16,
			"Im":1.7934212884837582e-16
		},
		"eu_3311":-9.120146846007545e-11,
		"eu_3322":-9.120146846007545e-11,
		"eu_3333":-9.120146846007545e-11,
		"phi":-2.250901159944997e-18,
		"phiB":1.2862175238909896e-13,
		"phiBox":-7.717328401073511e-13,
		"phid_11":1.02754600344961e-12,
		"phid_22":1.02754600344961e-12,
		"phid_33":1.02754600344961e-12,
		"phiD":-3.08263801034883e-12,
		"phie_11":-1.3858252927232942e-10,
		"phie_12":{
			"Re":-5.352046855001321e-15,
			"Im":-2.2629613274229594e-14
		},
		"phie_13":{
			"Re":4.6965237712513956e-14,
			"Im":-6.502889181296045e-14
		},
		"phie_22":-6.518274204398324e-11,
		"phie_23":{
			"Re":-5.4005073111385e-16,
			"Im":1.3450659663624973e-16
		},
		"phie_33":-6.84011013450565e-11,
		"phil1_11":1.5413189920578174e-12,
		"phil1_13":2.785353737246183e-20,
		"phil1_22":1.5410571711260112e-12,
		"phil1_23":{
			"Re":-3.1659652778432404e-20,
			"Im":1.1001219773538658e-20
		},
		"phil1_33":1.463661248233679e-12,
		"phil3_11":-1.3116597490687086e-20,
		"phil3_13":2.785353737246183e-20,
		"phil3_22":-2.618340484037188e-16,
		"phil3_23":{
			"Re":-3.1659652778432404e-20,
			"Im":1.1001219773538658e-20
		},
		"phil3_33":-7.765775694073606e-14,
		"phiq1_11":-5.13773001724805e-13,
		"phiq1_22":-5.13773001724805e-13,
		"phiq1_33":-5.13773001724805e-13,
		"phiu_11":-2.05509200689922e-12,
		"phiu_22":-2.05509200689922e-12,
		"phiu_33":-2.05509200689922e-12,
		"ld_1111":-1.02754600344961e-12,
		"ld_1122":-1.02754600344961e-12,
		"ld_1133":-1.02754600344961e-12,
		"ld_2211":-1.02754600344961e-12,
		"ld_2222":-1.02754600344961e-12,
		"ld_2233":-1.02754600344961e-12,
		"ld_3311":-1.02754600344961e-12,
		"ld_3322":-1.02754600344961e-12,
		"ld_3333":-1.02754600344961e-12,
		"le_1111":1.3858252927232942e-10,
		"le_1112":{
			"Re":5.352046855001321e-15,
			"Im":2.2629613274229594e-14
		},
		"le_1113":{
			"Re":-4.6965237712513956e-14,
			"Im":6.502889181296045e-14
		},
		"le_1122":6.518274204398324e-11,
		"le_1123":{
			"Re":5.4005073111385e-16,
			"Im":-1.3450659663624973e-16
		},
		"le_1133":6.84011013450565e-11,
		"le_2211":1.3858252927232942e-10,
		"le_2212":{
			"Re":5.352046855001321e-15,
			"Im":2.2629613274229594e-14
		},
		"le_2213":{
			"Re":-4.6965237712513956e-14,
			"Im":6.502889181296045e-14
		},
		"le_2222":6.518274204398324e-11,
		"le_2223":{
			"Re":5.4005073111385e-16,
			"Im":-1.3450659663624973e-16
		},
		"le_2233":6.84011013450565e-11,
		"le_3311":1.3858252927232942e-10,
		"le_3312":{
			"Re":5.352046855001321e-15,
			"Im":2.2629613274229594e-14
		},
		"le_3313":{
			"Re":-4.6965237712513956e-14,
			"Im":6.502889181296045e-14
		},
		"le_3322":6.518274204398324e-11,
		"le_3323":{
			"Re":5.4005073111385e-16,
			"Im":-1.3450659663624973e-16
		},
		"le_3333":6.84011013450565e-11,
		"ll_1111":-7.706595025872075e-13,
		"ll_1122":-1.541319005174415e-12,
		"ll_1133":-1.541319005174415e-12,
		"ll_2222":-7.706595025872075e-13,
		"ll_2233":-1.541319005174415e-12,
		"ll_3333":-7.706595025872075e-13,
		"lq1_1111":5.13773001724805e-13,
		"lq1_1122":5.13773001724805e-13,
		"lq1_1133":5.13773001724805e-13,
		"lq1_2211":5.13773001724805e-13,
		"lq1_2222":5.13773001724805e-13,
		"lq1_2233":5.13773001724805e-13,
		"lq1_3311":5.13773001724805e-13,