{
	"eft":"SMEFT",
	"basis":"Warsaw",
	"scale":1000,
	"values":{
		"dd_1111":-5.003126507771011e-14,
		"dd_1122":-1.0006253015542022e-13,
		"dd_1133":-1.0006253015542022e-13,
		"dd_2222":-5.003126507771011e-14,
		"dd_2233":-1.0006253015542022e-13,
		"dd_3333":-5.003126507771011e-14,
		"eB_11":1.1955505839882074e-16,
		"eB_12":{
			"Re":-1.5377849059747606e-20,
			"Im":1.997485224795797e-20
		},
		"eB_13":{
			"Re":-5.461323456996829e-20,
			"Im":-1.7641773024732072e-19
		},
		"eB_21":{
			"Re":-3.1796937997122113e-18,
			"Im":-4.130220916867456e-18
		},
		"eB_22":4.1125923368220984e-14,
		"eB_23":{
			"Re":1.602511421294882e-17,
			"Im":-3.1070880576488525e-18
		},
		"eB_31":{
			"Re":-1.899097747640091e-16,
			"Im":6.134676270222131e-16
		},
		"eB_32":{
			"Re":2.6950128902532045e-16,
			"Im":5.225324609386709e-17
		},
		"eB_33":2.0687806423528696e-13,
		"ed_1111":7.595665917946214e-12,
		"ed_1122":7.595665917946214e-12,
		"ed_1133":7.595665917946214e-12,
		"ed_1211":{
			"Re":-4.657513021250918e-16,
			"Im":6.733561571480472e-16
		},
		"ed_1222":{
			"Re":-4.657513021250918e-16,
			"Im":6.733561571480472e-16
		},
		"ed_1233":{
			"Re":-4.657513021250918e-16,
			"Im":6.733561571480472e-16
		},
		"ed_1311":{
			"Re":-1.5378478617976654e-15,
			"Im":-4.435005833163643e-15
		},
		"ed_1322":{
			"Re":-1.5378478617976654e-15,
			"Im":-4.435005833163643e-15
		},
		"ed_1333":{
			"Re":-1.5378478617976654e-15,
			"Im":-4.435005833163643e-15
		},
		"ed_2211":1.2728570985043356e-11,
		"ed_2222":1.2728570985043356e-11,
		"ed_2233":1.2728570985043356e-11,
		"ed_2311":{
			"Re":4.2500112227624035e-15,
			"Im":-4.695450070207011e-16
		},
		"ed_2322":{
			"Re":4.2500112227624035e-15,
			"Im":-4.695450070207011e-16
		},
		"ed_2333":{
			"Re":4.2500112227624035e-15,
			"Im":-4.695450070207011e-16
		},
		"ed_3311":3.640946823538301e-12,
		"ed_3322":3.640946823538301e-12,
		"ed_3333":3.640946823538301e-12,
		"ee_1111":-3.832093096061568e-10,
		"ee_1112":{
			"Re":2.611090178982437e-12,
			"Im":6.488325141842188e-12
		},
		"ee_1113":{
			"Re":-5.883925995003903e-11,
			"Im":-2.0624781263569594e-10
		},
		"ee_1122":-1.8550293235863588e-9,
		"ee_1123":{
			"Re":-9.53833381675164e-12,
			"Im":-6.262415589447814e-13
		},
		"ee_1133":-2.7138113638754645e-10,
		"ee_1212":{
			"Re":-3.004927698478592e-10,
			"Im":-2.2288283077884282e-10
		},
		"ee_1213":{
			"Re":-1.0410236032334085e-11,
			"Im":-1.7371247545598837e-12
		},
		"ee_1222":{
			"Re":-1.2785649441866775e-11,
			"Im":8.103321775349961e-12
		},
		"ee_1223":{
			"Re":4.182419709969878e-13,
			"Im":2.3737871140827003e-12
		},
		"ee_1232":{
			"Re":3.7222026669128825e-10,
			"Im":-2.85634847074734e-10
		},
		"ee_1233":{
			"Re":5.732064229620233e-12,
			"Im":-1.202653400508653e-11
		},
		"ee_1313":{
			"Re":7.339969465637953e-11,
			"Im":-4.565421954406681e-11
		},
		"ee_1323":{
			"Re":-6.926618231723994e-13,
			"Im":-3.4941034163260837e-12
		},
		"ee_1333":{
			"Re":2.997426442473046e-11,
			"Im":1.0482088067659783e-10
		},
		"ee_2222":-7.361986089138041e-10,
		"ee_2223":{
			"Re":1.9305035930834142e-11,
			"Im":-1.0274089489957178e-11
		},
		"ee_2233":-9.047377769048573e-10,
		"ee_2323":{
			"Re":-6.906106185978859e-11,
			"Im":1.7484319604109914e-10
		},
		"ee_2333":{
			"Re":-4.311438105850379e-12,
			"Im":3.556741241915654e-12
		},
		"ee_3333":-8.884661439886006e-11,
		"ephi_11":-3.4327724451290078e-18,
		"ephi_21":{
			"Re":5.615148939143976e-20,
			"Im":7.730771694359072e-20
		},
		"ephi_22":-1.1739159460618215e-15,
		"ephi_23":{
			"Re":-3.9519582273301656e-19,
			"Im":5.396549637893819e-20
		},
		"ephi_31":{
			"Re":3.228748053429813e-18,
			"Im":-9.857204080776902e-18
		},
		"ephi_32":{
			"Re":-6.804010887061342e-18,
			"Im":-9.381628753467219e-19
		},
		"ephi_33":-5.831389361247635e-15,
		"eu_1111":-1.5191331835892428e-11,
		"eu_1122":-1.5191331835892428e-11,
		"eu_1133":-1.5191331835892428e-11,
		"eu_1211":{
			"Re":9.315026042501835e-16,
			"Im":-1.3467123142960944e-15
		},
		"eu_1222":{
			"Re":9.315026042501835e-16,
			"Im":-1.3467123142960944e-15
		},
		"eu_1233":{
			"Re":9.315026042501835e-16,
			"Im":-1.3467123142960944e-15
		},
		"eu_1311":{
			"Re":3.075695723595331e-15,
			"Im":8.870011666327287e-15
		},
		"eu_1322":{
			"Re":3.075695723595331e-15,
			"Im":8.870011666327287e-15
		},
		"eu_1333":{
			"Re":3.075695723595331e-15,
			"Im":8.870011666327287e-15
		},
		"eu_2211":-2.5457141970086713e-11,
		"eu_2222":-2.5457141970086713e-11,
		"eu_2233":-2.5457141970086713e-11,
		"eu_2311":{
			"Re":-8.500022445524807e-15,
			"Im":9.390900140414023e-16
		},
		"eu_2322":{
			"Re":-8.500022445524807e-15,
			"Im":9.390900140414023e-16
		},
		"eu_2333":{
			"Re":-8.500022445524807e-15,
			"Im":9.390900140414023e-16
		},
		"eu_3311":-7.281893647076602e-12,
		"eu_3322":-7.281893647076602e-12,
		"eu_3333":-7.281893647076602e-12,
		"phi":-9.068160926766487e-19,
		"phiB":2.634771740199641e-14,
		"phiBox":-1.1287868793499798e-13,
		"phid_11":1.500937952331303e-13,
		"phid_22":1.500937952331303e-13,
		"phid_33":1.500937952331303e-13,
		"phiD":-4.5028138569939095e-13,
		"phie_11":-1.1393498876919324e-11,
		"phie_12":{
			"Re":6.986269531875051e-16,
			"Im":-1.0100342357218941e-15
		},
		"phie_13":{
			"Re":2.3067717926955384e-15,
			"Im":6.652508749742537e-15
		},
		"phie_22":-1.909285647756501e-11,
		"phie_23":{
			"Re":-6.375016834143372e-15,
			"Im":7.043175105308971e-16
		},
		"phie_33":-5.461420235307456e-12,
		"phil1_11":2.2514069185978242e-13,
		"phil1_22":2.2507028283110698e-13,
		"phil1_23":{
			"Re":-4.614021817820212e-19,
			"Im":8.946065467849295e-20
		},
		"phil1_33":2.191841680516461e-13,
		"phil3_22":-7.041001858850054e-17,
		"phil3_23":{
			"Re":-4.614021817820212e-19,
			"Im":8.946065467849295e-20
		},
		"phil3_33":-5.9565247980493725e-15,
		"phiq1_11":-7.504689761656515e-14,
		"phiq1_22":-7.504689761656515e-14,
		"phiq1_33":-7.504689761656515e-14,
		"phiu_11":-3.001875904662606e-13,
		"phiu_22":-3.001875904662606e-13,
		"phiu_33":-3.001875904662606e-13,
		"ld_1111":-1.500937952331303e-13,
		"ld_1122":-1.500937952331303e-13,
		"ld_1133":-1.500937952331303e-13,
		"ld_2211":-1.500937952331303e-13,
		"ld_2222":-1.500937952331303e-13,
		"ld_2233":-1.500937952331303e-13,
		"ld_3311":-1.500937952331303e-13,
		"ld_3322":-1.500937952331303e-13,
		"ld_3333":-1.500937952331303e-13,
		"le_1111":1.1393498876919324e-11,
		"le_1112":{
			"Re":-6.986269531875051e-16,
			"Im":1.0100342357218941e-15
		},
		"le_1113":{
			"Re":-2.3067717926955384e-15,
			"Im":-6.652508749742537e-15
		},
		"le_1122":1.909285647756501e-11,
		"le_1123":{
			"Re":6.375016834143372e-15,
			"Im":-7.043175105308971e-16
		},
		"le_1133":5.461420235307456e-12,
		"le_2211":1.1393498876919324e-11,
		"le_2212":{
			"Re":-6.986269531875051e-16,
			"Im":1.0100342357218941e-15
		},
		"le_2213":{
			"Re":-2.3067717926955384e-15,
			"Im":-6.652508749742537e-15
		},
		"le_2222":1.909285647756501e-11,
		"le_2223":{
			"Re":6.375016834143372e-15,
			"Im":-7.043175105308971e-16
		},
		"le_2233":5.461420235307456e-12,
		"le_3311":1.1393498876919324e-11,
		"le_3312":{
			"Re":-6.986269531875051e-16,
			"Im":1.0100342357218941e-15
		},
		"le_3313":{
			"Re":-2.3067717926955384e-15,
			"Im":-6.652508749742537e-15
		},
		"le_3322":1.909285647756501e-11,
		"le_3323":{
			"Re":6.375016834143372e-15,
			"Im":-7.043175105308971e-16
		},
		"le_3333":5.461420235307456e-12,
		"ll_1111":-1.1257034642484774e-13,
		"ll_1122":-2.2514069284969547e-13,
		"ll_1133":-2.2514069284969547e-13,
		"ll_2222":-1.1257034642484774e-13,
		"ll_2233":-2.2514069284969547e-13,
		"ll_3333":-1.1257034642484774e-13,
		"lq1_1111":7.504689761656515e-14,
		"lq1_1122":7.504689761656515e-14,
		"lq1_1133":7.504689761656515e-14,
		"lq1_2211":7.504689761656515e-14,
		"lq1_2222":7.504689761656515e-14,
		"lq1_2233":7.504689761656515e-14,
		"lq1_3311":7.504689761656515e-14,
		"lq1_3322":7.504689761656515e-14,
		"lq1_3333":7.504689761656515e-14,
		"lu_1111":3.001875904662606e-13,