{
	"eft":"SMEFT",
	"basis":"Warsaw",
	"scale":1000,
	"values":{
		"dd_1111":-7.77079197923209e-14,
		"dd_1122":-1.554158395846418e-13,
		"dd_1133":-1.554158395846418e-13,
		"dd_2222":-7.77079197923209e-14,
		"dd_2233":-1.554158395846418e-13,
		"dd_3333":-7.77079197923209e-14,
		"eB_11":1.5605692354843643e-16,
		"eB_12":{
			"Re":-7.540137283146927e-20,
			"Im":1.5740280155633e-19
		},
		"eB_13":{
			"Re":1.337066745840982e-18,
			"Im":5.0901840812056846e-18
		},
		"eB_21":{
			"Re":-1.559082006530923e-17,
			"Im":-3.2546340533154163e-17
		},
		"eB_22":8.799771242685322e-15,
		"eB_23":{
			"Re":1.6434667931684033e-17,
			"Im":-5.144613099666253e-18
		},
		"eB_31":{
			"Re":4.649459907411369e-15,
			"Im":-1.7700392953848912e-14
		},
		"eB_32":{
			"Re":2.763889313633098e-16,
			"Im":8.651918753728889e-17
		},
		"eB_33":1.750828359339734e-13,
		"ed_1111":1.1787453705813202e-11,
		"ed_1122":1.1787453705813202e-11,
		"ed_1133":1.1787453705813202e-11,
		"ed_1211":{
			"Re":-5.912972482186967e-15,
			"Im":1.2340593113476811e-14
		},
		"ed_1222":{
			"Re":-5.912972482186967e-15,
			"Im":1.2340593113476811e-14
		},
		"ed_1233":{
			"Re":-5.912972482186967e-15,
			"Im":1.2340593113476811e-14
		},
		"ed_1311":{
			"Re":1.0481665506703787e-13,
			"Im":3.9906055370088677e-13
		},
		"ed_1322":{
			"Re":1.0481665506703787e-13,
			"Im":3.9906055370088677e-13
		},
		"ed_1333":{
			"Re":1.0481665506703787e-13,
			"Im":3.9906055370088677e-13
		},
		"ed_2211":2.8878237907964043e-12,
		"ed_2222":2.8878237907964043e-12,
		"ed_2233":2.8878237907964043e-12,
		"ed_2311":{
			"Re":6.259784399051291e-15,
			"Im":-1.9459382957617885e-15
		},
		"ed_2322":{
			"Re":6.259784399051291e-15,
			"Im":-1.9459382957617885e-15
		},
		"ed_2333":{
			"Re":6.259784399051291e-15,
			"Im":-1.9459382957617885e-15
		},
		"ed_3311":3.5007943316313916e-12,
		"ed_3322":3.5007943316313916e-12,
		"ed_3333":3.5007943316313916e-12,
		"ee_1111":{
			"Re":-1.468363065096127e-11,
			"Im":-1.2893255907785142e-19
		},
		"ee_1112":{
			"Re":-1.008393889657801e-12,
			"Im":6.833718019309556e-13
		},
		"ee_1113":{
			"Re":6.325551565938209e-13,
			"Im":4.158091152134914e-11
		},
		"ee_1122":-3.8289393039165765e-10,
		"ee_1123":{
			"Re":-5.80803036024681e-13,
			"Im":2.164296059481132e-14
		},
		"ee_1133":{
			"Re":-4.4949129091375636e-10,
			"Im":5.226329697668425e-19
		},
		"ee_1212":{
			"Re":6.623136645016204e-11,
			"Im":1.9029471148969618e-10
		},
		"ee_1213":{
			"Re":-4.6477422586037045e-12,
			"Im":7.984765162241104e-12
		},
		"ee_1222":{
			"Re":6.09006661600086e-13,
			"Im":-1.0494831919731426e-12
		},
		"ee_1223":{
			"Re":-3.315479860379258e-12,
			"Im":-1.2763613804169654e-11
		},
		"ee_1232":{
			"Re":2.4991888645672213e-11,
			"Im":-4.701635742723446e-12
		},
		"ee_1233":{
			"Re":1.1351169309823153e-12,
			"Im":2.350845081284687e-13
		},
		"ee_1313":{
			"Re":2.353567323844198e-10,
			"Im":-1.2893139483305508e-11
		},
		"ee_1323":{
			"Re":-6.122198336464709e-13,
			"Im":-7.066518629495535e-13
		},
		"ee_1333":{
			"Re":-1.1809251523327708e-12,
			"Im":-4.4820968246795943e-11
		},
		"ee_2222":6.228314687800814e-12,
		"ee_2223":{
			"Re":1.4461916394574365e-12,
			"Im":2.005754464763055e-12
		},
		"ee_2233":-1.178560144604071e-10,
		"ee_2323":{
			"Re":1.7974897209531822e-11,
			"Im":-6.207019668241312e-11
		},
		"ee_2333":{
			"Re":-1.8824624452475443e-12,
			"Im":-2.398922469796847e-12
		},
		"ee_3333":{
			"Re":4.607699547509622e-12,
			"Im":-1.324973135166427e-19
		},
		"ephi_11":4.2020374238544046e-17,
		"ephi_12":{
			"Re":-2.0283549648454947e-20,
			"Im":4.233508225061589e-20
		},
		"ephi_13":{
			"Re":3.603721248903002e-19,
			"Im":1.3719948523930777e-18
		},
		"ephi_21":{
			"Re":-4.194018201117599e-18,
			"Im":-8.753601235471739e-18
		},
		"ephi_22":2.3760158695126163e-15,
		"ephi_23":{
			"Re":4.444825561690341e-18,
			"Im":-1.3842018351550971e-18
		},
		"ephi_31":{
			"Re":1.2504103506779355e-15,
			"Im":-4.760514552470381e-15
		},
		"ephi_32":{
			"Re":7.458869210394786e-17,
			"Im":2.3228052659111657e-17
		},
		"ephi_33":4.736686718698048e-14,
		"eu_1111":-2.3574907411626403e-11,
		"eu_1122":-2.3574907411626403e-11,
		"eu_1133":-2.3574907411626403e-11,
		"eu_1211":{
			"Re":1.1825944964373934e-14,
			"Im":-2.4681186226953622e-14
		},
		"eu_1222":{
			"Re":1.1825944964373934e-14,
			"Im":-2.4681186226953622e-14
		},
		"eu_1233":{
			"Re":1.1825944964373934e-14,
			"Im":-2.4681186226953622e-14
		},
		"eu_1311":{
			"Re":-2.0963331013407574e-13,
			"Im":-7.981211074017735e-13
		},
		"eu_1322":{
			"Re":-2.0963331013407574e-13,
			"Im":-7.981211074017735e-13
		},
		"eu_1333":{
			"Re":-2.0963331013407574e-13,
			"Im":-7.981211074017735e-13
		},
		"eu_2211":-5.7756475815928086e-12,
		"eu_2222":-5.7756475815928086e-12,
		"eu_2233":-5.7756475815928086e-12,
		"eu_2311":{
			"Re":-1.2519568798102582e-14,
			"Im":3.891876591523577e-15
		},
		"eu_2322":{
			"Re":-1.2519568798102582e-14,
			"Im":3.891876591523577e-15
		},
		"eu_2333":{
			"Re":-1.2519568798102582e-14,
			"Im":3.891876591523577e-15
		},
		"eu_3311":-7.001588663262783e-12,
		"eu_3322":-7.001588663262783e-12,
		"eu_3333":-7.001588663262783e-12,
		"phi":7.9583274276528e-16,
		"phiB":-3.3831900175730926e-13,
		"phiBox":-2.075750035754991e-13,
		"phid_11":2.331237593769627e-13,
		"phid_22":2.331237593769627e-13,
		"phid_33":2.331237593769627e-13,
		"phiD":-6.993712781308881e-13,
		"phie_11":-1.76811805587198e-11,
		"phie_12":{
			"Re":8.869458723280449e-15,
			"Im":-1.8510889670215224e-14
		},
		"phie_13":{
			"Re":-1.572249826005568e-13,
			"Im":-5.985908305513301e-13
		},
		"phie_22":-4.331735686194602e-12,
		"phie_23":{
			"Re":-9.389676598576942e-15,
			"Im":2.918907443642784e-15
		},
		"phie_33":-5.25119149744709e-12,
		"phil1_11":3.496856377732964e-13,
		"phil1_13":{
			"Re":-3.849741758599909e-20,
			"Im":-1.4655883318713979e-19
		},
		"phil1_22":3.496705733354609e-13,
		"phil1_23":{
			"Re":-4.731942337368659e-19,
			"Im":1.4812597757913443e-19
		},
		"phil1_33":3.4464457655449835e-13,
		"phil3_13":{
			"Re":-3.849741758599909e-20,
			"Im":-1.4655883318713979e-19
		},
		"phil3_22":-1.506572998311812e-17,
		"phil3_23":{
			"Re":-4.731942337368659e-19,
			"Im":1.4812597757913443e-19
		},
		"phil3_33":-5.0410625109457135e-15,
		"phiq1_11":-1.1656187968848135e-13,
		"phiq1_22":-1.1656187968848135e-13,
		"phiq1_33":-1.1656187968848135e-13,
		"phiu_11":-4.662475187539254e-13,
		"phiu_22":-4.662475187539254e-13,
		"phiu_33":-4.662475187539254e-13,
		"ld_1111":-2.331237593769627e-13,
		"ld_1122":-2.331237593769627e-13,
		"ld_1133":-2.331237593769627e-13,
		"ld_2211":-2.331237593769627e-13,
		"ld_2222":-2.331237593769627e-13,
		"ld_2233":-2.331237593769627e-13,
		"ld_3311":-2.331237593769627e-13,
		"ld_3322":-2.331237593769627e-13,
		"ld_3333":-2.331237593769627e-13,
		"le_1111":1.76811805587198e-11,
		"le_1112":{
			"Re":-8.869458723280449e-15,
			"Im":1.8510889670215224e-14
		},
		"le_1113":{
			"Re":1.572249826005568e-13,
			"Im":5.985908305513301e-13
		},
		"le_1122":4.331735686194602e-12,
		"le_1123":{
			"Re":9.389676598576942e-15,
			"Im":-2.918907443642784e-15
		},
		"le_1133":5.25119149744709e-12,
		"le_2211":1.76811805587198e-11,
		"le_2212":{
			"Re":-8.869458723280449e-15,
			"Im":1.8510889670215224e-14
		},
		"le_2213":{
			"Re":1.572249826005568e-13,
			"Im":5.985908305513301e-13
		},
		"le_2222":4.331735686194602e-12,
		"le_2223":{
			"Re":9.389676598576942e-15,
			"Im":-2.918907443642784e-15
		},
		"le_2233":5.25119149744709e-12,
		"le_3311":1.76811805587198e-11,
		"le_3312":{
			"Re":-8.869458723280449e-15,
			"Im":1.8510889670215224e-14
		},
		"le_3313":{
			"Re":1.572249826005568e-13,
			"Im":5.985908305513301e-13
		},
		"le_3322":4.331735686194602e-12,
		"le_3323":{
			"Re":9.389676598576942e-15,
			"Im":-2.918907443642784e-15
		},
		"le_3333":5.25119149744709e-12,
		"ll_1111":-1.7484281953272203e-13,
		"ll_1122":-3.4968563906544406e-13,
		"ll_1133":-3.4968563906544406e-13,
		"ll_2222":-1.7484281953272203e-13,