{
	"eft":"SMEFT",
	"basis":"Warsaw",
	"scale":1000,
	"values":{
		"dd_1111":-6.648019247034221e-14,
		"dd_1122":-1.3296038494068442e-13,
		"dd_1133":-1.3296038494068442e-13,
		"dd_2222":-6.648019247034221e-14,
		"dd_2233":-1.3296038494068442e-13,
		"dd_3333":-6.648019247034221e-14,
		"eB_11":3.039290813947176e-16,
		"eB_12":{
			"Re":-1.4890382865495148e-20,
			"Im":-1.9858012923226844e-20
		},
		"eB_13":{
			"Re":-9.661336977031118e-20,
			"Im":5.12702827678968e-20
		},
		"eB_21":{
			"Re":-3.078899909135459e-18,
			"Im":4.106061928509101e-18
		},
		"eB_22":5.4132140990276246e-14,
		"eB_23":{
			"Re":-3.938978414076142e-17,
			"Im":-4.588743619944044e-17
		},
		"eB_31":{
			"Re":-3.359592859999194e-16,
			"Im":-1.7828513416586836e-16
		},
		"eB_32":{
			"Re":-6.624350665648603e-16,
			"Im":7.717088965159158e-16
		},
		"eB_33":5.5647888005966575e-14,
		"ed_1111":1.7132209887860713e-11,
		"ed_1122":1.7132209887860713e-11,
		"ed_1133":1.7132209887860713e-11,
		"ed_1211":{
			"Re":-8.593702012965223e-16,
			"Im":-1.1460653537923456e-15
		},
		"ed_1222":{
			"Re":-8.593702012965223e-16,
			"Im":-1.1460653537923456e-15
		},
		"ed_1233":{
			"Re":-8.593702012965223e-16,
			"Im":-1.1460653537923456e-15
		},
		"ed_1311":{
			"Re":-5.571531331909437e-15,
			"Im":2.956191348785865e-15
		},
		"ed_1322":{
			"Re":-5.571531331909437e-15,
			"Im":2.956191348785865e-15
		},
		"ed_1333":{
			"Re":-5.571531331909437e-15,
			"Im":2.956191348785865e-15
		},
		"ed_2211":1.4710024583520324e-11,
		"ed_2222":1.4710024583520324e-11,
		"ed_2233":1.4710024583520324e-11,
		"ed_2311":{
			"Re":-1.0995584114277307e-14,
			"Im":-1.2809561910109238e-14
		},
		"ed_2322":{
			"Re":-1.0995584114277307e-14,
			"Im":-1.2809561910109238e-14
		},
		"ed_2333":{
			"Re":-1.0995584114277307e-14,
			"Im":-1.2809561910109238e-14
		},
		"ed_3311":5.275818684620438e-13,
		"ed_3322":5.275818684620438e-13,
		"ed_3333":5.275818684620438e-13,
		"ee_1111":-1.9624098398666516e-9,
		"ee_1112":{
			"Re":1.9568541598127258e-13,
			"Im":2.5876430943642236e-13
		},
		"ee_1113":{
			"Re":1.252022250406698e-12,
			"Im":-6.213457341849856e-13
		},
		"ee_1122":-4.3485976471815555e-9,
		"ee_1123":{
			"Re":3.201717731783718e-12,
			"Im":3.729970667593447e-12
		},
		"ee_1133":-2.1763941639129126e-10,
		"ee_1212":{
			"Re":-1.4279429225027756e-10,
			"Im":4.675285991194196e-10
		},
		"ee_1213":{
			"Re":9.103736519744328e-13,
			"Im":-4.0098272374417265e-13
		},
		"ee_1222":{
			"Re":1.670353012221512e-13,
			"Im":2.2300482566966967e-13
		},
		"ee_1223":{
			"Re":1.3963900711541792e-12,
			"Im":-7.412266504463881e-13
		},
		"ee_1232":{
			"Re":2.919211750208121e-13,
			"Im":-2.4646592335670235e-13
		},
		"ee_1233":{
			"Re":9.578845088723598e-15,
			"Im":1.5942790978013287e-14
		},
		"ee_1313":{
			"Re":2.6868553431973218e-11,
			"Im":1.4222401427448764e-11
		},
		"ee_1323":{
			"Re":-6.1404308191423e-15,
			"Im":1.5369336710658852e-15
		},
		"ee_1333":{
			"Re":5.808014955338798e-14,
			"Im":-5.773362658566695e-14
		},
		"ee_2222":-1.4475702842481736e-9,
		"ee_2223":{
			"Re":2.1924192595988187e-12,
			"Im":2.5565228828608688e-12
		},
		"ee_2233":-1.8724231127396769e-10,
		"ee_2323":{
			"Re":4.971231069828339e-12,
			"Im":-2.579343598407972e-11
		},
		"ee_2333":{
			"Re":1.705565765072784e-13,
			"Im":2.0198572812351165e-13
		},
		"ee_3333":-3.3442035891487142e-12,
		"ephi_11":-3.8436022109675816e-16,
		"ephi_12":{
			"Re":1.8837947800992205e-20,
			"Im":2.5122505286478032e-20
		},
		"ephi_13":{
			"Re":1.2210507187252372e-19,
			"Im":-6.479090449295464e-20
		},
		"ephi_21":{
			"Re":3.895148403086591e-18,
			"Im":-5.1946150070134045e-18
		},
		"ephi_22":-6.848227996072915e-14,
		"ephi_23":{
			"Re":4.981319184383198e-17,
			"Im":5.803079363417427e-17
		},
		"ephi_31":{
			"Re":4.248005136074055e-16,
			"Im":2.25405959816833e-16
		},
		"ephi_32":{
			"Re":8.38117980495889e-16,
			"Im":-9.763809457370705e-16
		},
		"ephi_33":-7.051811433440886e-14,
		"eu_1111":-3.426441977572143e-11,
		"eu_1122":-3.426441977572143e-11,
		"eu_1133":-3.426441977572143e-11,
		"eu_1211":{
			"Re":1.7187404025930447e-15,
			"Im":2.2921307075846912e-15
		},
		"eu_1222":{
			"Re":1.7187404025930447e-15,
			"Im":2.2921307075846912e-15
		},
		"eu_1233":{
			"Re":1.7187404025930447e-15,
			"Im":2.2921307075846912e-15
		},
		"eu_1311":{
			"Re":1.1143062663818874e-14,
			"Im":-5.91238269757173e-15
		},
		"eu_1322":{
			"Re":1.1143062663818874e-14,
			"Im":-5.91238269757173e-15
		},
		"eu_1333":{
			"Re":1.1143062663818874e-14,
			"Im":-5.91238269757173e-15
		},
		"eu_2211":-2.942004916704065e-11,
		"eu_2222":-2.942004916704065e-11,
		"eu_2233":-2.942004916704065e-11,
		"eu_2311":{
			"Re":2.1991168228554613e-14,
			"Im":2.5619123820218476e-14
		},
		"eu_2322":{
			"Re":2.1991168228554613e-14,
			"Im":2.5619123820218476e-14
		},
		"eu_2333":{
			"Re":2.1991168228554613e-14,
			"Im":2.5619123820218476e-14
		},
		"eu_3311":-1.0551637369240877e-12,
		"eu_3322":-1.0551637369240877e-12,
		"eu_3333":-1.0551637369240877e-12,
		"phi":-1.3663296375431427e-13,
		"phiB":1.6945547655895176e-12,
		"phiBox":-1.1094372120741217e-12,
		"phid_11":1.9944057741102662e-13,
		"phid_22":1.9944057741102662e-13,
		"phid_33":1.9944057741102662e-13,
		"phiD":-5.983217322330798e-13,
		"phie_11":-2.5698314831791038e-11,
		"phie_12":{
			"Re":1.2890553019447823e-15,
			"Im":1.7190980306885166e-15
		},
		"phie_13":{
			"Re":8.357296997864143e-15,
			"Im":-4.434287023178791e-15
		},
		"phie_22":-2.206503687528046e-11,
		"phie_23":{
			"Re":1.6493376171415943e-14,
			"Im":1.9214342865163838e-14
		},
		"phie_33":-7.913728026930652e-13,
		"phil1_11":2.991608636000143e-13,
		"phil1_22":2.9906818868242527e-13,
		"phil1_23":{
			"Re":1.1341281004902066e-18,
			"Im":1.3212113746869328e-18
		},
		"phil1_33":2.9755862749306926e-13,
		"phil3_22":-9.267743411460674e-17,
		"phil3_23":{
			"Re":1.1341281004902066e-18,
			"Im":1.3212113746869328e-18
		},
		"phil3_33":-1.6022386234706287e-15,
		"phiq1_11":-9.972028870551331e-14,
		"phiq1_22":-9.972028870551331e-14,
		"phiq1_33":-9.972028870551331e-14,
		"phiu_11":-3.9888115482205324e-13,
		"phiu_22":-3.9888115482205324e-13,
		"phiu_33":-3.9888115482205324e-13,
		"ld_1111":-1.9944057741102662e-13,
		"ld_1122":-1.9944057741102662e-13,
		"ld_1133":-1.9944057741102662e-13,
		"ld_2211":-1.9944057741102662e-13,
		"ld_2222":-1.9944057741102662e-13,
		"ld_2233":-1.9944057741102662e-13,
		"ld_3311":-1.9944057741102662e-13,
		"ld_3322":-1.9944057741102662e-13,
		"ld_3333":-1.9944057741102662e-13,
		"le_1111":2.5698314831791038e-11,
		"le_1112":{
			"Re":-1.2890553019447823e-15,
			"Im":-1.7190980306885166e-15
		},
		"le_1113":{
			"Re":-8.357296997864143e-15,
			"Im":4.434287023178791e-15
		},
		"le_1122":2.206503687528046e-11,
		"le_1123":{
			"Re":-1.6493376171415943e-14,
			"Im":-1.9214342865163838e-14
		},
		"le_1133":7.913728026930652e-13,
		"le_2211":2.5698314831791038e-11,
		"le_2212":{
			"Re":-1.2890553019447823e-15,
			"Im":-1.7190980306885166e-15
		},
		"le_2213":{
			"Re":-8.357296997864143e-15,
			"Im":4.434287023178791e-15
		},
		"le_2222":2.206503687528046e-11,
		"le_2223":{
			"Re":-1.6493376171415943e-14,
			"Im":-1.9214342865163838e-14
		},
		"le_2233":7.913728026930652e-13,
		"le_3311":2.5698314831791038e-11,
		"le_3312":{
			"Re":-1.2890553019447823e-15,
			"Im":-1.7190980306885166e-15
		},
		"le_3313":{
			"Re":-8.357296997864143e-15,
			"Im":4.434287023178791e-15
		},
		"le_3322":2.206503687528046e-11,
		"le_3323":{
			"Re":-1.6493376171415943e-14,
			"Im":-1.9214342865163838e-14
		},
		"le_3333":7.913728026930652e-13,
		"ll_1111":-1.4958043305826996e-13,
		"ll_1122":-2.991608661165399e-13,
		"ll_1133":-2.991608661165399e-13,
		"ll_2222":-1.4958043305826996e-13,
		"ll_2233":-2.991608661165399e-13,
		"ll_3333":-1.4958043305826996e-13,
		"lq1_1111":9.972028870551331e-14,
		"lq1_1122":9.972028870551331e-14,
		"lq1_1133":9.972028870551331e-14,
		"lq1_2211":9.972028870551331e-14,
		"lq1_2222":9.972028870551331e-14,