{
	"eft":"SMEFT",
	"basis":"Warsaw",
	"scale":1000,
	"values":{
		"dd_1111":-5.939612949508645e-14,
		"dd_1122":-1.187922589901729e-13,
		"dd_1133":-1.187922589901729e-13,
		"dd_2222":-5.939612949508645e-14,
		"dd_2233":-1.187922589901729e-13,
		"dd_3333":-5.939612949508645e-14,
		"eB_11":9.669543798792025e-17,
		"eB_13":{
			"Re":0.0,
			"Im":-5.493225112672178e-20
		},
		"eB_21":{
			"Re":-1.2564313687744495e-20,
			"Im":-2.0150572935511073e-20
		},
		"eB_22":4.202740980126408e-14,
		"eB_23":{
			"Re":-5.6048321157507125e-18,
			"Im":-5.887870206594373e-18
		},
		"eB_31":{
			"Re":-5.243704352308655e-18,
			"Im":1.9101910957848357e-16
		},
		"eB_32":{
			"Re":-9.425889013288873e-17,
			"Im":9.901886434037057e-17
		},
		"eB_33":2.544897424485222e-13,
		"ed_1111":5.914984146079735e-12,
		"ed_1122":5.914984146079735e-12,
		"ed_1133":5.914984146079735e-12,
		"ed_1211":{
			"Re":-2.564198469688897e-18,
			"Im":1.0422640972679496e-17
		},
		"ed_1222":{
			"Re":-2.564198469688897e-18,
			"Im":1.0422640972679496e-17
		},
		"ed_1233":{
			"Re":-2.564198469688897e-18,
			"Im":1.0422640972679496e-17
		},
		"ed_1311":{
			"Re":-9.721769823896459e-17,
			"Im":-3.55406472195719e-15
		},
		"ed_1322":{
			"Re":-9.721769823896459e-17,
			"Im":-3.55406472195719e-15
		},
		"ed_1333":{
			"Re":-9.721769823896459e-17,
			"Im":-3.55406472195719e-15
		},
		"ed_2211":1.2776219260286395e-11,
		"ed_2222":1.2776219260286395e-11,
		"ed_2233":1.2776219260286395e-11,
		"ed_2311":{
			"Re":-1.796057536492965e-15,
			"Im":-1.7771037080062177e-15
		},
		"ed_2322":{
			"Re":-1.796057536492965e-15,
			"Im":-1.7771037080062177e-15
		},
		"ed_2333":{
			"Re":-1.796057536492965e-15,
			"Im":-1.7771037080062177e-15
		},
		"ed_3311":4.394162954402874e-12,
		"ed_3322":4.394162954402874e-12,
		"ed_3333":4.394162954402874e-12,
		"ee_1111":-1.4154299192570918e-10,
		"ee_1112":{
			"Re":2.8141734151431946e-14,
			"Im":1.0727702527900374e-13
		},
		"ee_1113":{
			"Re":3.709613824976901e-13,
			"Im":-6.421518158383953e-13
		},
		"ee_1122":-1.2583961510427887e-9,
		"ee_1123":{
			"Re":1.7140643030670985e-13,
			"Im":1.7575602696741415e-13
		},
		"ee_1133":-4.426475470607674e-10,
		"ee_1212":{
			"Re":2.700212939966693e-10,
			"Im":-1.7085930714720076e-10
		},
		"ee_1213":{
			"Re":1.0773100723982477e-13,
			"Im":-1.63051213134529e-12
		},
		"ee_1222":{
			"Re":-7.059828862155866e-14,
			"Im":-2.2254370617483006e-13
		},
		"ee_1223":{
			"Re":1.9042653650348055e-14,
			"Im":7.355214052956142e-13
		},
		"ee_1232":{
			"Re":1.7333686053939835e-12,
			"Im":1.3331709806962991e-12
		},
		"ee_1233":{
			"Re":1.0870037008326403e-14,
			"Im":-3.827493614815167e-15
		},
		"ee_1313":{
			"Re":7.732242316028316e-11,
			"Im":8.719702327149683e-11
		},
		"ee_1323":{
			"Re":7.54338624749429e-14,
			"Im":-3.8702680736330454e-14
		},
		"ee_1333":{
			"Re":-3.7131013041122597e-13,
			"Im":9.607721022506944e-13
		},
		"ee_2222":-6.768298756579238e-10,
		"ee_2223":{
			"Re":2.369678471972742e-12,
			"Im":-2.37044048178179e-12
		},
		"ee_2233":-9.434481615915143e-10,
		"ee_2323":{
			"Re":3.8926798306999336e-11,
			"Im":2.3925497259653027e-10
		},
		"ee_2333":{
			"Re":-7.422868248836512e-13,
			"Im":1.0139027229247116e-12
		},
		"ee_3333":-7.756255056191784e-11,
		"ephi_11":1.0844704828150261e-17,
		"ephi_22":4.700968559681172e-15,
		"ephi_23":{
			"Re":-6.415088441770918e-19,
			"Im":-6.46172822040601e-19
		},
		"ephi_31":{
			"Re":-5.856162066191839e-19,
			"Im":2.1386543069545162e-17
		},
		"ephi_32":{
			"Re":-1.0733330136775766e-17,
			"Im":1.0808978628365472e-17
		},
		"ephi_33":2.870844676768517e-14,
		"eu_1111":-1.182996829215947e-11,
		"eu_1122":-1.182996829215947e-11,
		"eu_1133":-1.182996829215947e-11,
		"eu_1211":{
			"Re":5.128396939377794e-18,
			"Im":-2.0845281945358992e-17
		},
		"eu_1222":{
			"Re":5.128396939377794e-18,
			"Im":-2.0845281945358992e-17
		},
		"eu_1233":{
			"Re":5.128396939377794e-18,
			"Im":-2.0845281945358992e-17
		},
		"eu_1311":{
			"Re":1.9443539647792918e-16,
			"Im":7.10812944391438e-15
		},
		"eu_1322":{
			"Re":1.9443539647792918e-16,
			"Im":7.10812944391438e-15
		},
		"eu_1333":{
			"Re":1.9443539647792918e-16,
			"Im":7.10812944391438e-15
		},
		"eu_2211":-2.555243852057279e-11,
		"eu_2222":-2.555243852057279e-11,
		"eu_2233":-2.555243852057279e-11,
		"eu_2311":{
			"Re":3.59211507298593e-15,
			"Im":3.5542074160124354e-15
		},
		"eu_2322":{
			"Re":3.59211507298593e-15,
			"Im":3.5542074160124354e-15
		},
		"eu_2333":{
			"Re":3.59211507298593e-15,
			"Im":3.5542074160124354e-15
		},
		"eu_3311":-8.788325908805747e-12,
		"eu_3322":-8.788325908805747e-12,
		"eu_3333":-8.788325908805747e-12,
		"phi":6.667990991823614e-17,
		"phiB":-1.2375973361434976e-13,
		"phiBox":-1.3937173272229072e-13,
		"phid_11":1.7818838848525935e-13,
		"phid_22":1.7818838848525935e-13,
		"phid_33":1.7818838848525935e-13,
		"phiD":-5.345651654557781e-13,
		"phie_11":-8.872476219119594e-12,
		"phie_12":{
			"Re":3.8462977045339124e-18,
			"Im":-1.563396145901747e-17
		},
		"phie_13":{
			"Re":1.4582654735844628e-16,
			"Im":5.331097082935772e-15
		},
		"phie_22":-1.9164328890429594e-11,
		"phie_23":{
			"Re":2.694086304739442e-15,
			"Im":2.6656555620093384e-15
		},
		"phie_33":-6.591244431604308e-12,
		"phil1_11":2.6728258192725314e-13,
		"phil1_22":2.672106293110906e-13,
		"phil1_23":{
			"Re":1.6137680720176722e-19,
			"Im":1.6952616519742788e-19
		},
		"phil1_33":2.5995520141587243e-13,
		"phil3_22":-7.195341679842118e-17,
		"phil3_23":{
			"Re":1.6137680720176722e-19,
			"Im":1.6952616519742788e-19
		},
		"phil3_33":-7.32738131201664e-15,
		"phiq1_11":-8.909419424262968e-14,
		"phiq1_22":-8.909419424262968e-14,
		"phiq1_33":-8.909419424262968e-14,
		"phiu_11":-3.563767769705187e-13,
		"phiu_22":-3.563767769705187e-13,
		"phiu_33":-3.563767769705187e-13,
		"ld_1111":-1.7818838848525935e-13,
		"ld_1122":-1.7818838848525935e-13,
		"ld_1133":-1.7818838848525935e-13,
		"ld_2211":-1.7818838848525935e-13,
		"ld_2222":-1.7818838848525935e-13,
		"ld_2233":-1.7818838848525935e-13,
		"ld_3311":-1.7818838848525935e-13,
		"ld_3322":-1.7818838848525935e-13,
		"ld_3333":-1.7818838848525935e-13,
		"le_1111":8.872476219119594e-12,
		"le_1112":{
			"Re":-3.8462977045339124e-18,
			"Im":1.563396145901747e-17
		},
		"le_1113":{
			"Re":-1.4582654735844628e-16,
			"Im":-5.331097082935772e-15
		},
		"le_1122":1.9164328890429594e-11,
		"le_1123":{
			"Re":-2.694086304739442e-15,
			"Im":-2.6656555620093384e-15
		},
		"le_1133":6.591244431604308e-12,
		"le_2211":8.872476219119594e-12,
		"le_2212":{
			"Re":-3.8462977045339124e-18,
			"Im":1.563396145901747e-17
		},
		"le_2213":{
			"Re":-1.4582654735844628e-16,
			"Im":-5.331097082935772e-15
		},
		"le_2222":1.9164328890429594e-11,
		"le_2223":{
			"Re":-2.694086304739442e-15,
			"Im":-2.6656555620093384e-15
		},
		"le_2233":6.591244431604308e-12,
		"le_3311":8.872476219119594e-12,
		"le_3312":{
			"Re":-3.8462977045339124e-18,
			"Im":1.563396145901747e-17
		},
		"le_3313":{
			"Re":-1.4582654735844628e-16,
			"Im":-5.331097082935772e-15
		},
		"le_3322":1.9164328890429594e-11,
		"le_3323":{
			"Re":-2.694086304739442e-15,
			"Im":-2.6656555620093384e-15
		},
		"le_3333":6.591244431604308e-12,
		"ll_1111":-1.3364129136394453e-13,
		"ll_1122":-2.6728258272788905e-13,
		"ll_1133":-2.6728258272788905e-13,
		"ll_2222":-1.3364129136394453e-13,
		"ll_2233":-2.6728258272788905e-13,
		"ll_3333":-1.3364129136394453e-13,
		"lq1_1111":8.909419424262968e-14,
		"lq1_1122":8.909419424262968e-14,
		"lq1_1133":8.909419424262968e-14,
		"lq1_2211":8.909419424262968e-14,
		"lq1_2222":8.909419424262968e-14,
		"lq1_2233":8.909419424262968e-14,
		"lq1_3311":8.909419424262968e-14,
		"lq1_3322":8.909419424262968e-14,
		"lq1_3333":8.909419424262968e-14,
		"lu_1111":3.563767769705187e-13,
		"lu_1122":3.563767769705187e-13,
		"lu_1133":3.563767769705187e-13,
		"lu_2211":3.563767769705187e-13,
		"lu_2222":3.563767769705187e-13,
		"lu_2233":3.563767769705187e-13,