{
	"eft":"SMEFT",
	"basis":"Warsaw",
	"scale":1000,
	"values":{
		"dd_1111":-4.320736634503169e-13,
		"dd_1122":-8.641473269006338e-13,
		"dd_1133":-8.641473269006338e-13,
		"dd_2222":-4.320736634503169e-13,
		"dd_2233":-8.641473269006338e-13,
		"dd_3333":-4.320736634503169e-13,
		"eB_11":4.775776549725853e-16,
		"eB_12":{
			"Re":8.068959538421611e-20,
			"Im":4.062229298511762e-18
		},
		"eB_13":{
			"Re":1.3445067505940402e-18,
			"Im":-1.8989337654180573e-18
		},
		"eB_21":{
			"Re":1.668427132738997e-17,
			"Im":-8.399513653243703e-16
		},
		"eB_22":2.1605829942177742e-13,
		"eB_23":{
			"Re":-2.00219084887127e-15,
			"Im":-5.120626188811548e-15
		},
		"eB_31":{
			"Re":4.67533146836217e-15,
			"Im":6.603272751045616e-15
		},
		"eB_32":{
			"Re":-3.367171100780641e-14,
			"Im":8.611578926447947e-14
		},
		"eB_33":6.962576666442414e-14,
		"ed_1111":3.994109455867672e-11,
		"ed_1122":3.994109455867672e-11,
		"ed_1133":3.994109455867672e-11,
		"ed_1211":{
			"Re":7.05590689449191e-15,
			"Im":2.499437625467349e-13
		},
		"ed_1222":{
			"Re":7.05590689449191e-15,
			"Im":2.499437625467349e-13
		},
		"ed_1233":{
			"Re":7.05590689449191e-15,
			"Im":2.499437625467349e-13
		},
		"ed_1311":{
			"Re":1.1585557822371156e-13,
			"Im":-1.6590660860235422e-13
		},
		"ed_1322":{
			"Re":1.1585557822371156e-13,
			"Im":-1.6590660860235422e-13
		},
		"ed_1333":{
			"Re":1.1585557822371156e-13,
			"Im":-1.6590660860235422e-13
		},
		"ed_2211":7.461426776897838e-11,
		"ed_2222":7.461426776897838e-11,
		"ed_2233":7.461426776897838e-11,
		"ed_2311":{
			"Re":-7.078009165919767e-13,
			"Im":-1.8106059138657634e-12
		},
		"ed_2322":{
			"Re":-7.078009165919767e-13,
			"Im":-1.8106059138657634e-12
		},
		"ed_2333":{
			"Re":-7.078009165919767e-13,
			"Im":-1.8106059138657634e-12
		},
		"ed_3311":-3.21539895697763e-13,
		"ed_3322":-3.21539895697763e-13,
		"ed_3333":-3.21539895697763e-13,
		"ee_1111":5.441003988287126e-10,
		"ee_1112":{
			"Re":-4.209632242742661e-11,
			"Im":-4.6101468940645354e-11
		},
		"ee_1113":{
			"Re":1.3172453051283748e-12,
			"Im":-2.313046748001635e-12
		},
		"ee_1122":-5.666368601007016e-9,
		"ee_1123":{
			"Re":5.322113056553552e-11,
			"Im":1.3645141270169904e-10
		},
		"ee_1133":-4.0028532339583764e-11,
		"ee_1212":{
			"Re":-1.0682189529007406e-10,
			"Im":-2.9874854264845615e-9
		},
		"ee_1213":{
			"Re":-1.4913419889475133e-10,
			"Im":6.04964245362363e-11
		},
		"ee_1222":{
			"Re":4.050122417506375e-11,
			"Im":2.2986511533461506e-11
		},
		"ee_1223":{
			"Re":-1.4775539661472367e-11,
			"Im":2.0261268593712848e-11
		},
		"ee_1232":{
			"Re":2.163291054738253e-11,
			"Im":-1.4894584035540102e-11
		},
		"ee_1233":{
			"Re":-1.5609840424143802e-12,
			"Im":-1.58245218428635e-12
		},
		"ee_1313":{
			"Re":-2.689920847851338e-11,
			"Im":-1.2526798955966088e-10
		},
		"ee_1323":{
			"Re":2.8830215441302578e-12,
			"Im":2.267158327090072e-12
		},
		"ee_1333":{
			"Re":6.547572421328481e-13,
			"Im":-6.384915694546309e-13
		},
		"ee_2222":-9.876550461703529e-10,
		"ee_2223":{
			"Re":1.982660269321453e-11,
			"Im":3.66703705452418e-11
		},
		"ee_2233":-6.372016859498761e-11,
		"ee_2323":{
			"Re":1.801917711318317e-10,
			"Im":-3.389897029984247e-11
		},
		"ee_2333":{
			"Re":-1.0471288719001067e-12,
			"Im":1.1192359555303699e-11
		},
		"ee_3333":6.9337723144291e-12,
		"ephi_11":1.691811922874551e-17,
		"ephi_12":{
			"Re":0.0,
			"Im":1.0972753331143303e-19
		},
		"ephi_13":{
			"Re":4.723092580307254e-20,
			"Im":-6.740303969449773e-20
		},
		"ephi_21":{
			"Re":5.827973898508215e-19,
			"Im":-2.2686730467352846e-17
		},
		"ephi_22":6.6522797731809965e-15,
		"ephi_23":{
			"Re":-6.233409520348054e-17,
			"Im":-1.5944525184553927e-16
		},
		"ephi_31":{
			"Re":1.6149105365303257e-16,
			"Im":2.3050362643595334e-16
		},
		"ephi_32":{
			"Re":-1.028579889627853e-15,
			"Im":2.6310267866112633e-15
		},
		"ephi_33":3.0257271611119804e-15,
		"eu_1111":-7.988218911735344e-11,
		"eu_1122":-7.988218911735344e-11,
		"eu_1133":-7.988218911735344e-11,
		"eu_1211":{
			"Re":-1.411181378898382e-14,
			"Im":-4.998875250934698e-13
		},
		"eu_1222":{
			"Re":-1.411181378898382e-14,
			"Im":-4.998875250934698e-13
		},
		"eu_1233":{
			"Re":-1.411181378898382e-14,
			"Im":-4.998875250934698e-13
		},
		"eu_1311":{
			"Re":-2.317111564474231e-13,
			"Im":3.3181321720470844e-13
		},
		"eu_1322":{
			"Re":-2.317111564474231e-13,
			"Im":3.3181321720470844e-13
		},
		"eu_1333":{
			"Re":-2.317111564474231e-13,
			"Im":3.3181321720470844e-13
		},
		"eu_2211":-1.4922853553795676e-10,
		"eu_2222":-1.4922853553795676e-10,
		"eu_2233":-1.4922853553795676e-10,
		"eu_2311":{
			"Re":1.4156018331839533e-12,
			"Im":3.621211827731527e-12
		},
		"eu_2322":{
			"Re":1.4156018331839533e-12,
			"Im":3.621211827731527e-12
		},
		"eu_2333":{
			"Re":1.4156018331839533e-12,
			"Im":3.621211827731527e-12
		},
		"eu_3311":6.43079791395526e-13,
		"eu_3322":6.43079791395526e-13,
		"eu_3333":6.43079791395526e-13,
		"phi":7.569740718342213e-18,
		"phiB":-2.2497855979934582e-13,
		"phiBox":-9.74768969257572e-13,
		"phid_11":1.2962209903509505e-12,
		"phid_22":1.2962209903509505e-12,
		"phid_33":1.2962209903509505e-12,
		"phiD":-3.888662971052852e-12,
		"phie_11":-5.991164183801506e-11,
		"phie_12":{
			"Re":-1.0583860341737864e-14,
			"Im":-3.749156438201024e-13
		},
		"phie_13":{
			"Re":-1.7378336733556737e-13,
			"Im":2.488599129035313e-13
		},
		"phie_22":-1.1192140165346758e-10,
		"phie_23":{
			"Re":1.061701374887965e-12,
			"Im":2.7159088707986455e-12
		},
		"phie_33":4.823098435466466e-13,
		"phil1_11":1.9443314815720943e-12,
		"phil1_13":{
			"Re":-3.871163349609581e-20,
			"Im":5.467494151869887e-20
		},
		"phil1_22":1.943961580910734e-12,
		"phil1_23":{
			"Re":5.76479651712394e-17,
			"Im":1.474353358242343e-16
		},
		"phil1_33":1.9423267896334475e-12,
		"phil3_13":{
			"Re":-3.871163349609581e-20,
			"Im":5.467494151869887e-20
		},
		"phil3_22":-3.6990461569167695e-16,
		"phil3_23":{
			"Re":5.76479651712394e-17,
			"Im":1.474353358242343e-16
		},
		"phil3_33":-2.0046958929785975e-15,
		"phiq1_11":-6.481104951754753e-13,
		"phiq1_22":-6.481104951754753e-13,
		"phiq1_33":-6.481104951754753e-13,
		"phiu_11":-2.592441980701901e-12,
		"phiu_22":-2.592441980701901e-12,
		"phiu_33":-2.592441980701901e-12,
		"ld_1111":-1.2962209903509505e-12,
		"ld_1122":-1.2962209903509505e-12,
		"ld_1133":-1.2962209903509505e-12,
		"ld_2211":-1.2962209903509505e-12,
		"ld_2222":-1.2962209903509505e-12,
		"ld_2233":-1.2962209903509505e-12,
		"ld_3311":-1.2962209903509505e-12,
		"ld_3322":-1.2962209903509505e-12,
		"ld_3333":-1.2962209903509505e-12,
		"le_1111":5.991164183801506e-11,
		"le_1112":{
			"Re":1.0583860341737864e-14,
			"Im":3.749156438201024e-13
		},
		"le_1113":{
			"Re":1.7378336733556737e-13,
			"Im":-2.488599129035313e-13
		},
		"le_1122":1.1192140165346758e-10,
		"le_1123":{
			"Re":-1.061701374887965e-12,
			"Im":-2.7159088707986455e-12
		},
		"le_1133":-4.823098435466466e-13,
		"le_2211":5.991164183801506e-11,
		"le_2212":{
			"Re":1.0583860341737864e-14,
			"Im":3.749156438201024e-13
		},
		"le_2213":{
			"Re":1.7378336733556737e-13,
			"Im":-2.488599129035313e-13
		},
		"le_2222":1.1192140165346758e-10,
		"le_2223":{
			"Re":-1.061701374887965e-12,
			"Im":-2.7159088707986455e-12
		},
		"le_2233":-4.823098435466466e-13,
		"le_3311":5.991164183801506e-11,
		"le_3312":{
			"Re":1.0583860341737864e-14,
			"Im":3.749156438201024e-13
		},
		"le_3313":{
			"Re":1.7378336733556737e-13,
			"Im":-2.488599129035313e-13
		},
		"le_3322":1.1192140165346758e-10,
		"le_3323":{
			"Re":-1.061701374887965e-12,
			"Im":-2.7159088707986455e-12
		},
		"le_3333":-4.823098435466466e-13,
		"ll_1111":-9.72165742763213e-13,
		"ll_1122":-1.944331485526426e-12,
		"ll_1133":-1.944331485526426e-12,
		"ll_2222":-9.72165742763213e-13,
		"ll_2233":-1.944331485526426e-12,
		"ll_3333":-9.72165742763213e-13,
		"lq1_1111":6.481104951754753e-13,
		"lq1_1122":6.481104951754753e-13,