{
	"eft":"SMEFT",
	"basis":"Warsaw",
	"scale":1000,
	"values":{
		"dd_1111":-5.114693634337123e-13,
		"dd_1122":-1.0229387268674246e-12,
		"dd_1133":-1.0229387268674246e-12,
		"dd_2222":-5.114693634337123e-13,
		"dd_2233":-1.0229387268674246e-12,
		"dd_3333":-5.114693634337123e-13,
		"eB_11":4.500206583335341e-16,
		"eB_12":{
			"Re":-5.119335200954654e-19,
			"Im":-6.333418880694397e-19
		},
		"eB_13":{
			"Re":-4.895269966288783e-18,
			"Im":-9.375473537577818e-18
		},
		"eB_21":{
			"Re":-1.0585302491836944e-16,
			"Im":1.3095675908692156e-16
		},
		"eB_22":4.68522123180193e-14,
		"eB_23":{
			"Re":1.8191768583423878e-15,
			"Im":3.487040906951585e-15
		},
		"eB_31":{
			"Re":-1.7022606773380678e-14,
			"Im":3.2601879047217507e-14
		},
		"eB_32":{
			"Re":3.059388543341228e-14,
			"Im":-5.864307778524971e-14
		},
		"eB_33":6.18287146174159e-14,
		"ed_1111":5.582363926780403e-11,
		"ed_1122":5.582363926780403e-11,
		"ed_1133":5.582363926780403e-11,
		"ed_1211":{
			"Re":-1.0790693152932931e-13,
			"Im":-1.0860701931571256e-13
		},
		"ed_1222":{
			"Re":-1.0790693152932931e-13,
			"Im":-1.0860701931571256e-13
		},
		"ed_1233":{
			"Re":-1.0790693152932931e-13,
			"Im":-1.0860701931571256e-13
		},
		"ed_1311":{
			"Re":-7.395879373990338e-13,
			"Im":-1.1899389510368296e-12
		},
		"ed_1322":{
			"Re":-7.395879373990338e-13,
			"Im":-1.1899389510368296e-12
		},
		"ed_1333":{
			"Re":-7.395879373990338e-13,
			"Im":-1.1899389510368296e-12
		},
		"ed_2211":1.735931692913736e-11,
		"ed_2222":1.735931692913736e-11,
		"ed_2233":1.735931692913736e-11,
		"ed_2311":{
			"Re":8.091232215149265e-13,
			"Im":1.5362032401900335e-12
		},
		"ed_2322":{
			"Re":8.091232215149265e-13,
			"Im":1.5362032401900335e-12
		},
		"ed_2333":{
			"Re":8.091232215149265e-13,
			"Im":1.5362032401900335e-12
		},
		"ed_3311":-1.631266105088391e-12,
		"ed_3322":-1.631266105088391e-12,
		"ed_3333":-1.631266105088391e-12,
		"ee_1111":4.126796951656162e-9,
		"ee_1112":{
			"Re":-3.931017379648007e-11,
			"Im":-4.340492541870052e-11
		},
		"ee_1113":{
			"Re":-1.4798984109927801e-10,
			"Im":-1.3862469003059076e-10
		},
		"ee_1122":-1.502509661985396e-9,
		"ee_1123":{
			"Re":-6.318718585108549e-11,
			"Im":-1.258373683092775e-10
		},
		"ee_1133":6.465111989063622e-11,
		"ee_1212":{
			"Re":8.25390804255647e-11,
			"Im":-1.5537026857736982e-9
		},
		"ee_1213":{
			"Re":2.495195080303252e-10,
			"Im":-1.395910590542552e-10
		},
		"ee_1222":{
			"Re":1.5075923565597862e-11,
			"Im":1.5151592996834357e-11
		},
		"ee_1223":{
			"Re":1.844275782550174e-11,
			"Im":3.500733590629296e-11
		},
		"ee_1232":{
			"Re":5.405800114842884e-11,
			"Im":5.357852919536042e-11
		},
		"ee_1233":{
			"Re":2.9416245598920065e-13,
			"Im":1.3262541797370748e-11
		},
		"ee_1313":{
			"Re":-2.0147009561302654e-11,
			"Im":8.217861049003032e-11
		},
		"ee_1323":{
			"Re":-2.33631108294175e-12,
			"Im":2.2069413798880876e-12
		},
		"ee_1333":{
			"Re":-3.0863323508218718e-12,
			"Im":-4.621086456280475e-12
		},
		"ee_2222":1.4784182254226227e-10,
		"ee_2223":{
			"Re":1.7469529343892845e-11,
			"Im":2.028575132646996e-11
		},
		"ee_2233":2.0835961870743534e-11,
		"ee_2323":{
			"Re":-2.139819677491316e-11,
			"Im":-6.374185980853429e-12
		},
		"ee_2333":{
			"Re":-2.2708358677375264e-12,
			"Im":4.324689373581055e-12
		},
		"ee_3333":-5.611509306268841e-13,
		"ephi_11":-2.25753780924946e-16,
		"ephi_12":{
			"Re":3.869514228442993e-19,
			"Im":3.995430227454634e-19
		},
		"ephi_13":{
			"Re":2.767642325205765e-18,
			"Im":4.580042490719169e-18
		},
		"ephi_21":{
			"Re":8.001056700112636e-17,
			"Im":-8.261419733755031e-17
		},
		"ephi_22":-1.7435982145880258e-14,
		"ephi_23":{
			"Re":-6.864228585368692e-16,
			"Im":-1.3060544356336495e-15
		},
		"ephi_31":{
			"Re":9.634088057348108e-15,
			"Im":-1.594560875507925e-14
		},
		"ephi_32":{
			"Re":-1.1561787713663415e-14,
			"Im":2.1998827226905705e-14
		},
		"ephi_33":-2.1143340164721077e-14,
		"eu_1111":-1.1164727853560806e-10,
		"eu_1122":-1.1164727853560806e-10,
		"eu_1133":-1.1164727853560806e-10,
		"eu_1211":{
			"Re":2.1581386305865862e-13,
			"Im":2.1721403863142513e-13
		},
		"eu_1222":{
			"Re":2.1581386305865862e-13,
			"Im":2.1721403863142513e-13
		},
		"eu_1233":{
			"Re":2.1581386305865862e-13,
			"Im":2.1721403863142513e-13
		},
		"eu_1311":{
			"Re":1.4791758747980676e-12,
			"Im":2.379877902073659e-12
		},
		"eu_1322":{
			"Re":1.4791758747980676e-12,
			"Im":2.379877902073659e-12
		},
		"eu_1333":{
			"Re":1.4791758747980676e-12,
			"Im":2.379877902073659e-12
		},
		"eu_2211":-3.471863385827472e-11,
		"eu_2222":-3.471863385827472e-11,
		"eu_2233":-3.471863385827472e-11,
		"eu_2311":{
			"Re":-1.618246443029853e-12,
			"Im":-3.072406480380067e-12
		},
		"eu_2322":{
			"Re":-1.618246443029853e-12,
			"Im":-3.072406480380067e-12
		},
		"eu_2333":{
			"Re":-1.618246443029853e-12,
			"Im":-3.072406480380067e-12
		},
		"eu_3311":3.262532210176782e-12,
		"eu_3322":3.262532210176782e-12,
		"eu_3333":3.262532210176782e-12,
		"phi":-1.0100379079050901e-14,
		"phiB":2.771625672211117e-12,
		"phiBox":-1.4845681620655276e-12,
		"phid_11":1.5344080903011367e-12,
		"phid_22":1.5344080903011367e-12,
		"phid_33":1.5344080903011367e-12,
		"phiD":-4.6032242709034105e-12,
		"phie_11":-8.373545890170606e-11,
		"phie_12":{
			"Re":1.6186039729399405e-13,
			"Im":1.629105289735689e-13
		},
		"phie_13":{
			"Re":1.109381906098551e-12,
			"Im":1.7849084265552448e-12
		},
		"phie_22":-2.6038975393706032e-11,
		"phie_23":{
			"Re":-1.213684832272389e-12,
			"Im":-2.3043048602850496e-12
		},
		"phie_33":2.4468991576325873e-12,
		"phil1_11":2.301612131725545e-12,
		"phil1_13":{
			"Re":1.409467797135925e-19,
			"Im":2.6994278405720165e-19
		},
		"phil1_22":2.3015319216870028e-12,
		"phil1_23":{
			"Re":-5.2378545346547745e-17,
			"Im":-1.0040042529809639e-16
		},
		"phil1_33":2.2998319357325544e-12,
		"phil3_13":{
			"Re":1.409467797135925e-19,
			"Im":2.6994278405720165e-19
		},
		"phil3_22":-8.021376470231973e-17,
		"phil3_23":{
			"Re":-5.2378545346547745e-17,
			"Im":-1.0040042529809639e-16
		},
		"phil3_33":-1.7801997191509794e-15,
		"phiq1_11":-7.672040451505684e-13,
		"phiq1_22":-7.672040451505684e-13,
		"phiq1_33":-7.672040451505684e-13,
		"phiu_11":-3.0688161806022734e-12,
		"phiu_22":-3.0688161806022734e-12,
		"phiu_33":-3.0688161806022734e-12,
		"ld_1111":-1.5344080903011367e-12,
		"ld_1122":-1.5344080903011367e-12,
		"ld_1133":-1.5344080903011367e-12,
		"ld_2211":-1.5344080903011367e-12,
		"ld_2222":-1.5344080903011367e-12,
		"ld_2233":-1.5344080903011367e-12,
		"ld_3311":-1.5344080903011367e-12,
		"ld_3322":-1.5344080903011367e-12,
		"ld_3333":-1.5344080903011367e-12,
		"le_1111":8.373545890170606e-11,
		"le_1112":{
			"Re":-1.6186039729399405e-13,
			"Im":-1.629105289735689e-13
		},
		"le_1113":{
			"Re":-1.109381906098551e-12,
			"Im":-1.7849084265552448e-12
		},
		"le_1122":2.6038975393706032e-11,
		"le_1123":{
			"Re":1.213684832272389e-12,
			"Im":2.3043048602850496e-12
		},
		"le_1133":-2.4468991576325873e-12,
		"le_2211":8.373545890170606e-11,
		"le_2212":{
			"Re":-1.6186039729399405e-13,
			"Im":-1.629105289735689e-13
		},
		"le_2213":{
			"Re":-1.109381906098551e-12,
			"Im":-1.7849084265552448e-12
		},
		"le_2222":2.6038975393706032e-11,
		"le_2223":{
			"Re":1.213684832272389e-12,
			"Im":2.3043048602850496e-12
		},
		"le_2233":-2.4468991576325873e-12,
		"le_3311":8.373545890170606e-11,
		"le_3312":{
			"Re":-1.6186039729399405e-13,
			"Im":-1.629105289735689e-13
		},
		"le_3313":{
			"Re":-1.109381906098551e-12,
			"Im":-1.7849084265552448e-12
		},
		"le_3322":2.6038975393706032e-11,
		"le_3323":{
			"Re":1.213684832272389e-12,
			"Im":2.3043048602850496e-12
		},
		"le_3333":-2.4468991576325873e-12,
		"ll_1111":-1.1508060677258526e-12,
		"ll_1122":-2.3016121354517053e-12,
		"ll_1133":-2.3016121354517053e-12,
		"ll_2222":-1.1508060677258526e-12,
		"ll_2233":-2.3016121354517053e-12,
		"ll_3333":-1.1508060677258526e-12,