{
	"eft":"SMEFT",
	"basis":"Warsaw",
	"scale":1000,
	"values":{
		"dd_1111":-7.66572594129081e-13,
		"dd_1122":-1.533145188258162e-12,
		"dd_1133":-1.533145188258162e-12,
		"dd_2222":-7.66572594129081e-13,
		"dd_2233":-1.533145188258162e-12,
		"dd_3333":-7.66572594129081e-13,
		"eB_11":2.0013096775688884e-16,
		"eB_12":{
			"Re":-2.043703773422652e-18,
			"Im":-3.747522886954279e-19
		},
		"eB_13":{
			"Re":4.373606414040225e-18,
			"Im":-5.6747747397860875e-18
		},
		"eB_21":{
			"Re":-4.2257874892336075e-16,
			"Im":7.748791941988025e-17
		},
		"eB_22":5.047424172228286e-13,
		"eB_23":{
			"Re":1.7917160578166127e-14,
			"Im":-8.338282052435623e-15
		},
		"eB_31":{
			"Re":1.5208595783366848e-14,
			"Im":1.9733224028117484e-14
		},
		"eB_32":{
			"Re":3.0132065252849453e-13,
			"Im":1.4022850205786895e-13
		},
		"eB_33":6.766478742737723e-13,
		"ed_1111":1.7540739654603273e-11,
		"ed_1122":1.7540739654603273e-11,
		"ed_1133":1.7540739654603273e-11,
		"ed_1211":{
			"Re":-1.008551336679339e-13,
			"Im":-1.0239412601810014e-14
		},
		"ed_1222":{
			"Re":-1.008551336679339e-13,
			"Im":-1.0239412601810014e-14
		},
		"ed_1233":{
			"Re":-1.008551336679339e-13,
			"Im":-1.0239412601810014e-14
		},
		"ed_1311":{
			"Re":4.3347751494380386e-13,
			"Im":-5.567135047528019e-13
		},
		"ed_1322":{
			"Re":4.3347751494380386e-13,
			"Im":-5.567135047528019e-13
		},
		"ed_1333":{
			"Re":4.3347751494380386e-13,
			"Im":-5.567135047528019e-13
		},
		"ed_2211":1.4090783275195163e-10,
		"ed_2222":1.4090783275195163e-10,
		"ed_2233":1.4090783275195163e-10,
		"ed_2311":{
			"Re":4.777897639455838e-12,
			"Im":-2.1890273411467397e-12
		},
		"ed_2322":{
			"Re":4.777897639455838e-12,
			"Im":-2.1890273411467397e-12
		},
		"ed_2333":{
			"Re":4.777897639455838e-12,
			"Im":-2.1890273411467397e-12
		},
		"ed_3311":1.6824843244434347e-11,
		"ed_3322":1.6824843244434347e-11,
		"ed_3333":1.6824843244434347e-11,
		"ee_1111":2.2992007380881276e-11,
		"ee_1112":{
			"Re":-1.6951970479852828e-11,
			"Im":-5.398923369603887e-12
		},
		"ee_1113":{
			"Re":4.2913110216242857e-10,
			"Im":-1.2056618177399356e-10
		},
		"ee_1122":-2.649023118209555e-9,
		"ee_1123":{
			"Re":-1.24991468023714e-10,
			"Im":6.435504438186874e-11
		},
		"ee_1133":6.628314637532185e-10,
		"ee_1212":{
			"Re":-1.7222285435915283e-10,
			"Im":6.990488089531294e-10
		},
		"ee_1213":{
			"Re":3.061293925174881e-11,
			"Im":5.997617543641676e-11
		},
		"ee_1222":{
			"Re":1.5986936278459244e-11,
			"Im":-6.58396873487568e-11
		},
		"ee_1223":{
			"Re":-6.693850044443412e-11,
			"Im":7.661199287550933e-11
		},
		"ee_1232":{
			"Re":-8.128036826740253e-10,
			"Im":1.3721861687973943e-9
		},
		"ee_1233":{
			"Re":2.486407783700976e-11,
			"Im":1.4876542985687698e-10
		},
		"ee_1313":{
			"Re":-1.6219391687041744e-10,
			"Im":9.276126971858078e-11
		},
		"ee_1323":{
			"Re":1.1481097523610849e-11,
			"Im":-9.149021158425556e-12
		},
		"ee_1333":{
			"Re":-4.12340314946571e-10,
			"Im":1.0356178061952941e-10
		},
		"ee_2222":-9.831830784752542e-9,
		"ee_2223":{
			"Re":-6.750641045516329e-10,
			"Im":2.400246948531557e-10
		},
		"ee_2233":-2.5670449111316187e-9,
		"ee_2323":{
			"Re":4.3605753739428987e-10,
			"Im":4.851354714070763e-10
		},
		"ee_2333":{
			"Re":-8.251781015453833e-11,
			"Im":9.987648014948248e-11
		},
		"ee_3333":7.393581384003703e-13,
		"ephi_11":-1.9492375765637223e-17,
		"ephi_12":{
			"Re":1.1031595242709674e-19,
			"Im":1.4380200421494885e-20
		},
		"ephi_13":{
			"Re":-3.8772395493965005e-19,
			"Im":4.990169424631815e-19
		},
		"ephi_21":{
			"Re":2.2811022011629552e-17,
			"Im":-2.973569974452173e-18
		},
		"ephi_22":-3.0913969004045856e-14,
		"ephi_23":{
			"Re":-1.0301446343611206e-15,
			"Im":4.743527348735828e-16
		},
		"ephi_31":{
			"Re":-1.357193452325222e-15,
			"Im":-1.7468582446774954e-15
		},
		"ephi_32":{
			"Re":-1.7500854943850738e-14,
			"Im":-8.059519290011458e-15
		},
		"ephi_33":-6.52538755642289e-14,
		"eu_1111":-3.508147930920655e-11,
		"eu_1122":-3.508147930920655e-11,
		"eu_1133":-3.508147930920655e-11,
		"eu_1211":{
			"Re":2.017102673358678e-13,
			"Im":2.0478825203620027e-14
		},
		"eu_1222":{
			"Re":2.017102673358678e-13,
			"Im":2.0478825203620027e-14
		},
		"eu_1233":{
			"Re":2.017102673358678e-13,
			"Im":2.0478825203620027e-14
		},
		"eu_1311":{
			"Re":-8.669550298876077e-13,
			"Im":1.1134270095056039e-12
		},
		"eu_1322":{
			"Re":-8.669550298876077e-13,
			"Im":1.1134270095056039e-12
		},
		"eu_1333":{
			"Re":-8.669550298876077e-13,
			"Im":1.1134270095056039e-12
		},
		"eu_2211":-2.8181566550390327e-10,
		"eu_2222":-2.8181566550390327e-10,
		"eu_2233":-2.8181566550390327e-10,
		"eu_2311":{
			"Re":-9.555795278911676e-12,
			"Im":4.3780546822934794e-12
		},
		"eu_2322":{
			"Re":-9.555795278911676e-12,
			"Im":4.3780546822934794e-12
		},
		"eu_2333":{
			"Re":-9.555795278911676e-12,
			"Im":4.3780546822934794e-12
		},
		"eu_3311":-3.3649686488868693e-11,
		"eu_3322":-3.3649686488868693e-11,
		"eu_3333":-3.3649686488868693e-11,
		"phi":-1.672836542723131e-16,
		"phiB":9.252568213496564e-13,
		"phiBox":-1.7496058801142448e-12,
		"phid_11":2.299717782387243e-12,
		"phid_22":2.299717782387243e-12,
		"phid_33":2.299717782387243e-12,
		"phiD":-6.8991533471617285e-12,
		"phie_11":-2.6311109481904912e-11,
		"phie_12":{
			"Re":1.5128270050190053e-13,
			"Im":1.535911890271482e-14
		},
		"phie_13":{
			"Re":-6.50216272415709e-13,
			"Im":8.350702571292074e-13
		},
		"phie_22":-2.1136174912792708e-10,
		"phie_23":{
			"Re":-7.166846459183742e-12,
			"Im":3.283541011720102e-12
		},
		"phie_33":-2.5237264866651515e-11,
		"phil1_11":3.4495766719237844e-12,
		"phil1_13":{
			"Re":-1.2592681180789526e-19,
			"Im":1.6339062619242487e-19
		},
		"phil1_22":3.4487125246434444e-12,
		"phil1_23":{
			"Re":-5.158788182255024e-16,
			"Im":2.4007950771414486e-16
		},
		"phil1_33":3.430094328473095e-12,
		"phil3_13":{
			"Re":-1.2592681180789526e-19,
			"Im":1.6339062619242487e-19
		},
		"phil3_22":-8.641489374199881e-16,
		"phil3_23":{
			"Re":-5.158788182255024e-16,
			"Im":2.4007950771414486e-16
		},
		"phil3_33":-1.9482345107769286e-14,
		"phiq1_11":-1.1498588911936214e-12,
		"phiq1_22":-1.1498588911936214e-12,
		"phiq1_33":-1.1498588911936214e-12,
		"phiu_11":-4.599435564774486e-12,
		"phiu_22":-4.599435564774486e-12,
		"phiu_33":-4.599435564774486e-12,
		"ld_1111":-2.299717782387243e-12,
		"ld_1122":-2.299717782387243e-12,
		"ld_1133":-2.299717782387243e-12,
		"ld_2211":-2.299717782387243e-12,
		"ld_2222":-2.299717782387243e-12,
		"ld_2233":-2.299717782387243e-12,
		"ld_3311":-2.299717782387243e-12,
		"ld_3322":-2.299717782387243e-12,
		"ld_3333":-2.299717782387243e-12,
		"le_1111":2.6311109481904912e-11,
		"le_1112":{
			"Re":-1.5128270050190053e-13,
			"Im":-1.535911890271482e-14
		},
		"le_1113":{
			"Re":6.50216272415709e-13,
			"Im":-8.350702571292074e-13
		},
		"le_1122":2.1136174912792708e-10,
		"le_1123":{
			"Re":7.166846459183742e-12,
			"Im":-3.283541011720102e-12
		},
		"le_1133":2.5237264866651515e-11,
		"le_2211":2.6311109481904912e-11,
		"le_2212":{
			"Re":-1.5128270050190053e-13,
			"Im":-1.535911890271482e-14
		},
		"le_2213":{
			"Re":6.50216272415709e-13,
			"Im":-8.350702571292074e-13
		},
		"le_2222":2.1136174912792708e-10,
		"le_2223":{
			"Re":7.166846459183742e-12,
			"Im":-3.283541011720102e-12
		},
		"le_2233":2.5237264866651515e-11,
		"le_3311":2.6311109481904912e-11,
		"le_3312":{
			"Re":-1.5128270050190053e-13,
			"Im":-1.535911890271482e-14
		},
		"le_3313":{
			"Re":6.50216272415709e-13,
			"Im":-8.350702571292074e-13
		},
		"le_3322":2.1136174912792708e-10,
		"le_3323":{
			"Re":7.166846459183742e-12,
			"Im":-3.283541011720102e-12
		},
		"le_3333":2.5237264866651515e-11,
		"ll_1111":-1.7247883367904321e-12,
		"ll_1122":-3.4495766735808643e-12,
		"ll_1133":-3.4495766735808643e-12,
		"ll_2222":-1.7247883367904321e-12,
		"ll_2233":-3.4495766735808643e-12,
		"ll_3333":-1.7247883367904321e-12,
		"lq1_1111":1.1498588911936214e-12,