{
	"eft":"SMEFT",
	"basis":"Warsaw",
	"scale":1000,
	"values":{
		"dd_1111":-8.432224681242211e-14,
		"dd_1122":-1.6864449362484422e-13,
		"dd_1133":-1.6864449362484422e-13,
		"dd_2222":-8.432224681242211e-14,
		"dd_2233":-1.6864449362484422e-13,
		"dd_3333":-8.432224681242211e-14,
		"eB_11":3.540582706948601e-16,
		"eB_12":{
			"Re":1.7334130331795263e-19,
			"Im":2.9169340989944224e-19
		},
		"eB_13":{
			"Re":9.473779640719776e-19,
			"Im":-2.666412685263454e-18
		},
		"eB_21":{
			"Re":3.5841961073531987e-17,
			"Im":-6.031374890406074e-17
		},
		"eB_22":3.747749118004565e-15,
		"eB_23":{
			"Re":-6.953334798332795e-15,
			"Im":-8.15195044224955e-15
		},
		"eB_31":{
			"Re":3.294372457335408e-15,
			"Im":9.272071805919998e-15
		},
		"eB_32":{
			"Re":-1.1693724402045732e-13,
			"Im":1.3709488263625327e-13
		},
		"eB_33":1.5596556429973197e-12,
		"ed_1111":1.962733115991292e-11,
		"ed_1122":1.962733115991292e-11,
		"ed_1133":1.962733115991292e-11,
		"ed_1211":{
			"Re":9.82629067855167e-15,
			"Im":1.6537993032442062e-14
		},
		"ed_1222":{
			"Re":9.82629067855167e-15,
			"Im":1.6537993032442062e-14
		},
		"ed_1233":{
			"Re":9.82629067855167e-15,
			"Im":1.6537993032442062e-14
		},
		"ed_1311":{
			"Re":5.3739895897375785e-14,
			"Im":-1.5124480693214473e-13
		},
		"ed_1322":{
			"Re":5.3739895897375785e-14,
			"Im":-1.5124480693214473e-13
		},
		"ed_1333":{
			"Re":5.3739895897375785e-14,
			"Im":-1.5124480693214473e-13
		},
		"ed_2211":5.257103719049074e-13,
		"ed_2222":5.257103719049074e-13,
		"ed_2233":5.257103719049074e-13,
		"ed_2311":{
			"Re":-1.9109096059982127e-12,
			"Im":-2.240243675581748e-12
		},
		"ed_2322":{
			"Re":-1.9109096059982127e-12,
			"Im":-2.240243675581748e-12
		},
		"ed_2333":{
			"Re":-1.9109096059982127e-12,
			"Im":-2.240243675581748e-12
		},
		"ed_3311":2.4985112566157303e-11,
		"ed_3322":2.4985112566157303e-11,
		"ed_3333":2.4985112566157303e-11,
		"ee_1111":-2.191913577689815e-9,
		"ee_1112":{
			"Re":-8.399578065661683e-12,
			"Im":-1.0323538666650781e-11
		},
		"ee_1113":{
			"Re":-2.1134161585446052e-11,
			"Im":1.0623561322412783e-10
		},
		"ee_1122":-2.2008852942526214e-10,
		"ee_1123":{
			"Re":5.171637264874482e-10,
			"Im":6.062932892661923e-10
		},
		"ee_1133":-6.839362637116106e-9,
		"ee_1212":{
			"Re":3.537349220370375e-12,
			"Im":6.179087731628138e-12
		},
		"ee_1213":{
			"Re":-1.3654556207841736e-10,
			"Im":9.954122260176955e-11
		},
		"ee_1222":{
			"Re":-2.2026931688857704e-13,
			"Im":-2.1218658703680774e-13
		},
		"ee_1223":{
			"Re":-4.4334912237943823e-13,
			"Im":-3.048705032409845e-13
		},
		"ee_1232":{
			"Re":1.5145052081491413e-12,
			"Im":-4.061292519603448e-13
		},
		"ee_1233":{
			"Re":8.016864542822272e-12,
			"Im":5.052688031698109e-12
		},
		"ee_1313":{
			"Re":6.13779290481719e-10,
			"Im":1.5798210725754554e-10
		},
		"ee_1323":{
			"Re":-2.7702973492224075e-12,
			"Im":2.999108194121686e-12
		},
		"ee_1333":{
			"Re":-6.091692389577986e-12,
			"Im":-2.9179036100141415e-11
		},
		"ee_2222":-4.786643609206364e-12,
		"ee_2223":{
			"Re":2.1332040596291175e-11,
			"Im":2.7071148552689738e-11
		},
		"ee_2233":-3.409371874283609e-10,
		"ee_2323":{
			"Re":1.5544609867718993e-11,
			"Im":-6.47079408772534e-11
		},
		"ee_2333":{
			"Re":5.226248963942392e-10,
			"Im":6.070753019446236e-10
		},
		"ee_3333":-3.5515163518037887e-9,
		"ephi_11":3.278658661418093e-17,
		"ephi_12":{
			"Re":1.6018258994958548e-20,
			"Im":2.69579246062933e-20
		},
		"ephi_13":{
			"Re":8.814000908365502e-20,
			"Im":-2.48063800763683e-19
		},
		"ephi_21":{
			"Re":3.3120375473277366e-18,
			"Im":-5.573992700300517e-18
		},
		"ephi_22":3.4728015956442746e-16,
		"ephi_23":{
			"Re":-6.476761187596236e-16,
			"Im":-7.593068455783454e-16
		},
		"ephi_31":{
			"Re":3.0455820503331176e-16,
			"Im":8.57157282307149e-16
		},
		"ephi_32":{
			"Re":-1.0823766449417002e-14,
			"Im":1.2689303572068822e-14
		},
		"ephi_33":1.4529203996839731e-13,
		"eu_1111":-3.925466231982584e-11,
		"eu_1122":-3.925466231982584e-11,
		"eu_1133":-3.925466231982584e-11,
		"eu_1211":{
			"Re":-1.965258135710334e-14,
			"Im":-3.3075986064884125e-14
		},
		"eu_1222":{
			"Re":-1.965258135710334e-14,
			"Im":-3.3075986064884125e-14
		},
		"eu_1233":{
			"Re":-1.965258135710334e-14,
			"Im":-3.3075986064884125e-14
		},
		"eu_1311":{
			"Re":-1.0747979179475157e-13,
			"Im":3.0248961386428946e-13
		},
		"eu_1322":{
			"Re":-1.0747979179475157e-13,
			"Im":3.0248961386428946e-13
		},
		"eu_1333":{
			"Re":-1.0747979179475157e-13,
			"Im":3.0248961386428946e-13
		},
		"eu_2211":-1.0514207438098149e-12,
		"eu_2222":-1.0514207438098149e-12,
		"eu_2233":-1.0514207438098149e-12,
		"eu_2311":{
			"Re":3.8218192119964254e-12,
			"Im":4.480487351163496e-12
		},
		"eu_2322":{
			"Re":3.8218192119964254e-12,
			"Im":4.480487351163496e-12
		},
		"eu_2333":{
			"Re":3.8218192119964254e-12,
			"Im":4.480487351163496e-12
		},
		"eu_3311":-4.9970225132314606e-11,
		"eu_3322":-4.9970225132314606e-11,
		"eu_3333":-4.9970225132314606e-11,
		"phi":7.005361085669448e-17,
		"phiB":-1.5892073171934827e-13,
		"phiBox":-1.9638094980813768e-13,
		"phid_11":2.529667404372663e-13,
		"phid_22":2.529667404372663e-13,
		"phid_33":2.529667404372663e-13,
		"phiD":-7.589002213117989e-13,
		"phie_11":-2.944099673986938e-11,
		"phie_12":{
			"Re":-1.473943601782749e-14,
			"Im":-2.48069895486631e-14
		},
		"phie_13":{
			"Re":-8.060984384606373e-14,
			"Im":2.268672103982171e-13
		},
		"phie_22":-7.88565557857363e-13,
		"phie_23":{
			"Re":2.866364408997319e-12,
			"Im":3.3603655133726222e-12
		},
		"phie_33":-3.7477668849235956e-11,
		"phil1_11":3.7945010772430543e-13,
		"phil1_13":{
			"Re":-2.727732568931183e-20,
			"Im":7.677253429605614e-20
		},
		"phil1_22":3.7944369428725765e-13,
		"phil1_23":{
			"Re":2.0020349334042378e-16,
			"Im":2.3471456551577086e-16
		},
		"phil1_33":3.345438150161387e-13,
		"phil3_13":{
			"Re":-2.727732568931183e-20,
			"Im":7.677253429605614e-20
		},
		"phil3_22":-6.41636864177117e-18,
		"phil3_23":{
			"Re":2.0020349334042378e-16,
			"Im":2.3471456551577086e-16
		},
		"phil3_33":-4.4906295639760735e-14,
		"phiq1_11":-1.2648337021863316e-13,
		"phiq1_22":-1.2648337021863316e-13,
		"phiq1_33":-1.2648337021863316e-13,
		"phiu_11":-5.059334808745326e-13,
		"phiu_22":-5.059334808745326e-13,
		"phiu_33":-5.059334808745326e-13,
		"ld_1111":-2.529667404372663e-13,
		"ld_1122":-2.529667404372663e-13,
		"ld_1133":-2.529667404372663e-13,
		"ld_2211":-2.529667404372663e-13,
		"ld_2222":-2.529667404372663e-13,
		"ld_2233":-2.529667404372663e-13,
		"ld_3311":-2.529667404372663e-13,
		"ld_3322":-2.529667404372663e-13,
		"ld_3333":-2.529667404372663e-13,
		"le_1111":2.944099673986938e-11,
		"le_1112":{
			"Re":1.473943601782749e-14,
			"Im":2.48069895486631e-14
		},
		"le_1113":{
			"Re":8.060984384606373e-14,
			"Im":-2.268672103982171e-13
		},
		"le_1122":7.88565557857363e-13,
		"le_1123":{
			"Re":-2.866364408997319e-12,
			"Im":-3.3603655133726222e-12
		},
		"le_1133":3.7477668849235956e-11,
		"le_2211":2.944099673986938e-11,
		"le_2212":{
			"Re":1.473943601782749e-14,
			"Im":2.48069895486631e-14
		},
		"le_2213":{
			"Re":8.060984384606373e-14,
			"Im":-2.268672103982171e-13
		},
		"le_2222":7.88565557857363e-13,
		"le_2223":{
			"Re":-2.866364408997319e-12,
			"Im":-3.3603655133726222e-12
		},
		"le_2233":3.7477668849235956e-11,
		"le_3311":2.944099673986938e-11,
		"le_3312":{
			"Re":1.473943601782749e-14,
			"Im":2.48069895486631e-14
		},
		"le_3313":{
			"Re":8.060984384606373e-14,
			"Im":-2.268672103982171e-13
		},
		"le_3322":7.88565557857363e-13,
		"le_3323":{
			"Re":-2.866364408997319e-12,
			"Im":-3.3603655133726222e-12
		},
		"le_3333":3.7477668849235956e-11,
		"ll_1111":-1.8972505532794973e-13,
		"ll_1122":-3.7945011065589945e-13,
		"ll_1133":-3.7945011065589945e-13,
		"ll_2222":-1.8972505532794973e-13,
		"ll_2233":-3.7945011065589945e-13,
		"ll_3333":-1.8972505532794973e-13,
		"lq1_1111":1.2648337021863316e-13,