{
	"eft":"SMEFT",
	"basis":"Warsaw",
	"scale":1000,
	"values":{
		"dd_1111":-1.6671714897935555e-13,
		"dd_1122":-3.334342979587111e-13,
		"dd_1133":-3.334342979587111e-13,
		"dd_2222":-1.6671714897935555e-13,
		"dd_2233":-3.334342979587111e-13,
		"dd_3333":-1.6671714897935555e-13,
		"eB_11":2.298846826143003e-16,
		"eB_12":{
			"Re":-2.3020249483675072e-20,
			"Im":1.224914556537966e-20
		},
		"eB_13":{
			"Re":-2.621562069873652e-18,
			"Im":-1.4864469179836603e-17
		},
		"eB_21":{
			"Re":-4.759920861927778e-18,
			"Im":-2.532768533146823e-18
		},
		"eB_22":6.800867595165766e-17,
		"eB_23":{
			"Re":-6.034212864295229e-17,
			"Im":1.8020615436027949e-16
		},
		"eB_31":{
			"Re":-9.116110154247711e-15,
			"Im":5.1689082621774946e-14
		},
		"eB_32":{
			"Re":-1.014799722217648e-15,
			"Im":-3.030604976977222e-15
		},
		"eB_33":1.8037838786417665e-12,
		"ed_1111":1.3057050351231463e-11,
		"ed_1122":1.3057050351231463e-11,
		"ed_1133":1.3057050351231463e-11,
		"ed_1211":{
			"Re":-1.4135933367126213e-15,
			"Im":7.376344093320361e-16
		},
		"ed_1222":{
			"Re":-1.4135933367126213e-15,
			"Im":7.376344093320361e-16
		},
		"ed_1233":{
			"Re":-1.4135933367126213e-15,
			"Im":7.376344093320361e-16
		},
		"ed_1311":{
			"Re":-1.600637353421126e-13,
			"Im":-9.075127131130756e-13
		},
		"ed_1322":{
			"Re":-1.600637353421126e-13,
			"Im":-9.075127131130756e-13
		},
		"ed_1333":{
			"Re":-1.600637353421126e-13,
			"Im":-9.075127131130756e-13
		},
		"ed_2211":-9.801747574451804e-13,
		"ed_2222":-9.801747574451804e-13,
		"ed_2233":-9.801747574451804e-13,
		"ed_2311":{
			"Re":-1.7542612075170092e-14,
			"Im":5.3385588316336504e-14
		},
		"ed_2322":{
			"Re":-1.7542612075170092e-14,
			"Im":5.3385588316336504e-14
		},
		"ed_2333":{
			"Re":-1.7542612075170092e-14,
			"Im":5.3385588316336504e-14
		},
		"ed_3311":3.0687232232226114e-11,
		"ed_3322":3.0687232232226114e-11,
		"ed_3333":3.0687232232226114e-11,
		"ee_1111":-3.5149541667080405e-10,
		"ee_1112":{
			"Re":-3.9216761126308387e-14,
			"Im":-4.854507599110335e-13
		},
		"ee_1113":{
			"Re":2.2602532795402672e-11,
			"Im":1.2928697316864031e-10
		},
		"ee_1122":3.750508814548434e-11,
		"ee_1123":{
			"Re":1.3592644279765498e-12,
			"Im":-4.448090500745367e-12
		},
		"ee_1133":-2.579535656053096e-9,
		"ee_1212":{
			"Re":-6.25705361333827e-14,
			"Im":2.752327912463023e-13
		},
		"ee_1213":{
			"Re":-7.765219162446114e-12,
			"Im":5.963612174603402e-12
		},
		"ee_1222":{
			"Re":-4.573070222516314e-15,
			"Im":1.7927372358761102e-15
		},
		"ee_1223":{
			"Re":-4.666520221195133e-13,
			"Im":-2.630319890365768e-12
		},
		"ee_1232":{
			"Re":6.716211829007684e-14,
			"Im":2.7748878857505324e-14
		},
		"ee_1233":{
			"Re":1.730430307386823e-12,
			"Im":1.953061337873819e-12
		},
		"ee_1313":{
			"Re":4.1420762550210853e-10,
			"Im":-1.4550193147612369e-10
		},
		"ee_1323":{
			"Re":-3.273392877321661e-13,
			"Im":8.857753115729931e-13
		},
		"ee_1333":{
			"Re":1.1773500649900578e-11,
			"Im":6.166463307511552e-11
		},
		"ee_2222":-1.4409290454019906e-12,
		"ee_2223":{
			"Re":-4.037444569518135e-14,
			"Im":1.6194161878880877e-13
		},
		"ee_2233":8.865979769485291e-11,
		"ee_2323":{
			"Re":-3.024838133099765e-13,
			"Im":-4.876064972683645e-13
		},
		"ee_2333":{
			"Re":-1.581701380358642e-11,
			"Im":-1.6490648375123175e-11
		},
		"ee_3333":-2.0762244577199227e-9,
		"ephi_11":-5.98961703556402e-16,
		"ephi_12":{
			"Re":6.015407027973379e-20,
			"Im":-3.157752251697012e-20
		},
		"ephi_13":{
			"Re":6.821690450629773e-18,
			"Im":3.867771231121407e-17
		},
		"ephi_21":{
			"Re":1.2438129393483758e-17,
			"Im":6.529322345516331e-18
		},
		"ephi_22":-1.7729077461758747e-16,
		"ephi_23":{
			"Re":1.553317408484381e-16,
			"Im":-4.699834512096922e-16
		},
		"ephi_31":{
			"Re":2.372681841767442e-14,
			"Im":-1.3452663577126465e-13
		},
		"ephi_32":{
			"Re":2.6128754976654734e-15,
			"Im":7.905690183982466e-15
		},
		"ephi_33":-4.6953679738381065e-12,
		"eu_1111":-2.6114100702462927e-11,
		"eu_1122":-2.6114100702462927e-11,
		"eu_1133":-2.6114100702462927e-11,
		"eu_1211":{
			"Re":2.8271866734252426e-15,
			"Im":-1.4752688186640722e-15
		},
		"eu_1222":{
			"Re":2.8271866734252426e-15,
			"Im":-1.4752688186640722e-15
		},
		"eu_1233":{
			"Re":2.8271866734252426e-15,
			"Im":-1.4752688186640722e-15
		},
		"eu_1311":{
			"Re":3.201274706842252e-13,
			"Im":1.8150254262261512e-12
		},
		"eu_1322":{
			"Re":3.201274706842252e-13,
			"Im":1.8150254262261512e-12
		},
		"eu_1333":{
			"Re":3.201274706842252e-13,
			"Im":1.8150254262261512e-12
		},
		"eu_2211":1.960349514890361e-12,
		"eu_2222":1.960349514890361e-12,
		"eu_2233":1.960349514890361e-12,
		"eu_2311":{
			"Re":3.5085224150340184e-14,
			"Im":-1.0677117663267301e-13
		},
		"eu_2322":{
			"Re":3.5085224150340184e-14,
			"Im":-1.0677117663267301e-13
		},
		"eu_2333":{
			"Re":3.5085224150340184e-14,
			"Im":-1.0677117663267301e-13
		},
		"eu_3311":-6.137446446445223e-11,
		"eu_3322":-6.137446446445223e-11,
		"eu_3333":-6.137446446445223e-11,
		"phi":-2.65594557183317e-12,
		"phiB":8.410119645880247e-12,
		"phiBox":-9.802939615503174e-12,
		"phid_11":5.001514469380666e-13,
		"phid_22":5.001514469380666e-13,
		"phid_33":5.001514469380666e-13,
		"phiD":-1.5004543408142e-12,
		"phie_11":-1.9585575526847218e-11,
		"phie_12":{
			"Re":2.120390005068938e-15,
			"Im":-1.1064516139980443e-15
		},
		"phie_13":{
			"Re":2.400956030131688e-13,
			"Im":1.3612690696696132e-12
		},
		"phie_22":1.4702621361677706e-12,
		"phie_23":{
			"Re":2.631391811275491e-14,
			"Im":-8.00783824745049e-14
		},
		"phie_33":-4.6030848348339185e-11,
		"phil1_11":7.502271685036602e-13,
		"phil1_13":{
			"Re":7.548117552505894e-20,
			"Im":4.2798437624028885e-19
		},
		"phil1_22":7.502270539722154e-13,
		"phil1_23":{
			"Re":1.7373972777512144e-18,
			"Im":-5.188575362863589e-18
		},
		"phil1_33":6.98291826545647e-13,
		"phil3_13":{
			"Re":7.548117552505894e-20,
			"Im":4.2798437624028885e-19
		},
		"phil3_22":-1.1643488451461047e-19,
		"phil3_23":{
			"Re":1.7373972777512144e-18,
			"Im":-5.188575362863589e-18
		},
		"phil3_33":-5.1935343861452936e-14,
		"phiq1_11":-2.500757234690333e-13,
		"phiq1_22":-2.500757234690333e-13,
		"phiq1_33":-2.500757234690333e-13,
		"phiu_11":-1.0003028938761333e-12,
		"phiu_22":-1.0003028938761333e-12,
		"phiu_33":-1.0003028938761333e-12,
		"ld_1111":-5.001514469380666e-13,
		"ld_1122":-5.001514469380666e-13,
		"ld_1133":-5.001514469380666e-13,
		"ld_2211":-5.001514469380666e-13,
		"ld_2222":-5.001514469380666e-13,
		"ld_2233":-5.001514469380666e-13,
		"ld_3311":-5.001514469380666e-13,
		"ld_3322":-5.001514469380666e-13,
		"ld_3333":-5.001514469380666e-13,
		"le_1111":1.9585575526847218e-11,
		"le_1112":{
			"Re":-2.120390005068938e-15,
			"Im":1.1064516139980443e-15
		},
		"le_1113":{
			"Re":-2.400956030131688e-13,
			"Im":-1.3612690696696132e-12
		},
		"le_1122":-1.4702621361677706e-12,
		"le_1123":{
			"Re":-2.631391811275491e-14,
			"Im":8.00783824745049e-14
		},
		"le_1133":4.6030848348339185e-11,
		"le_2211":1.9585575526847218e-11,
		"le_2212":{
			"Re":-2.120390005068938e-15,
			"Im":1.1064516139980443e-15
		},
		"le_2213":{
			"Re":-2.400956030131688e-13,
			"Im":-1.3612690696696132e-12
		},
		"le_2222":-1.4702621361677706e-12,
		"le_2223":{
			"Re":-2.631391811275491e-14,
			"Im":8.00783824745049e-14
		},
		"le_2233":4.6030848348339185e-11,
		"le_3311":1.9585575526847218e-11,
		"le_3312":{
			"Re":-2.120390005068938e-15,
			"Im":1.1064516139980443e-15
		},
		"le_3313":{
			"Re":-2.400956030131688e-13,
			"Im":-1.3612690696696132e-12
		},
		"le_3322":-1.4702621361677706e-12,
		"le_3323":{
			"Re":-2.631391811275491e-14,
			"Im":8.00783824745049e-14
		},
		"le_3333":4.6030848348339185e-11,
		"ll_1111":-3.7511358520355e-13,
		"ll_1122":-7.502271704071e-13,
		"ll_1133":-7.502271704071e-13,
		"ll_2222":-3.7511358520355e-13,
		"ll_2233":-7.502271704071e-13,
		"ll_3333":-3.7511358520355e-13,
		"lq1_1111":2.500757234690333e-13,