{
	"eft":"SMEFT",
	"basis":"Warsaw",
	"scale":1000,
	"values":{
		"dd_1111":-3.410757562824178e-14,
		"dd_1122":-6.821515125648356e-14,
		"dd_1133":-6.821515125648356e-14,
		"dd_2222":-3.410757562824178e-14,
		"dd_2233":-6.821515125648356e-14,
		"dd_3333":-3.410757562824178e-14,
		"eB_11":4.901510997631786e-17,
		"eB_13":{
			"Re":0.0,
			"Im":1.9490878847557552e-20
		},
		"eB_21":-3.7191464457361716e-20,
		"eB_22":1.8663037908086044e-14,
		"eB_23":{
			"Re":-7.18282408762822e-18,
			"Im":3.671702194240996e-18
		},
		"eB_31":{
			"Re":-5.329400252415545e-19,
			"Im":-6.777676585242738e-17
		},
		"eB_32":{
			"Re":-1.2079666483086536e-16,
			"Im":-6.174860666300072e-17
		},
		"eB_33":2.1198730024590995e-13,
		"ed_1111":3.1742536006701478e-12,
		"ed_1122":3.1742536006701478e-12,
		"ed_1133":3.1742536006701478e-12,
		"ed_1211":{
			"Re":-1.2427292306090711e-17,
			"Im":2.5147955247808202e-18
		},
		"ed_1222":{
			"Re":-1.2427292306090711e-17,
			"Im":2.5147955247808202e-18
		},
		"ed_1233":{
			"Re":-1.2427292306090711e-17,
			"Im":2.5147955247808202e-18
		},
		"ed_1311":{
			"Re":-1.051548478137792e-17,
			"Im":1.344799459226619e-15
		},
		"ed_1322":{
			"Re":-1.051548478137792e-17,
			"Im":1.344799459226619e-15
		},
		"ed_1333":{
			"Re":-1.051548478137792e-17,
			"Im":1.344799459226619e-15
		},
		"ed_2211":6.023155874988184e-12,
		"ed_2222":6.023155874988184e-12,
		"ed_2233":6.023155874988184e-12,
		"ed_2311":{
			"Re":-2.3991583966984467e-15,
			"Im":1.2250063052376379e-15
		},
		"ed_2322":{
			"Re":-2.3991583966984467e-15,
			"Im":1.2250063052376379e-15
		},
		"ed_2333":{
			"Re":-2.3991583966984467e-15,
			"Im":1.2250063052376379e-15
		},
		"ed_3311":3.9989461441759415e-12,
		"ed_3322":3.9989461441759415e-12,
		"ed_3333":3.9989461441759415e-12,
		"ee_1111":-4.544898458043031e-11,
		"ee_1112":{
			"Re":2.288971035877045e-15,
			"Im":4.401920486211232e-15
		},
		"ee_1113":{
			"Re":4.8915837403799274e-14,
			"Im":-5.279688020475064e-13
		},
		"ee_1122":-5.21003766565369e-10,
		"ee_1123":{
			"Re":2.0426654647500132e-13,
			"Im":-1.0437088018302306e-13
		},
		"ee_1133":-3.4867455790039846e-10,
		"ee_1212":{
			"Re":1.2668192943255403e-10,
			"Im":-1.178880151213831e-10
		},
		"ee_1213":{
			"Re":-1.2680193576851021e-14,
			"Im":2.776075466490336e-13
		},
		"ee_1222":{
			"Re":-2.1616167208211778e-15,
			"Im":-8.18967450525884e-15
		},
		"ee_1223":{
			"Re":1.6940897114219166e-15,
			"Im":-2.1445972326630297e-13
		},
		"ee_1232":{
			"Re":5.846091837485218e-13,
			"Im":4.981404294035113e-13
		},
		"ee_1233":{
			"Re":5.1106542863352476e-17,
			"Im":-1.0008415656124205e-16
		},
		"ee_1313":{
			"Re":1.1440801831893007e-10,
			"Im":2.3009518906840732e-11
		},
		"ee_1323":{
			"Re":2.677327962929577e-15,
			"Im":-5.247376647304988e-15
		},
		"ee_1333":{
			"Re":-4.173217099143539e-14,
			"Im":3.726893907635115e-13
		},
		"ee_2222":-1.6819652970932173e-10,
		"ee_2223":{
			"Re":1.629697626022038e-14,
			"Im":1.637285704197197e-13
		},
		"ee_2233":-6.524941783724788e-10,
		"ee_2323":{
			"Re":1.256361049468031e-10,
			"Im":1.749201431116635e-10
		},
		"ee_2333":{
			"Re":3.085211365960725e-13,
			"Im":-4.725349732511992e-13
		},
		"ee_3333":-7.309107522128384e-11,
		"ephi_11":1.737345291403589e-17,
		"ephi_21":-1.3203935294325779e-20,
		"ephi_22":6.619523746178837e-15,
		"ephi_23":{
			"Re":-2.5535936365811543e-18,
			"Im":1.3042767366491007e-18
		},
		"ephi_31":{
			"Re":-1.882624200474627e-19,
			"Im":-2.4038710872866894e-17
		},
		"ephi_32":{
			"Re":-4.2874146893722023e-17,
			"Im":-2.189842436182132e-17
		},
		"ephi_33":7.52779968904184e-14,
		"eu_1111":-6.3485072013402955e-12,
		"eu_1122":-6.3485072013402955e-12,
		"eu_1133":-6.3485072013402955e-12,
		"eu_1211":{
			"Re":2.4854584612181422e-17,
			"Im":-5.0295910495616404e-18
		},
		"eu_1222":{
			"Re":2.4854584612181422e-17,
			"Im":-5.0295910495616404e-18
		},
		"eu_1233":{
			"Re":2.4854584612181422e-17,
			"Im":-5.0295910495616404e-18
		},
		"eu_1311":{
			"Re":2.103096956275584e-17,
			"Im":-2.689598918453238e-15
		},
		"eu_1322":{
			"Re":2.103096956275584e-17,
			"Im":-2.689598918453238e-15
		},
		"eu_1333":{
			"Re":2.103096956275584e-17,
			"Im":-2.689598918453238e-15
		},
		"eu_2211":-1.2046311749976369e-11,
		"eu_2222":-1.2046311749976369e-11,
		"eu_2233":-1.2046311749976369e-11,
		"eu_2311":{
			"Re":4.7983167933968935e-15,
			"Im":-2.4500126104752757e-15
		},
		"eu_2322":{
			"Re":4.7983167933968935e-15,
			"Im":-2.4500126104752757e-15
		},
		"eu_2333":{
			"Re":4.7983167933968935e-15,
			"Im":-2.4500126104752757e-15
		},
		"eu_3311":-7.997892288351883e-12,
		"eu_3322":-7.997892288351883e-12,
		"eu_3333":-7.997892288351883e-12,
		"phi":1.060754630724684e-15,
		"phiB":-2.1503763753199444e-13,
		"phiBox":-1.0686971862911129e-13,
		"phid_11":1.0232272688472533e-13,
		"phid_22":1.0232272688472533e-13,
		"phid_33":1.0232272688472533e-13,
		"phiD":-3.0696818065417597e-13,
		"phie_11":-4.7613804010052146e-12,
		"phie_12":{
			"Re":1.8640938459136122e-17,
			"Im":-3.772193287171138e-18
		},
		"phie_13":{
			"Re":1.57732271720663e-17,
			"Im":-2.017199188839939e-15
		},
		"phie_22":-9.03473381248228e-12,
		"phie_23":{
			"Re":3.59873759504767e-15,
			"Im":-1.8375094578564577e-15
		},
		"phie_33":-5.998419216263916e-12,
		"phil1_11":1.5348408992124404e-13,
		"phil1_22":1.5345213809991826e-13,
		"phil1_23":{
			"Re":2.068110505390462e-19,
			"Im":-1.0571727482027728e-19
		},
		"phil1_33":1.4738045814426653e-13,
		"phil3_22":-3.195222716972811e-17,
		"phil3_23":{
			"Re":2.068110505390462e-19,
			"Im":-1.0571727482027728e-19
		},
		"phil3_33":-6.103632182821452e-15,
		"phiq1_11":-5.1161363442362664e-14,
		"phiq1_22":-5.1161363442362664e-14,
		"phiq1_33":-5.1161363442362664e-14,
		"phiu_11":-2.0464545376945066e-13,
		"phiu_22":-2.0464545376945066e-13,
		"phiu_33":-2.0464545376945066e-13,
		"ld_1111":-1.0232272688472533e-13,
		"ld_1122":-1.0232272688472533e-13,
		"ld_1133":-1.0232272688472533e-13,
		"ld_2211":-1.0232272688472533e-13,
		"ld_2222":-1.0232272688472533e-13,
		"ld_2233":-1.0232272688472533e-13,
		"ld_3311":-1.0232272688472533e-13,
		"ld_3322":-1.0232272688472533e-13,
		"ld_3333":-1.0232272688472533e-13,
		"le_1111":4.7613804010052146e-12,
		"le_1112":{
			"Re":-1.8640938459136122e-17,
			"Im":3.772193287171138e-18
		},
		"le_1113":{
			"Re":-1.57732271720663e-17,
			"Im":2.017199188839939e-15
		},
		"le_1122":9.03473381248228e-12,
		"le_1123":{
			"Re":-3.59873759504767e-15,
			"Im":1.8375094578564577e-15
		},
		"le_1133":5.998419216263916e-12,
		"le_2211":4.7613804010052146e-12,
		"le_2212":{
			"Re":-1.8640938459136122e-17,
			"Im":3.772193287171138e-18
		},
		"le_2213":{
			"Re":-1.57732271720663e-17,
			"Im":2.017199188839939e-15
		},
		"le_2222":9.03473381248228e-12,
		"le_2223":{
			"Re":-3.59873759504767e-15,
			"Im":1.8375094578564577e-15
		},
		"le_2233":5.998419216263916e-12,
		"le_3311":4.7613804010052146e-12,
		"le_3312":{
			"Re":-1.8640938459136122e-17,
			"Im":3.772193287171138e-18
		},
		"le_3313":{
			"Re":-1.57732271720663e-17,
			"Im":2.017199188839939e-15
		},
		"le_3322":9.03473381248228e-12,
		"le_3323":{
			"Re":-3.59873759504767e-15,
			"Im":1.8375094578564577e-15
		},
		"le_3333":5.998419216263916e-12,
		"ll_1111":-7.674204516354399e-14,
		"ll_1122":-1.5348409032708799e-13,
		"ll_1133":-1.5348409032708799e-13,
		"ll_2222":-7.674204516354399e-14,
		"ll_2233":-1.5348409032708799e-13,
		"ll_3333":-7.674204516354399e-14,
		"lq1_1111":5.1161363442362664e-14,
		"lq1_1122":5.1161363442362664e-14,
		"lq1_1133":5.1161363442362664e-14,
		"lq1_2211":5.1161363442362664e-14,
		"lq1_2222":5.1161363442362664e-14,
		"lq1_2233":5.1161363442362664e-14,
		"lq1_3311":5.1161363442362664e-14,
		"lq1_3322":5.1161363442362664e-14,
		"lq1_3333":5.1161363442362664e-14,
		"lu_1111":2.0464545376945066e-13,
		"lu_1122":2.0464545376945066e-13,
		"lu_1133":2.0464545376945066e-13,
		"lu_2211":2.0464545376945066e-13,
		"lu_2222":2.0464545376945066e-13,
		"lu_2233":2.0464545376945066e-13,