{
	"eft":"SMEFT",
	"basis":"Warsaw",
	"scale":1000,
	"values":{
		"dd_1111":-3.386049980883808e-12,
		"dd_1122":-6.772099961767616e-12,
		"dd_1133":-6.772099961767616e-12,
		"dd_2222":-3.386049980883808e-12,
		"dd_2233":-6.772099961767616e-12,
		"dd_3333":-3.386049980883808e-12,
		"eB_11":1.4986434815367587e-14,
		"eB_12":{
			"Re":-1.0548679580053771e-17,
			"Im":3.429696302999432e-17
		},
		"eB_13":{
			"Re":-2.74440189826144e-16,
			"Im":1.3231734871975387e-16
		},
		"eB_21":{
			"Re":-2.1811614176682596e-15,
			"Im":-7.091618617904489e-15
		},
		"eB_22":1.3264896112016704e-13,
		"eB_23":{
			"Re":-5.374777113562532e-15,
			"Im":-5.246339498160409e-15
		},
		"eB_31":{
			"Re":-9.543268229114873e-13,
			"Im":-4.601148071635855e-13
		},
		"eB_32":{
			"Re":-9.038995548365187e-14,
			"Im":8.822996445642783e-14
		},
		"eB_33":1.1078968341997302e-12,
		"ed_1111":9.473594073471248e-10,
		"ed_1122":9.473594073471248e-10,
		"ed_1133":9.473594073471248e-10,
		"ed_1211":{
			"Re":-6.785121141764725e-13,
			"Im":2.2129856844377024e-12
		},
		"ed_1222":{
			"Re":-6.785121141764725e-13,
			"Im":2.2129856844377024e-12
		},
		"ed_1233":{
			"Re":-6.785121141764725e-13,
			"Im":2.2129856844377024e-12
		},
		"ed_1311":{
			"Re":-1.7724904703336047e-11,
			"Im":8.545545029543054e-12
		},
		"ed_1322":{
			"Re":-1.7724904703336047e-11,
			"Im":8.545545029543054e-12
		},
		"ed_1333":{
			"Re":-1.7724904703336047e-11,
			"Im":8.545545029543054e-12
		},
		"ed_2211":2.0683224908649582e-11,
		"ed_2222":2.0683224908649582e-11,
		"ed_2233":2.0683224908649582e-11,
		"ed_2311":{
			"Re":-1.6613403728375815e-12,
			"Im":-1.6215524891901094e-12
		},
		"ed_2322":{
			"Re":-1.6613403728375815e-12,
			"Im":-1.6215524891901094e-12
		},
		"ed_2333":{
			"Re":-1.6613403728375815e-12,
			"Im":-1.6215524891901094e-12
		},
		"ed_3311":4.508260161156829e-14,
		"ed_3322":4.508260161156829e-14,
		"ed_3333":4.508260161156829e-14,
		"ee_1111":-6.552903186144464e-8,
		"ee_1112":{
			"Re":1.6584488652105485e-10,
			"Im":-3.5525439758998607e-10
		},
		"ee_1113":{
			"Re":2.4433665636413545e-9,
			"Im":-1.1420124007242301e-9
		},
		"ee_1122":-8.24892522608452e-9,
		"ee_1123":{
			"Re":4.4569741351910815e-10,
			"Im":4.3775599197427655e-10
		},
		"ee_1133":-2.6679807630453595e-9,
		"ee_1212":{
			"Re":-6.972589136181659e-10,
			"Im":2.500982842538713e-9
		},
		"ee_1213":{
			"Re":6.752272450872613e-10,
			"Im":-4.862637768080116e-10
		},
		"ee_1222":{
			"Re":1.5537377538593792e-11,
			"Im":-1.7036146518846563e-11
		},
		"ee_1223":{
			"Re":1.4878078434865178e-10,
			"Im":-7.507398076046382e-11
		},
		"ee_1232":{
			"Re":7.211273016755926e-11,
			"Im":-7.782494120093796e-11
		},
		"ee_1233":{
			"Re":-3.6414128857412156e-11,
			"Im":1.2057704694945031e-11
		},
		"ee_1313":{
			"Re":1.1930877642982898e-9,
			"Im":-8.964578189280616e-11
		},
		"ee_1323":{
			"Re":-1.3070249270871875e-11,
			"Im":-8.738543945949474e-12
		},
		"ee_1333":{
			"Re":1.2821892099605779e-12,
			"Im":-4.1126808019581785e-11
		},
		"ee_2222":-3.970373219273241e-11,
		"ee_2223":{
			"Re":-1.281998096262224e-11,
			"Im":-7.112968868982479e-12
		},
		"ee_2233":-1.0464399580198978e-10,
		"ee_2323":{
			"Re":-1.8816467823233444e-11,
			"Im":-4.7899837774352717e-11
		},
		"ee_2333":{
			"Re":1.8763371278786474e-11,
			"Im":1.2809541293554852e-11
		},
		"ee_3333":-4.211253269082796e-12,
		"ephi_11":2.4951388497077243e-13,
		"ephi_12":{
			"Re":-1.751516067159949e-16,
			"Im":5.7073454584868415e-16
		},
		"ephi_13":{
			"Re":-4.570180799560546e-15,
			"Im":2.2033988631928684e-15
		},
		"ephi_21":{
			"Re":-3.6216274852347615e-14,
			"Im":-1.1801135926448003e-13
		},
		"ephi_22":2.192551195493362e-12,
		"ephi_23":{
			"Re":-8.884603836681487e-14,
			"Im":-8.671963111124345e-14
		},
		"ephi_31":{
			"Re":-1.5891594441533807e-11,
			"Im":-7.661736512390846e-12
		},
		"ephi_32":{
			"Re":-1.4941093858869657e-12,
			"Im":1.458349938730961e-12
		},
		"ephi_33":1.8312829267283114e-11,
		"eu_1111":-1.8947188146942497e-9,
		"eu_1122":-1.8947188146942497e-9,
		"eu_1133":-1.8947188146942497e-9,
		"eu_1211":{
			"Re":1.357024228352945e-12,
			"Im":-4.425971368875405e-12
		},
		"eu_1222":{
			"Re":1.357024228352945e-12,
			"Im":-4.425971368875405e-12
		},
		"eu_1233":{
			"Re":1.357024228352945e-12,
			"Im":-4.425971368875405e-12
		},
		"eu_1311":{
			"Re":3.5449809406672095e-11,
			"Im":-1.7091090059086107e-11
		},
		"eu_1322":{
			"Re":3.5449809406672095e-11,
			"Im":-1.7091090059086107e-11
		},
		"eu_1333":{
			"Re":3.5449809406672095e-11,
			"Im":-1.7091090059086107e-11
		},
		"eu_2211":-4.1366449817299165e-11,
		"eu_2222":-4.1366449817299165e-11,
		"eu_2233":-4.1366449817299165e-11,
		"eu_2311":{
			"Re":3.322680745675163e-12,
			"Im":3.243104978380219e-12
		},
		"eu_2322":{
			"Re":3.322680745675163e-12,
			"Im":3.243104978380219e-12
		},
		"eu_2333":{
			"Re":3.322680745675163e-12,
			"Im":3.243104978380219e-12
		},
		"eu_3311":-9.016520322313658e-14,
		"eu_3322":-9.016520322313658e-14,
		"eu_3333":-9.016520322313658e-14,
		"phi":1.2553496605307481e-8,
		"phiB":-1.050653262749956e-9,
		"phiBox":-7.252194214373479e-9,
		"phid_11":1.0158149942651423e-11,
		"phid_22":1.0158149942651423e-11,
		"phid_33":1.0158149942651423e-11,
		"phiD":-3.047444982795427e-11,
		"phie_11":-1.4210391110206865e-9,
		"phie_12":{
			"Re":1.0177681712647086e-12,
			"Im":-3.3194785266565526e-12
		},
		"phie_13":{
			"Re":2.658735705500406e-11,
			"Im":-1.2818317544314573e-11
		},
		"phie_22":-3.102483736297438e-11,
		"phie_23":{
			"Re":2.492010559256373e-12,
			"Im":2.432328733785166e-12
		},
		"phie_33":-6.762390241735244e-14,
		"phil1_11":1.523722478988981e-11,
		"phil1_12":{
			"Re":1.8059964725063142e-20,
			"Im":-5.871843369569244e-20
		},
		"phil1_13":{
			"Re":7.901803423786933e-18,
			"Im":-3.809739673341963e-18
		},
		"phil1_22":1.523699781109279e-11,
		"phil1_23":{
			"Re":1.5475296174712876e-16,
			"Im":1.510549290727947e-16
		},
		"phil1_33":1.520532585792697e-11,
		"phil3_11":-1.2408732427026696e-19,
		"phil3_12":{
			"Re":1.8059964725063142e-20,
			"Im":-5.871843369569244e-20
		},
		"phil3_13":{
			"Re":7.901803423786933e-18,
			"Im":-3.809739673341963e-18
		},
		"phil3_22":-2.271028843435851e-16,
		"phil3_23":{
			"Re":1.5475296174712876e-16,
			"Im":1.510549290727947e-16
		},
		"phil3_33":-3.189905605016518e-14,
		"phiq1_11":-5.0790749713257115e-12,
		"phiq1_22":-5.0790749713257115e-12,
		"phiq1_33":-5.0790749713257115e-12,
		"phiu_11":-2.0316299885302846e-11,
		"phiu_22":-2.0316299885302846e-11,
		"phiu_33":-2.0316299885302846e-11,
		"ld_1111":-1.0158149942651423e-11,
		"ld_1122":-1.0158149942651423e-11,
		"ld_1133":-1.0158149942651423e-11,
		"ld_2211":-1.0158149942651423e-11,
		"ld_2222":-1.0158149942651423e-11,
		"ld_2233":-1.0158149942651423e-11,
		"ld_3311":-1.0158149942651423e-11,
		"ld_3322":-1.0158149942651423e-11,
		"ld_3333":-1.0158149942651423e-11,
		"le_1111":1.4210391110206865e-9,
		"le_1112":{
			"Re":-1.0177681712647086e-12,
			"Im":3.3194785266565526e-12
		},
		"le_1113":{
			"Re":-2.658735705500406e-11,
			"Im":1.2818317544314573e-11
		},
		"le_1122":3.102483736297438e-11,
		"le_1123":{
			"Re":-2.492010559256373e-12,
			"Im":-2.432328733785166e-12
		},
		"le_1133":6.762390241735244e-14,
		"le_2211":1.4210391110206865e-9,
		"le_2212":{
			"Re":-1.0177681712647086e-12,
			"Im":3.3194785266565526e-12
		},
		"le_2213":{
			"Re":-2.658735705500406e-11,
			"Im":1.2818317544314573e-11
		},
		"le_2222":3.102483736297438e-11,
		"le_2223":{
			"Re":-2.492010559256373e-12,
			"Im":-2.432328733785166e-12
		},
		"le_2233":6.762390241735244e-14,
		"le_3311":1.4210391110206865e-9,
		"le_3312":{
			"Re":-1.0177681712647086e-12,
			"Im":3.3194785266565526e-12
		},
		"le_3313":{
			"Re":-2.658735705500406e-11,
			"Im":1.2818317544314573e-11
		},
		"le_3322":3.102483736297438e-11,
		"le_3323":{
			"Re":-2.492010559256373e-12,
			"Im":-2.432328733785166e-12
		},
		"le_3333":6.762390241735244e-14,
		"ll_1111":-7.618612456988567e-12,