{
	"eft":"SMEFT",
	"basis":"Warsaw",
	"scale":1000,
	"values":{
		"dd_1111":-5.441500863985189e-13,
		"dd_1122":-1.0883001727970377e-12,
		"dd_1133":-1.0883001727970377e-12,
		"dd_2222":-5.441500863985189e-13,
		"dd_2233":-1.0883001727970377e-12,
		"dd_3333":-5.441500863985189e-13,
		"eB_11":1.8065585331670713e-17,
		"eB_12":{
			"Re":1.8465106714731995e-19,
			"Im":-2.599981952462601e-19
		},
		"eB_13":{
			"Re":-1.682751364188169e-19,
			"Im":3.3465841459333645e-19
		},
		"eB_21":{
			"Re":3.818049267081227e-17,
			"Im":5.37600964965179e-17
		},
		"eB_22":3.023341265234926e-13,
		"eB_23":{
			"Re":2.0718097901786023e-14,
			"Im":-1.2277386933735824e-13
		},
		"eB_31":{
			"Re":-5.851529122439371e-16,
			"Im":-1.163727155857752e-15
		},
		"eB_32":{
			"Re":3.484252290802637e-13,
			"Im":2.0647413556845733e-12
		},
		"eB_33":5.066897929448639e-12,
		"ed_1111":-2.023133020196533e-12,
		"ed_1122":-2.023133020196533e-12,
		"ed_1133":-2.023133020196533e-12,
		"ed_1211":{
			"Re":-8.398889743217702e-16,
			"Im":-2.8363921268312937e-14
		},
		"ed_1222":{
			"Re":-8.398889743217702e-16,
			"Im":-2.8363921268312937e-14
		},
		"ed_1233":{
			"Re":-8.398889743217702e-16,
			"Im":-2.8363921268312937e-14
		},
		"ed_1311":{
			"Re":2.5411194877527623e-16,
			"Im":1.188327675067023e-14
		},
		"ed_1322":{
			"Re":2.5411194877527623e-16,
			"Im":1.188327675067023e-14
		},
		"ed_1333":{
			"Re":2.5411194877527623e-16,
			"Im":1.188327675067023e-14
		},
		"ed_2211":9.947896347238336e-11,
		"ed_2222":9.947896347238336e-11,
		"ed_2233":9.947896347238336e-11,
		"ed_2311":{
			"Re":7.180602403690093e-12,
			"Im":-4.254232597289986e-11
		},
		"ed_2322":{
			"Re":7.180602403690093e-12,
			"Im":-4.254232597289986e-11
		},
		"ed_2333":{
			"Re":7.180602403690093e-12,
			"Im":-4.254232597289986e-11
		},
		"ed_3311":9.91156713809321e-11,
		"ed_3322":9.91156713809321e-11,
		"ed_3333":9.91156713809321e-11,
		"ee_1111":-1.9028732531022946e-12,
		"ee_1112":{
			"Re":2.880469524986974e-12,
			"Im":2.081535530516207e-12
		},
		"ee_1113":{
			"Re":-2.6069031990985423e-12,
			"Im":2.4744081219977188e-12
		},
		"ee_1122":1.189585084250617e-10,
		"ee_1123":{
			"Re":2.8091800437429704e-12,
			"Im":-1.8763794028625064e-11
		},
		"ee_1133":1.187991227532185e-10,
		"ee_1212":{
			"Re":-4.257231718106263e-11,
			"Im":-5.158651041680488e-12
		},
		"ee_1213":{
			"Re":2.7077000144397038e-11,
			"Im":7.593217235930289e-11
		},
		"ee_1222":{
			"Re":-2.519499370430265e-10,
			"Im":1.4482986861810687e-10
		},
		"ee_1223":{
			"Re":4.5028149961920945e-10,
			"Im":3.018994780101302e-10
		},
		"ee_1232":{
			"Re":1.8310857820849844e-10,
			"Im":2.2237716560354636e-10
		},
		"ee_1233":{
			"Re":2.192777923455441e-10,
			"Im":-4.935862400509225e-10
		},
		"ee_1313":{
			"Re":3.808906006384801e-11,
			"Im":1.9033173488892623e-11
		},
		"ee_1323":{
			"Re":2.807914029549714e-10,
			"Im":-4.847726726449456e-11
		},
		"ee_1333":{
			"Re":-9.778799478289465e-11,
			"Im":-2.724040948777432e-10
		},
		"ee_2222":-4.7440070910284445e-9,
		"ee_2223":{
			"Re":-4.047796820472908e-9,
			"Im":1.0501790167599356e-9
		},
		"ee_2233":-7.0886043516409355e-9,
		"ee_2323":{
			"Re":-1.8313697949598797e-9,
			"Im":-6.668059944012905e-10
		},
		"ee_2333":{
			"Re":3.4878227013541874e-9,
			"Im":2.3671413486143184e-9
		},
		"ee_3333":-4.7345103434398946e-9,
		"ephi_11":-4.664030585879236e-17,
		"ephi_12":{
			"Re":-1.1117947017082662e-19,
			"Im":9.546713027714556e-19
		},
		"ephi_13":{
			"Re":1.1503210918147318e-19,
			"Im":-5.634188996973528e-19
		},
		"ephi_21":{
			"Re":-2.298877369889967e-17,
			"Im":-1.9739848715439312e-16
		},
		"ephi_22":-7.930492842001968e-13,
		"ephi_23":{
			"Re":-5.511443901369961e-14,
			"Im":3.265515931435332e-13
		},
		"ephi_31":{
			"Re":4.0035174564061227e-16,
			"Im":1.9598932332823936e-15
		},
		"ephi_32":{
			"Re":-9.270874534366998e-13,
			"Im":-5.4929688300850556e-12
		},
		"ephi_33":-1.3287211838950382e-11,
		"eu_1111":4.046266040393066e-12,
		"eu_1122":4.046266040393066e-12,
		"eu_1133":4.046266040393066e-12,
		"eu_1211":{
			"Re":1.6797779486435405e-15,
			"Im":5.6727842536625873e-14
		},
		"eu_1222":{
			"Re":1.6797779486435405e-15,
			"Im":5.6727842536625873e-14
		},
		"eu_1233":{
			"Re":1.6797779486435405e-15,
			"Im":5.6727842536625873e-14
		},
		"eu_1311":{
			"Re":-5.082238975505525e-16,
			"Im":-2.376655350134046e-14
		},
		"eu_1322":{
			"Re":-5.082238975505525e-16,
			"Im":-2.376655350134046e-14
		},
		"eu_1333":{
			"Re":-5.082238975505525e-16,
			"Im":-2.376655350134046e-14
		},
		"eu_2211":-1.9895792694476672e-10,
		"eu_2222":-1.9895792694476672e-10,
		"eu_2233":-1.9895792694476672e-10,
		"eu_2311":{
			"Re":-1.4361204807380186e-11,
			"Im":8.508465194579972e-11
		},
		"eu_2322":{
			"Re":-1.4361204807380186e-11,
			"Im":8.508465194579972e-11
		},
		"eu_2333":{
			"Re":-1.4361204807380186e-11,
			"Im":8.508465194579972e-11
		},
		"eu_3311":-1.982313427618642e-10,
		"eu_3322":-1.982313427618642e-10,
		"eu_3333":-1.982313427618642e-10,
		"phi":-6.580448537584418e-12,
		"phiB":2.5040321549635118e-11,
		"phiBox":-2.6830741310765944e-11,
		"phid_11":1.6324502591955564e-12,
		"phid_22":1.6324502591955564e-12,
		"phid_33":1.6324502591955564e-12,
		"phiD":-4.897350777586669e-12,
		"phie_11":3.034699530294799e-12,
		"phie_12":{
			"Re":1.2598334614807369e-15,
			"Im":4.254588190246769e-14
		},
		"phie_13":{
			"Re":-3.811679231611978e-16,
			"Im":-1.782491512600706e-14
		},
		"phie_22":-1.4921844520857494e-10,
		"phie_23":{
			"Re":-1.0770903605535131e-11,
			"Im":6.381348895934972e-11
		},
		"phie_33":-1.4867350707139805e-10,
		"phil1_11":2.4486753886437523e-12,
		"phil1_22":2.448157774847555e-12,
		"phil1_23":{
			"Re":-5.965246454551536e-16,
			"Im":3.5349595906345946e-15
		},
		"phil1_33":2.302787020794975e-12,
		"phil3_22":-5.17613945779669e-16,
		"phil3_23":{
			"Re":-5.965246454551536e-16,
			"Im":3.5349595906345946e-15
		},
		"phil3_33":-1.4588836799835966e-13,
		"phiq1_11":-8.162251295977782e-13,
		"phiq1_22":-8.162251295977782e-13,
		"phiq1_33":-8.162251295977782e-13,
		"phiu_11":-3.2649005183911127e-12,
		"phiu_22":-3.2649005183911127e-12,
		"phiu_33":-3.2649005183911127e-12,
		"ld_1111":-1.6324502591955564e-12,
		"ld_1122":-1.6324502591955564e-12,
		"ld_1133":-1.6324502591955564e-12,
		"ld_2211":-1.6324502591955564e-12,
		"ld_2222":-1.6324502591955564e-12,
		"ld_2233":-1.6324502591955564e-12,
		"ld_3311":-1.6324502591955564e-12,
		"ld_3322":-1.6324502591955564e-12,
		"ld_3333":-1.6324502591955564e-12,
		"le_1111":-3.034699530294799e-12,
		"le_1112":{
			"Re":-1.2598334614807369e-15,
			"Im":-4.254588190246769e-14
		},
		"le_1113":{
			"Re":3.811679231611978e-16,
			"Im":1.782491512600706e-14
		},
		"le_1122":1.4921844520857494e-10,
		"le_1123":{
			"Re":1.0770903605535131e-11,
			"Im":-6.381348895934972e-11
		},
		"le_1133":1.4867350707139805e-10,
		"le_2211":-3.034699530294799e-12,
		"le_2212":{
			"Re":-1.2598334614807369e-15,
			"Im":-4.254588190246769e-14
		},
		"le_2213":{
			"Re":3.811679231611978e-16,
			"Im":1.782491512600706e-14
		},
		"le_2222":1.4921844520857494e-10,
		"le_2223":{
			"Re":1.0770903605535131e-11,
			"Im":-6.381348895934972e-11
		},
		"le_2233":1.4867350707139805e-10,
		"le_3311":-3.034699530294799e-12,
		"le_3312":{
			"Re":-1.2598334614807369e-15,
			"Im":-4.254588190246769e-14
		},
		"le_3313":{
			"Re":3.811679231611978e-16,
			"Im":1.782491512600706e-14
		},
		"le_3322":1.4921844520857494e-10,
		"le_3323":{
			"Re":1.0770903605535131e-11,
			"Im":-6.381348895934972e-11
		},
		"le_3333":1.4867350707139805e-10,
		"ll_1111":-1.2243376943966673e-12,
		"ll_1122":-2.4486753887933346e-12,
		"ll_1133":-2.4486753887933346e-12,
		"ll_2222":-1.2243376943966673e-12,
		"ll_2233":-2.4486753887933346e-12,
		"ll_3333":-1.2243376943966673e-12,
		"lq1_1111":8.162251295977782e-13,
		"lq1_1122":8.162251295977782e-13,
		"lq1_1133":8.162251295977782e-13,
		"lq1_2211":8.162251295977782e-13,
		"lq1_2222":8.162251295977782e-13,