{
	"eft":"SMEFT",
	"basis":"Warsaw",
	"scale":1000,
	"values":{
		"dd_1111":-4.322716950314952e-14,
		"dd_1122":-8.645433900629904e-14,
		"dd_1133":-8.645433900629904e-14,
		"dd_2222":-4.322716950314952e-14,
		"dd_2233":-8.645433900629904e-14,
		"dd_3333":-4.322716950314952e-14,
		"eB_11":3.5849177470671125e-17,
		"eB_12":{
			"Re":-6.568812674537378e-19,
			"Im":3.436961448815802e-19
		},
		"eB_13":{
			"Re":-4.421022348645861e-18,
			"Im":-3.471308914392888e-18
		},
		"eB_21":{
			"Re":-1.3582402097683388e-16,
			"Im":-7.106640835261804e-17
		},
		"eB_22":4.335219475718673e-14,
		"eB_23":{
			"Re":4.067222199775052e-17,
			"Im":1.2437852090152603e-18
		},
		"eB_31":{
			"Re":-1.5373477968648317e-14,
			"Im":1.2070984245111852e-14
		},
		"eB_32":{
			"Re":6.840023796560921e-16,
			"Im":-2.0917274762970625e-17
		},
		"eB_33":5.43646491196362e-13,
		"ed_1111":1.913903389219245e-12,
		"ed_1122":1.913903389219245e-12,
		"ed_1133":1.913903389219245e-12,
		"ed_1211":{
			"Re":-3.9719881655511513e-14,
			"Im":2.079852596435556e-14
		},
		"ed_1222":{
			"Re":-3.9719881655511513e-14,
			"Im":2.079852596435556e-14
		},
		"ed_1233":{
			"Re":-3.9719881655511513e-14,
			"Im":2.079852596435556e-14
		},
		"ed_1311":{
			"Re":-2.6763841464316206e-13,
			"Im":-2.1014552591567567e-13
		},
		"ed_1322":{
			"Re":-2.6763841464316206e-13,
			"Im":-2.1014552591567567e-13
		},
		"ed_1333":{
			"Re":-2.6763841464316206e-13,
			"Im":-2.1014552591567567e-13
		},
		"ed_2211":1.243090034695025e-11,
		"ed_2222":1.243090034695025e-11,
		"ed_2233":1.243090034695025e-11,
		"ed_2311":{
			"Re":1.1886165273235508e-14,
			"Im":3.655966241249299e-16
		},
		"ed_2322":{
			"Re":1.1886165273235508e-14,
			"Im":3.655966241249299e-16
		},
		"ed_2333":{
			"Re":1.1886165273235508e-14,
			"Im":3.655966241249299e-16
		},
		"ed_3311":9.207938137445727e-12,
		"ed_3322":9.207938137445727e-12,
		"ed_3333":9.207938137445727e-12,
		"ee_1111":-3.192782658783389e-11,
		"ee_1112":{
			"Re":3.382996623535922e-12,
			"Im":-5.502380438788411e-13
		},
		"ee_1113":{
			"Re":1.9780043510319005e-11,
			"Im":1.6315787839209647e-11
		},
		"ee_1122":-6.145189368808526e-10,
		"ee_1123":{
			"Re":-4.863991812190575e-14,
			"Im":-4.4921078166575863e-14
		},
		"ee_1133":-4.5518560182553224e-10,
		"ee_1212":{
			"Re":-1.0703142598820011e-10,
			"Im":-1.553593199328114e-11
		},
		"ee_1213":{
			"Re":-1.1568757160575685e-12,
			"Im":5.554678233996893e-13
		},
		"ee_1222":{
			"Re":3.097755200821e-12,
			"Im":-4.738309421641751e-12
		},
		"ee_1223":{
			"Re":8.03263770701696e-11,
			"Im":6.316272873048898e-11
		},
		"ee_1232":{
			"Re":-4.4409605454242055e-11,
			"Im":2.972063747194827e-11
		},
		"ee_1233":{
			"Re":8.86257841666297e-12,
			"Im":-4.092821871214243e-12
		},
		"ee_1313":{
			"Re":-1.2835933497490566e-11,
			"Im":-8.108567649635585e-11
		},
		"ee_1323":{
			"Re":-2.9505187374388326e-12,
			"Im":-5.907886835152701e-12
		},
		"ee_1333":{
			"Re":2.8734151844058702e-11,
			"Im":2.17773214114646e-11
		},
		"ee_2222":-1.246186021090742e-9,
		"ee_2223":{
			"Re":5.754452491160255e-13,
			"Im":-4.436118060170898e-12
		},
		"ee_2233":-2.8047028946348724e-9,
		"ee_2323":{
			"Re":1.4127061442682393e-10,
			"Im":4.5680682222694257e-10
		},
		"ee_2333":{
			"Re":-4.82631759251084e-12,
			"Im":3.831414000490179e-12
		},
		"ee_3333":-6.854455648935456e-10,
		"ephi_11":2.1513693977547453e-18,
		"ephi_12":{
			"Re":-3.9351997342210013e-20,
			"Im":2.0600979383057436e-20
		},
		"ephi_13":{
			"Re":-2.6765402302076003e-19,
			"Im":-2.101576072756953e-19
		},
		"ephi_21":{
			"Re":-8.136571065913784e-18,
			"Im":-4.259538199362198e-18
		},
		"ephi_22":2.598888117376094e-15,
		"ephi_23":{
			"Re":2.459266555879893e-18,
			"Im":7.550536677842311e-20
		},
		"ephi_31":{
			"Re":-9.216935771792848e-16,
			"Im":7.236988933461189e-16
		},
		"ephi_32":{
			"Re":4.095797009933262e-17,
			"Im":-1.2575564150931093e-18
		},
		"ephi_33":3.291994545301311e-14,
		"eu_1111":-3.82780677843849e-12,
		"eu_1122":-3.82780677843849e-12,
		"eu_1133":-3.82780677843849e-12,
		"eu_1211":{
			"Re":7.943976331102303e-14,
			"Im":-4.159705192871112e-14
		},
		"eu_1222":{
			"Re":7.943976331102303e-14,
			"Im":-4.159705192871112e-14
		},
		"eu_1233":{
			"Re":7.943976331102303e-14,
			"Im":-4.159705192871112e-14
		},
		"eu_1311":{
			"Re":5.352768292863241e-13,
			"Im":4.2029105183135134e-13
		},
		"eu_1322":{
			"Re":5.352768292863241e-13,
			"Im":4.2029105183135134e-13
		},
		"eu_1333":{
			"Re":5.352768292863241e-13,
			"Im":4.2029105183135134e-13
		},
		"eu_2211":-2.48618006939005e-11,
		"eu_2222":-2.48618006939005e-11,
		"eu_2233":-2.48618006939005e-11,
		"eu_2311":{
			"Re":-2.3772330546471016e-14,
			"Im":-7.311932482498598e-16
		},
		"eu_2322":{
			"Re":-2.3772330546471016e-14,
			"Im":-7.311932482498598e-16
		},
		"eu_2333":{
			"Re":-2.3772330546471016e-14,
			"Im":-7.311932482498598e-16
		},
		"eu_3311":-1.8415876274891453e-11,
		"eu_3322":-1.8415876274891453e-11,
		"eu_3333":-1.8415876274891453e-11,
		"phi":8.567703988894482e-18,
		"phiB":-5.052833076510162e-14,
		"phiBox":-9.857363524340678e-14,
		"phid_11":1.2968150850944856e-13,
		"phid_22":1.2968150850944856e-13,
		"phid_33":1.2968150850944856e-13,
		"phiD":-3.890445255283456e-13,
		"phie_11":-2.870855083828864e-12,
		"phie_12":{
			"Re":5.957982248326725e-14,
			"Im":-3.119778894653332e-14
		},
		"phie_13":{
			"Re":4.014576219647425e-13,
			"Im":3.1521828887351303e-13
		},
		"phie_22":-1.8646350520425362e-11,
		"phie_23":{
			"Re":-1.7829247909853287e-14,
			"Im":-5.483949361873934e-16
		},
		"phie_33":-1.381190720616857e-11,
		"phil1_11":1.9452226246734245e-13,
		"phil1_13":{
			"Re":1.2729203238526726e-19,
			"Im":9.994746280473097e-20
		},
		"phil1_22":1.9444804123700185e-13,
		"phil1_23":{
			"Re":-1.1710526189274247e-18,
			"Im":-3.581161428753712e-20
		},
		"phil1_33":1.788693523497524e-13,
		"phil3_13":{
			"Re":1.2729203238526726e-19,
			"Im":9.994746280473097e-20
		},
		"phil3_22":-7.422152717097403e-17,
		"phil3_23":{
			"Re":-1.1710526189274247e-18,
			"Im":-3.581161428753712e-20
		},
		"phil3_33":-1.565291041442043e-14,
		"phiq1_11":-6.484075425472428e-14,
		"phiq1_22":-6.484075425472428e-14,
		"phiq1_33":-6.484075425472428e-14,
		"phiu_11":-2.593630170188971e-13,
		"phiu_22":-2.593630170188971e-13,
		"phiu_33":-2.593630170188971e-13,
		"ld_1111":-1.2968150850944856e-13,
		"ld_1122":-1.2968150850944856e-13,
		"ld_1133":-1.2968150850944856e-13,
		"ld_2211":-1.2968150850944856e-13,
		"ld_2222":-1.2968150850944856e-13,
		"ld_2233":-1.2968150850944856e-13,
		"ld_3311":-1.2968150850944856e-13,
		"ld_3322":-1.2968150850944856e-13,
		"ld_3333":-1.2968150850944856e-13,
		"le_1111":2.870855083828864e-12,
		"le_1112":{
			"Re":-5.957982248326725e-14,
			"Im":3.119778894653332e-14
		},
		"le_1113":{
			"Re":-4.014576219647425e-13,
			"Im":-3.1521828887351303e-13
		},
		"le_1122":1.8646350520425362e-11,
		"le_1123":{
			"Re":1.7829247909853287e-14,
			"Im":5.483949361873934e-16
		},
		"le_1133":1.381190720616857e-11,
		"le_2211":2.870855083828864e-12,
		"le_2212":{
			"Re":-5.957982248326725e-14,
			"Im":3.119778894653332e-14
		},
		"le_2213":{
			"Re":-4.014576219647425e-13,
			"Im":-3.1521828887351303e-13
		},
		"le_2222":1.8646350520425362e-11,
		"le_2223":{
			"Re":1.7829247909853287e-14,
			"Im":5.483949361873934e-16
		},
		"le_2233":1.381190720616857e-11,
		"le_3311":2.870855083828864e-12,
		"le_3312":{
			"Re":-5.957982248326725e-14,
			"Im":3.119778894653332e-14
		},
		"le_3313":{
			"Re":-4.014576219647425e-13,
			"Im":-3.1521828887351303e-13
		},
		"le_3322":1.8646350520425362e-11,
		"le_3323":{
			"Re":1.7829247909853287e-14,
			"Im":5.483949361873934e-16
		},
		"le_3333":1.381190720616857e-11,
		"ll_1111":-9.72611313820864e-14,
		"ll_1122":-1.945222627641728e-13,
		"ll_1133":-1.945222627641728e-13,
		"ll_2222":-9.72611313820864e-14,
		"ll_2233":-1.945222627641728e-13,
		"ll_3333":-9.72611313820864e-14,
		"lq1_1111":6.484075425472428e-14,