{
	"eft":"SMEFT",
	"basis":"Warsaw",
	"scale":1000,
	"values":{
		"dd_1111":-9.294977260546312e-14,
		"dd_1122":-1.8589954521092623e-13,
		"dd_1133":-1.8589954521092623e-13,
		"dd_2222":-9.294977260546312e-14,
		"dd_2233":-1.8589954521092623e-13,
		"dd_3333":-9.294977260546312e-14,
		"eB_11":1.4945849033224664e-16,
		"eB_12":{
			"Re":-6.670473724531766e-20,
			"Im":-2.9578432755458536e-20
		},
		"eB_13":{
			"Re":2.4867422495223623e-18,
			"Im":-2.644612950443595e-20
		},
		"eB_21":{
			"Re":-1.379260770516688e-17,
			"Im":6.1159632190641065e-18
		},
		"eB_22":2.064449931149069e-15,
		"eB_23":{
			"Re":-9.644894218770331e-16,
			"Im":4.202213546800375e-16
		},
		"eB_31":{
			"Re":8.647293357032843e-15,
			"Im":9.196266321002602e-17
		},
		"eB_32":{
			"Re":-1.622023649835281e-14,
			"Im":-7.0670445937119e-15
		},
		"eB_33":6.28948487236002e-13,
		"ed_1111":1.0334254689651425e-11,
		"ed_1122":1.0334254689651425e-11,
		"ed_1133":1.0334254689651425e-11,
		"ed_1211":{
			"Re":-4.857770227438387e-15,
			"Im":-2.1480500298274965e-15
		},
		"ed_1222":{
			"Re":-4.857770227438387e-15,
			"Im":-2.1480500298274965e-15
		},
		"ed_1233":{
			"Re":-4.857770227438387e-15,
			"Im":-2.1480500298274965e-15
		},
		"ed_1311":{
			"Re":1.814278094231231e-13,
			"Im":-2.0089740919807245e-15
		},
		"ed_1322":{
			"Re":1.814278094231231e-13,
			"Im":-2.0089740919807245e-15
		},
		"ed_1333":{
			"Re":1.814278094231231e-13,
			"Im":-2.0089740919807245e-15
		},
		"ed_2211":1.6935558756705653e-13,
		"ed_2222":1.6935558756705653e-13,
		"ed_2233":1.6935558756705653e-13,
		"ed_2311":{
			"Re":-3.400196348699796e-13,
			"Im":1.4814457383006392e-13
		},
		"ed_2322":{
			"Re":-3.400196348699796e-13,
			"Im":1.4814457383006392e-13
		},
		"ed_2333":{
			"Re":-3.400196348699796e-13,
			"Im":1.4814457383006392e-13
		},
		"ed_3311":1.2625687636243795e-11,
		"ed_3322":1.2625687636243795e-11,
		"ed_3333":1.2625687636243795e-11,
		"ee_1111":-1.0533995446085991e-10,
		"ee_1112":{
			"Re":4.072363675189939e-12,
			"Im":-1.1908081526776212e-12
		},
		"ee_1113":{
			"Re":-2.882862495992841e-11,
			"Im":1.0499582752224865e-10
		},
		"ee_1122":-3.928903874702338e-11,
		"ee_1123":{
			"Re":3.242391700927276e-11,
			"Im":-1.3436650959482406e-11
		},
		"ee_1133":-1.2166922164569632e-9,
		"ee_1212":{
			"Re":-8.959539202485503e-12,
			"Im":-2.4771126616066358e-11
		},
		"ee_1213":{
			"Re":-2.0829343030329662e-11,
			"Im":-2.476051529419284e-11
		},
		"ee_1222":{
			"Re":2.3623360192675296e-14,
			"Im":-2.4291586540471654e-13
		},
		"ee_1223":{
			"Re":-7.806671970666069e-13,
			"Im":-2.8463249260435576e-13
		},
		"ee_1232":{
			"Re":-6.160487687492571e-12,
			"Im":2.9899477389894232e-12
		},
		"ee_1233":{
			"Re":-4.677105877326527e-12,
			"Im":6.563594651317547e-12
		},
		"ee_1313":{
			"Re":4.3816305991419883e-10,
			"Im":2.226601204600385e-10
		},
		"ee_1323":{
			"Re":3.685355193724563e-12,
			"Im":3.2354851496760223e-12
		},
		"ee_1333":{
			"Re":2.3969437656128903e-11,
			"Im":-1.1916574797043958e-10
		},
		"ee_2222":6.337781010985676e-13,
		"ee_2223":{
			"Re":3.2150249018346157e-12,
			"Im":-1.2669181865850366e-12
		},
		"ee_2233":-4.6377716058646316e-11,
		"ee_2323":{
			"Re":-2.3697656215714694e-11,
			"Im":2.2301017142948906e-11
		},
		"ee_2333":{
			"Re":3.911036005551561e-12,
			"Im":-2.115308514070847e-12
		},
		"ee_3333":-1.6104405604663707e-10,
		"ephi_11":7.843259140570789e-18,
		"ephi_13":1.3206758663090869e-19,
		"ephi_21":{
			"Re":-7.234350574891422e-19,
			"Im":3.2013520357072236e-19
		},
		"ephi_22":1.0828147598386948e-16,
		"ephi_23":{
			"Re":-5.119063494369147e-17,
			"Im":2.2303445691675586e-17
		},
		"ephi_31":{
			"Re":4.541641003675156e-16,
			"Im":4.975487492978858e-18
		},
		"ephi_32":{
			"Re":-8.51395821772589e-16,
			"Im":-3.709479455125296e-16
		},
		"ephi_33":3.337973530276102e-14,
		"eu_1111":-2.066850937930285e-11,
		"eu_1122":-2.066850937930285e-11,
		"eu_1133":-2.066850937930285e-11,
		"eu_1211":{
			"Re":9.715540454876774e-15,
			"Im":4.296100059654993e-15
		},
		"eu_1222":{
			"Re":9.715540454876774e-15,
			"Im":4.296100059654993e-15
		},
		"eu_1233":{
			"Re":9.715540454876774e-15,
			"Im":4.296100059654993e-15
		},
		"eu_1311":{
			"Re":-3.628556188462462e-13,
			"Im":4.017948183961449e-15
		},
		"eu_1322":{
			"Re":-3.628556188462462e-13,
			"Im":4.017948183961449e-15
		},
		"eu_1333":{
			"Re":-3.628556188462462e-13,
			"Im":4.017948183961449e-15
		},
		"eu_2211":-3.3871117513411307e-13,
		"eu_2222":-3.3871117513411307e-13,
		"eu_2233":-3.3871117513411307e-13,
		"eu_2311":{
			"Re":6.800392697399592e-13,
			"Im":-2.9628914766012784e-13
		},
		"eu_2322":{
			"Re":6.800392697399592e-13,
			"Im":-2.9628914766012784e-13
		},
		"eu_2333":{
			"Re":6.800392697399592e-13,
			"Im":-2.9628914766012784e-13
		},
		"eu_3311":-2.525137527248759e-11,
		"eu_3322":-2.525137527248759e-11,
		"eu_3333":-2.525137527248759e-11,
		"phi":8.312723551831342e-18,
		"phiB":-8.333400758811947e-14,
		"phiBox":-2.1079727736116258e-13,
		"phid_11":2.7884931781638933e-13,
		"phid_22":2.7884931781638933e-13,
		"phid_33":2.7884931781638933e-13,
		"phiD":-8.36547953449168e-13,
		"phie_11":-1.5501382034477144e-11,
		"phie_12":{
			"Re":7.286655341157558e-15,
			"Im":3.2220750447412384e-15
		},
		"phie_13":{
			"Re":-2.7214171413468405e-13,
			"Im":3.0134611379708845e-15
		},
		"phie_22":-2.5403338135058465e-13,
		"phie_23":{
			"Re":5.100294523049695e-13,
			"Im":-2.2221686074509588e-13
		},
		"phie_33":-1.893853145436569e-11,
		"phil1_11":4.1827397548707126e-13,
		"phil1_13":-7.159938358080636e-20,
		"phil1_22":4.1827044226392944e-13,
		"phil1_23":{
			"Re":2.7770006356657247e-17,
			"Im":-1.2099199250891895e-17
		},
		"phil1_33":4.001650134820815e-13,
		"phil3_13":-7.159938358080636e-20,
		"phil3_22":-3.534460654555326e-18,
		"phil3_23":{
			"Re":2.7770006356657247e-17,
			"Im":-1.2099199250891895e-17
		},
		"phil3_33":-1.8108963242502502e-14,
		"phiq1_11":-1.3942465890819467e-13,
		"phiq1_22":-1.3942465890819467e-13,
		"phiq1_33":-1.3942465890819467e-13,
		"phiu_11":-5.576986356327787e-13,
		"phiu_22":-5.576986356327787e-13,
		"phiu_33":-5.576986356327787e-13,
		"ld_1111":-2.7884931781638933e-13,
		"ld_1122":-2.7884931781638933e-13,
		"ld_1133":-2.7884931781638933e-13,
		"ld_2211":-2.7884931781638933e-13,
		"ld_2222":-2.7884931781638933e-13,
		"ld_2233":-2.7884931781638933e-13,
		"ld_3311":-2.7884931781638933e-13,
		"ld_3322":-2.7884931781638933e-13,
		"ld_3333":-2.7884931781638933e-13,
		"le_1111":1.5501382034477144e-11,
		"le_1112":{
			"Re":-7.286655341157558e-15,
			"Im":-3.2220750447412384e-15
		},
		"le_1113":{
			"Re":2.7214171413468405e-13,
			"Im":-3.0134611379708845e-15
		},
		"le_1122":2.5403338135058465e-13,
		"le_1123":{
			"Re":-5.100294523049695e-13,
			"Im":2.2221686074509588e-13
		},
		"le_1133":1.893853145436569e-11,
		"le_2211":1.5501382034477144e-11,
		"le_2212":{
			"Re":-7.286655341157558e-15,
			"Im":-3.2220750447412384e-15
		},
		"le_2213":{
			"Re":2.7214171413468405e-13,
			"Im":-3.0134611379708845e-15
		},
		"le_2222":2.5403338135058465e-13,
		"le_2223":{
			"Re":-5.100294523049695e-13,
			"Im":2.2221686074509588e-13
		},
		"le_2233":1.893853145436569e-11,
		"le_3311":1.5501382034477144e-11,
		"le_3312":{
			"Re":-7.286655341157558e-15,
			"Im":-3.2220750447412384e-15
		},
		"le_3313":{
			"Re":2.7214171413468405e-13,
			"Im":-3.0134611379708845e-15
		},
		"le_3322":2.5403338135058465e-13,
		"le_3323":{
			"Re":-5.100294523049695e-13,
			"Im":2.2221686074509588e-13
		},
		"le_3333":1.893853145436569e-11,
		"ll_1111":-2.09136988362292e-13,
		"ll_1122":-4.18273976724584e-13,
		"ll_1133":-4.18273976724584e-13,
		"ll_2222":-2.09136988362292e-13,
		"ll_2233":-4.18273976724584e-13,
		"ll_3333":-2.09136988362292e-13,
		"lq1_1111":1.3942465890819467e-13,
		"lq1_1122":1.3942465890819467e-13,
		"lq1_1133":1.3942465890819467e-13,
		"lq1_2211":1.3942465890819467e-13,
		"lq1_2222":1.3942465890819467e-13,
		"lq1_2233":1.3942465890819467e-13,