{
	"eft":"SMEFT",
	"basis":"Warsaw",
	"scale":1000,
	"values":{
		"dd_1111":-4.720943885170378e-14,
		"dd_1122":-9.441887770340756e-14,
		"dd_1133":-9.441887770340756e-14,
		"dd_2222":-4.720943885170378e-14,
		"dd_2233":-9.441887770340756e-14,
		"dd_3333":-4.720943885170378e-14,
		"eB_11":4.1668505533544414e-17,
		"eB_12":{
			"Re":-1.1456227125206577e-19,
			"Im":1.7495554093726363e-19
		},
		"eB_13":{
			"Re":-2.5883444126049208e-18,
			"Im":4.5133029158090543e-17
		},
		"eB_21":{
			"Re":-2.3688159648714786e-17,
			"Im":-3.617573866033513e-17
		},
		"eB_22":2.772246920384603e-14,
		"eB_23":{
			"Re":-1.891827106941668e-17,
			"Im":1.0891301693756067e-17
		},
		"eB_31":{
			"Re":-9.000600463972702e-15,
			"Im":-1.5694370548314216e-13
		},
		"eB_32":{
			"Re":-3.181567614175538e-16,
			"Im":-1.8316373952949106e-16
		},
		"eB_33":3.8685284698657365e-13,
		"ed_1111":2.3057559873043845e-12,
		"ed_1122":2.3057559873043845e-12,
		"ed_1133":2.3057559873043845e-12,
		"ed_1211":{
			"Re":-7.033555737080134e-15,
			"Im":1.0743852331734963e-14
		},
		"ed_1222":{
			"Re":-7.033555737080134e-15,
			"Im":1.0743852331734963e-14
		},
		"ed_1233":{
			"Re":-7.033555737080134e-15,
			"Im":1.0743852331734963e-14
		},
		"ed_1311":{
			"Re":-1.5893162426456044e-13,
			"Im":2.7712806134522778e-12
		},
		"ed_1322":{
			"Re":-1.5893162426456044e-13,
			"Im":2.7712806134522778e-12
		},
		"ed_1333":{
			"Re":-1.5893162426456044e-13,
			"Im":2.7712806134522778e-12
		},
		"ed_2211":7.978924644575384e-12,
		"ed_2222":7.978924644575384e-12,
		"ed_2233":7.978924644575384e-12,
		"ed_2311":{
			"Re":-5.6158194678356015e-15,
			"Im":3.2328068301070188e-15
		},
		"ed_2322":{
			"Re":-5.6158194678356015e-15,
			"Im":3.2328068301070188e-15
		},
		"ed_2333":{
			"Re":-5.6158194678356015e-15,
			"Im":3.2328068301070188e-15
		},
		"ed_3311":6.578190928683413e-12,
		"ed_3322":6.578190928683413e-12,
		"ed_3333":6.578190928683413e-12,
		"ee_1111":-6.160131937711075e-11,
		"ee_1112":{
			"Re":3.153478421014425e-13,
			"Im":-5.098417152225442e-13
		},
		"ee_1113":{
			"Re":-1.8252036700076407e-12,
			"Im":-1.2685728612007445e-10
		},
		"ee_1122":-4.224036936739762e-10,
		"ee_1123":{
			"Re":3.9399696649481e-13,
			"Im":-2.294330018498484e-15
		},
		"ee_1133":-2.8979777745856967e-10,
		"ee_1212":{
			"Re":-2.186841999060488e-11,
			"Im":4.137985557819496e-12
		},
		"ee_1213":{
			"Re":6.813126069223651e-13,
			"Im":2.4174938195626765e-13
		},
		"ee_1222":{
			"Re":1.950459399504022e-12,
			"Im":-1.3839091988568132e-12
		},
		"ee_1223":{
			"Re":2.761133938066022e-11,
			"Im":-4.81589164986046e-10
		},
		"ee_1232":{
			"Re":1.6142110131222695e-10,
			"Im":1.8768894768427443e-10
		},
		"ee_1233":{
			"Re":-1.6230343973382854e-12,
			"Im":-6.803551010497168e-13
		},
		"ee_1313":{
			"Re":6.727723619929302e-11,
			"Im":7.065760671356035e-13
		},
		"ee_1323":{
			"Re":3.4987434278372944e-13,
			"Im":9.96443739936625e-13
		},
		"ee_1333":{
			"Re":2.098187775157068e-11,
			"Im":-2.0703673916019544e-10
		},
		"ee_2222":-4.316533062679286e-10,
		"ee_2223":{
			"Re":-3.1152065880025846e-13,
			"Im":1.8484062551598845e-12
		},
		"ee_2233":-1.1648414778475754e-9,
		"ee_2323":{
			"Re":1.5831165179165207e-10,
			"Im":1.3886006727434282e-10
		},
		"ee_2333":{
			"Re":1.2874695838099575e-12,
			"Im":-2.5210443780630385e-12
		},
		"ee_3333":-3.190239157578466e-10,
		"ephi_11":-5.697743561857447e-18,
		"ephi_12":{
			"Re":1.5534955409380085e-20,
			"Im":-2.3728210963207673e-20
		},
		"ephi_13":{
			"Re":3.4950159058771176e-19,
			"Im":-6.0942464336318085e-18
		},
		"ephi_21":{
			"Re":3.2122280661163256e-18,
			"Im":4.906381963828783e-18
		},
		"ephi_22":-3.7690130260094165e-15,
		"ephi_23":{
			"Re":2.553829679306827e-18,
			"Im":-1.4701718515945418e-18
		},
		"ephi_31":{
			"Re":1.2206320349680222e-15,
			"Im":2.128411641675251e-14
		},
		"ephi_32":{
			"Re":4.313518646874677e-17,
			"Im":2.483178555646728e-17
		},
		"ephi_33":-5.2399049424373464e-14,
		"eu_1111":-4.611511974608769e-12,
		"eu_1122":-4.611511974608769e-12,
		"eu_1133":-4.611511974608769e-12,
		"eu_1211":{
			"Re":1.4067111474160267e-14,
			"Im":-2.1487704663469926e-14
		},
		"eu_1222":{
			"Re":1.4067111474160267e-14,
			"Im":-2.1487704663469926e-14
		},
		"eu_1233":{
			"Re":1.4067111474160267e-14,
			"Im":-2.1487704663469926e-14
		},
		"eu_1311":{
			"Re":3.178632485291209e-13,
			"Im":-5.5425612269045556e-12
		},
		"eu_1322":{
			"Re":3.178632485291209e-13,
			"Im":-5.5425612269045556e-12
		},
		"eu_1333":{
			"Re":3.178632485291209e-13,
			"Im":-5.5425612269045556e-12
		},
		"eu_2211":-1.595784928915077e-11,
		"eu_2222":-1.595784928915077e-11,
		"eu_2233":-1.595784928915077e-11,
		"eu_2311":{
			"Re":1.1231638935671203e-14,
			"Im":-6.4656136602140376e-15
		},
		"eu_2322":{
			"Re":1.1231638935671203e-14,
			"Im":-6.4656136602140376e-15
		},
		"eu_2333":{
			"Re":1.1231638935671203e-14,
			"Im":-6.4656136602140376e-15
		},
		"eu_3311":-1.3156381857366825e-11,
		"eu_3322":-1.3156381857366825e-11,
		"eu_3333":-1.3156381857366825e-11,
		"phi":-1.0514684986061877e-16,
		"phiB":1.2360240324946417e-13,
		"phiBox":-1.1341262139031362e-13,
		"phid_11":1.4162831655511132e-13,
		"phid_22":1.4162831655511132e-13,
		"phid_33":1.4162831655511132e-13,
		"phiD":-4.24884949665334e-13,
		"phie_11":-3.4586339809565773e-12,
		"phie_12":{
			"Re":1.0550333605620205e-14,
			"Im":-1.611577849760245e-14
		},
		"phie_13":{
			"Re":2.383974363968407e-13,
			"Im":-4.156920920178417e-12
		},
		"phie_22":-1.1968386966863088e-11,
		"phie_23":{
			"Re":8.423729201753437e-15,
			"Im":-4.8492102451605416e-15
		},
		"phie_33":-9.86728639302512e-12,
		"phil1_11":2.1244247448765276e-13,
		"phil1_13":{
			"Re":7.452475803350061e-20,
			"Im":-1.299490153221362e-18
		},
		"phil1_22":2.1239501232211167e-13,
		"phil1_23":{
			"Re":5.4470323462152675e-19,
			"Im":-3.1358717929665216e-19
		},
		"phil1_33":2.0130403642553456e-13,
		"phil3_13":{
			"Re":7.452475803350061e-20,
			"Im":-1.299490153221362e-18
		},
		"phil3_22":-4.746251055533119e-17,
		"phil3_23":{
			"Re":5.4470323462152675e-19,
			"Im":-3.1358717929665216e-19
		},
		"phil3_33":-1.1138438407132433e-14,
		"phiq1_11":-7.081415827755566e-14,
		"phiq1_22":-7.081415827755566e-14,
		"phiq1_33":-7.081415827755566e-14,
		"phiu_11":-2.8325663311022264e-13,
		"phiu_22":-2.8325663311022264e-13,
		"phiu_33":-2.8325663311022264e-13,
		"ld_1111":-1.4162831655511132e-13,
		"ld_1122":-1.4162831655511132e-13,
		"ld_1133":-1.4162831655511132e-13,
		"ld_2211":-1.4162831655511132e-13,
		"ld_2222":-1.4162831655511132e-13,
		"ld_2233":-1.4162831655511132e-13,
		"ld_3311":-1.4162831655511132e-13,
		"ld_3322":-1.4162831655511132e-13,
		"ld_3333":-1.4162831655511132e-13,
		"le_1111":3.4586339809565773e-12,
		"le_1112":{
			"Re":-1.0550333605620205e-14,
			"Im":1.611577849760245e-14
		},
		"le_1113":{
			"Re":-2.383974363968407e-13,
			"Im":4.156920920178417e-12
		},
		"le_1122":1.1968386966863088e-11,
		"le_1123":{
			"Re":-8.423729201753437e-15,
			"Im":4.8492102451605416e-15
		},
		"le_1133":9.86728639302512e-12,
		"le_2211":3.4586339809565773e-12,
		"le_2212":{
			"Re":-1.0550333605620205e-14,
			"Im":1.611577849760245e-14
		},
		"le_2213":{
			"Re":-2.383974363968407e-13,
			"Im":4.156920920178417e-12
		},
		"le_2222":1.1968386966863088e-11,
		"le_2223":{
			"Re":-8.423729201753437e-15,
			"Im":4.8492102451605416e-15
		},
		"le_2233":9.86728639302512e-12,
		"le_3311":3.4586339809565773e-12,
		"le_3312":{
			"Re":-1.0550333605620205e-14,
			"Im":1.611577849760245e-14
		},
		"le_3313":{
			"Re":-2.383974363968407e-13,
			"Im":4.156920920178417e-12
		},
		"le_3322":1.1968386966863088e-11,
		"le_3323":{
			"Re":-8.423729201753437e-15,
			"Im":4.8492102451605416e-15
		},
		"le_3333":9.86728639302512e-12,
		"ll_1111":-1.062212374163335e-13,
		"ll_1122":-2.12442474832667e-13,
		"ll_1133":-2.12442474832667e-13,
		"ll_2222":-1.062212374163335e-13,
		"ll_2233":-2.12442474832667e-13,
		"ll_3333":-1.062212374163335e-13,