{
	"eft":"SMEFT",
	"basis":"Warsaw",
	"scale":1000,
	"values":{
		"dd_1111":-4.274515915149601e-14,
		"dd_1122":-8.549031830299202e-14,
		"dd_1133":-8.549031830299202e-14,
		"dd_2222":-4.274515915149601e-14,
		"dd_2233":-8.549031830299202e-14,
		"dd_3333":-4.274515915149601e-14,
		"eB_11":6.652600327406011e-17,
		"eB_12":{
			"Re":7.767955939211529e-19,
			"Im":1.2860670627048196e-18
		},
		"eB_13":{
			"Re":-6.108713451540077e-18,
			"Im":9.943396501739028e-18
		},
		"eB_21":{
			"Re":1.6061883063348094e-16,
			"Im":-2.659214204410783e-16
		},
		"eB_22":1.3105201713440669e-14,
		"eB_23":{
			"Re":2.8763238229815876e-16,
			"Im":5.717249506160941e-16
		},
		"eB_31":{
			"Re":-2.124218433159508e-14,
			"Im":-3.457675057893364e-14
		},
		"eB_32":{
			"Re":4.837238397473649e-15,
			"Im":-9.614946209523497e-15
		},
		"eB_33":3.0461691639973437e-13,
		"ed_1111":4.395434386087932e-12,
		"ed_1122":4.395434386087932e-12,
		"ed_1133":4.395434386087932e-12,
		"ed_1211":{
			"Re":5.4354311946028784e-14,
			"Im":8.998337101714445e-14
		},
		"ed_1222":{
			"Re":5.4354311946028784e-14,
			"Im":8.998337101714445e-14
		},
		"ed_1233":{
			"Re":5.4354311946028784e-14,
			"Im":8.998337101714445e-14
		},
		"ed_1311":{
			"Re":-4.2744669671414737e-13,
			"Im":6.957669518787423e-13
		},
		"ed_1322":{
			"Re":-4.2744669671414737e-13,
			"Im":6.957669518787423e-13
		},
		"ed_1333":{
			"Re":-4.2744669671414737e-13,
			"Im":6.957669518787423e-13
		},
		"ed_2211":4.175353410537293e-12,
		"ed_2222":4.175353410537293e-12,
		"ed_2233":4.175353410537293e-12,
		"ed_2311":{
			"Re":9.734272750401228e-14,
			"Im":1.9351432500111493e-13
		},
		"ed_2322":{
			"Re":9.734272750401228e-14,
			"Im":1.9351432500111493e-13
		},
		"ed_2333":{
			"Re":9.734272750401228e-14,
			"Im":1.9351432500111493e-13
		},
		"ed_3311":5.870528532333583e-12,
		"ed_3322":5.870528532333583e-12,
		"ed_3333":5.870528532333583e-12,
		"ee_1111":-1.3298635016455512e-10,
		"ee_1112":{
			"Re":-1.489178795490319e-11,
			"Im":-2.0617017269475135e-11
		},
		"ee_1113":{
			"Re":1.1046048962271621e-10,
			"Im":-1.8476537782443632e-10
		},
		"ee_1122":-3.9465253180322807e-10,
		"ee_1123":{
			"Re":4.0592109628898805e-13,
			"Im":7.518469451958743e-12
		},
		"ee_1133":-3.1226951626829547e-10,
		"ee_1212":{
			"Re":-9.839487511614037e-11,
			"Im":2.3888787327996555e-12
		},
		"ee_1213":{
			"Re":3.888165946138192e-11,
			"Im":1.7465254803716186e-11
		},
		"ee_1222":{
			"Re":7.562088267496679e-12,
			"Im":-2.4147048090495754e-11
		},
		"ee_1223":{
			"Re":3.030443018271207e-11,
			"Im":-5.8001383122933156e-11
		},
		"ee_1232":{
			"Re":-9.610725785775506e-11,
			"Im":-1.533406006813208e-10
		},
		"ee_1233":{
			"Re":-1.6253209357678926e-12,
			"Im":6.079414942898144e-11
		},
		"ee_1313":{
			"Re":6.307084509228333e-11,
			"Im":1.1413073772814302e-10
		},
		"ee_1323":{
			"Re":-2.1582837690446146e-11,
			"Im":-4.006185550841394e-12
		},
		"ee_1333":{
			"Re":-6.238438357545082e-11,
			"Im":1.0987766470776942e-10
		},
		"ee_2222":-6.162544731161464e-11,
		"ee_2223":{
			"Re":-5.6054525062469285e-11,
			"Im":-4.086298881244348e-11
		},
		"ee_2233":-5.065482179642575e-10,
		"ee_2323":{
			"Re":-7.380682290212981e-11,
			"Im":-1.4216879412934538e-10
		},
		"ee_2333":{
			"Re":4.208011453348447e-11,
			"Im":1.51508570250181e-11
		},
		"ee_3333":-1.6740103214067678e-10,
		"ephi_11":1.991251366443987e-17,
		"ephi_12":{
			"Re":2.3262287864617e-19,
			"Im":3.851133845627083e-19
		},
		"ephi_13":{
			"Re":-1.8329368246982343e-18,
			"Im":2.9835286442765458e-18
		},
		"ephi_21":{
			"Re":4.8099340127071764e-17,
			"Im":-7.962974137907396e-17
		},
		"ephi_22":3.922595294094498e-15,
		"ephi_23":{
			"Re":8.630824316179854e-17,
			"Im":1.7157148134126734e-16
		},
		"ephi_31":{
			"Re":-6.3612932787027804e-15,
			"Im":-1.0354476084293237e-14
		},
		"ephi_32":{
			"Re":1.4486502264348496e-15,
			"Im":-2.879761014968321e-15
		},
		"ephi_33":9.137248920286206e-14,
		"eu_1111":-8.790868772175864e-12,
		"eu_1122":-8.790868772175864e-12,
		"eu_1133":-8.790868772175864e-12,
		"eu_1211":{
			"Re":-1.0870862389205757e-13,
			"Im":-1.799667420342889e-13
		},
		"eu_1222":{
			"Re":-1.0870862389205757e-13,
			"Im":-1.799667420342889e-13
		},
		"eu_1233":{
			"Re":-1.0870862389205757e-13,
			"Im":-1.799667420342889e-13
		},
		"eu_1311":{
			"Re":8.548933934282947e-13,
			"Im":-1.3915339037574846e-12
		},
		"eu_1322":{
			"Re":8.548933934282947e-13,
			"Im":-1.3915339037574846e-12
		},
		"eu_1333":{
			"Re":8.548933934282947e-13,
			"Im":-1.3915339037574846e-12
		},
		"eu_2211":-8.350706821074586e-12,
		"eu_2222":-8.350706821074586e-12,
		"eu_2233":-8.350706821074586e-12,
		"eu_2311":{
			"Re":-1.9468545500802456e-13,
			"Im":-3.8702865000222986e-13
		},
		"eu_2322":{
			"Re":-1.9468545500802456e-13,
			"Im":-3.8702865000222986e-13
		},
		"eu_2333":{
			"Re":-1.9468545500802456e-13,
			"Im":-3.8702865000222986e-13
		},
		"eu_3311":-1.1741057064667167e-11,
		"eu_3322":-1.1741057064667167e-11,
		"eu_3333":-1.1741057064667167e-11,
		"phi":7.762195331469559e-16,
		"phiB":-2.2524841768701005e-13,
		"phiBox":-1.2255352586621863e-13,
		"phid_11":1.2823547745448803e-13,
		"phid_22":1.2823547745448803e-13,
		"phid_33":1.2823547745448803e-13,
		"phiD":-3.8470643236346406e-13,
		"phie_11":-6.593151579131897e-12,
		"phie_12":{
			"Re":-8.15314679190431e-14,
			"Im":-1.3497505652571688e-13
		},
		"phie_13":{
			"Re":6.411700450712205e-13,
			"Im":-1.0436504278181122e-12
		},
		"phie_22":-6.263030115805944e-12,
		"phie_23":{
			"Re":-1.4601409125601798e-13,
			"Im":-2.902714875016717e-13
		},
		"phie_33":-8.805792798500371e-12,
		"phil1_11":1.923532156308983e-13,
		"phil1_13":{
			"Re":1.7588478166004486e-19,
			"Im":-2.862946734269729e-19
		},
		"phil1_22":1.923307792995741e-13,
		"phil1_23":{
			"Re":-8.281638868838429e-18,
			"Im":-1.6461357846693628e-17
		},
		"phil1_33":1.8358255108900023e-13,
		"phil3_13":{
			"Re":1.7588478166004486e-19,
			"Im":-2.862946734269729e-19
		},
		"phil3_22":-2.243688215794392e-17,
		"phil3_23":{
			"Re":-8.281638868838429e-18,
			"Im":-1.6461357846693628e-17
		},
		"phil3_33":-8.770665092731777e-15,
		"phiq1_11":-6.411773872724401e-14,
		"phiq1_22":-6.411773872724401e-14,
		"phiq1_33":-6.411773872724401e-14,
		"phiu_11":-2.5647095490897606e-13,
		"phiu_22":-2.5647095490897606e-13,
		"phiu_33":-2.5647095490897606e-13,
		"ld_1111":-1.2823547745448803e-13,
		"ld_1122":-1.2823547745448803e-13,
		"ld_1133":-1.2823547745448803e-13,
		"ld_2211":-1.2823547745448803e-13,
		"ld_2222":-1.2823547745448803e-13,
		"ld_2233":-1.2823547745448803e-13,
		"ld_3311":-1.2823547745448803e-13,
		"ld_3322":-1.2823547745448803e-13,
		"ld_3333":-1.2823547745448803e-13,
		"le_1111":6.593151579131897e-12,
		"le_1112":{
			"Re":8.15314679190431e-14,
			"Im":1.3497505652571688e-13
		},
		"le_1113":{
			"Re":-6.411700450712205e-13,
			"Im":1.0436504278181122e-12
		},
		"le_1122":6.263030115805944e-12,
		"le_1123":{
			"Re":1.4601409125601798e-13,
			"Im":2.902714875016717e-13
		},
		"le_1133":8.805792798500371e-12,
		"le_2211":6.593151579131897e-12,
		"le_2212":{
			"Re":8.15314679190431e-14,
			"Im":1.3497505652571688e-13
		},
		"le_2213":{
			"Re":-6.411700450712205e-13,
			"Im":1.0436504278181122e-12
		},
		"le_2222":6.263030115805944e-12,
		"le_2223":{
			"Re":1.4601409125601798e-13,
			"Im":2.902714875016717e-13
		},
		"le_2233":8.805792798500371e-12,
		"le_3311":6.593151579131897e-12,
		"le_3312":{
			"Re":8.15314679190431e-14,
			"Im":1.3497505652571688e-13
		},
		"le_3313":{
			"Re":-6.411700450712205e-13,
			"Im":1.0436504278181122e-12
		},
		"le_3322":6.263030115805944e-12,
		"le_3323":{
			"Re":1.4601409125601798e-13,
			"Im":2.902714875016717e-13
		},
		"le_3333":8.805792798500371e-12,
		"ll_1111":-9.617660809086601e-14,
		"ll_1122":-1.9235321618173203e-13,
		"ll_1133":-1.9235321618173203e-13,
		"ll_2222":-9.617660809086601e-14,
		"ll_2233":-1.9235321618173203e-13,
		"ll_3333":-9.617660809086601e-14,
		"lq1_1111":6.411773872724401e-14,