{
	"eft":"SMEFT",
	"basis":"Warsaw",
	"scale":1000,
	"values":{
		"dd_1111":-6.488297837105469e-14,
		"dd_1122":-1.2976595674210938e-13,
		"dd_1133":-1.2976595674210938e-13,
		"dd_2222":-6.488297837105469e-14,
		"dd_2233":-1.2976595674210938e-13,
		"dd_3333":-6.488297837105469e-14,
		"eB_11":5.683901969640434e-17,
		"eB_12":{
			"Re":-4.484737784194808e-19,
			"Im":-2.7143078051610936e-20
		},
		"eB_13":{
			"Re":-6.44883271417443e-19,
			"Im":-2.570220486577482e-19
		},
		"eB_21":{
			"Re":-9.273138831272491e-17,
			"Im":5.612402401043477e-18
		},
		"eB_22":3.9660885345877834e-14,
		"eB_23":{
			"Re":-4.1510230876301415e-18,
			"Im":-1.8619690357285565e-18
		},
		"eB_31":{
			"Re":-2.242490081173764e-15,
			"Im":8.937577082610792e-16
		},
		"eB_32":{
			"Re":-6.980955380562755e-17,
			"Im":3.131354002136217e-17
		},
		"eB_33":1.4758735910645804e-13,
		"ed_1111":3.7690582197143614e-12,
		"ed_1122":3.7690582197143614e-12,
		"ed_1133":3.7690582197143614e-12,
		"ed_1211":{
			"Re":-3.289342576424016e-14,
			"Im":-1.9900966890255915e-15
		},
		"ed_1222":{
			"Re":-3.289342576424016e-14,
			"Im":-1.9900966890255915e-15
		},
		"ed_1233":{
			"Re":-3.289342576424016e-14,
			"Im":-1.9900966890255915e-15
		},
		"ed_1311":{
			"Re":-4.720678889958679e-14,
			"Im":-1.8813368878804816e-14
		},
		"ed_1322":{
			"Re":-4.720678889958679e-14,
			"Im":-1.8813368878804816e-14
		},
		"ed_1333":{
			"Re":-4.720678889958679e-14,
			"Im":-1.8813368878804816e-14
		},
		"ed_2211":1.3668572473466357e-11,
		"ed_2222":1.3668572473466357e-11,
		"ed_2233":1.3668572473466357e-11,
		"ed_2311":{
			"Re":-1.4711399953407726e-15,
			"Im":-6.613613027304607e-16
		},
		"ed_2322":{
			"Re":-1.4711399953407726e-15,
			"Im":-6.613613027304607e-16
		},
		"ed_2333":{
			"Re":-1.4711399953407726e-15,
			"Im":-6.613613027304607e-16
		},
		"ed_3311":2.715209881987931e-12,
		"ed_3322":2.715209881987931e-12,
		"ed_3333":2.715209881987931e-12,
		"ee_1111":-1.4464794613912512e-11,
		"ee_1112":{
			"Re":3.472866493196293e-13,
			"Im":-2.595489236461935e-13
		},
		"ee_1113":{
			"Re":-2.390303887890168e-12,
			"Im":3.5648437458018287e-12
		},
		"ee_1122":-7.103962450447018e-10,
		"ee_1123":{
			"Re":1.1839101227771883e-13,
			"Im":-3.3208483650352676e-14
		},
		"ee_1133":-1.4788385711332354e-10,
		"ee_1212":{
			"Re":2.8485425704929213e-10,
			"Im":7.203360344840719e-11
		},
		"ee_1213":{
			"Re":-4.5012635534941967e-14,
			"Im":-7.445986292849704e-14
		},
		"ee_1222":{
			"Re":1.2318001663356789e-12,
			"Im":4.336239522955543e-13
		},
		"ee_1223":{
			"Re":8.528452345244405e-12,
			"Im":3.3994929546202643e-12
		},
		"ee_1232":{
			"Re":-1.3662162102020804e-11,
			"Im":-1.2538326720539009e-11
		},
		"ee_1233":{
			"Re":1.2338323305340103e-12,
			"Im":7.917747205849546e-14
		},
		"ee_1313":{
			"Re":1.1143183939064151e-11,
			"Im":6.371110581311235e-11
		},
		"ee_1323":{
			"Re":-4.391353776967904e-13,
			"Im":-9.39812297698488e-13
		},
		"ee_1333":{
			"Re":3.0647946053896315e-12,
			"Im":-3.1661871423789215e-12
		},
		"ee_2222":-2.5295603968897876e-10,
		"ee_2223":{
			"Re":1.2867176698626894e-13,
			"Im":-7.377261572875248e-14
		},
		"ee_2233":-5.200144361573493e-10,
		"ee_2323":{
			"Re":8.959888400375693e-11,
			"Im":2.0010493114154802e-10
		},
		"ee_2333":{
			"Re":4.143833938479934e-15,
			"Im":1.4672761784804756e-14
		},
		"ee_3333":-6.019629389017037e-12,
		"ephi_11":-8.254410332946458e-18,
		"ephi_12":6.52488923847068e-20,
		"ephi_13":{
			"Re":9.331292699639174e-20,
			"Im":3.718871128941526e-20
		},
		"ephi_21":{
			"Re":1.3491773847413821e-17,
			"Im":-8.163495919528909e-19
		},
		"ephi_22":-5.767139021085294e-15,
		"ephi_23":{
			"Re":6.01115169005913e-19,
			"Im":2.700761303086516e-19
		},
		"ephi_31":{
			"Re":3.258004226838583e-16,
			"Im":-1.2984374726055392e-16
		},
		"ephi_32":{
			"Re":1.0150097713386188e-17,
			"Im":-4.560325852351386e-18
		},
		"ephi_33":-2.1343576071377732e-14,
		"eu_1111":-7.538116439428723e-12,
		"eu_1122":-7.538116439428723e-12,
		"eu_1133":-7.538116439428723e-12,
		"eu_1211":{
			"Re":6.578685152848032e-14,
			"Im":3.980193378051183e-15
		},
		"eu_1222":{
			"Re":6.578685152848032e-14,
			"Im":3.980193378051183e-15
		},
		"eu_1233":{
			"Re":6.578685152848032e-14,
			"Im":3.980193378051183e-15
		},
		"eu_1311":{
			"Re":9.441357779917358e-14,
			"Im":3.762673775760963e-14
		},
		"eu_1322":{
			"Re":9.441357779917358e-14,
			"Im":3.762673775760963e-14
		},
		"eu_1333":{
			"Re":9.441357779917358e-14,
			"Im":3.762673775760963e-14
		},
		"eu_2211":-2.7337144946932715e-11,
		"eu_2222":-2.7337144946932715e-11,
		"eu_2233":-2.7337144946932715e-11,
		"eu_2311":{
			"Re":2.9422799906815452e-15,
			"Im":1.3227226054609214e-15
		},
		"eu_2322":{
			"Re":2.9422799906815452e-15,
			"Im":1.3227226054609214e-15
		},
		"eu_2333":{
			"Re":2.9422799906815452e-15,
			"Im":1.3227226054609214e-15
		},
		"eu_3311":-5.430419763975862e-12,
		"eu_3322":-5.430419763975862e-12,
		"eu_3333":-5.430419763975862e-12,
		"phi":-1.219295978496575e-16,
		"phiB":1.605212376377932e-13,
		"phiBox":-1.5481184345301121e-13,
		"phid_11":1.9464893511316406e-13,
		"phid_22":1.9464893511316406e-13,
		"phid_33":1.9464893511316406e-13,
		"phiD":-5.839468053394922e-13,
		"phie_11":-5.6535873295715405e-12,
		"phie_12":{
			"Re":4.934013864636026e-14,
			"Im":2.9851450335383868e-15
		},
		"phie_13":{
			"Re":7.081018334937993e-14,
			"Im":2.8220053318207142e-14
		},
		"phie_22":-2.050285871019954e-11,
		"phie_23":{
			"Re":2.2067099930111577e-15,
			"Im":9.920419540956898e-16
		},
		"phie_33":-4.072814822981901e-12,
		"phil1_11":2.9197340219912035e-13,
		"phil1_13":1.8567764602033702e-20,
		"phil1_22":2.919055008830935e-13,
		"phil1_23":{
			"Re":1.1951809414952449e-19,
			"Im":5.3610636659396257e-20
		},
		"phil1_33":2.8772400209822677e-13,
		"phil3_13":1.8567764602033702e-20,
		"phil3_22":-6.790178665258829e-17,
		"phil3_23":{
			"Re":1.1951809414952449e-19,
			"Im":5.3610636659396257e-20
		},
		"phil3_33":-4.2494005715192994e-15,
		"phiq1_11":-9.732446755658203e-14,
		"phiq1_22":-9.732446755658203e-14,
		"phiq1_33":-9.732446755658203e-14,
		"phiu_11":-3.892978702263281e-13,
		"phiu_22":-3.892978702263281e-13,
		"phiu_33":-3.892978702263281e-13,
		"ld_1111":-1.9464893511316406e-13,
		"ld_1122":-1.9464893511316406e-13,
		"ld_1133":-1.9464893511316406e-13,
		"ld_2211":-1.9464893511316406e-13,
		"ld_2222":-1.9464893511316406e-13,
		"ld_2233":-1.9464893511316406e-13,
		"ld_3311":-1.9464893511316406e-13,
		"ld_3322":-1.9464893511316406e-13,
		"ld_3333":-1.9464893511316406e-13,
		"le_1111":5.6535873295715405e-12,
		"le_1112":{
			"Re":-4.934013864636026e-14,
			"Im":-2.9851450335383868e-15
		},
		"le_1113":{
			"Re":-7.081018334937993e-14,
			"Im":-2.8220053318207142e-14
		},
		"le_1122":2.050285871019954e-11,
		"le_1123":{
			"Re":-2.2067099930111577e-15,
			"Im":-9.920419540956898e-16
		},
		"le_1133":4.072814822981901e-12,
		"le_2211":5.6535873295715405e-12,
		"le_2212":{
			"Re":-4.934013864636026e-14,
			"Im":-2.9851450335383868e-15
		},
		"le_2213":{
			"Re":-7.081018334937993e-14,
			"Im":-2.8220053318207142e-14
		},
		"le_2222":2.050285871019954e-11,
		"le_2223":{
			"Re":-2.2067099930111577e-15,
			"Im":-9.920419540956898e-16
		},
		"le_2233":4.072814822981901e-12,
		"le_3311":5.6535873295715405e-12,
		"le_3312":{
			"Re":-4.934013864636026e-14,
			"Im":-2.9851450335383868e-15
		},
		"le_3313":{
			"Re":-7.081018334937993e-14,
			"Im":-2.8220053318207142e-14
		},
		"le_3322":2.050285871019954e-11,
		"le_3323":{
			"Re":-2.2067099930111577e-15,
			"Im":-9.920419540956898e-16
		},
		"le_3333":4.072814822981901e-12,
		"ll_1111":-1.4598670133487304e-13,
		"ll_1122":-2.919734026697461e-13,
		"ll_1133":-2.919734026697461e-13,
		"ll_2222":-1.4598670133487304e-13,
		"ll_2233":-2.919734026697461e-13,
		"ll_3333":-1.4598670133487304e-13,
		"lq1_1111":9.732446755658203e-14,
		"lq1_1122":9.732446755658203e-14,
		"lq1_1133":9.732446755658203e-14,
		"lq1_2211":9.732446755658203e-14,