{
	"eft":"SMEFT",
	"basis":"Warsaw",
	"scale":1000,
	"values":{
		"dd_1111":-2.7650448647661817e-14,
		"dd_1122":-5.5300897295323634e-14,
		"dd_1133":-5.5300897295323634e-14,
		"dd_2222":-2.7650448647661817e-14,
		"dd_2233":-5.5300897295323634e-14,
		"dd_3333":-2.7650448647661817e-14,
		"eB_11":1.1729198845147035e-16,
		"eB_12":{
			"Re":2.8489424906414e-19,
			"Im":3.768835550438692e-19
		},
		"eB_13":{
			"Re":-1.419745280589301e-20,
			"Im":7.786952012143009e-20
		},
		"eB_21":{
			"Re":5.890787936617807e-17,
			"Im":-7.792860357325875e-17
		},
		"eB_22":6.892206795117169e-15,
		"eB_23":{
			"Re":-1.697856695442191e-15,
			"Im":-1.6333968240854434e-15
		},
		"eB_31":{
			"Re":-4.936962781677954e-17,
			"Im":-2.7078020819833793e-16
		},
		"eB_32":{
			"Re":-2.855359168873841e-14,
			"Im":2.746954210318147e-14
		},
		"eB_33":3.566675081155864e-13,
		"ed_1111":7.454952175167418e-12,
		"ed_1122":7.454952175167418e-12,
		"ed_1133":7.454952175167418e-12,
		"ed_1211":{
			"Re":1.859807066678444e-14,
			"Im":2.4440168250654288e-14
		},
		"ed_1222":{
			"Re":1.859807066678444e-14,
			"Im":2.4440168250654288e-14
		},
		"ed_1233":{
			"Re":1.859807066678444e-14,
			"Im":2.4440168250654288e-14
		},
		"ed_1311":{
			"Re":-8.972288775312677e-16,
			"Im":5.1813505625250676e-15
		},
		"ed_1322":{
			"Re":-8.972288775312677e-16,
			"Im":5.1813505625250676e-15
		},
		"ed_1333":{
			"Re":-8.972288775312677e-16,
			"Im":5.1813505625250676e-15
		},
		"ed_2211":1.995718801571168e-12,
		"ed_2222":1.995718801571168e-12,
		"ed_2233":1.995718801571168e-12,
		"ed_2311":{
			"Re":-5.340049542900943e-13,
			"Im":-5.143785887586409e-13
		},
		"ed_2322":{
			"Re":-5.340049542900943e-13,
			"Im":-5.143785887586409e-13
		},
		"ed_2333":{
			"Re":-5.340049542900943e-13,
			"Im":-5.143785887586409e-13
		},
		"ed_3311":6.495067344609905e-12,
		"ed_3322":6.495067344609905e-12,
		"ed_3333":6.495067344609905e-12,
		"ee_1111":{
			"Re":-4.814898825280011e-10,
			"Im":-1.484440959725974e-20
		},
		"ee_1112":{
			"Re":-2.686039725751512e-12,
			"Im":-2.292115940240146e-11
		},
		"ee_1113":{
			"Re":-1.6328952607790816e-11,
			"Im":5.2224137600292046e-11
		},
		"ee_1122":-5.341210525090672e-10,
		"ee_1123":{
			"Re":1.3549361030879833e-10,
			"Im":1.3190963022441968e-10
		},
		"ee_1133":{
			"Re":-1.6863151871950511e-9,
			"Im":4.21290465672362e-20
		},
		"ee_1212":{
			"Re":3.0451964172952996e-11,
			"Im":9.114202357011309e-11
		},
		"ee_1213":{
			"Re":-2.7691586861493975e-10,
			"Im":9.494964393628778e-11
		},
		"ee_1222":{
			"Re":-4.2894841112165715e-12,
			"Im":-3.0903493678137353e-13
		},
		"ee_1223":{
			"Re":-4.444499656176032e-12,
			"Im":-8.613601231263638e-12
		},
		"ee_1232":{
			"Re":9.732071594612518e-12,
			"Im":-6.311431156165868e-12
		},
		"ee_1233":{
			"Re":1.571444136190396e-11,
			"Im":2.176051676867489e-11
		},
		"ee_1313":{
			"Re":2.6602201599082114e-10,
			"Im":2.719836247949956e-10
		},
		"ee_1323":{
			"Re":-8.22924497303689e-12,
			"Im":1.0299043844430811e-11
		},
		"ee_1333":{
			"Re":2.1007575963051073e-11,
			"Im":-3.95512406794175e-11
		},
		"ee_2222":{
			"Re":-5.4846793283826244e-11,
			"Im":-3.752252889955344e-19
		},
		"ee_2223":{
			"Re":3.832315290234026e-11,
			"Im":9.407592175836488e-11
		},
		"ee_2233":{
			"Re":-3.0990669480189973e-10,
			"Im":2.203765387195049e-18
		},
		"ee_2323":{
			"Re":6.701957202857756e-11,
			"Im":-4.20798380450036e-11
		},
		"ee_2333":{
			"Re":2.192040595154497e-11,
			"Im":-9.059036016604514e-11
		},
		"ee_3333":{
			"Re":-4.422618049462665e-10,
			"Im":-7.342348919618908e-19
		},
		"ephi_11":-4.3255708487051534e-16,
		"ephi_12":{
			"Re":-1.054167106879865e-18,
			"Im":-1.387998242555268e-18
		},
		"ephi_13":{
			"Re":5.1336629466709654e-20,
			"Im":-2.9202323207675295e-19
		},
		"ephi_21":{
			"Re":-2.1797134846214064e-16,
			"Im":2.8699799815408865e-16
		},
		"ephi_22":-2.5383410166263154e-14,
		"ephi_23":{
			"Re":6.264538349532154e-15,
			"Im":6.032079113181686e-15
		},
		"ephi_31":{
			"Re":1.785448609572394e-16,
			"Im":1.015628500852389e-15
		},
		"ephi_32":{
			"Re":1.0537017790887762e-13,
			"Im":-1.0146017534613115e-13
		},
		"ephi_33":-1.3146779437449067e-12,
		"eu_1111":-1.4909904350334835e-11,
		"eu_1122":-1.4909904350334835e-11,
		"eu_1133":-1.4909904350334835e-11,
		"eu_1211":{
			"Re":-3.719614133356888e-14,
			"Im":-4.8880336501308577e-14
		},
		"eu_1222":{
			"Re":-3.719614133356888e-14,
			"Im":-4.8880336501308577e-14
		},
		"eu_1233":{
			"Re":-3.719614133356888e-14,
			"Im":-4.8880336501308577e-14
		},
		"eu_1311":{
			"Re":1.7944577550625354e-15,
			"Im":-1.0362701125050135e-14
		},
		"eu_1322":{
			"Re":1.7944577550625354e-15,
			"Im":-1.0362701125050135e-14
		},
		"eu_1333":{
			"Re":1.7944577550625354e-15,
			"Im":-1.0362701125050135e-14
		},
		"eu_2211":-3.991437603142336e-12,
		"eu_2222":-3.991437603142336e-12,
		"eu_2233":-3.991437603142336e-12,
		"eu_2311":{
			"Re":1.0680099085801885e-12,
			"Im":1.0287571775172818e-12
		},
		"eu_2322":{
			"Re":1.0680099085801885e-12,
			"Im":1.0287571775172818e-12
		},
		"eu_2333":{
			"Re":1.0680099085801885e-12,
			"Im":1.0287571775172818e-12
		},
		"eu_3311":-1.299013468921981e-11,
		"eu_3322":-1.299013468921981e-11,
		"eu_3333":-1.299013468921981e-11,
		"phi":-1.0994474878991073e-12,
		"phiB":1.892061372866263e-12,
		"phiBox":-2.9393187153234357e-12,
		"phid_11":8.295134594298545e-14,
		"phid_22":8.295134594298545e-14,
		"phid_33":8.295134594298545e-14,
		"phiD":-2.4885403782895636e-13,
		"phie_11":-1.1182428262751131e-11,
		"phie_12":{
			"Re":-2.789710600017667e-14,
			"Im":-3.666025237598144e-14
		},
		"phie_13":{
			"Re":1.3458433162968936e-15,
			"Im":-7.772025843787595e-15
		},
		"phie_22":-2.993578202356754e-12,
		"phie_23":{
			"Re":8.01007431435142e-13,
			"Im":7.715678831379617e-13
		},
		"phie_33":-9.74260101691486e-12,
		"phil1_11":1.244270179433033e-13,
		"phil1_22":1.2441521904790216e-13,
		"phil1_23":{
			"Re":4.8885441515121105e-17,
			"Im":4.702948436647507e-17
		},
		"phil1_33":1.1415769014536938e-13,
		"phil3_22":-1.1799866576004406e-17,
		"phil3_23":{
			"Re":4.8885441515121105e-17,
			"Im":4.702948436647507e-17
		},
		"phil3_33":-1.0269328769108785e-14,
		"phiq1_11":-4.1475672971492725e-14,
		"phiq1_22":-4.1475672971492725e-14,
		"phiq1_33":-4.1475672971492725e-14,
		"phiu_11":-1.659026918859709e-13,
		"phiu_22":-1.659026918859709e-13,
		"phiu_33":-1.659026918859709e-13,
		"ld_1111":-8.295134594298545e-14,
		"ld_1122":-8.295134594298545e-14,
		"ld_1133":-8.295134594298545e-14,
		"ld_2211":-8.295134594298545e-14,
		"ld_2222":-8.295134594298545e-14,
		"ld_2233":-8.295134594298545e-14,
		"ld_3311":-8.295134594298545e-14,
		"ld_3322":-8.295134594298545e-14,
		"ld_3333":-8.295134594298545e-14,
		"le_1111":1.1182428262751131e-11,
		"le_1112":{
			"Re":2.789710600017667e-14,
			"Im":3.666025237598144e-14
		},
		"le_1113":{
			"Re":-1.3458433162968936e-15,
			"Im":7.772025843787595e-15
		},
		"le_1122":2.993578202356754e-12,
		"le_1123":{
			"Re":-8.01007431435142e-13,
			"Im":-7.715678831379617e-13
		},
		"le_1133":9.74260101691486e-12,
		"le_2211":1.1182428262751131e-11,
		"le_2212":{
			"Re":2.789710600017667e-14,
			"Im":3.666025237598144e-14
		},
		"le_2213":{
			"Re":-1.3458433162968936e-15,
			"Im":7.772025843787595e-15
		},
		"le_2222":2.993578202356754e-12,
		"le_2223":{
			"Re":-8.01007431435142e-13,
			"Im":-7.715678831379617e-13
		},
		"le_2233":9.74260101691486e-12,
		"le_3311":1.1182428262751131e-11,
		"le_3312":{
			"Re":2.789710600017667e-14,
			"Im":3.666025237598144e-14
		},
		"le_3313":{
			"Re":-1.3458433162968936e-15,
			"Im":7.772025843787595e-15
		},
		"le_3322":2.993578202356754e-12,
		"le_3323":{
			"Re":-8.01007431435142e-13,
			"Im":-7.715678831379617e-13
		},
		"le_3333":9.74260101691486e-12,
		"ll_1111":-6.221350945723909e-14,
		"ll_1122":-1.2442701891447818e-13,
		"ll_1133":-1.2442701891447818e-13,
		"ll_2222":-6.221350945723909e-14,
		"ll_2233":-1.2442701891447818e-13,
		"ll_3333":-6.221350945723909e-14,