{
	"eft":"SMEFT",
	"basis":"Warsaw",
	"scale":1000,
	"values":{
		"dd_1111":-2.143675710495639e-14,
		"dd_1122":-4.287351420991278e-14,
		"dd_1133":-4.287351420991278e-14,
		"dd_2222":-2.143675710495639e-14,
		"dd_2233":-4.287351420991278e-14,
		"dd_3333":-2.143675710495639e-14,
		"eB_11":2.3453142570776753e-17,
		"eB_13":{
			"Re":-8.356828842735518e-19,
			"Im":-7.837396086794306e-19
		},
		"eB_21":{
			"Re":2.8304651690097004e-19,
			"Im":9.214568534768223e-20
		},
		"eB_22":1.9568754365608747e-14,
		"eB_23":{
			"Re":-7.141958491730417e-19,
			"Im":6.514660390201435e-19
		},
		"eB_31":{
			"Re":-2.9059686644857183e-15,
			"Im":2.7253432932499807e-15
		},
		"eB_32":{
			"Re":-1.2010941039854183e-17,
			"Im":-1.0955986643158274e-17
		},
		"eB_33":2.7018511388633445e-13,
		"ed_1111":1.3807344087080825e-12,
		"ed_1122":1.3807344087080825e-12,
		"ed_1133":1.3807344087080825e-12,
		"ed_1211":{
			"Re":8.824439197519071e-17,
			"Im":-2.852005076375904e-17
		},
		"ed_1222":{
			"Re":8.824439197519071e-17,
			"Im":-2.852005076375904e-17
		},
		"ed_1233":{
			"Re":8.824439197519071e-17,
			"Im":-2.852005076375904e-17
		},
		"ed_1311":{
			"Re":-5.376816881279447e-14,
			"Im":-5.025054182862334e-14
		},
		"ed_1322":{
			"Re":-5.376816881279447e-14,
			"Im":-5.025054182862334e-14
		},
		"ed_1333":{
			"Re":-5.376816881279447e-14,
			"Im":-5.025054182862334e-14
		},
		"ed_2211":5.946594281263147e-12,
		"ed_2222":5.946594281263147e-12,
		"ed_2233":5.946594281263147e-12,
		"ed_2311":{
			"Re":-2.2629572013459597e-16,
			"Im":1.9904495369911558e-16
		},
		"ed_2322":{
			"Re":-2.2629572013459597e-16,
			"Im":1.9904495369911558e-16
		},
		"ed_2333":{
			"Re":-2.2629572013459597e-16,
			"Im":1.9904495369911558e-16
		},
		"ed_3311":4.8620935179831e-12,
		"ed_3322":4.8620935179831e-12,
		"ed_3333":4.8620935179831e-12,
		"ee_1111":-2.2439842354040254e-11,
		"ee_1112":{
			"Re":9.13883899428086e-15,
			"Im":8.03278288425089e-15
		},
		"ee_1113":{
			"Re":1.9324834147034568e-13,
			"Im":2.201488308913431e-12
		},
		"ee_1122":-3.867512578922983e-10,
		"ee_1123":{
			"Re":1.22500866247991e-14,
			"Im":-1.2460042697741756e-14
		},
		"ee_1133":{
			"Re":-3.1660913696512686e-10,
			"Im":-3.624417713187531e-20
		},
		"ee_1212":{
			"Re":-6.199997247638606e-12,
			"Im":-9.585884351492292e-11
		},
		"ee_1213":{
			"Re":2.3858565138773473e-13,
			"Im":-5.246488903634131e-13
		},
		"ee_1222":{
			"Re":-5.2229036143801144e-14,
			"Im":-4.9917872175832686e-14
		},
		"ee_1223":{
			"Re":1.4414929763847827e-11,
			"Im":1.3498867479508246e-11
		},
		"ee_1232":{
			"Re":4.9785178137749386e-12,
			"Im":1.277444437350411e-11
		},
		"ee_1233":{
			"Re":-2.92300842931109e-14,
			"Im":8.697607238005964e-14
		},
		"ee_1313":{
			"Re":-6.122407219691224e-11,
			"Im":4.9695469376025775e-11
		},
		"ee_1323":{
			"Re":-2.5914798262552013e-14,
			"Im":4.655708309304423e-14
		},
		"ee_1333":{
			"Re":1.7988503412066038e-11,
			"Im":1.6404131722552096e-12
		},
		"ee_2222":-4.2161784109329323e-10,
		"ee_2223":{
			"Re":2.096823767751897e-12,
			"Im":1.034716021112487e-12
		},
		"ee_2233":-1.3214415968683724e-9,
		"ee_2323":{
			"Re":-1.833663537150309e-10,
			"Im":-2.576674352288663e-10
		},
		"ee_2333":{
			"Re":-1.6498724300532414e-12,
			"Im":-8.8902901668553e-13
		},
		"ee_3333":{
			"Re":-2.8144485122783274e-10,
			"Im":1.6015677149795655e-20
		},
		"ephi_11":-2.592020856222735e-18,
		"ephi_13":{
			"Re":9.185179852663881e-20,
			"Im":8.592981439709216e-20
		},
		"ephi_21":{
			"Re":-3.1319124296040173e-20,
			"Im":-1.0143837708401604e-20
		},
		"ephi_22":-2.158812545749126e-15,
		"ephi_23":{
			"Re":7.951658618436553e-20,
			"Im":-7.068445253353032e-20
		},
		"ephi_31":{
			"Re":3.2110949592758964e-16,
			"Im":-3.004104790243143e-16
		},
		"ephi_32":{
			"Re":1.3442990044586865e-18,
			"Im":1.1951473595806718e-18
		},
		"ephi_33":-2.9661127826756744e-14,
		"eu_1111":-2.761468817416165e-12,
		"eu_1122":-2.761468817416165e-12,
		"eu_1133":-2.761468817416165e-12,
		"eu_1211":{
			"Re":-1.7648878395038142e-16,
			"Im":5.704010152751808e-17
		},
		"eu_1222":{
			"Re":-1.7648878395038142e-16,
			"Im":5.704010152751808e-17
		},
		"eu_1233":{
			"Re":-1.7648878395038142e-16,
			"Im":5.704010152751808e-17
		},
		"eu_1311":{
			"Re":1.0753633762558894e-13,
			"Im":1.0050108365724668e-13
		},
		"eu_1322":{
			"Re":1.0753633762558894e-13,
			"Im":1.0050108365724668e-13
		},
		"eu_1333":{
			"Re":1.0753633762558894e-13,
			"Im":1.0050108365724668e-13
		},
		"eu_2211":-1.1893188562526294e-11,
		"eu_2222":-1.1893188562526294e-11,
		"eu_2233":-1.1893188562526294e-11,
		"eu_2311":{
			"Re":4.525914402691919e-16,
			"Im":-3.9808990739823117e-16
		},
		"eu_2322":{
			"Re":4.525914402691919e-16,
			"Im":-3.9808990739823117e-16
		},
		"eu_2333":{
			"Re":4.525914402691919e-16,
			"Im":-3.9808990739823117e-16
		},
		"eu_3311":-9.7241870359662e-12,
		"eu_3322":-9.7241870359662e-12,
		"eu_3333":-9.7241870359662e-12,
		"phi":-2.3410258128108815e-17,
		"phiB":4.4257178820685386e-14,
		"phiBox":-5.026317009448587e-14,
		"phid_11":6.431027131486916e-14,
		"phid_22":6.431027131486916e-14,
		"phid_33":6.431027131486916e-14,
		"phiD":-1.9293081394460748e-13,
		"phie_11":-2.071101613062123e-12,
		"phie_12":{
			"Re":-1.3236658796278625e-16,
			"Im":4.27800761456383e-17
		},
		"phie_13":{
			"Re":8.065225321919166e-14,
			"Im":7.537581274293492e-14
		},
		"phie_22":-8.919891421894705e-12,
		"phie_23":{
			"Re":3.394435802019034e-16,
			"Im":-2.985674305486639e-16
		},
		"phie_33":-7.293140276974646e-12,
		"phil1_11":9.646540677811228e-14,
		"phil1_13":{
			"Re":2.4061351511001782e-20,
			"Im":2.256577772790406e-20
		},
		"phil1_22":9.643190410487144e-14,
		"phil1_23":{
			"Re":2.0563443021317533e-20,
			"Im":-1.8757298560650672e-20
		},
		"phil1_33":8.868611757844427e-14,
		"phil3_13":{
			"Re":2.4061351511001782e-20,
			"Im":2.256577772790406e-20
		},
		"phil3_22":-3.350286743229694e-17,
		"phil3_23":{
			"Re":2.0563443021317533e-20,
			"Im":-1.8757298560650672e-20
		},
		"phil3_33":-7.77928939385947e-15,
		"phiq1_11":-3.215513565743458e-14,
		"phiq1_22":-3.215513565743458e-14,
		"phiq1_33":-3.215513565743458e-14,
		"phiu_11":-1.2862054262973832e-13,
		"phiu_22":-1.2862054262973832e-13,
		"phiu_33":-1.2862054262973832e-13,
		"ld_1111":-6.431027131486916e-14,
		"ld_1122":-6.431027131486916e-14,
		"ld_1133":-6.431027131486916e-14,
		"ld_2211":-6.431027131486916e-14,
		"ld_2222":-6.431027131486916e-14,
		"ld_2233":-6.431027131486916e-14,
		"ld_3311":-6.431027131486916e-14,
		"ld_3322":-6.431027131486916e-14,
		"ld_3333":-6.431027131486916e-14,
		"le_1111":2.071101613062123e-12,
		"le_1112":{
			"Re":1.3236658796278625e-16,
			"Im":-4.27800761456383e-17
		},
		"le_1113":{
			"Re":-8.065225321919166e-14,
			"Im":-7.537581274293492e-14
		},
		"le_1122":8.919891421894705e-12,
		"le_1123":{
			"Re":-3.394435802019034e-16,
			"Im":2.985674305486639e-16
		},
		"le_1133":7.293140276974646e-12,
		"le_2211":2.071101613062123e-12,
		"le_2212":{
			"Re":1.3236658796278625e-16,
			"Im":-4.27800761456383e-17
		},
		"le_2213":{
			"Re":-8.065225321919166e-14,
			"Im":-7.537581274293492e-14
		},
		"le_2222":8.919891421894705e-12,
		"le_2223":{
			"Re":-3.394435802019034e-16,
			"Im":2.985674305486639e-16
		},
		"le_2233":7.293140276974646e-12,
		"le_3311":2.071101613062123e-12,
		"le_3312":{
			"Re":1.3236658796278625e-16,
			"Im":-4.27800761456383e-17
		},
		"le_3313":{
			"Re":-8.065225321919166e-14,
			"Im":-7.537581274293492e-14
		},
		"le_3322":8.919891421894705e-12,
		"le_3323":{
			"Re":-3.394435802019034e-16,
			"Im":2.985674305486639e-16
		},
		"le_3333":7.293140276974646e-12,
		"ll_1111":-4.823270348615187e-14,
		"ll_1122":-9.646540697230374e-14,
		"ll_1133":-9.646540697230374e-14,
		"ll_2222":-4.823270348615187e-14,
		"ll_2233":-9.646540697230374e-14,
		"ll_3333":-4.823270348615187e-14,
		"lq1_1111":3.215513565743458e-14,
		"lq1_1122":3.215513565743458e-14,
		"lq1_1133":3.215513565743458e-14,
		"lq1_2211":3.215513565743458e-14,