{
	"eft":"SMEFT",
	"basis":"Warsaw",
	"scale":1000,
	"values":{
		"dd_1111":-5.842430796129738e-13,
		"dd_1122":-1.1684861592259477e-12,
		"dd_1133":-1.1684861592259477e-12,
		"dd_2222":-5.842430796129738e-13,
		"dd_2233":-1.1684861592259477e-12,
		"dd_3333":-5.842430796129738e-13,
		"eB_11":2.7155760366851674e-16,
		"eB_12":{
			"Re":-2.7007767193997655e-20,
			"Im":3.8686510276110187e-20
		},
		"eB_13":{
			"Re":3.9998092332120293e-17,
			"Im":1.655379351917254e-17
		},
		"eB_21":{
			"Re":-5.584424034672859e-18,
			"Im":-7.999249854743264e-18
		},
		"eB_22":4.768805269031777e-14,
		"eB_23":{
			"Re":-9.309644600282071e-18,
			"Im":-4.221333762618078e-17
		},
		"eB_31":{
			"Re":1.3908769120883444e-13,
			"Im":-5.756346833272648e-14
		},
		"eB_32":{
			"Re":-1.565643268936128e-16,
			"Im":7.099199889086629e-16
		},
		"eB_33":1.472777692896675e-12,
		"ed_1111":1.4988478471465457e-11,
		"ed_1122":1.4988478471465457e-11,
		"ed_1133":1.4988478471465457e-11,
		"ed_1211":{
			"Re":-1.6753755910473549e-15,
			"Im":2.656716619895889e-15
		},
		"ed_1222":{
			"Re":-1.6753755910473549e-15,
			"Im":2.656716619895889e-15
		},
		"ed_1233":{
			"Re":-1.6753755910473549e-15,
			"Im":2.656716619895889e-15
		},
		"ed_1311":{
			"Re":2.6932682765519384e-12,
			"Im":1.1151412187343257e-12
		},
		"ed_1322":{
			"Re":2.6932682765519384e-12,
			"Im":1.1151412187343257e-12
		},
		"ed_1333":{
			"Re":2.6932682765519384e-12,
			"Im":1.1151412187343257e-12
		},
		"ed_2211":1.2221673927480857e-11,
		"ed_2222":1.2221673927480857e-11,
		"ed_2233":1.2221673927480857e-11,
		"ed_2311":{
			"Re":-2.462761179812372e-15,
			"Im":-1.3747522805784256e-14
		},
		"ed_2322":{
			"Re":-2.462761179812372e-15,
			"Im":-1.3747522805784256e-14
		},
		"ed_2333":{
			"Re":-2.462761179812372e-15,
			"Im":-1.3747522805784256e-14
		},
		"ed_3311":2.5223095063729353e-11,
		"ed_3322":2.5223095063729353e-11,
		"ed_3333":2.5223095063729353e-11,
		"ee_1111":-6.227259886102013e-11,
		"ee_1112":{
			"Re":-5.329375558799364e-13,
			"Im":-8.736269246182972e-13
		},
		"ee_1113":{
			"Re":-7.681839228822163e-11,
			"Im":5.399796392719922e-11
		},
		"ee_1122":-3.5591196122915995e-10,
		"ee_1123":{
			"Re":-3.3756822044554146e-13,
			"Im":9.800465229519236e-15
		},
		"ee_1133":-6.570546936332876e-10,
		"ee_1212":{
			"Re":-2.7251787809857118e-11,
			"Im":-1.2899421127714463e-10
		},
		"ee_1213":{
			"Re":-8.831880782536092e-13,
			"Im":-3.5562928167451705e-12
		},
		"ee_1222":{
			"Re":8.298119295126382e-13,
			"Im":2.9176071961546116e-13
		},
		"ee_1223":{
			"Re":-5.749860309786572e-11,
			"Im":-2.380195598012901e-11
		},
		"ee_1232":{
			"Re":-6.912501478445995e-11,
			"Im":2.1478608868337298e-11
		},
		"ee_1233":{
			"Re":-1.785966384845881e-12,
			"Im":5.079475055504842e-13
		},
		"ee_1313":{
			"Re":4.034457323855791e-11,
			"Im":2.2751889329116396e-10
		},
		"ee_1323":{
			"Re":-1.4233493659203507e-12,
			"Im":-5.853125128951756e-13
		},
		"ee_1333":{
			"Re":1.2584388493830868e-11,
			"Im":-8.284444034379593e-11
		},
		"ee_2222":-3.3446870457628156e-11,
		"ee_2223":{
			"Re":3.2495170296012753e-12,
			"Im":1.6944041734446628e-13
		},
		"ee_2233":-5.743984471334756e-10,
		"ee_2323":{
			"Re":-2.0633265128872585e-10,
			"Im":-3.4385826725472294e-12
		},
		"ee_2333":{
			"Re":-5.604549505417509e-12,
			"Im":2.538528201591689e-13
		},
		"ee_3333":-1.8735862169796837e-10,
		"ephi_11":2.6687740288359228e-17,
		"ephi_13":{
			"Re":3.922573169794909e-18,
			"Im":1.6239242797017064e-18
		},
		"ephi_21":{
			"Re":-5.1372927493681225e-19,
			"Im":-7.908563270811498e-19
		},
		"ephi_22":4.691070788538848e-15,
		"ephi_23":{
			"Re":-7.912191196926609e-19,
			"Im":-4.13998353317476e-18
		},
		"ephi_31":{
			"Re":1.3558446932944934e-14,
			"Im":-5.613135032135552e-15
		},
		"ephi_32":{
			"Re":-1.3214583971570455e-17,
			"Im":6.920813725880771e-17
		},
		"ephi_33":1.4518959333153317e-13,
		"eu_1111":-2.9976956942930913e-11,
		"eu_1122":-2.9976956942930913e-11,
		"eu_1133":-2.9976956942930913e-11,
		"eu_1211":{
			"Re":3.3507511820947097e-15,
			"Im":-5.313433239791778e-15
		},
		"eu_1222":{
			"Re":3.3507511820947097e-15,
			"Im":-5.313433239791778e-15
		},
		"eu_1233":{
			"Re":3.3507511820947097e-15,
			"Im":-5.313433239791778e-15
		},
		"eu_1311":{
			"Re":-5.386536553103877e-12,
			"Im":-2.2302824374686514e-12
		},
		"eu_1322":{
			"Re":-5.386536553103877e-12,
			"Im":-2.2302824374686514e-12
		},
		"eu_1333":{
			"Re":-5.386536553103877e-12,
			"Im":-2.2302824374686514e-12
		},
		"eu_2211":-2.4443347854961714e-11,
		"eu_2222":-2.4443347854961714e-11,
		"eu_2233":-2.4443347854961714e-11,
		"eu_2311":{
			"Re":4.925522359624744e-15,
			"Im":2.749504561156851e-14
		},
		"eu_2322":{
			"Re":4.925522359624744e-15,
			"Im":2.749504561156851e-14
		},
		"eu_2333":{
			"Re":4.925522359624744e-15,
			"Im":2.749504561156851e-14
		},
		"eu_3311":-5.0446190127458705e-11,
		"eu_3322":-5.0446190127458705e-11,
		"eu_3333":-5.0446190127458705e-11,
		"phi":3.975719870484691e-16,
		"phiB":-1.030251473089189e-12,
		"phiBox":-1.354918941504039e-12,
		"phid_11":1.7527292388389212e-12,
		"phid_22":1.7527292388389212e-12,
		"phid_33":1.7527292388389212e-12,
		"phiD":-5.258187716516764e-12,
		"phie_11":-2.2482717707198166e-11,
		"phie_12":{
			"Re":2.513063386570985e-15,
			"Im":-3.9850749298438456e-15
		},
		"phie_13":{
			"Re":-4.039902414827905e-12,
			"Im":-1.6727118281014873e-12
		},
		"phie_22":-1.83325108912213e-11,
		"phie_23":{
			"Re":3.694141769718356e-15,
			"Im":2.0621284208676338e-14
		},
		"phie_33":-3.7834642595594e-11,
		"phil1_11":2.6290938560098915e-12,
		"phil1_13":{
			"Re":-1.1516427791975899e-18,
			"Im":-4.766241503816325e-19
		},
		"phil1_22":2.6290122134854173e-12,
		"phil1_23":{
			"Re":2.680474081560336e-19,
			"Im":1.2154251022612182e-18
		},
		"phil1_33":2.5866889910136088e-12,
		"phil3_13":{
			"Re":-1.1516427791975899e-18,
			"Im":-4.766241503816325e-19
		},
		"phil3_22":-8.164477296500658e-17,
		"phil3_23":{
			"Re":2.680474081560336e-19,
			"Im":1.2154251022612182e-18
		},
		"phil3_33":-4.240486724477314e-14,
		"phiq1_11":-8.763646194194606e-13,
		"phiq1_22":-8.763646194194606e-13,
		"phiq1_33":-8.763646194194606e-13,
		"phiu_11":-3.5054584776778424e-12,
		"phiu_22":-3.5054584776778424e-12,
		"phiu_33":-3.5054584776778424e-12,
		"ld_1111":-1.7527292388389212e-12,
		"ld_1122":-1.7527292388389212e-12,
		"ld_1133":-1.7527292388389212e-12,
		"ld_2211":-1.7527292388389212e-12,
		"ld_2222":-1.7527292388389212e-12,
		"ld_2233":-1.7527292388389212e-12,
		"ld_3311":-1.7527292388389212e-12,
		"ld_3322":-1.7527292388389212e-12,
		"ld_3333":-1.7527292388389212e-12,
		"le_1111":2.2482717707198166e-11,
		"le_1112":{
			"Re":-2.513063386570985e-15,
			"Im":3.9850749298438456e-15
		},
		"le_1113":{
			"Re":4.039902414827905e-12,
			"Im":1.6727118281014873e-12
		},
		"le_1122":1.83325108912213e-11,
		"le_1123":{
			"Re":-3.694141769718356e-15,
			"Im":-2.0621284208676338e-14
		},
		"le_1133":3.7834642595594e-11,
		"le_2211":2.2482717707198166e-11,
		"le_2212":{
			"Re":-2.513063386570985e-15,
			"Im":3.9850749298438456e-15
		},
		"le_2213":{
			"Re":4.039902414827905e-12,
			"Im":1.6727118281014873e-12
		},
		"le_2222":1.83325108912213e-11,
		"le_2223":{
			"Re":-3.694141769718356e-15,
			"Im":-2.0621284208676338e-14
		},
		"le_2233":3.7834642595594e-11,
		"le_3311":2.2482717707198166e-11,
		"le_3312":{
			"Re":-2.513063386570985e-15,
			"Im":3.9850749298438456e-15
		},
		"le_3313":{
			"Re":4.039902414827905e-12,
			"Im":1.6727118281014873e-12
		},
		"le_3322":1.83325108912213e-11,
		"le_3323":{
			"Re":-3.694141769718356e-15,
			"Im":-2.0621284208676338e-14
		},
		"le_3333":3.7834642595594e-11,
		"ll_1111":-1.314546929129191e-12,
		"ll_1122":-2.629093858258382e-12,
		"ll_1133":-2.629093858258382e-12,
		"ll_2222":-1.314546929129191e-12,
		"ll_2233":-2.629093858258382e-12,
		"ll_3333":-1.314546929129191e-12,
		"lq1_1111":8.763646194194606e-13,
		"lq1_1122":8.763646194194606e-13,
		"lq1_1133":8.763646194194606e-13,