{
	"eft":"SMEFT",
	"basis":"Warsaw",
	"scale":1000,
	"values":{
		"dd_1111":-6.808249822327504e-14,
		"dd_1122":-1.3616499644655008e-13,
		"dd_1133":-1.3616499644655008e-13,
		"dd_2222":-6.808249822327504e-14,
		"dd_2233":-1.3616499644655008e-13,
		"dd_3333":-6.808249822327504e-14,
		"eB_11":2.9681009425181865e-16,
		"eB_12":{
			"Re":2.40210376581364e-19,
			"Im":2.4618374078196154e-19
		},
		"eB_13":{
			"Re":0.0,
			"Im":-1.2543802509159882e-17
		},
		"eB_21":{
			"Re":4.966854870760653e-17,
			"Im":-5.090366741882989e-17
		},
		"eB_22":2.4407870837005205e-14,
		"eB_23":{
			"Re":-1.489206085522315e-17,
			"Im":2.9583573315399088e-18
		},
		"eB_31":{
			"Re":1.066131041622601e-17,
			"Im":4.361929352759588e-14
		},
		"eB_32":{
			"Re":-2.5044623978299733e-16,
			"Im":-4.975197703135643e-17
		},
		"eB_33":2.9627018519461705e-13,
		"ed_1111":1.7803915733044203e-11,
		"ed_1122":1.7803915733044203e-11,
		"ed_1133":1.7803915733044203e-11,
		"ed_1211":{
			"Re":1.474892404277152e-14,
			"Im":1.5117820063205452e-14
		},
		"ed_1222":{
			"Re":1.474892404277152e-14,
			"Im":1.5117820063205452e-14
		},
		"ed_1233":{
			"Re":1.474892404277152e-14,
			"Im":1.5117820063205452e-14
		},
		"ed_1311":{
			"Re":1.8931101396846352e-16,
			"Im":-7.694427790205804e-13
		},
		"ed_1322":{
			"Re":1.8931101396846352e-16,
			"Im":-7.694427790205804e-13
		},
		"ed_1333":{
			"Re":1.8931101396846352e-16,
			"Im":-7.694427790205804e-13
		},
		"ed_2211":6.839700411519119e-12,
		"ed_2222":6.839700411519119e-12,
		"ed_2233":6.839700411519119e-12,
		"ed_2311":{
			"Re":-4.421298598479423e-15,
			"Im":8.778988491511985e-16
		},
		"ed_2322":{
			"Re":-4.421298598479423e-15,
			"Im":8.778988491511985e-16
		},
		"ed_2333":{
			"Re":-4.421298598479423e-15,
			"Im":8.778988491511985e-16
		},
		"ed_3311":4.823657048082383e-12,
		"ed_3322":4.823657048082383e-12,
		"ed_3333":4.823657048082383e-12,
		"ee_1111":{
			"Re":-1.5172884678771856e-9,
			"Im":-1.193158212939501e-20
		},
		"ee_1112":{
			"Re":-2.4113573983304483e-12,
			"Im":-2.5812515264834275e-12
		},
		"ee_1113":{
			"Re":2.999372703711786e-11,
			"Im":1.0051536389252767e-10
		},
		"ee_1122":-1.8891228625751776e-9,
		"ee_1123":{
			"Re":1.2364467585492333e-12,
			"Im":-2.974054087249315e-13
		},
		"ee_1133":{
			"Re":-1.3440336336463904e-9,
			"Im":4.786039195743437e-20
		},
		"ee_1212":{
			"Re":-5.622002172557278e-11,
			"Im":3.537629444046022e-10
		},
		"ee_1213":{
			"Re":-1.0632132116042776e-12,
			"Im":-3.6055557192249094e-13
		},
		"ee_1222":{
			"Re":-1.0629602076250669e-12,
			"Im":-8.847022714937017e-13
		},
		"ee_1223":{
			"Re":-2.099114665106837e-14,
			"Im":8.069874216992731e-11
		},
		"ee_1232":{
			"Re":-4.359325082094958e-11,
			"Im":5.212818738024381e-12
		},
		"ee_1233":{
			"Re":-1.0607282480193989e-12,
			"Im":-1.304222663196647e-12
		},
		"ee_1313":{
			"Re":1.7850386760551352e-12,
			"Im":2.55529295850064e-10
		},
		"ee_1323":{
			"Re":4.0393010533254304e-13,
			"Im":3.9246594261096636e-13
		},
		"ee_1333":{
			"Re":-3.02309601614145e-11,
			"Im":6.584802566904667e-11
		},
		"ee_2222":-2.2661583830223283e-10,
		"ee_2223":{
			"Re":3.1054190818353236e-13,
			"Im":2.9187828515989073e-13
		},
		"ee_2233":-5.277793844707033e-10,
		"ee_2323":{
			"Re":1.0086794912323086e-10,
			"Im":-1.496961246799127e-11
		},
		"ee_2333":{
			"Re":1.8271763023632186e-13,
			"Im":-3.206221684234834e-13
		},
		"ee_3333":{
			"Re":-1.1571500065931347e-10,
			"Im":-1.2000460869312997e-20
		},
		"ephi_11":-2.147608163074899e-17,
		"ephi_12":{
			"Re":-1.738802907728578e-20,
			"Im":-1.7822169471372267e-20
		},
		"ephi_13":{
			"Re":0.0,
			"Im":9.00045027879995e-19
		},
		"ephi_21":{
			"Re":-3.595444017155457e-18,
			"Im":3.685214243276383e-18
		},
		"ephi_22":-1.7668642851504288e-15,
		"ephi_23":{
			"Re":1.069120483626959e-18,
			"Im":-2.1231532877541678e-19
		},
		"ephi_31":{
			"Re":-7.747921822754326e-19,
			"Im":-3.155414855358918e-15
		},
		"ephi_32":{
			"Re":1.8126534451430363e-17,
			"Im":3.599735765646567e-18
		},
		"ephi_33":-2.1275020680999243e-14,
		"eu_1111":-3.5607831466088405e-11,
		"eu_1122":-3.5607831466088405e-11,
		"eu_1133":-3.5607831466088405e-11,
		"eu_1211":{
			"Re":-2.949784808554304e-14,
			"Im":-3.0235640126410904e-14
		},
		"eu_1222":{
			"Re":-2.949784808554304e-14,
			"Im":-3.0235640126410904e-14
		},
		"eu_1233":{
			"Re":-2.949784808554304e-14,
			"Im":-3.0235640126410904e-14
		},
		"eu_1311":{
			"Re":-3.7862202793692704e-16,
			"Im":1.5388855580411608e-12
		},
		"eu_1322":{
			"Re":-3.7862202793692704e-16,
			"Im":1.5388855580411608e-12
		},
		"eu_1333":{
			"Re":-3.7862202793692704e-16,
			"Im":1.5388855580411608e-12
		},
		"eu_2211":-1.3679400823038238e-11,
		"eu_2222":-1.3679400823038238e-11,
		"eu_2233":-1.3679400823038238e-11,
		"eu_2311":{
			"Re":8.842597196958846e-15,
			"Im":-1.755797698302397e-15
		},
		"eu_2322":{
			"Re":8.842597196958846e-15,
			"Im":-1.755797698302397e-15
		},
		"eu_2333":{
			"Re":8.842597196958846e-15,
			"Im":-1.755797698302397e-15
		},
		"eu_3311":-9.647314096164767e-12,
		"eu_3322":-9.647314096164767e-12,
		"eu_3333":-9.647314096164767e-12,
		"phi":-2.306308195564539e-17,
		"phiB":9.51491772158568e-14,
		"phiBox":-1.5614065224668992e-13,
		"phid_11":2.0424749466982512e-13,
		"phid_22":2.0424749466982512e-13,
		"phid_33":2.0424749466982512e-13,
		"phiD":-6.127424840094753e-13,
		"phie_11":-2.6705873599566273e-11,
		"phie_12":{
			"Re":-2.2123386064157276e-14,
			"Im":-2.2676730094808175e-14
		},
		"phie_13":{
			"Re":-2.8396652095269784e-16,
			"Im":1.1541641685308688e-12
		},
		"phie_22":-1.0259550617278676e-11,
		"phie_23":{
			"Re":6.6319478977191274e-15,
			"Im":-1.3168482737267959e-15
		},
		"phie_33":-7.235485572123575e-12,
		"phil1_11":3.063712395471571e-13,
		"phil1_13":{
			"Re":0.0,
			"Im":3.611667142373643e-19
		},
		"phil1_22":3.063294542830626e-13,
		"phil1_23":{
			"Re":4.287788079712039e-19,
			"Im":-8.51783337781382e-20
		},
		"phil1_33":2.97840899691464e-13,
		"phil3_13":{
			"Re":0.0,
			"Im":3.611667142373643e-19
		},
		"phil3_22":-4.178772167501594e-17,
		"phil3_23":{
			"Re":4.287788079712039e-19,
			"Im":-8.51783337781382e-20
		},
		"phil3_33":-8.530342313273671e-15,
		"phiq1_11":-1.0212374733491256e-13,
		"phiq1_22":-1.0212374733491256e-13,
		"phiq1_33":-1.0212374733491256e-13,
		"phiu_11":-4.0849498933965025e-13,
		"phiu_22":-4.0849498933965025e-13,
		"phiu_33":-4.0849498933965025e-13,
		"ld_1111":-2.0424749466982512e-13,
		"ld_1122":-2.0424749466982512e-13,
		"ld_1133":-2.0424749466982512e-13,
		"ld_2211":-2.0424749466982512e-13,
		"ld_2222":-2.0424749466982512e-13,
		"ld_2233":-2.0424749466982512e-13,
		"ld_3311":-2.0424749466982512e-13,
		"ld_3322":-2.0424749466982512e-13,
		"ld_3333":-2.0424749466982512e-13,
		"le_1111":2.6705873599566273e-11,
		"le_1112":{
			"Re":2.2123386064157276e-14,
			"Im":2.2676730094808175e-14
		},
		"le_1113":{
			"Re":2.8396652095269784e-16,
			"Im":-1.1541641685308688e-12
		},
		"le_1122":1.0259550617278676e-11,
		"le_1123":{
			"Re":-6.6319478977191274e-15,
			"Im":1.3168482737267959e-15
		},
		"le_1133":7.235485572123575e-12,
		"le_2211":2.6705873599566273e-11,
		"le_2212":{
			"Re":2.2123386064157276e-14,
			"Im":2.2676730094808175e-14
		},
		"le_2213":{
			"Re":2.8396652095269784e-16,
			"Im":-1.1541641685308688e-12
		},
		"le_2222":1.0259550617278676e-11,
		"le_2223":{
			"Re":-6.6319478977191274e-15,
			"Im":1.3168482737267959e-15
		},
		"le_2233":7.235485572123575e-12,
		"le_3311":2.6705873599566273e-11,
		"le_3312":{
			"Re":2.2123386064157276e-14,
			"Im":2.2676730094808175e-14
		},
		"le_3313":{
			"Re":2.8396652095269784e-16,
			"Im":-1.1541641685308688e-12
		},
		"le_3322":1.0259550617278676e-11,
		"le_3323":{
			"Re":-6.6319478977191274e-15,
			"Im":1.3168482737267959e-15
		},
		"le_3333":7.235485572123575e-12,
		"ll_1111":-1.5318562100236883e-13,
		"ll_1122":-3.0637124200473766e-13,
		"ll_1133":-3.0637124200473766e-13,
		"ll_2222":-1.5318562100236883e-13,