{
	"eft":"SMEFT",
	"basis":"Warsaw",
	"scale":1000,
	"values":{
		"dd_1111":-2.9448238992635514e-13,
		"dd_1122":-5.889647798527103e-13,
		"dd_1133":-5.889647798527103e-13,
		"dd_2222":-2.9448238992635514e-13,
		"dd_2233":-5.889647798527103e-13,
		"dd_3333":-2.9448238992635514e-13,
		"eB_11":5.780374627127039e-16,
		"eB_12":{
			"Re":-5.58923949107119e-19,
			"Im":4.375612280424587e-19
		},
		"eB_13":{
			"Re":1.0693678933777831e-17,
			"Im":4.726151333250901e-18
		},
		"eB_21":{
			"Re":-1.1556928466273694e-16,
			"Im":-9.047498895296757e-17
		},
		"eB_22":5.804364734975397e-15,
		"eB_23":{
			"Re":-5.224603892400997e-15,
			"Im":-9.50505986641799e-15
		},
		"eB_31":{
			"Re":3.718575128727589e-14,
			"Im":-1.6434520721318202e-14
		},
		"eB_32":{
			"Re":-8.786442735684371e-14,
			"Im":1.5985071009307325e-13
		},
		"eB_33":3.104171778597485e-12,
		"ed_1111":4.217666864939514e-11,
		"ed_1122":4.217666864939514e-11,
		"ed_1133":4.217666864939514e-11,
		"ed_1211":{
			"Re":-2.6052596935643294e-14,
			"Im":2.1789607789567576e-14
		},
		"ed_1222":{
			"Re":-2.6052596935643294e-14,
			"Im":2.1789607789567576e-14
		},
		"ed_1233":{
			"Re":-2.6052596935643294e-14,
			"Im":2.1789607789567576e-14
		},
		"ed_1311":{
			"Re":5.154665220587328e-13,
			"Im":2.117080423100716e-13
		},
		"ed_1322":{
			"Re":5.154665220587328e-13,
			"Im":2.117080423100716e-13
		},
		"ed_1333":{
			"Re":5.154665220587328e-13,
			"Im":2.117080423100716e-13
		},
		"ed_2211":6.674534946066872e-13,
		"ed_2222":6.674534946066872e-13,
		"ed_2233":6.674534946066872e-13,
		"ed_2311":{
			"Re":-1.7844293630268263e-12,
			"Im":-3.2464740552170228e-12
		},
		"ed_2322":{
			"Re":-1.7844293630268263e-12,
			"Im":-3.2464740552170228e-12
		},
		"ed_2333":{
			"Re":-1.7844293630268263e-12,
			"Im":-3.2464740552170228e-12
		},
		"ed_3311":6.172764287446969e-11,
		"ed_3322":6.172764287446969e-11,
		"ed_3333":6.172764287446969e-11,
		"ee_1111":-3.223076169995429e-10,
		"ee_1112":{
			"Re":4.976312902969004e-11,
			"Im":-3.170027621251641e-11
		},
		"ee_1113":{
			"Re":-8.558841340146016e-10,
			"Im":-4.678456567693583e-10
		},
		"ee_1122":-1.5335862809687767e-10,
		"ee_1123":{
			"Re":2.0968828609721826e-10,
			"Im":3.81593845654111e-10
		},
		"ee_1133":-7.330139902148696e-9,
		"ee_1212":{
			"Re":-1.054634074736605e-10,
			"Im":-7.536653821393561e-11
		},
		"ee_1213":{
			"Re":3.666348652395589e-10,
			"Im":-3.790120959476349e-11
		},
		"ee_1222":{
			"Re":-1.071355700645285e-12,
			"Im":-2.941414944883132e-12
		},
		"ee_1223":{
			"Re":5.3473368107455e-12,
			"Im":2.7833189767755857e-12
		},
		"ee_1232":{
			"Re":5.0796822608357784e-11,
			"Im":6.078395987297851e-12
		},
		"ee_1233":{
			"Re":-1.0854442173410478e-10,
			"Im":7.504121090620902e-11
		},
		"ee_1313":{
			"Re":-1.6094473155732264e-9,
			"Im":-2.546375973394952e-9
		},
		"ee_1323":{
			"Re":2.2746901136461966e-13,
			"Im":-6.523766089009357e-11
		},
		"ee_1333":{
			"Re":9.405114724843268e-10,
			"Im":5.245772778491674e-10
		},
		"ee_2222":4.516216072548209e-12,
		"ee_2223":{
			"Re":-9.090704048970417e-12,
			"Im":2.5687986123942983e-11
		},
		"ee_2233":-2.099411939486494e-10,
		"ee_2323":{
			"Re":1.68508684337027e-10,
			"Im":4.737447680079456e-11
		},
		"ee_2333":{
			"Re":1.0867079881029386e-10,
			"Im":1.5554718248890702e-10
		},
		"ee_3333":-1.6990844920557666e-9,
		"ephi_11":-1.0520242354081027e-15,
		"ephi_12":{
			"Re":7.263873795645414e-19,
			"Im":-5.933270113573087e-19
		},
		"ephi_13":{
			"Re":-1.4192439161188152e-17,
			"Im":-5.987473992154394e-18
		},
		"ephi_21":{
			"Re":1.5019611201923603e-16,
			"Im":1.2268302953174149e-16
		},
		"ephi_22":-1.1662557103938315e-14,
		"ephi_23":{
			"Re":9.006415401407253e-15,
			"Im":1.6385567924895106e-14
		},
		"ephi_31":{
			"Re":-4.937404841985814e-14,
			"Im":2.0830250223297657e-14
		},
		"ephi_32":{
			"Re":1.5151624724902142e-13,
			"Im":-2.7565681070312126e-13
		},
		"ephi_33":-5.378941143350604e-12,
		"eu_1111":-8.435333729879028e-11,
		"eu_1122":-8.435333729879028e-11,
		"eu_1133":-8.435333729879028e-11,
		"eu_1211":{
			"Re":5.210519387128659e-14,
			"Im":-4.357921557913515e-14
		},
		"eu_1222":{
			"Re":5.210519387128659e-14,
			"Im":-4.357921557913515e-14
		},
		"eu_1233":{
			"Re":5.210519387128659e-14,
			"Im":-4.357921557913515e-14
		},
		"eu_1311":{
			"Re":-1.0309330441174656e-12,
			"Im":-4.234160846201432e-13
		},
		"eu_1322":{
			"Re":-1.0309330441174656e-12,
			"Im":-4.234160846201432e-13
		},
		"eu_1333":{
			"Re":-1.0309330441174656e-12,
			"Im":-4.234160846201432e-13
		},
		"eu_2211":-1.3349069892133745e-12,
		"eu_2222":-1.3349069892133745e-12,
		"eu_2233":-1.3349069892133745e-12,
		"eu_2311":{
			"Re":3.5688587260536527e-12,
			"Im":6.4929481104340456e-12
		},
		"eu_2322":{
			"Re":3.5688587260536527e-12,
			"Im":6.4929481104340456e-12
		},
		"eu_2333":{
			"Re":3.5688587260536527e-12,
			"Im":6.4929481104340456e-12
		},
		"eu_3311":-1.2345528574893937e-10,
		"eu_3322":-1.2345528574893937e-10,
		"eu_3333":-1.2345528574893937e-10,
		"phi":-1.0008435757050134e-12,
		"phiB":8.876407304040412e-12,
		"phiBox":-6.608280024581936e-12,
		"phid_11":8.834471697790653e-13,
		"phid_22":8.834471697790653e-13,
		"phid_33":8.834471697790653e-13,
		"phiD":-2.650341509337196e-12,
		"phie_11":-6.32650029740927e-11,
		"phie_12":{
			"Re":3.907889540346532e-14,
			"Im":-3.268441168435159e-14
		},
		"phie_13":{
			"Re":-7.731997830881048e-13,
			"Im":-3.1756206346511024e-13
		},
		"phie_22":-1.0011802419100316e-12,
		"phie_23":{
			"Re":2.6766440445402413e-12,
			"Im":4.869711082825539e-12
		},
		"phie_33":-9.25914643117046e-11,
		"phil1_11":1.3251707498824615e-12,
		"phil1_13":{
			"Re":-3.07897137315541e-19,
			"Im":-1.3607744117242748e-19
		},
		"phil1_22":1.325160817252112e-12,
		"phil1_23":{
			"Re":1.5042910789071297e-16,
			"Im":2.73673890997311e-16
		},
		"phil1_33":1.235794066787413e-12,
		"phil3_13":{
			"Re":-3.07897137315541e-19,
			"Im":-1.3607744117242748e-19
		},
		"phil3_22":-9.937416486066205e-18,
		"phil3_23":{
			"Re":1.5042910789071297e-16,
			"Im":2.73673890997311e-16
		},
		"phil3_33":-8.937668788118487e-14,
		"phiq1_11":-4.4172358488953265e-13,
		"phiq1_22":-4.4172358488953265e-13,
		"phiq1_33":-4.4172358488953265e-13,
		"phiu_11":-1.7668943395581306e-12,
		"phiu_22":-1.7668943395581306e-12,
		"phiu_33":-1.7668943395581306e-12,
		"ld_1111":-8.834471697790653e-13,
		"ld_1122":-8.834471697790653e-13,
		"ld_1133":-8.834471697790653e-13,
		"ld_2211":-8.834471697790653e-13,
		"ld_2222":-8.834471697790653e-13,
		"ld_2233":-8.834471697790653e-13,
		"ld_3311":-8.834471697790653e-13,
		"ld_3322":-8.834471697790653e-13,
		"ld_3333":-8.834471697790653e-13,
		"le_1111":6.32650029740927e-11,
		"le_1112":{
			"Re":-3.907889540346532e-14,
			"Im":3.268441168435159e-14
		},
		"le_1113":{
			"Re":7.731997830881048e-13,
			"Im":3.1756206346511024e-13
		},
		"le_1122":1.0011802419100316e-12,
		"le_1123":{
			"Re":-2.6766440445402413e-12,
			"Im":-4.869711082825539e-12
		},
		"le_1133":9.25914643117046e-11,
		"le_2211":6.32650029740927e-11,
		"le_2212":{
			"Re":-3.907889540346532e-14,
			"Im":3.268441168435159e-14
		},
		"le_2213":{
			"Re":7.731997830881048e-13,
			"Im":3.1756206346511024e-13
		},
		"le_2222":1.0011802419100316e-12,
		"le_2223":{
			"Re":-2.6766440445402413e-12,
			"Im":-4.869711082825539e-12
		},
		"le_2233":9.25914643117046e-11,
		"le_3311":6.32650029740927e-11,
		"le_3312":{
			"Re":-3.907889540346532e-14,
			"Im":3.268441168435159e-14
		},
		"le_3313":{
			"Re":7.731997830881048e-13,
			"Im":3.1756206346511024e-13
		},
		"le_3322":1.0011802419100316e-12,
		"le_3323":{
			"Re":-2.6766440445402413e-12,
			"Im":-4.869711082825539e-12
		},
		"le_3333":9.25914643117046e-11,
		"ll_1111":-6.62585377334299e-13,
		"ll_1122":-1.325170754668598e-12,
		"ll_1133":-1.325170754668598e-12,
		"ll_2222":-6.62585377334299e-13,
		"ll_2233":-1.325170754668598e-12,
		"ll_3333":-6.62585377334299e-13,
		"lq1_1111":4.4172358488953265e-13,
		"lq1_1122":4.4172358488953265e-13,