{
	"eft":"SMEFT",
	"basis":"Warsaw",
	"scale":1000,
	"values":{
		"dd_1111":-1.26894533610777e-13,
		"dd_1122":-2.53789067221554e-13,
		"dd_1133":-2.53789067221554e-13,
		"dd_2222":-1.26894533610777e-13,
		"dd_2233":-2.53789067221554e-13,
		"dd_3333":-1.26894533610777e-13,
		"eB_11":5.175481660132763e-16,
		"eB_12":{
			"Re":4.744501775212699e-19,
			"Im":1.515326484089828e-19
		},
		"eB_13":{
			"Re":1.5712225398766556e-18,
			"Im":-2.199932831905612e-18
		},
		"eB_21":{
			"Re":9.810255529725368e-17,
			"Im":-3.133256287847849e-17
		},
		"eB_22":1.092900768885612e-13,
		"eB_23":{
			"Re":-1.833455637151374e-14,
			"Im":-5.659512263495707e-15
		},
		"eB_31":{
			"Re":5.463703459457587e-15,
			"Im":7.649954299408603e-15
		},
		"eB_32":{
			"Re":-3.0834017843303e-13,
			"Im":9.517846986914097e-14
		},
		"eB_33":5.97511052337192e-13,
		"ed_1111":2.922622543154791e-11,
		"ed_1122":2.922622543154791e-11,
		"ed_1133":2.922622543154791e-11,
		"ed_1211":{
			"Re":2.3465094774225187e-14,
			"Im":-3.6112474567395596e-14
		},
		"ed_1222":{
			"Re":2.3465094774225187e-14,
			"Im":-3.6112474567395596e-14
		},
		"ed_1233":{
			"Re":2.3465094774225187e-14,
			"Im":-3.6112474567395596e-14
		},
		"ed_1311":{
			"Re":1.3301888101714097e-13,
			"Im":-1.797999373829849e-13
		},
		"ed_1322":{
			"Re":1.3301888101714097e-13,
			"Im":-1.797999373829849e-13
		},
		"ed_1333":{
			"Re":1.3301888101714097e-13,
			"Im":-1.797999373829849e-13
		},
		"ed_2211":2.9679732224242526e-11,
		"ed_2222":2.9679732224242526e-11,
		"ed_2233":2.9679732224242526e-11,
		"ed_2311":{
			"Re":-5.0712000276694294e-12,
			"Im":-1.5551039834273607e-12
		},
		"ed_2322":{
			"Re":-5.0712000276694294e-12,
			"Im":-1.5551039834273607e-12
		},
		"ed_2333":{
			"Re":-5.0712000276694294e-12,
			"Im":-1.5551039834273607e-12
		},
		"ed_3311":9.250881665710136e-12,
		"ed_3322":9.250881665710136e-12,
		"ed_3333":9.250881665710136e-12,
		"ee_1111":-3.46611409810864e-9,
		"ee_1112":{
			"Re":8.478980693144174e-11,
			"Im":-7.042577378565976e-11
		},
		"ee_1113":{
			"Re":-3.3963317189472383e-10,
			"Im":4.17709600766717e-10
		},
		"ee_1122":-7.793935927464719e-9,
		"ee_1123":{
			"Re":1.176815318189737e-9,
			"Im":4.455168026032011e-10
		},
		"ee_1133":-1.8225289946626554e-9,
		"ee_1212":{
			"Re":3.786166107662396e-10,
			"Im":4.159920584502128e-10
		},
		"ee_1213":{
			"Re":-6.669128882034076e-12,
			"Im":-1.8139234249305905e-10
		},
		"ee_1222":{
			"Re":8.739234130047085e-12,
			"Im":1.7359381485530714e-10
		},
		"ee_1223":{
			"Re":8.528556147701075e-12,
			"Im":-1.0864001041540679e-11
		},
		"ee_1232":{
			"Re":1.1026241530307208e-10,
			"Im":-7.485012275147363e-10
		},
		"ee_1233":{
			"Re":-1.8260782916006933e-10,
			"Im":1.5405822840987716e-10
		},
		"ee_1313":{
			"Re":2.170527810939553e-11,
			"Im":1.3349342025766092e-10
		},
		"ee_1323":{
			"Re":-1.3595584548709866e-11,
			"Im":3.259991634853426e-11
		},
		"ee_1333":{
			"Re":1.1215463812583107e-10,
			"Im":-1.253200394131072e-10
		},
		"ee_2222":-3.1391455491605098e-9,
		"ee_2223":{
			"Re":1.1435339145600804e-9,
			"Im":2.39341659379678e-10
		},
		"ee_2233":-2.7036547915988284e-9,
		"ee_2323":{
			"Re":6.86327909387044e-11,
			"Im":4.154642565349153e-11
		},
		"ee_2333":{
			"Re":3.648150399913019e-10,
			"Im":1.4114628040659173e-10
		},
		"ee_3333":-3.5468566345936646e-10,
		"ephi_11":-4.436123365049195e-16,
		"ephi_12":{
			"Re":-3.6597346758196982e-19,
			"Im":3.2398654521005553e-19
		},
		"ephi_13":{
			"Re":-1.770259268128111e-18,
			"Im":2.4134498934182415e-18
		},
		"ephi_21":{
			"Re":-7.567291732824897e-17,
			"Im":-6.699096887762807e-17
		},
		"ephi_22":-9.329161087939735e-14,
		"ephi_23":{
			"Re":1.5565458537506582e-14,
			"Im":4.783268328913817e-15
		},
		"ephi_31":{
			"Re":-6.159036575306121e-15,
			"Im":-8.396925624915953e-15
		},
		"ephi_32":{
			"Re":2.619516375989345e-13,
			"Im":-8.049803655712962e-14
		},
		"ephi_33":-5.137762637346994e-13,
		"eu_1111":-5.845245086309582e-11,
		"eu_1122":-5.845245086309582e-11,
		"eu_1133":-5.845245086309582e-11,
		"eu_1211":{
			"Re":-4.6930189548450375e-14,
			"Im":7.222494913479119e-14
		},
		"eu_1222":{
			"Re":-4.6930189548450375e-14,
			"Im":7.222494913479119e-14
		},
		"eu_1233":{
			"Re":-4.6930189548450375e-14,
			"Im":7.222494913479119e-14
		},
		"eu_1311":{
			"Re":-2.6603776203428193e-13,
			"Im":3.595998747659698e-13
		},
		"eu_1322":{
			"Re":-2.6603776203428193e-13,
			"Im":3.595998747659698e-13
		},
		"eu_1333":{
			"Re":-2.6603776203428193e-13,
			"Im":3.595998747659698e-13
		},
		"eu_2211":-5.935946444848505e-11,
		"eu_2222":-5.935946444848505e-11,
		"eu_2233":-5.935946444848505e-11,
		"eu_2311":{
			"Re":1.0142400055338859e-11,
			"Im":3.1102079668547214e-12
		},
		"eu_2322":{
			"Re":1.0142400055338859e-11,
			"Im":3.1102079668547214e-12
		},
		"eu_2333":{
			"Re":1.0142400055338859e-11,
			"Im":3.1102079668547214e-12
		},
		"eu_3311":-1.8501763331420272e-11,
		"eu_3322":-1.8501763331420272e-11,
		"eu_3333":-1.8501763331420272e-11,
		"phi":-8.045673458865961e-14,
		"phiB":2.1855379103440684e-12,
		"phiBox":-1.1220036775768598e-12,
		"phid_11":3.806836008323309e-13,
		"phid_22":3.806836008323309e-13,
		"phid_33":3.806836008323309e-13,
		"phiD":-1.1420508024969927e-12,
		"phie_11":-4.3839338147321836e-11,
		"phie_12":{
			"Re":-3.5197642161339195e-14,
			"Im":5.416871185108855e-14
		},
		"phie_13":{
			"Re":-1.9952832152571352e-13,
			"Im":2.696999060744819e-13
		},
		"phie_22":-4.45195983363638e-11,
		"phie_23":{
			"Re":7.606800041504147e-12,
			"Im":2.3326559751410415e-12
		},
		"phie_33":-1.3876322498565202e-11,
		"phil1_11":5.710253969632099e-13,
		"phil1_13":{
			"Re":-4.5239334854681715e-20,
			"Im":6.33414398753476e-20
		},
		"phil1_22":5.708382901585796e-13,
		"phil1_23":{
			"Re":5.278966626638038e-16,
			"Im":1.629511822192831e-16
		},
		"phil1_33":5.538215985470787e-13,
		"phil3_13":{
			"Re":-4.5239334854681715e-20,
			"Im":6.33414398753476e-20
		},
		"phil3_22":-1.8711108991679046e-16,
		"phil3_23":{
			"Re":5.278966626638038e-16,
			"Im":1.629511822192831e-16
		},
		"phil3_33":-1.7203802701417563e-14,
		"phiq1_11":-1.9034180041616546e-13,
		"phiq1_22":-1.9034180041616546e-13,
		"phiq1_33":-1.9034180041616546e-13,
		"phiu_11":-7.613672016646618e-13,
		"phiu_22":-7.613672016646618e-13,
		"phiu_33":-7.613672016646618e-13,
		"ld_1111":-3.806836008323309e-13,
		"ld_1122":-3.806836008323309e-13,
		"ld_1133":-3.806836008323309e-13,
		"ld_2211":-3.806836008323309e-13,
		"ld_2222":-3.806836008323309e-13,
		"ld_2233":-3.806836008323309e-13,
		"ld_3311":-3.806836008323309e-13,
		"ld_3322":-3.806836008323309e-13,
		"ld_3333":-3.806836008323309e-13,
		"le_1111":4.3839338147321836e-11,
		"le_1112":{
			"Re":3.5197642161339195e-14,
			"Im":-5.416871185108855e-14
		},
		"le_1113":{
			"Re":1.9952832152571352e-13,
			"Im":-2.696999060744819e-13
		},
		"le_1122":4.45195983363638e-11,
		"le_1123":{
			"Re":-7.606800041504147e-12,
			"Im":-2.3326559751410415e-12
		},
		"le_1133":1.3876322498565202e-11,
		"le_2211":4.3839338147321836e-11,
		"le_2212":{
			"Re":3.5197642161339195e-14,
			"Im":-5.416871185108855e-14
		},
		"le_2213":{
			"Re":1.9952832152571352e-13,
			"Im":-2.696999060744819e-13
		},
		"le_2222":4.45195983363638e-11,
		"le_2223":{
			"Re":-7.606800041504147e-12,
			"Im":-2.3326559751410415e-12
		},
		"le_2233":1.3876322498565202e-11,
		"le_3311":4.3839338147321836e-11,
		"le_3312":{
			"Re":3.5197642161339195e-14,
			"Im":-5.416871185108855e-14
		},
		"le_3313":{
			"Re":1.9952832152571352e-13,
			"Im":-2.696999060744819e-13
		},
		"le_3322":4.45195983363638e-11,
		"le_3323":{
			"Re":-7.606800041504147e-12,
			"Im":-2.3326559751410415e-12
		},
		"le_3333":1.3876322498565202e-11,
		"ll_1111":-2.855127006242482e-13,
		"ll_1122":-5.710254012484964e-13,
		"ll_1133":-5.710254012484964e-13,
		"ll_2222":-2.855127006242482e-13,
		"ll_2233":-5.710254012484964e-13,
		"ll_3333":-2.855127006242482e-13,
		"lq1_1111":1.9034180041616546e-13,