{
	"eft":"SMEFT",
	"basis":"Warsaw",
	"scale":1000,
	"values":{
		"dd_1111":-6.301587297504988e-14,
		"dd_1122":-1.2603174595009976e-13,
		"dd_1133":-1.2603174595009976e-13,
		"dd_2222":-6.301587297504988e-14,
		"dd_2233":-1.2603174595009976e-13,
		"dd_3333":-6.301587297504988e-14,
		"eB_11":1.0790155982268674e-16,
		"eB_13":{
			"Re":8.890925466578305e-20,
			"Im":-1.6968525308378278e-20
		},
		"eB_21":{
			"Re":-2.0845601763978514e-19,
			"Im":1.005184710271341e-20
		},
		"eB_22":2.832998833344194e-14,
		"eB_23":{
			"Re":2.885500375501186e-16,
			"Im":-2.5496855522726643e-17
		},
		"eB_31":{
			"Re":3.0916931877352213e-16,
			"Im":5.900563928809514e-17
		},
		"eB_32":{
			"Re":4.852671003444354e-15,
			"Im":4.287916665152331e-16
		},
		"eB_33":8.889204914244257e-14,
		"ed_1111":7.031835416007469e-12,
		"ed_1122":7.031835416007469e-12,
		"ed_1133":7.031835416007469e-12,
		"ed_1211":{
			"Re":-6.385173242475985e-17,
			"Im":-4.128538553980684e-18
		},
		"ed_1222":{
			"Re":-6.385173242475985e-17,
			"Im":-4.128538553980684e-18
		},
		"ed_1233":{
			"Re":-6.385173242475985e-17,
			"Im":-4.128538553980684e-18
		},
		"ed_1311":{
			"Re":6.0864032887884554e-15,
			"Im":-1.1683957788757464e-15
		},
		"ed_1322":{
			"Re":6.0864032887884554e-15,
			"Im":-1.1683957788757464e-15
		},
		"ed_1333":{
			"Re":6.0864032887884554e-15,
			"Im":-1.1683957788757464e-15
		},
		"ed_2211":8.99781575241558e-12,
		"ed_2222":8.99781575241558e-12,
		"ed_2233":8.99781575241558e-12,
		"ed_2311":{
			"Re":9.14073385842762e-14,
			"Im":-1.0953999892576058e-14
		},
		"ed_2322":{
			"Re":9.14073385842762e-14,
			"Im":-1.0953999892576058e-14
		},
		"ed_2333":{
			"Re":9.14073385842762e-14,
			"Im":-1.0953999892576058e-14
		},
		"ed_3311":1.3958647981524923e-12,
		"ed_3322":1.3958647981524923e-12,
		"ed_3333":1.3958647981524923e-12,
		"ee_1111":-1.261434209477007e-10,
		"ee_1112":{
			"Re":4.410600481727861e-14,
			"Im":-2.5541863571302906e-14
		},
		"ee_1113":{
			"Re":-2.266122959275192e-13,
			"Im":5.811949599658279e-14
		},
		"ee_1122":-9.376067830544417e-10,
		"ee_1123":{
			"Re":-9.543414168326219e-12,
			"Im":9.989419071375705e-13
		},
		"ee_1133":-1.5910826830768378e-10,
		"ee_1212":{
			"Re":-1.6425874312391338e-10,
			"Im":2.507519437155439e-10
		},
		"ee_1213":{
			"Re":-4.361661789978187e-11,
			"Im":2.2466563008133694e-11
		},
		"ee_1222":{
			"Re":-4.366115387366445e-14,
			"Im":2.1611952584928002e-14
		},
		"ee_1223":{
			"Re":-8.025546329810597e-13,
			"Im":1.506932460502659e-13
		},
		"ee_1232":{
			"Re":-3.3232129374452874e-13,
			"Im":3.6928484922379514e-13
		},
		"ee_1233":{
			"Re":-8.389277746079792e-14,
			"Im":2.6564818838127824e-14
		},
		"ee_1313":{
			"Re":5.632402792637541e-11,
			"Im":1.1496076109620024e-11
		},
		"ee_1323":{
			"Re":-4.4202341487324446e-16,
			"Im":1.0216874235648089e-14
		},
		"ee_1333":{
			"Re":-4.4990976025791177e-14,
			"Im":5.877027853442176e-14
		},
		"ee_2222":-2.2572024665197672e-10,
		"ee_2223":{
			"Re":4.0817392347842335e-11,
			"Im":3.127660645982203e-11
		},
		"ee_2233":-1.9296051064728966e-10,
		"ee_2323":{
			"Re":-2.642995843047351e-11,
			"Im":-6.627711958371825e-11
		},
		"ee_2333":{
			"Re":-1.1166712374614312e-11,
			"Im":-7.102023285321859e-12
		},
		"ee_3333":-3.664442179161224e-12,
		"ephi_11":-1.3615984023470637e-17,
		"ephi_13":-1.1141655096752766e-20,
		"ephi_21":2.483485668858965e-20,
		"ephi_22":-3.565835214903692e-15,
		"ephi_23":{
			"Re":-3.5033052057122916e-17,
			"Im":3.881558036176268e-18
		},
		"ephi_31":{
			"Re":-3.892523008936799e-17,
			"Im":-7.460171236673678e-18
		},
		"ephi_32":{
			"Re":-5.920079475947829e-16,
			"Im":-6.552896206259065e-17
		},
		"ephi_33":-1.1249777242259323e-14,
		"eu_1111":-1.4063670832014939e-11,
		"eu_1122":-1.4063670832014939e-11,
		"eu_1133":-1.4063670832014939e-11,
		"eu_1211":{
			"Re":1.277034648495197e-16,
			"Im":8.257077107961367e-18
		},
		"eu_1222":{
			"Re":1.277034648495197e-16,
			"Im":8.257077107961367e-18
		},
		"eu_1233":{
			"Re":1.277034648495197e-16,
			"Im":8.257077107961367e-18
		},
		"eu_1311":{
			"Re":-1.2172806577576911e-14,
			"Im":2.3367915577514928e-15
		},
		"eu_1322":{
			"Re":-1.2172806577576911e-14,
			"Im":2.3367915577514928e-15
		},
		"eu_1333":{
			"Re":-1.2172806577576911e-14,
			"Im":2.3367915577514928e-15
		},
		"eu_2211":-1.799563150483116e-11,
		"eu_2222":-1.799563150483116e-11,
		"eu_2233":-1.799563150483116e-11,
		"eu_2311":{
			"Re":-1.828146771685524e-13,
			"Im":2.1907999785152116e-14
		},
		"eu_2322":{
			"Re":-1.828146771685524e-13,
			"Im":2.1907999785152116e-14
		},
		"eu_2333":{
			"Re":-1.828146771685524e-13,
			"Im":2.1907999785152116e-14
		},
		"eu_3311":-2.7917295963049846e-12,
		"eu_3322":-2.7917295963049846e-12,
		"eu_3333":-2.7917295963049846e-12,
		"phi":-8.916398899682671e-17,
		"phiB":1.4183129513736692e-13,
		"phiBox":-1.4887955873056864e-13,
		"phid_11":1.8904761892514964e-13,
		"phid_22":1.8904761892514964e-13,
		"phid_33":1.8904761892514964e-13,
		"phiD":-5.671428567754489e-13,
		"phie_11":-1.0547753124011197e-11,
		"phie_12":{
			"Re":9.577759863713914e-17,
			"Im":6.192807830970828e-18
		},
		"phie_13":{
			"Re":-9.129604933182676e-15,
			"Im":1.7525936683136184e-15
		},
		"phie_22":-1.349672362862335e-11,
		"phie_23":{
			"Re":-1.3711100787641377e-13,
			"Im":1.64309998388643e-14
		},
		"phie_33":-2.093797197228737e-12,
		"phil1_11":2.835714274943021e-13,
		"phil1_22":2.835229257684079e-13,
		"phil1_23":{
			"Re":-8.308060405044102e-18,
			"Im":7.341167501484173e-19
		},
		"phil1_33":2.81012009161604e-13,
		"phil3_22":-4.8502619316530963e-17,
		"phil3_23":{
			"Re":-8.308060405044102e-18,
			"Im":7.341167501484173e-19
		},
		"phil3_33":-2.559419226120491e-15,
		"phiq1_11":-9.452380946257482e-14,
		"phiq1_22":-9.452380946257482e-14,
		"phiq1_33":-9.452380946257482e-14,
		"phiu_11":-3.780952378502993e-13,
		"phiu_22":-3.780952378502993e-13,
		"phiu_33":-3.780952378502993e-13,
		"ld_1111":-1.8904761892514964e-13,
		"ld_1122":-1.8904761892514964e-13,
		"ld_1133":-1.8904761892514964e-13,
		"ld_2211":-1.8904761892514964e-13,
		"ld_2222":-1.8904761892514964e-13,
		"ld_2233":-1.8904761892514964e-13,
		"ld_3311":-1.8904761892514964e-13,
		"ld_3322":-1.8904761892514964e-13,
		"ld_3333":-1.8904761892514964e-13,
		"le_1111":1.0547753124011197e-11,
		"le_1112":{
			"Re":-9.577759863713914e-17,
			"Im":-6.192807830970828e-18
		},
		"le_1113":{
			"Re":9.129604933182676e-15,
			"Im":-1.7525936683136184e-15
		},
		"le_1122":1.349672362862335e-11,
		"le_1123":{
			"Re":1.3711100787641377e-13,
			"Im":-1.64309998388643e-14
		},
		"le_1133":2.093797197228737e-12,
		"le_2211":1.0547753124011197e-11,
		"le_2212":{
			"Re":-9.577759863713914e-17,
			"Im":-6.192807830970828e-18
		},
		"le_2213":{
			"Re":9.129604933182676e-15,
			"Im":-1.7525936683136184e-15
		},
		"le_2222":1.349672362862335e-11,
		"le_2223":{
			"Re":1.3711100787641377e-13,
			"Im":-1.64309998388643e-14
		},
		"le_2233":2.093797197228737e-12,
		"le_3311":1.0547753124011197e-11,
		"le_3312":{
			"Re":-9.577759863713914e-17,
			"Im":-6.192807830970828e-18
		},
		"le_3313":{
			"Re":9.129604933182676e-15,
			"Im":-1.7525936683136184e-15
		},
		"le_3322":1.349672362862335e-11,
		"le_3323":{
			"Re":1.3711100787641377e-13,
			"Im":-1.64309998388643e-14
		},
		"le_3333":2.093797197228737e-12,
		"ll_1111":-1.4178571419386222e-13,
		"ll_1122":-2.8357142838772445e-13,
		"ll_1133":-2.8357142838772445e-13,
		"ll_2222":-1.4178571419386222e-13,
		"ll_2233":-2.8357142838772445e-13,
		"ll_3333":-1.4178571419386222e-13,
		"lq1_1111":9.452380946257482e-14,
		"lq1_1122":9.452380946257482e-14,
		"lq1_1133":9.452380946257482e-14,
		"lq1_2211":9.452380946257482e-14,
		"lq1_2222":9.452380946257482e-14,
		"lq1_2233":9.452380946257482e-14,
		"lq1_3311":9.452380946257482e-14,
		"lq1_3322":9.452380946257482e-14,
		"lq1_3333":9.452380946257482e-14,
		"lu_1111":3.780952378502993e-13,
		"lu_1122":3.780952378502993e-13,
		"lu_1133":3.780952378502993e-13,