{
	"eft":"SMEFT",
	"basis":"Warsaw",
	"scale":1000,
	"values":{
		"dd_1111":-2.0245330294676575e-13,
		"dd_1122":-4.049066058935315e-13,
		"dd_1133":-4.049066058935315e-13,
		"dd_2222":-2.0245330294676575e-13,
		"dd_2233":-4.049066058935315e-13,
		"dd_3333":-2.0245330294676575e-13,
		"eB_11":3.523876547598201e-17,
		"eB_12":{
			"Re":2.493940960356866e-19,
			"Im":9.193580223398538e-19
		},
		"eB_13":{
			"Re":-1.9015629227219454e-20,
			"Im":9.625291515251701e-20
		},
		"eB_21":{
			"Re":5.156747590436534e-17,
			"Im":-1.9009661182080061e-16
		},
		"eB_22":1.4261720684965539e-13,
		"eB_23":{
			"Re":6.875131819234178e-16,
			"Im":7.390814203923705e-16
		},
		"eB_31":{
			"Re":-6.612415272548506e-17,
			"Im":-3.347058562073613e-16
		},
		"eB_32":{
			"Re":1.1562207063743846e-14,
			"Im":-1.2429452473384557e-14
		},
		"eB_33":1.7096899055781631e-13,
		"ed_1111":1.3989941490702733e-12,
		"ed_1122":1.3989941490702733e-12,
		"ed_1133":1.3989941490702733e-12,
		"ed_1211":{
			"Re":1.85238028857169e-14,
			"Im":6.828676782624626e-14
		},
		"ed_1222":{
			"Re":1.85238028857169e-14,
			"Im":6.828676782624626e-14
		},
		"ed_1233":{
			"Re":1.85238028857169e-14,
			"Im":6.828676782624626e-14
		},
		"ed_1311":{
			"Re":-1.4103056687692388e-15,
			"Im":7.139628565446039e-15
		},
		"ed_1322":{
			"Re":-1.4103056687692388e-15,
			"Im":7.139628565446039e-15
		},
		"ed_1333":{
			"Re":-1.4103056687692388e-15,
			"Im":7.139628565446039e-15
		},
		"ed_2211":5.0013905771445806e-11,
		"ed_2222":5.0013905771445806e-11,
		"ed_2233":5.0013905771445806e-11,
		"ed_2311":{
			"Re":2.4720036479117645e-13,
			"Im":2.65573141626357e-13
		},
		"ed_2322":{
			"Re":2.4720036479117645e-13,
			"Im":2.65573141626357e-13
		},
		"ed_2333":{
			"Re":2.4720036479117645e-13,
			"Im":2.65573141626357e-13
		},
		"ed_3311":2.4321381412021263e-12,
		"ed_3322":2.4321381412021263e-12,
		"ed_3333":2.4321381412021263e-12,
		"ee_1111":3.1815084022083054e-12,
		"ee_1112":{
			"Re":-5.247914917702778e-13,
			"Im":-6.905666428170514e-14
		},
		"ee_1113":{
			"Re":-2.1186425309555857e-13,
			"Im":4.0031227664283905e-13
		},
		"ee_1122":-3.974712369966767e-10,
		"ee_1123":{
			"Re":-1.9130380138096613e-12,
			"Im":-2.089043179565922e-12
		},
		"ee_1133":-2.4393568935499808e-11,
		"ee_1212":{
			"Re":-2.0696771430944296e-10,
			"Im":-8.162553714195189e-11
		},
		"ee_1213":{
			"Re":-3.794926021989984e-12,
			"Im":-5.015060957110428e-12
		},
		"ee_1222":{
			"Re":-3.0658714803188285e-13,
			"Im":-3.0505624045991743e-12
		},
		"ee_1223":{
			"Re":2.724614270492099e-13,
			"Im":-1.2618388685317715e-12
		},
		"ee_1232":{
			"Re":6.905242231842191e-13,
			"Im":9.886740338585914e-12
		},
		"ee_1233":{
			"Re":-3.5822787764576214e-13,
			"Im":-5.854381758181262e-13
		},
		"ee_1313":{
			"Re":9.100535387833555e-12,
			"Im":1.2884082377707091e-11
		},
		"ee_1323":{
			"Re":2.346431420087652e-13,
			"Im":-8.114856656853295e-13
		},
		"ee_1333":{
			"Re":3.567694618127422e-13,
			"Im":-7.062947048734522e-13
		},
		"ee_2222":-9.216552651151169e-10,
		"ee_2223":{
			"Re":5.368835767374264e-11,
			"Im":8.621907720059145e-12
		},
		"ee_2233":-6.109536143077594e-10,
		"ee_2323":{
			"Re":-2.5888940742772537e-10,
			"Im":-1.6997871732415318e-10
		},
		"ee_2333":{
			"Re":-1.1743692681664582e-11,
			"Im":-3.5094741115538923e-12
		},
		"ee_3333":3.472461308647847e-12,
		"ephi_11":8.225771124713318e-18,
		"ephi_12":{
			"Re":5.82762344154442e-20,
			"Im":2.1483042599720417e-19
		},
		"ephi_13":{
			"Re":0.0,
			"Im":2.252577505694633e-20
		},
		"ephi_21":{
			"Re":1.2049730276913758e-17,
			"Im":-4.442031498456793e-17
		},
		"ephi_22":3.332478255436557e-14,
		"ephi_23":{
			"Re":1.611672078625807e-16,
			"Im":1.731751271258042e-16
		},
		"ephi_31":{
			"Re":-1.5434426132105924e-17,
			"Im":-7.813347322454615e-17
		},
		"ephi_32":{
			"Re":2.7036474405236085e-15,
			"Im":-2.9050819254365086e-15
		},
		"ephi_33":4.001062020672101e-14,
		"eu_1111":-2.7979882981405466e-12,
		"eu_1122":-2.7979882981405466e-12,
		"eu_1133":-2.7979882981405466e-12,
		"eu_1211":{
			"Re":-3.70476057714338e-14,
			"Im":-1.3657353565249252e-13
		},
		"eu_1222":{
			"Re":-3.70476057714338e-14,
			"Im":-1.3657353565249252e-13
		},
		"eu_1233":{
			"Re":-3.70476057714338e-14,
			"Im":-1.3657353565249252e-13
		},
		"eu_1311":{
			"Re":2.8206113375384775e-15,
			"Im":-1.4279257130892078e-14
		},
		"eu_1322":{
			"Re":2.8206113375384775e-15,
			"Im":-1.4279257130892078e-14
		},
		"eu_1333":{
			"Re":2.8206113375384775e-15,
			"Im":-1.4279257130892078e-14
		},
		"eu_2211":-1.0002781154289161e-10,
		"eu_2222":-1.0002781154289161e-10,
		"eu_2233":-1.0002781154289161e-10,
		"eu_2311":{
			"Re":-4.944007295823529e-13,
			"Im":-5.31146283252714e-13
		},
		"eu_2322":{
			"Re":-4.944007295823529e-13,
			"Im":-5.31146283252714e-13
		},
		"eu_2333":{
			"Re":-4.944007295823529e-13,
			"Im":-5.31146283252714e-13
		},
		"eu_3311":-4.864276282404253e-12,
		"eu_3322":-4.864276282404253e-12,
		"eu_3333":-4.864276282404253e-12,
		"phi":1.5330006723869505e-15,
		"phiB":-7.970268651024619e-13,
		"phiBox":-5.252481454343486e-13,
		"phid_11":6.073599088402972e-13,
		"phid_22":6.073599088402972e-13,
		"phid_33":6.073599088402972e-13,
		"phiD":-1.8220797265208916e-12,
		"phie_11":-2.098491223605404e-12,
		"phie_12":{
			"Re":-2.7785704328575336e-14,
			"Im":-1.0243015173936937e-13
		},
		"phie_13":{
			"Re":2.115458503153814e-15,
			"Im":-1.0709442848168994e-14
		},
		"phie_22":-7.502085865716868e-11,
		"phie_23":{
			"Re":-3.708005471867644e-13,
			"Im":-3.9835971243953536e-13
		},
		"phie_33":-3.648207211803191e-12,
		"phil1_11":9.110398629686696e-13,
		"phil1_22":9.107956941485351e-13,
		"phil1_23":{
			"Re":-1.9795183855041822e-17,
			"Im":-2.127995940322511e-17
		},
		"phil1_33":9.061172484065246e-13,
		"phil3_22":-2.4416911191065695e-16,
		"phil3_23":{
			"Re":-1.9795183855041822e-17,
			"Im":-2.127995940322511e-17
		},
		"phil3_33":-4.9226148539212694e-15,
		"phiq1_11":-3.036799544201486e-13,
		"phiq1_22":-3.036799544201486e-13,
		"phiq1_33":-3.036799544201486e-13,
		"phiu_11":-1.2147198176805944e-12,
		"phiu_22":-1.2147198176805944e-12,
		"phiu_33":-1.2147198176805944e-12,
		"ld_1111":-6.073599088402972e-13,
		"ld_1122":-6.073599088402972e-13,
		"ld_1133":-6.073599088402972e-13,
		"ld_2211":-6.073599088402972e-13,
		"ld_2222":-6.073599088402972e-13,
		"ld_2233":-6.073599088402972e-13,
		"ld_3311":-6.073599088402972e-13,
		"ld_3322":-6.073599088402972e-13,
		"ld_3333":-6.073599088402972e-13,
		"le_1111":2.098491223605404e-12,
		"le_1112":{
			"Re":2.7785704328575336e-14,
			"Im":1.0243015173936937e-13
		},
		"le_1113":{
			"Re":-2.115458503153814e-15,
			"Im":1.0709442848168994e-14
		},
		"le_1122":7.502085865716868e-11,
		"le_1123":{
			"Re":3.708005471867644e-13,
			"Im":3.9835971243953536e-13
		},
		"le_1133":3.648207211803191e-12,
		"le_2211":2.098491223605404e-12,
		"le_2212":{
			"Re":2.7785704328575336e-14,
			"Im":1.0243015173936937e-13
		},
		"le_2213":{
			"Re":-2.115458503153814e-15,
			"Im":1.0709442848168994e-14
		},
		"le_2222":7.502085865716868e-11,
		"le_2223":{
			"Re":3.708005471867644e-13,
			"Im":3.9835971243953536e-13
		},
		"le_2233":3.648207211803191e-12,
		"le_3311":2.098491223605404e-12,
		"le_3312":{
			"Re":2.7785704328575336e-14,
			"Im":1.0243015173936937e-13
		},
		"le_3313":{
			"Re":-2.115458503153814e-15,
			"Im":1.0709442848168994e-14
		},
		"le_3322":7.502085865716868e-11,
		"le_3323":{
			"Re":3.708005471867644e-13,
			"Im":3.9835971243953536e-13
		},
		"le_3333":3.648207211803191e-12,
		"ll_1111":-4.555199316302229e-13,
		"ll_1122":-9.110398632604458e-13,
		"ll_1133":-9.110398632604458e-13,
		"ll_2222":-4.555199316302229e-13,
		"ll_2233":-9.110398632604458e-13,
		"ll_3333":-4.555199316302229e-13,
		"lq1_1111":3.036799544201486e-13,
		"lq1_1122":3.036799544201486e-13,
		"lq1_1133":3.036799544201486e-13,
		"lq1_2211":3.036799544201486e-13,
		"lq1_2222":3.036799544201486e-13,
		"lq1_2233":3.036799544201486e-13,