{
	"eft":"SMEFT",
	"basis":"Warsaw",
	"scale":1000,
	"values":{
		"dd_1111":-8.911026082120473e-14,
		"dd_1122":-1.7822052164240947e-13,
		"dd_1133":-1.7822052164240947e-13,
		"dd_2222":-8.911026082120473e-14,
		"dd_2233":-1.7822052164240947e-13,
		"dd_3333":-8.911026082120473e-14,
		"eB_11":1.941373725529696e-17,
		"eB_12":{
			"Re":3.3270260883998246e-20,
			"Im":-1.2553516858666042e-19
		},
		"eB_13":{
			"Re":-1.3258899919408782e-18,
			"Im":-2.8802863550662675e-18
		},
		"eB_21":{
			"Re":6.879326350299889e-18,
			"Im":2.5957037011480426e-17
		},
		"eB_22":4.5213235898546096e-14,
		"eB_23":{
			"Re":-2.625587983351763e-18,
			"Im":-2.5699675999741636e-18
		},
		"eB_31":{
			"Re":-4.61059433146673e-15,
			"Im":1.0015787148547742e-14
		},
		"eB_32":{
			"Re":-4.41556507217217e-17,
			"Im":4.322025863545425e-17
		},
		"eB_33":5.85836168749425e-13,
		"ed_1111":7.307479521557743e-13,
		"ed_1122":7.307479521557743e-13,
		"ed_1133":7.307479521557743e-13,
		"ed_1211":{
			"Re":2.1415745493569953e-15,
			"Im":-8.054814024998671e-15
		},
		"ed_1222":{
			"Re":2.1415745493569953e-15,
			"Im":-8.054814024998671e-15
		},
		"ed_1233":{
			"Re":2.1415745493569953e-15,
			"Im":-8.054814024998671e-15
		},
		"ed_1311":{
			"Re":-8.561450772661547e-14,
			"Im":-1.8654733414654033e-13
		},
		"ed_1322":{
			"Re":-8.561450772661547e-14,
			"Im":-1.8654733414654033e-13
		},
		"ed_1333":{
			"Re":-8.561450772661547e-14,
			"Im":-1.8654733414654033e-13
		},
		"ed_2211":1.3533214298672084e-11,
		"ed_2222":1.3533214298672084e-11,
		"ed_2233":1.3533214298672084e-11,
		"ed_2311":{
			"Re":-1.1337022842703753e-15,
			"Im":-7.998968180527793e-16
		},
		"ed_2322":{
			"Re":-1.1337022842703753e-15,
			"Im":-7.998968180527793e-16
		},
		"ed_2333":{
			"Re":-1.1337022842703753e-15,
			"Im":-7.998968180527793e-16
		},
		"ed_3311":1.0339335771407392e-11,
		"ed_3322":1.0339335771407392e-11,
		"ed_3333":1.0339335771407392e-11,
		"ee_1111":-1.2448148119665285e-12,
		"ee_1112":{
			"Re":-5.599768103949576e-14,
			"Im":2.5541601102512765e-14
		},
		"ee_1113":{
			"Re":6.140484036065435e-13,
			"Im":2.4312081244175015e-12
		},
		"ee_1122":-1.450523157079375e-10,
		"ee_1123":{
			"Re":-9.192777284310628e-15,
			"Im":1.223219245708907e-14
		},
		"ee_1133":-1.1173452871367401e-10,
		"ee_1212":{
			"Re":-4.25053807787874e-11,
			"Im":1.744504724845593e-11
		},
		"ee_1213":{
			"Re":-1.1697554850177827e-12,
			"Im":4.463866646840265e-13
		},
		"ee_1222":{
			"Re":-2.2172044787227563e-13,
			"Im":4.59845435760098e-13
		},
		"ee_1223":{
			"Re":1.2632626048318998e-11,
			"Im":2.7449912858116205e-11
		},
		"ee_1232":{
			"Re":4.836458907206984e-12,
			"Im":3.760678521849749e-12
		},
		"ee_1233":{
			"Re":-1.1443281799943698e-13,
			"Im":1.021017027237444e-12
		},
		"ee_1313":{
			"Re":3.397059574956068e-11,
			"Im":-1.1609595495346073e-11
		},
		"ee_1323":{
			"Re":-1.0880826171994526e-13,
			"Im":5.60918030535999e-13
		},
		"ee_1333":{
			"Re":6.119818005835169e-12,
			"Im":1.7913040708519056e-11
		},
		"ee_2222":-5.190530032022264e-10,
		"ee_2223":{
			"Re":1.3967376954361611e-11,
			"Im":5.008123469903712e-13
		},
		"ee_2233":-1.5634675847758002e-9,
		"ee_2323":{
			"Re":-3.880966647884809e-10,
			"Im":-2.4610709619466415e-11
		},
		"ee_2333":{
			"Re":-1.0633905595826404e-11,
			"Im":-2.926049338805682e-13
		},
		"ee_3333":-2.9753923670188983e-10,
		"ephi_11":6.341153583209058e-17,
		"ephi_12":{
			"Re":1.0771242293260539e-19,
			"Im":-4.0550543306633186e-19
		},
		"ephi_13":{
			"Re":-4.3028652676165776e-18,
			"Im":-9.367291177459065e-18
		},
		"ephi_21":{
			"Re":2.227179511205204e-17,
			"Im":8.38467250398334e-17
		},
		"ephi_22":1.4632443636795059e-13,
		"ephi_23":{
			"Re":-1.082367216195218e-17,
			"Im":-8.320677003136572e-18
		},
		"ephi_31":{
			"Re":-1.495989374093702e-14,
			"Im":3.2567539563909905e-14
		},
		"ephi_32":{
			"Re":-1.820005249490469e-16,
			"Im":1.3990711867985007e-16
		},
		"ephi_33":1.9006455997772447e-12,
		"eu_1111":-1.4614959043115485e-12,
		"eu_1122":-1.4614959043115485e-12,
		"eu_1133":-1.4614959043115485e-12,
		"eu_1211":{
			"Re":-4.283149098713991e-15,
			"Im":1.6109628049997343e-14
		},
		"eu_1222":{
			"Re":-4.283149098713991e-15,
			"Im":1.6109628049997343e-14
		},
		"eu_1233":{
			"Re":-4.283149098713991e-15,
			"Im":1.6109628049997343e-14
		},
		"eu_1311":{
			"Re":1.7122901545323093e-13,
			"Im":3.7309466829308065e-13
		},
		"eu_1322":{
			"Re":1.7122901545323093e-13,
			"Im":3.7309466829308065e-13
		},
		"eu_1333":{
			"Re":1.7122901545323093e-13,
			"Im":3.7309466829308065e-13
		},
		"eu_2211":-2.706642859734417e-11,
		"eu_2222":-2.706642859734417e-11,
		"eu_2233":-2.706642859734417e-11,
		"eu_2311":{
			"Re":2.2674045685407506e-15,
			"Im":1.5997936361055586e-15
		},
		"eu_2322":{
			"Re":2.2674045685407506e-15,
			"Im":1.5997936361055586e-15
		},
		"eu_2333":{
			"Re":2.2674045685407506e-15,
			"Im":1.5997936361055586e-15
		},
		"eu_3311":-2.0678671542814783e-11,
		"eu_3322":-2.0678671542814783e-11,
		"eu_3333":-2.0678671542814783e-11,
		"phi":2.4451581961688357e-12,
		"phiB":-5.388440166145479e-12,
		"phiBox":-7.441287233674783e-12,
		"phid_11":2.673307824636142e-13,
		"phid_22":2.673307824636142e-13,
		"phid_33":2.673307824636142e-13,
		"phiD":-8.019923473908426e-13,
		"phie_11":-1.096121928233661e-12,
		"phie_12":{
			"Re":-3.2123618240354926e-15,
			"Im":1.2082221037498005e-14
		},
		"phie_13":{
			"Re":1.284217615899232e-13,
			"Im":2.798210012198105e-13
		},
		"phie_22":-2.0299821448008126e-11,
		"phie_23":{
			"Re":1.700553426405626e-15,
			"Im":1.199845227079169e-15
		},
		"phie_33":-1.5509003657111092e-11,
		"phil1_11":4.00996173534676e-13,
		"phil1_13":{
			"Re":3.817561154042461e-20,
			"Im":8.293047966614296e-20
		},
		"phil1_22":4.009187659555012e-13,
		"phil1_23":{
			"Re":7.55970914079539e-20,
			"Im":7.399564470991642e-20
		},
		"phil1_33":3.841285194100378e-13,
		"phil3_13":{
			"Re":3.817561154042461e-20,
			"Im":8.293047966614296e-20
		},
		"phil3_22":-7.740773992014088e-17,
		"phil3_23":{
			"Re":7.55970914079539e-20,
			"Im":7.399564470991642e-20
		},
		"phil3_33":-1.6867654285383526e-14,
		"phiq1_11":-1.336653912318071e-13,
		"phiq1_22":-1.336653912318071e-13,
		"phiq1_33":-1.336653912318071e-13,
		"phiu_11":-5.346615649272284e-13,
		"phiu_22":-5.346615649272284e-13,
		"phiu_33":-5.346615649272284e-13,
		"ld_1111":-2.673307824636142e-13,
		"ld_1122":-2.673307824636142e-13,
		"ld_1133":-2.673307824636142e-13,
		"ld_2211":-2.673307824636142e-13,
		"ld_2222":-2.673307824636142e-13,
		"ld_2233":-2.673307824636142e-13,
		"ld_3311":-2.673307824636142e-13,
		"ld_3322":-2.673307824636142e-13,
		"ld_3333":-2.673307824636142e-13,
		"le_1111":1.096121928233661e-12,
		"le_1112":{
			"Re":3.2123618240354926e-15,
			"Im":-1.2082221037498005e-14
		},
		"le_1113":{
			"Re":-1.284217615899232e-13,
			"Im":-2.798210012198105e-13
		},
		"le_1122":2.0299821448008126e-11,
		"le_1123":{
			"Re":-1.700553426405626e-15,
			"Im":-1.199845227079169e-15
		},
		"le_1133":1.5509003657111092e-11,
		"le_2211":1.096121928233661e-12,
		"le_2212":{
			"Re":3.2123618240354926e-15,
			"Im":-1.2082221037498005e-14
		},
		"le_2213":{
			"Re":-1.284217615899232e-13,
			"Im":-2.798210012198105e-13
		},
		"le_2222":2.0299821448008126e-11,
		"le_2223":{
			"Re":-1.700553426405626e-15,
			"Im":-1.199845227079169e-15
		},
		"le_2233":1.5509003657111092e-11,
		"le_3311":1.096121928233661e-12,
		"le_3312":{
			"Re":3.2123618240354926e-15,
			"Im":-1.2082221037498005e-14
		},
		"le_3313":{
			"Re":-1.284217615899232e-13,
			"Im":-2.798210012198105e-13
		},
		"le_3322":2.0299821448008126e-11,
		"le_3323":{
			"Re":-1.700553426405626e-15,
			"Im":-1.199845227079169e-15
		},
		"le_3333":1.5509003657111092e-11,
		"ll_1111":-2.0049808684771064e-13,
		"ll_1122":-4.009961736954213e-13,
		"ll_1133":-4.009961736954213e-13,
		"ll_2222":-2.0049808684771064e-13,
		"ll_2233":-4.009961736954213e-13,
		"ll_3333":-2.0049808684771064e-13,
		"lq1_1111":1.336653912318071e-13,