{
	"eft":"SMEFT",
	"basis":"Warsaw",
	"scale":1000,
	"values":{
		"dd_1111":-5.149651477352815e-14,
		"dd_1122":-1.029930295470563e-13,
		"dd_1133":-1.029930295470563e-13,
		"dd_2222":-5.149651477352815e-14,
		"dd_2233":-1.029930295470563e-13,
		"dd_3333":-5.149651477352815e-14,
		"eB_11":2.3846989824362494e-16,
		"eB_12":{
			"Re":-3.578653469163812e-20,
			"Im":-1.5001107348077602e-19
		},
		"eB_13":{
			"Re":1.2287828038414605e-19,
			"Im":-7.080122301959421e-20
		},
		"eB_21":{
			"Re":-7.399618895339883e-18,
			"Im":3.101794525240444e-17
		},
		"eB_22":3.872467606194055e-14,
		"eB_23":{
			"Re":1.01736044796332e-15,
			"Im":-1.1282275662988228e-16
		},
		"eB_31":{
			"Re":4.272917862288175e-16,
			"Im":2.462012078672386e-16
		},
		"eB_32":{
			"Re":1.710939145182164e-14,
			"Im":1.8973891816992005e-15
		},
		"eB_33":8.319301574123773e-13,
		"ed_1111":1.3406994412420424e-11,
		"ed_1122":1.3406994412420424e-11,
		"ed_1133":1.3406994412420424e-11,
		"ed_1211":{
			"Re":-1.5662445120049901e-15,
			"Im":-7.190449675143217e-15
		},
		"ed_1222":{
			"Re":-1.5662445120049901e-15,
			"Im":-7.190449675143217e-15
		},
		"ed_1233":{
			"Re":-1.5662445120049901e-15,
			"Im":-7.190449675143217e-15
		},
		"ed_1311":{
			"Re":5.756437542055279e-15,
			"Im":-3.355736544978645e-15
		},
		"ed_1322":{
			"Re":5.756437542055279e-15,
			"Im":-3.355736544978645e-15
		},
		"ed_1333":{
			"Re":5.756437542055279e-15,
			"Im":-3.355736544978645e-15
		},
		"ed_2211":1.0879790842259033e-11,
		"ed_2222":1.0879790842259033e-11,
		"ed_2233":1.0879790842259033e-11,
		"ed_2311":{
			"Re":2.4399488264157916e-13,
			"Im":-2.910457001987851e-14
		},
		"ed_2322":{
			"Re":2.4399488264157916e-13,
			"Im":-2.910457001987851e-14
		},
		"ed_2333":{
			"Re":2.4399488264157916e-13,
			"Im":-2.910457001987851e-14
		},
		"ed_3311":1.3443362259675966e-11,
		"ed_3322":1.3443362259675966e-11,
		"ed_3333":1.3443362259675966e-11,
		"ee_1111":{
			"Re":-1.5996039434760887e-9,
			"Im":1.1342380773228313e-19
		},
		"ee_1112":{
			"Re":-1.604380528063556e-11,
			"Im":5.486859408697161e-12
		},
		"ee_1113":{
			"Re":-1.963699106282371e-10,
			"Im":6.553696012370106e-11
		},
		"ee_1122":-3.1591550363035415e-9,
		"ee_1123":{
			"Re":-7.415413938049824e-11,
			"Im":8.011627204132639e-12
		},
		"ee_1133":{
			"Re":-3.928523119730295e-9,
			"Im":-4.520903260573692e-19
		},
		"ee_1212":{
			"Re":3.0692811834426986e-11,
			"Im":3.9216325767934196e-10
		},
		"ee_1213":{
			"Re":-7.26532254001724e-11,
			"Im":-3.003132053746352e-11
		},
		"ee_1222":{
			"Re":2.077243158532868e-12,
			"Im":-1.4182685619159555e-11
		},
		"ee_1223":{
			"Re":1.160844997026514e-12,
			"Im":2.713601271296588e-12
		},
		"ee_1232":{
			"Re":4.708560121041302e-11,
			"Im":-1.9089029191616125e-10
		},
		"ee_1233":{
			"Re":3.0313611549862374e-11,
			"Im":2.8209298175857878e-11
		},
		"ee_1313":{
			"Re":-3.2537553148313216e-10,
			"Im":2.451260531054816e-10
		},
		"ee_1323":{
			"Re":1.4965866435523636e-11,
			"Im":-7.564578358263401e-12
		},
		"ee_1333":{
			"Re":1.9091802942678184e-10,
			"Im":-6.401647236887712e-11
		},
		"ee_2222":-8.638276528854545e-10,
		"ee_2223":{
			"Re":-9.922995411215139e-11,
			"Im":7.458400089125113e-11
		},
		"ee_2233":-3.1563839179713022e-9,
		"ee_2323":{
			"Re":2.0953443137882944e-10,
			"Im":3.301678065915391e-10
		},
		"ee_2333":{
			"Re":-4.3032501622682716e-11,
			"Im":-5.81106048366515e-11
		},
		"ee_3333":{
			"Re":-1.6165274893687967e-9,
			"Im":1.126203083959387e-19
		},
		"ephi_11":-4.1165381155925453e-16,
		"ephi_12":{
			"Re":5.170596307889784e-20,
			"Im":2.2953290105388307e-19
		},
		"ephi_13":{
			"Re":-1.8521374088232314e-19,
			"Im":1.0751505375886073e-19
		},
		"ephi_21":{
			"Re":1.0691310990584201e-17,
			"Im":-4.746082047300111e-17
		},
		"ephi_22":-6.861163971783157e-14,
		"ephi_23":{
			"Re":-1.5905789708918166e-15,
			"Im":1.8504917289524246e-16
		},
		"ephi_31":{
			"Re":-6.443056343293459e-16,
			"Im":-3.7401304293590455e-16
		},
		"ephi_32":{
			"Re":-2.6759475707084133e-14,
			"Im":-3.1131633104827833e-15
		},
		"ephi_33":-1.4350413320993223e-12,
		"eu_1111":-2.681398882484085e-11,
		"eu_1122":-2.681398882484085e-11,
		"eu_1133":-2.681398882484085e-11,
		"eu_1211":{
			"Re":3.1324890240099803e-15,
			"Im":1.4380899350286434e-14
		},
		"eu_1222":{
			"Re":3.1324890240099803e-15,
			"Im":1.4380899350286434e-14
		},
		"eu_1233":{
			"Re":3.1324890240099803e-15,
			"Im":1.4380899350286434e-14
		},
		"eu_1311":{
			"Re":-1.1512875084110558e-14,
			"Im":6.71147308995729e-15
		},
		"eu_1322":{
			"Re":-1.1512875084110558e-14,
			"Im":6.71147308995729e-15
		},
		"eu_1333":{
			"Re":-1.1512875084110558e-14,
			"Im":6.71147308995729e-15
		},
		"eu_2211":-2.1759581684518066e-11,
		"eu_2222":-2.1759581684518066e-11,
		"eu_2233":-2.1759581684518066e-11,
		"eu_2311":{
			"Re":-4.879897652831583e-13,
			"Im":5.820914003975701e-14
		},
		"eu_2322":{
			"Re":-4.879897652831583e-13,
			"Im":5.820914003975701e-14
		},
		"eu_2333":{
			"Re":-4.879897652831583e-13,
			"Im":5.820914003975701e-14
		},
		"eu_3311":-2.6886724519351932e-11,
		"eu_3322":-2.6886724519351932e-11,
		"eu_3333":-2.6886724519351932e-11,
		"phi":-2.707592158808756e-13,
		"phiB":1.7952374870923812e-12,
		"phiBox":-1.5066312384183209e-12,
		"phid_11":1.5448954432058443e-13,
		"phid_22":1.5448954432058443e-13,
		"phid_33":1.5448954432058443e-13,
		"phiD":-4.634686329617533e-13,
		"phie_11":-2.011049161863065e-11,
		"phie_12":{
			"Re":2.3493667680075736e-15,
			"Im":1.0785674512714888e-14
		},
		"phie_13":{
			"Re":-8.634656313082414e-15,
			"Im":5.0336048174678664e-15
		},
		"phie_22":-1.631968626338854e-11,
		"phie_23":{
			"Re":-3.6599232396237025e-13,
			"Im":4.365685502981785e-14
		},
		"phie_33":-2.016504338951396e-11,
		"phil1_11":2.3173431450635155e-13,
		"phil1_22":2.3166801754001296e-13,
		"phil1_23":{
			"Re":-2.9292292342585146e-17,
			"Im":3.2484427487965418e-18
		},
		"phil1_33":2.0778101514277032e-13,
		"phil3_22":-6.62989408637036e-17,
		"phil3_23":{
			"Re":-2.9292292342585146e-17,
			"Im":3.2484427487965418e-18
		},
		"phil3_33":-2.395330133810631e-14,
		"phiq1_11":-7.724477216029221e-14,
		"phiq1_22":-7.724477216029221e-14,
		"phiq1_33":-7.724477216029221e-14,
		"phiu_11":-3.0897908864116885e-13,
		"phiu_22":-3.0897908864116885e-13,
		"phiu_33":-3.0897908864116885e-13,
		"ld_1111":-1.5448954432058443e-13,
		"ld_1122":-1.5448954432058443e-13,
		"ld_1133":-1.5448954432058443e-13,
		"ld_2211":-1.5448954432058443e-13,
		"ld_2222":-1.5448954432058443e-13,
		"ld_2233":-1.5448954432058443e-13,
		"ld_3311":-1.5448954432058443e-13,
		"ld_3322":-1.5448954432058443e-13,
		"ld_3333":-1.5448954432058443e-13,
		"le_1111":2.011049161863065e-11,
		"le_1112":{
			"Re":-2.3493667680075736e-15,
			"Im":-1.0785674512714888e-14
		},
		"le_1113":{
			"Re":8.634656313082414e-15,
			"Im":-5.0336048174678664e-15
		},
		"le_1122":1.631968626338854e-11,
		"le_1123":{
			"Re":3.6599232396237025e-13,
			"Im":-4.365685502981785e-14
		},
		"le_1133":2.016504338951396e-11,
		"le_2211":2.011049161863065e-11,
		"le_2212":{
			"Re":-2.3493667680075736e-15,
			"Im":-1.0785674512714888e-14
		},
		"le_2213":{
			"Re":8.634656313082414e-15,
			"Im":-5.0336048174678664e-15
		},
		"le_2222":1.631968626338854e-11,
		"le_2223":{
			"Re":3.6599232396237025e-13,
			"Im":-4.365685502981785e-14
		},
		"le_2233":2.016504338951396e-11,
		"le_3311":2.011049161863065e-11,
		"le_3312":{
			"Re":-2.3493667680075736e-15,
			"Im":-1.0785674512714888e-14
		},
		"le_3313":{
			"Re":8.634656313082414e-15,
			"Im":-5.0336048174678664e-15
		},
		"le_3322":1.631968626338854e-11,
		"le_3323":{
			"Re":3.6599232396237025e-13,
			"Im":-4.365685502981785e-14
		},
		"le_3333":2.016504338951396e-11,
		"ll_1111":-1.1586715824043833e-13,
		"ll_1122":-2.3173431648087665e-13,
		"ll_1133":-2.3173431648087665e-13,
		"ll_2222":-1.1586715824043833e-13,
		"ll_2233":-2.3173431648087665e-13,
		"ll_3333":-1.1586715824043833e-13,
		"lq1_1111":7.724477216029221e-14,