{
	"eft":"SMEFT",
	"basis":"Warsaw",
	"scale":1000,
	"values":{
		"dd_1111":-2.8956830346818153e-14,
		"dd_1122":-5.791366069363631e-14,
		"dd_1133":-5.791366069363631e-14,
		"dd_2222":-2.8956830346818153e-14,
		"dd_2233":-5.791366069363631e-14,
		"dd_3333":-2.8956830346818153e-14,
		"eB_11":9.896926730256642e-17,
		"eB_12":{
			"Re":4.312112500448702e-20,
			"Im":-3.985476405794985e-20
		},
		"eB_13":{
			"Re":-8.537134484773437e-19,
			"Im":-9.039647065232233e-19
		},
		"eB_21":{
			"Re":8.91619974163228e-18,
			"Im":8.240810900906069e-18
		},
		"eB_22":1.9372549747204025e-14,
		"eB_23":{
			"Re":-3.8230515076210805e-17,
			"Im":1.1845946354475265e-16
		},
		"eB_31":{
			"Re":-2.9686673933519574e-15,
			"Im":3.143409013624885e-15
		},
		"eB_32":{
			"Re":-6.429391364222102e-16,
			"Im":-1.9921841241394616e-15
		},
		"eB_33":2.2665436832435077e-13,
		"ed_1111":6.084713881930732e-12,
		"ed_1122":6.084713881930732e-12,
		"ed_1133":6.084713881930732e-12,
		"ed_1211":{
			"Re":2.725804738466322e-15,
			"Im":-2.5190053356166565e-15
		},
		"ed_1222":{
			"Re":2.725804738466322e-15,
			"Im":-2.5190053356166565e-15
		},
		"ed_1233":{
			"Re":2.725804738466322e-15,
			"Im":-2.5190053356166565e-15
		},
		"ed_1311":{
			"Re":-5.3929774122646975e-14,
			"Im":-5.710055530032327e-14
		},
		"ed_1322":{
			"Re":-5.3929774122646975e-14,
			"Im":-5.710055530032327e-14
		},
		"ed_1333":{
			"Re":-5.3929774122646975e-14,
			"Im":-5.710055530032327e-14
		},
		"ed_2211":5.7512485478756715e-12,
		"ed_2222":5.7512485478756715e-12,
		"ed_2233":5.7512485478756715e-12,
		"ed_2311":{
			"Re":-1.1684817664474494e-14,
			"Im":3.6204446357790925e-14
		},
		"ed_2322":{
			"Re":-1.1684817664474494e-14,
			"Im":3.6204446357790925e-14
		},
		"ed_2333":{
			"Re":-1.1684817664474494e-14,
			"Im":3.6204446357790925e-14
		},
		"ed_3311":3.9494557851588725e-12,
		"ed_3322":3.9494557851588725e-12,
		"ed_3333":3.9494557851588725e-12,
		"ee_1111":-3.5802393396343637e-10,
		"ee_1112":{
			"Re":6.891895912781286e-13,
			"Im":3.639335815889715e-13
		},
		"ee_1113":{
			"Re":-2.0685120832160552e-11,
			"Im":-2.6966516177734557e-11
		},
		"ee_1122":-1.2125079672971454e-9,
		"ee_1123":{
			"Re":2.3086654813942773e-12,
			"Im":-7.704388335471862e-12
		},
		"ee_1133":-8.293595922019682e-10,
		"ee_1212":{
			"Re":1.423676028180526e-10,
			"Im":-2.2810011643739631e-10
		},
		"ee_1213":{
			"Re":1.5810677506193917e-11,
			"Im":8.173362719480558e-12
		},
		"ee_1222":{
			"Re":2.2475311957545164e-13,
			"Im":-4.3698207967816803e-13
		},
		"ee_1223":{
			"Re":1.0667341560566735e-11,
			"Im":1.1268574419276179e-11
		},
		"ee_1232":{
			"Re":1.5267013832759332e-11,
			"Im":4.526503906542483e-11
		},
		"ee_1233":{
			"Re":-3.2253202237422383e-12,
			"Im":1.5016516972676447e-12
		},
		"ee_1313":{
			"Re":4.0338955771110974e-11,
			"Im":-1.813460843568286e-10
		},
		"ee_1323":{
			"Re":1.902811409948687e-13,
			"Im":-7.383502231911233e-13
		},
		"ee_1333":{
			"Re":2.7662850188703465e-11,
			"Im":3.373164453851288e-11
		},
		"ee_2222":-3.179032634781029e-10,
		"ee_2223":{
			"Re":3.659050115596711e-12,
			"Im":9.736703057645601e-12
		},
		"ee_2233":-7.916959366667225e-10,
		"ee_2323":{
			"Re":1.6645795623156435e-10,
			"Im":-5.867678796300199e-11
		},
		"ee_2333":{
			"Re":-1.395836548198392e-12,
			"Im":-1.6207320799410698e-11
		},
		"ee_3333":-1.5212009588449663e-10,
		"ephi_11":-3.611141293972978e-16,
		"ephi_12":{
			"Re":-1.5729689871455447e-19,
			"Im":1.453687783587755e-19
		},
		"ephi_13":{
			"Re":3.1122191061497103e-18,
			"Im":3.295263349186667e-18
		},
		"ephi_21":{
			"Re":-3.252446142041234e-17,
			"Im":-3.0058070199371144e-17
		},
		"ephi_22":-7.06882662563153e-14,
		"ephi_23":{
			"Re":1.3941133007526232e-16,
			"Im":-4.319603597100427e-16
		},
		"ephi_31":{
			"Re":1.0824045131842455e-14,
			"Im":-1.1460658216222764e-14
		},
		"ephi_32":{
			"Re":2.3449172742534516e-15,
			"Im":7.265631235955514e-15
		},
		"ephi_33":-8.27076016222175e-13,
		"eu_1111":-1.2169427763861464e-11,
		"eu_1122":-1.2169427763861464e-11,
		"eu_1133":-1.2169427763861464e-11,
		"eu_1211":{
			"Re":-5.451609476932644e-15,
			"Im":5.038010671233313e-15
		},
		"eu_1222":{
			"Re":-5.451609476932644e-15,
			"Im":5.038010671233313e-15
		},
		"eu_1233":{
			"Re":-5.451609476932644e-15,
			"Im":5.038010671233313e-15
		},
		"eu_1311":{
			"Re":1.0785954824529395e-13,
			"Im":1.1420111060064654e-13
		},
		"eu_1322":{
			"Re":1.0785954824529395e-13,
			"Im":1.1420111060064654e-13
		},
		"eu_1333":{
			"Re":1.0785954824529395e-13,
			"Im":1.1420111060064654e-13
		},
		"eu_2211":-1.1502497095751343e-11,
		"eu_2222":-1.1502497095751343e-11,
		"eu_2233":-1.1502497095751343e-11,
		"eu_2311":{
			"Re":2.3369635328948988e-14,
			"Im":-7.240889271558185e-14
		},
		"eu_2322":{
			"Re":2.3369635328948988e-14,
			"Im":-7.240889271558185e-14
		},
		"eu_2333":{
			"Re":2.3369635328948988e-14,
			"Im":-7.240889271558185e-14
		},
		"eu_3311":-7.898911570317745e-12,
		"eu_3322":-7.898911570317745e-12,
		"eu_3333":-7.898911570317745e-12,
		"phi":-1.1809085467982967e-12,
		"phiB":1.9982433232039062e-12,
		"phiBox":-3.1294664465774214e-12,
		"phid_11":8.687049104045445e-14,
		"phid_22":8.687049104045445e-14,
		"phid_33":8.687049104045445e-14,
		"phiD":-2.6061147312136335e-13,
		"phie_11":-9.127070822896095e-12,
		"phie_12":{
			"Re":-4.088707107699482e-15,
			"Im":3.778508003425007e-15
		},
		"phie_13":{
			"Re":8.089466118397063e-14,
			"Im":8.5650832950485e-14
		},
		"phie_22":-8.626872821813523e-12,
		"phie_23":{
			"Re":1.7527226496711885e-14,
			"Im":-5.4306669536686836e-14
		},
		"phie_33":-5.924183677738303e-12,
		"phil1_11":1.303057357412185e-13,
		"phil1_13":{
			"Re":2.4580495496613162e-20,
			"Im":2.6027351961506563e-20
		},
		"phil1_22":1.302725696071863e-13,
		"phil1_23":{
			"Re":1.1007499124443513e-18,
			"Im":-3.4107373093236164e-18
		},
		"phil1_33":1.2377980366150904e-13,
		"phil3_13":{
			"Re":2.4580495496613162e-20,
			"Im":2.6027351961506563e-20
		},
		"phil3_22":-3.3166953495354127e-17,
		"phil3_23":{
			"Re":1.1007499124443513e-18,
			"Im":-3.4107373093236164e-18
		},
		"phil3_33":-6.52593289917265e-15,
		"phiq1_11":-4.3435245520227223e-14,
		"phiq1_22":-4.3435245520227223e-14,
		"phiq1_33":-4.3435245520227223e-14,
		"phiu_11":-1.737409820809089e-13,
		"phiu_22":-1.737409820809089e-13,
		"phiu_33":-1.737409820809089e-13,
		"ld_1111":-8.687049104045445e-14,
		"ld_1122":-8.687049104045445e-14,
		"ld_1133":-8.687049104045445e-14,
		"ld_2211":-8.687049104045445e-14,
		"ld_2222":-8.687049104045445e-14,
		"ld_2233":-8.687049104045445e-14,
		"ld_3311":-8.687049104045445e-14,
		"ld_3322":-8.687049104045445e-14,
		"ld_3333":-8.687049104045445e-14,
		"le_1111":9.127070822896095e-12,
		"le_1112":{
			"Re":4.088707107699482e-15,
			"Im":-3.778508003425007e-15
		},
		"le_1113":{
			"Re":-8.089466118397063e-14,
			"Im":-8.5650832950485e-14
		},
		"le_1122":8.626872821813523e-12,
		"le_1123":{
			"Re":-1.7527226496711885e-14,
			"Im":5.4306669536686836e-14
		},
		"le_1133":5.924183677738303e-12,
		"le_2211":9.127070822896095e-12,
		"le_2212":{
			"Re":4.088707107699482e-15,
			"Im":-3.778508003425007e-15
		},
		"le_2213":{
			"Re":-8.089466118397063e-14,
			"Im":-8.5650832950485e-14
		},
		"le_2222":8.626872821813523e-12,
		"le_2223":{
			"Re":-1.7527226496711885e-14,
			"Im":5.4306669536686836e-14
		},
		"le_2233":5.924183677738303e-12,
		"le_3311":9.127070822896095e-12,
		"le_3312":{
			"Re":4.088707107699482e-15,
			"Im":-3.778508003425007e-15
		},
		"le_3313":{
			"Re":-8.089466118397063e-14,
			"Im":-8.5650832950485e-14
		},
		"le_3322":8.626872821813523e-12,
		"le_3323":{
			"Re":-1.7527226496711885e-14,
			"Im":5.4306669536686836e-14
		},
		"le_3333":5.924183677738303e-12,
		"ll_1111":-6.515286828034084e-14,
		"ll_1122":-1.3030573656068168e-13,
		"ll_1133":-1.3030573656068168e-13,
		"ll_2222":-6.515286828034084e-14,
		"ll_2233":-1.3030573656068168e-13,
		"ll_3333":-6.515286828034084e-14,
		"lq1_1111":4.3435245520227223e-14,