{
	"eft":"SMEFT",
	"basis":"Warsaw",
	"scale":1000,
	"values":{
		"dd_1111":-1.230282319464384e-13,
		"dd_1122":-2.460564638928768e-13,
		"dd_1133":-2.460564638928768e-13,
		"dd_2222":-1.230282319464384e-13,
		"dd_2233":-2.460564638928768e-13,
		"dd_3333":-1.230282319464384e-13,
		"eB_11":2.5549593781581677e-16,
		"eB_12":{
			"Re":2.1907427879945135e-17,
			"Im":4.528436761310106e-17
		},
		"eB_13":{
			"Re":-2.7094300090019924e-19,
			"Im":6.865537315396917e-18
		},
		"eB_21":{
			"Re":4.529821584726025e-15,
			"Im":-9.363495659491681e-15
		},
		"eB_22":4.6209653557446216e-14,
		"eB_23":{
			"Re":-1.7056953383569421e-15,
			"Im":-7.323577104971119e-16
		},
		"eB_31":{
			"Re":-9.421658445980585e-16,
			"Im":-2.3873931940994765e-14
		},
		"eB_32":{
			"Re":-2.868541754293588e-14,
			"Im":1.2316376930850222e-14
		},
		"eB_33":1.1724276026374172e-12,
		"ed_1111":1.4283346503530902e-11,
		"ed_1122":1.4283346503530902e-11,
		"ed_1133":1.4283346503530902e-11,
		"ed_1211":{
			"Re":1.288042619350328e-12,
			"Im":2.662492052711375e-12
		},
		"ed_1222":{
			"Re":1.288042619350328e-12,
			"Im":2.662492052711375e-12
		},
		"ed_1233":{
			"Re":1.288042619350328e-12,
			"Im":2.662492052711375e-12
		},
		"ed_1311":{
			"Re":-1.5901635468982456e-14,
			"Im":4.034769494071091e-13
		},
		"ed_1322":{
			"Re":-1.5901635468982456e-14,
			"Im":4.034769494071091e-13
		},
		"ed_1333":{
			"Re":-1.5901635468982456e-14,
			"Im":4.034769494071091e-13
		},
		"ed_2211":1.240139359308146e-11,
		"ed_2222":1.240139359308146e-11,
		"ed_2233":1.240139359308146e-11,
		"ed_2311":{
			"Re":-4.847876801256202e-13,
			"Im":-2.0816818636372967e-13
		},
		"ed_2322":{
			"Re":-4.847876801256202e-13,
			"Im":-2.0816818636372967e-13
		},
		"ed_2333":{
			"Re":-4.847876801256202e-13,
			"Im":-2.0816818636372967e-13
		},
		"ed_3311":1.9081053014192985e-11,
		"ed_3322":1.9081053014192985e-11,
		"ed_3333":1.9081053014192985e-11,
		"ee_1111":-6.861154661252543e-10,
		"ee_1112":{
			"Re":-1.180250984867417e-10,
			"Im":-2.486559865856628e-10
		},
		"ee_1113":{
			"Re":-2.3278809265966536e-11,
			"Im":-8.617026135565353e-11
		},
		"ee_1122":-1.684392968618337e-9,
		"ee_1123":{
			"Re":3.6200178376694614e-11,
			"Im":2.4801550482453322e-11
		},
		"ee_1133":-2.506582521787166e-9,
		"ee_1212":{
			"Re":-1.1766028476224636e-10,
			"Im":1.471468076256491e-10
		},
		"ee_1213":{
			"Re":-1.9323308508661626e-11,
			"Im":4.6943241758606705e-11
		},
		"ee_1222":{
			"Re":-1.0649289006251039e-10,
			"Im":-2.151898572853612e-10
		},
		"ee_1223":{
			"Re":1.5625539020337633e-11,
			"Im":-1.174509380325705e-11
		},
		"ee_1232":{
			"Re":8.779722125777952e-13,
			"Im":-2.679697905594641e-11
		},
		"ee_1233":{
			"Re":-2.235255181397931e-10,
			"Im":-4.624095375954454e-10
		},
		"ee_1313":{
			"Re":1.9971556590332543e-10,
			"Im":-2.795638012250784e-10
		},
		"ee_1323":{
			"Re":-6.558397955937851e-11,
			"Im":-1.2200515345297198e-10
		},
		"ee_1333":{
			"Re":2.0022966696076216e-11,
			"Im":-1.576847230989882e-11
		},
		"ee_2222":-5.221677970870284e-10,
		"ee_2223":{
			"Re":1.0500032340529664e-10,
			"Im":1.531486832621441e-11
		},
		"ee_2233":-2.179352428444401e-9,
		"ee_2323":{
			"Re":-2.991575903929621e-10,
			"Im":1.558322911303164e-11
		},
		"ee_2333":{
			"Re":5.965601499057108e-12,
			"Im":2.7616386280998555e-11
		},
		"ee_3333":-1.2145127001823369e-9,
		"ephi_11":8.6276791388206e-17,
		"ephi_12":{
			"Re":7.397931123061813e-18,
			"Im":1.5292130783085096e-17
		},
		"ephi_13":{
			"Re":-9.154156522238615e-20,
			"Im":2.3217344824478786e-18
		},
		"ephi_21":{
			"Re":1.529668478433834e-15,
			"Im":-3.161950285576319e-15
		},
		"ephi_22":1.5604539910700808e-14,
		"ephi_23":{
			"Re":-5.768149150889434e-16,
			"Im":-2.476773925201824e-16
		},
		"ephi_31":{
			"Re":-3.177690747580632e-16,
			"Im":-8.0594710506343e-15
		},
		"ephi_32":{
			"Re":-9.683746937306502e-15,
			"Im":4.158085024542804e-15
		},
		"ephi_33":3.965487280749552e-13,
		"eu_1111":-2.8566693007061804e-11,
		"eu_1122":-2.8566693007061804e-11,
		"eu_1133":-2.8566693007061804e-11,
		"eu_1211":{
			"Re":-2.576085238700656e-12,
			"Im":-5.32498410542275e-12
		},
		"eu_1222":{
			"Re":-2.576085238700656e-12,
			"Im":-5.32498410542275e-12
		},
		"eu_1233":{
			"Re":-2.576085238700656e-12,
			"Im":-5.32498410542275e-12
		},
		"eu_1311":{
			"Re":3.180327093796491e-14,
			"Im":-8.069538988142182e-13
		},
		"eu_1322":{
			"Re":3.180327093796491e-14,
			"Im":-8.069538988142182e-13
		},
		"eu_1333":{
			"Re":3.180327093796491e-14,
			"Im":-8.069538988142182e-13
		},
		"eu_2211":-2.480278718616292e-11,
		"eu_2222":-2.480278718616292e-11,
		"eu_2233":-2.480278718616292e-11,
		"eu_2311":{
			"Re":9.695753602512404e-13,
			"Im":4.1633637272745935e-13
		},
		"eu_2322":{
			"Re":9.695753602512404e-13,
			"Im":4.1633637272745935e-13
		},
		"eu_2333":{
			"Re":9.695753602512404e-13,
			"Im":4.1633637272745935e-13
		},
		"eu_3311":-3.816210602838597e-11,
		"eu_3322":-3.816210602838597e-11,
		"eu_3333":-3.816210602838597e-11,
		"phi":4.6288062600921455e-15,
		"phiB":-8.264852815597849e-13,
		"phiBox":-4.0019584727982254e-13,
		"phid_11":3.6908469583931516e-13,
		"phid_22":3.6908469583931516e-13,
		"phid_33":3.6908469583931516e-13,
		"phiD":-1.1072540875179456e-12,
		"phie_11":-2.142501975529634e-11,
		"phie_12":{
			"Re":-1.932063929025493e-12,
			"Im":-3.993738079067065e-12
		},
		"phie_13":{
			"Re":2.385245320347371e-14,
			"Im":-6.052154241106638e-13
		},
		"phie_22":-1.8602090389622202e-11,
		"phie_23":{
			"Re":7.271815201884294e-13,
			"Im":3.1225227954559436e-13
		},
		"phie_33":-2.8621579521289478e-11,
		"phil1_11":5.536270416434725e-13,
		"phil1_12":{
			"Re":-3.750681511615846e-20,
			"Im":-7.75295216318653e-20
		},
		"phil1_13":{
			"Re":0.0,
			"Im":-1.9767558934902146e-19
		},
		"phil1_22":5.53547930092957e-13,
		"phil1_23":{
			"Re":4.911113519162245e-17,
			"Im":2.108636737173528e-17
		},
		"phil1_33":5.198699892600253e-13,
		"phil3_12":{
			"Re":-3.750681511615846e-20,
			"Im":-7.75295216318653e-20
		},
		"phil3_13":{
			"Re":0.0,
			"Im":-1.9767558934902146e-19
		},
		"phil3_22":-7.911366601587615e-17,
		"phil3_23":{
			"Re":4.911113519162245e-17,
			"Im":2.108636737173528e-17
		},
		"phil3_33":-3.375705449894748e-14,
		"phiq1_11":-1.8454234791965758e-13,
		"phiq1_22":-1.8454234791965758e-13,
		"phiq1_33":-1.8454234791965758e-13,
		"phiu_11":-7.381693916786303e-13,
		"phiu_22":-7.381693916786303e-13,
		"phiu_33":-7.381693916786303e-13,
		"ld_1111":-3.6908469583931516e-13,
		"ld_1122":-3.6908469583931516e-13,
		"ld_1133":-3.6908469583931516e-13,
		"ld_2211":-3.6908469583931516e-13,
		"ld_2222":-3.6908469583931516e-13,
		"ld_2233":-3.6908469583931516e-13,
		"ld_3311":-3.6908469583931516e-13,
		"ld_3322":-3.6908469583931516e-13,
		"ld_3333":-3.6908469583931516e-13,
		"le_1111":2.142501975529634e-11,
		"le_1112":{
			"Re":1.932063929025493e-12,
			"Im":3.993738079067065e-12
		},
		"le_1113":{
			"Re":-2.385245320347371e-14,
			"Im":6.052154241106638e-13
		},
		"le_1122":1.8602090389622202e-11,
		"le_1123":{
			"Re":-7.271815201884294e-13,
			"Im":-3.1225227954559436e-13
		},
		"le_1133":2.8621579521289478e-11,
		"le_2211":2.142501975529634e-11,
		"le_2212":{
			"Re":1.932063929025493e-12,
			"Im":3.993738079067065e-12
		},
		"le_2213":{
			"Re":-2.385245320347371e-14,
			"Im":6.052154241106638e-13
		},
		"le_2222":1.8602090389622202e-11,
		"le_2223":{
			"Re":-7.271815201884294e-13,
			"Im":-3.1225227954559436e-13
		},
		"le_2233":2.8621579521289478e-11,
		"le_3311":2.142501975529634e-11,
		"le_3312":{
			"Re":1.932063929025493e-12,
			"Im":3.993738079067065e-12
		},
		"le_3313":{
			"Re":-2.385245320347371e-14,
			"Im":6.052154241106638e-13
		},
		"le_3322":1.8602090389622202e-11,
		"le_3323":{
			"Re":-7.271815201884294e-13,
			"Im":-3.1225227954559436e-13
		},
		"le_3333":2.8621579521289478e-11,
		"ll_1111":-2.768135218794864e-13,
		"ll_1122":-5.536270437589728e-13,
		"ll_1133":-5.536270437589728e-13,
		"ll_2222":-2.768135218794864e-13,