{
	"eft":"SMEFT",
	"basis":"Warsaw",
	"scale":1000,
	"values":{
		"dd_1111":-1.291778805229312e-13,
		"dd_1122":-2.583557610458624e-13,
		"dd_1133":-2.583557610458624e-13,
		"dd_2222":-1.291778805229312e-13,
		"dd_2233":-2.583557610458624e-13,
		"dd_3333":-1.291778805229312e-13,
		"eB_11":3.059727629138773e-16,
		"eB_12":{
			"Re":2.734322275859336e-19,
			"Im":1.6615452579672284e-18
		},
		"eB_13":{
			"Re":2.4792267736006586e-18,
			"Im":1.9376300012508595e-18
		},
		"eB_21":{
			"Re":5.65378652969271e-17,
			"Im":-3.4355943631471106e-16
		},
		"eB_22":1.753236902023279e-14,
		"eB_23":{
			"Re":-5.464794771997132e-15,
			"Im":5.04371059328939e-15
		},
		"eB_31":{
			"Re":8.621159355800829e-15,
			"Im":-6.737833420983734e-15
		},
		"eB_32":{
			"Re":-9.19038214480869e-14,
			"Im":-8.482226636885967e-14
		},
		"eB_33":1.275049364174515e-13,
		"ed_1111":2.1003675439282562e-11,
		"ed_1122":2.1003675439282562e-11,
		"ed_1133":2.1003675439282562e-11,
		"ed_1211":{
			"Re":1.9482930223238778e-14,
			"Im":1.1833083848153274e-13
		},
		"ed_1222":{
			"Re":1.9482930223238778e-14,
			"Im":1.1833083848153274e-13
		},
		"ed_1233":{
			"Re":1.9482930223238778e-14,
			"Im":1.1833083848153274e-13
		},
		"ed_1311":{
			"Re":1.766855419459324e-13,
			"Im":1.379168546958457e-13
		},
		"ed_1322":{
			"Re":1.766855419459324e-13,
			"Im":1.379168546958457e-13
		},
		"ed_1333":{
			"Re":1.766855419459324e-13,
			"Im":1.379168546958457e-13
		},
		"ed_2211":5.2668710713714995e-12,
		"ed_2222":5.2668710713714995e-12,
		"ed_2233":5.2668710713714995e-12,
		"ed_2311":{
			"Re":-1.8831343939629596e-12,
			"Im":1.7379115043327525e-12
		},
		"ed_2322":{
			"Re":-1.8831343939629596e-12,
			"Im":1.7379115043327525e-12
		},
		"ed_2333":{
			"Re":-1.8831343939629596e-12,
			"Im":1.7379115043327525e-12
		},
		"ed_3311":1.838146307514092e-12,
		"ed_3322":1.838146307514092e-12,
		"ed_3333":1.838146307514092e-12,
		"ee_1111":-4.1146637600715496e-10,
		"ee_1112":{
			"Re":-4.276513648848674e-12,
			"Im":-1.1840920999733218e-11
		},
		"ee_1113":{
			"Re":-3.6387031861874986e-11,
			"Im":-8.069045399043906e-12
		},
		"ee_1122":-8.01219379813089e-10,
		"ee_1123":{
			"Re":2.692814711743621e-10,
			"Im":-2.4842440130384216e-10
		},
		"ee_1133":-3.1082700404323415e-10,
		"ee_1212":{
			"Re":2.742031627591709e-10,
			"Im":-1.4434733852487433e-10
		},
		"ee_1213":{
			"Re":-1.0404770340248471e-10,
			"Im":2.4961893130349794e-10
		},
		"ee_1222":{
			"Re":-1.7551869510318914e-12,
			"Im":-5.49553878449195e-12
		},
		"ee_1223":{
			"Re":-3.721035558916557e-12,
			"Im":-3.7652442171614086e-12
		},
		"ee_1232":{
			"Re":-5.375691546823405e-12,
			"Im":2.9177662343578073e-13
		},
		"ee_1233":{
			"Re":3.99087027670304e-12,
			"Im":6.808637260120883e-13
		},
		"ee_1313":{
			"Re":-9.37036915608969e-11,
			"Im":-7.470243109623599e-11
		},
		"ee_1323":{
			"Re":3.6221576980024613e-12,
			"Im":2.103512576762454e-13
		},
		"ee_1333":{
			"Re":-2.410000086101459e-12,
			"Im":-2.7975461623403983e-13
		},
		"ee_2222":-1.9288426578865863e-11,
		"ee_2223":{
			"Re":1.2680450627752654e-11,
			"Im":-1.7236941600853187e-11
		},
		"ee_2233":{
			"Re":-6.051590647476885e-11,
			"Im":1.0723277039866216e-20
		},
		"ee_2323":{
			"Re":-1.5140489430565116e-11,
			"Im":-8.510797293221759e-12
		},
		"ee_2333":{
			"Re":1.9381407877978352e-11,
			"Im":2.714869411029926e-12
		},
		"ee_3333":-3.355072376278393e-12,
		"ephi_11":-4.361323982102971e-15,
		"ephi_12":{
			"Re":-3.900455659130474e-18,
			"Im":-2.369293647791422e-17
		},
		"ephi_13":{
			"Re":-3.5368962235460436e-17,
			"Im":-2.76176010562197e-17
		},
		"ephi_21":{
			"Re":-8.065013796053973e-16,
			"Im":4.899013763335412e-15
		},
		"ephi_22":-2.5010442186641804e-13,
		"ephi_23":{
			"Re":7.795003032564935e-14,
			"Im":-7.194006528412047e-14
		},
		"ephi_31":{
			"Re":-1.2299561490758871e-13,
			"Im":9.60402492896764e-14
		},
		"ephi_32":{
			"Re":1.3109732567237706e-12,
			"Im":1.2098969233812697e-12
		},
		"ephi_33":-1.8190397689413004e-12,
		"eu_1111":-4.2007350878565125e-11,
		"eu_1122":-4.2007350878565125e-11,
		"eu_1133":-4.2007350878565125e-11,
		"eu_1211":{
			"Re":-3.8965860446477555e-14,
			"Im":-2.366616769630655e-13
		},
		"eu_1222":{
			"Re":-3.8965860446477555e-14,
			"Im":-2.366616769630655e-13
		},
		"eu_1233":{
			"Re":-3.8965860446477555e-14,
			"Im":-2.366616769630655e-13
		},
		"eu_1311":{
			"Re":-3.533710838918648e-13,
			"Im":-2.758337093916914e-13
		},
		"eu_1322":{
			"Re":-3.533710838918648e-13,
			"Im":-2.758337093916914e-13
		},
		"eu_1333":{
			"Re":-3.533710838918648e-13,
			"Im":-2.758337093916914e-13
		},
		"eu_2211":-1.0533742142742999e-11,
		"eu_2222":-1.0533742142742999e-11,
		"eu_2233":-1.0533742142742999e-11,
		"eu_2311":{
			"Re":3.766268787925919e-12,
			"Im":-3.475823008665505e-12
		},
		"eu_2322":{
			"Re":3.766268787925919e-12,
			"Im":-3.475823008665505e-12
		},
		"eu_2333":{
			"Re":3.766268787925919e-12,
			"Im":-3.475823008665505e-12
		},
		"eu_3311":-3.676292615028184e-12,
		"eu_3322":-3.676292615028184e-12,
		"eu_3333":-3.676292615028184e-12,
		"phi":-2.4374264636257737e-10,
		"phiB":3.200208034473337e-11,
		"phiBox":-1.7647030476730533e-10,
		"phid_11":3.8753364156879354e-13,
		"phid_22":3.8753364156879354e-13,
		"phid_33":3.8753364156879354e-13,
		"phiD":-1.1626009247063806e-12,
		"phie_11":-3.1505513158923856e-11,
		"phie_12":{
			"Re":-2.922439533485819e-14,
			"Im":-1.7749625772229916e-13
		},
		"phie_13":{
			"Re":-2.6502831291889854e-13,
			"Im":-2.0687528204376866e-13
		},
		"phie_22":-7.900306607057242e-12,
		"phie_23":{
			"Re":2.8247015909444366e-12,
			"Im":-2.6068672564991264e-12
		},
		"phie_33":-2.7572194612711355e-12,
		"phil1_11":5.813004598197431e-13,
		"phil1_13":{
			"Re":-7.138299467141566e-20,
			"Im":-5.578910066931374e-20
		},
		"phil1_22":5.812704458981781e-13,
		"phil1_23":{
			"Re":1.573447900142294e-16,
			"Im":-1.4522074795201107e-16
		},
		"phil1_33":5.776292837850243e-13,
		"phil3_13":{
			"Re":-7.138299467141566e-20,
			"Im":-5.578910066931374e-20
		},
		"phil3_22":-3.001645501214287e-17,
		"phil3_23":{
			"Re":1.573447900142294e-16,
			"Im":-1.4522074795201107e-16
		},
		"phil3_33":-3.671178568166023e-15,
		"phiq1_11":-1.9376682078439677e-13,
		"phiq1_22":-1.9376682078439677e-13,
		"phiq1_33":-1.9376682078439677e-13,
		"phiu_11":-7.750672831375871e-13,
		"phiu_22":-7.750672831375871e-13,
		"phiu_33":-7.750672831375871e-13,
		"ld_1111":-3.8753364156879354e-13,
		"ld_1122":-3.8753364156879354e-13,
		"ld_1133":-3.8753364156879354e-13,
		"ld_2211":-3.8753364156879354e-13,
		"ld_2222":-3.8753364156879354e-13,
		"ld_2233":-3.8753364156879354e-13,
		"ld_3311":-3.8753364156879354e-13,
		"ld_3322":-3.8753364156879354e-13,
		"ld_3333":-3.8753364156879354e-13,
		"le_1111":3.1505513158923856e-11,
		"le_1112":{
			"Re":2.922439533485819e-14,
			"Im":1.7749625772229916e-13
		},
		"le_1113":{
			"Re":2.6502831291889854e-13,
			"Im":2.0687528204376866e-13
		},
		"le_1122":7.900306607057242e-12,
		"le_1123":{
			"Re":-2.8247015909444366e-12,
			"Im":2.6068672564991264e-12
		},
		"le_1133":2.7572194612711355e-12,
		"le_2211":3.1505513158923856e-11,
		"le_2212":{
			"Re":2.922439533485819e-14,
			"Im":1.7749625772229916e-13
		},
		"le_2213":{
			"Re":2.6502831291889854e-13,
			"Im":2.0687528204376866e-13
		},
		"le_2222":7.900306607057242e-12,
		"le_2223":{
			"Re":-2.8247015909444366e-12,
			"Im":2.6068672564991264e-12
		},
		"le_2233":2.7572194612711355e-12,
		"le_3311":3.1505513158923856e-11,
		"le_3312":{
			"Re":2.922439533485819e-14,
			"Im":1.7749625772229916e-13
		},
		"le_3313":{
			"Re":2.6502831291889854e-13,
			"Im":2.0687528204376866e-13
		},
		"le_3322":7.900306607057242e-12,
		"le_3323":{
			"Re":-2.8247015909444366e-12,
			"Im":2.6068672564991264e-12
		},
		"le_3333":2.7572194612711355e-12,
		"ll_1111":-2.9065023117659515e-13,
		"ll_1122":-5.813004623531903e-13,
		"ll_1133":-5.813004623531903e-13,
		"ll_2222":-2.9065023117659515e-13,
		"ll_2233":-5.813004623531903e-13,