{
	"eft":"SMEFT",
	"basis":"Warsaw",
	"scale":1000,
	"values":{
		"dd_1111":-5.839058605870209e-14,
		"dd_1122":-1.1678117211740419e-13,
		"dd_1133":-1.1678117211740419e-13,
		"dd_2222":-5.839058605870209e-14,
		"dd_2233":-1.1678117211740419e-13,
		"dd_3333":-5.839058605870209e-14,
		"eB_11":7.708122170219857e-17,
		"eB_12":{
			"Re":-4.2982605850574887e-20,
			"Im":3.667719014753261e-20
		},
		"eB_13":{
			"Re":0.0,
			"Im":-2.3243912533343835e-20
		},
		"eB_21":{
			"Re":-8.887557992508289e-18,
			"Im":-7.583780647726596e-18
		},
		"eB_22":4.1054165452626874e-14,
		"eB_23":{
			"Re":3.5305378996205135e-17,
			"Im":-1.3857501190485522e-17
		},
		"eB_31":{
			"Re":1.9371262360948605e-17,
			"Im":8.082740801932419e-17
		},
		"eB_32":{
			"Re":5.93745855571909e-16,
			"Im":2.330476016506833e-16
		},
		"eB_33":8.359416066566877e-13,
		"ed_1111":4.398307171535709e-12,
		"ed_1122":4.398307171535709e-12,
		"ed_1133":4.398307171535709e-12,
		"ed_1211":{
			"Re":-2.661306101310439e-15,
			"Im":2.266543058906235e-15
		},
		"ed_1222":{
			"Re":-2.661306101310439e-15,
			"Im":2.266543058906235e-15
		},
		"ed_1233":{
			"Re":-2.661306101310439e-15,
			"Im":2.266543058906235e-15
		},
		"ed_1311":{
			"Re":3.4543914989656767e-16,
			"Im":-1.4519271055642245e-15
		},
		"ed_1322":{
			"Re":3.4543914989656767e-16,
			"Im":-1.4519271055642245e-15
		},
		"ed_1333":{
			"Re":3.4543914989656767e-16,
			"Im":-1.4519271055642245e-15
		},
		"ed_2211":1.1912915166585592e-11,
		"ed_2222":1.1912915166585592e-11,
		"ed_2233":1.1912915166585592e-11,
		"ed_2311":{
			"Re":1.0467606869111023e-14,
			"Im":-4.001459510932531e-15
		},
		"ed_2322":{
			"Re":1.0467606869111023e-14,
			"Im":-4.001459510932531e-15
		},
		"ed_2333":{
			"Re":1.0467606869111023e-14,
			"Im":-4.001459510932531e-15
		},
		"ed_3311":1.4510780486376759e-11,
		"ed_3322":1.4510780486376759e-11,
		"ed_3333":1.4510780486376759e-11,
		"ee_1111":-1.0825224391407601e-10,
		"ee_1112":{
			"Re":1.6645267502510132e-13,
			"Im":-6.409964349544272e-14
		},
		"ee_1113":{
			"Re":-3.096489963371793e-14,
			"Im":4.2930997438250503e-13
		},
		"ee_1122":-9.536813110351969e-10,
		"ee_1123":{
			"Re":-8.290200168427122e-13,
			"Im":3.2279884725864685e-13
		},
		"ee_1133":-1.1577806811452744e-9,
		"ee_1212":{
			"Re":4.993366737011727e-11,
			"Im":-1.8206057111312586e-10
		},
		"ee_1213":{
			"Re":-6.217213746609535e-12,
			"Im":-9.215400726286135e-12
		},
		"ee_1222":{
			"Re":2.3617537668861406e-13,
			"Im":-4.421963484964644e-13
		},
		"ee_1223":{
			"Re":-8.217931959452005e-14,
			"Im":3.143690708327108e-13
		},
		"ee_1232":{
			"Re":-7.928226416003281e-13,
			"Im":-2.076005889416114e-13
		},
		"ee_1233":{
			"Re":6.311246720759922e-13,
			"Im":-5.444731101167182e-13
		},
		"ee_1313":{
			"Re":2.2840690644498334e-10,
			"Im":1.9537399166455547e-11
		},
		"ee_1323":{
			"Re":-1.0436614836617859e-13,
			"Im":-3.71219015684551e-13
		},
		"ee_1333":{
			"Re":-1.4091584619166294e-14,
			"Im":-6.292851614298019e-13
		},
		"ee_2222":-7.67147606858451e-10,
		"ee_2223":{
			"Re":1.6623856986429592e-11,
			"Im":-2.1052750710680377e-11
		},
		"ee_2233":-3.051780734362716e-9,
		"ee_2323":{
			"Re":1.0797958292807429e-10,
			"Im":5.855599668854463e-10
		},
		"ee_2333":{
			"Re":-2.4671917588684517e-11,
			"Im":2.8322585032420228e-11
		},
		"ee_3333":-1.130612736892393e-9,
		"ephi_11":-1.0063507715453949e-16,
		"ephi_12":{
			"Re":5.631353575931329e-20,
			"Im":-4.798818831025874e-20
		},
		"ephi_13":{
			"Re":0.0,
			"Im":3.062768378741409e-20
		},
		"ephi_21":{
			"Re":1.1644026664514182e-17,
			"Im":9.922583228348296e-18
		},
		"ephi_22":-5.3695203833468806e-14,
		"ephi_23":{
			"Re":-4.5916218108981013e-17,
			"Im":1.769534731758926e-17
		},
		"ephi_31":{
			"Re":-2.5406209078013974e-17,
			"Im":-1.0655092890834055e-16
		},
		"ephi_32":{
			"Re":-7.725406573832419e-16,
			"Im":-2.977268054840475e-16
		},
		"ephi_33":-1.093526903346071e-12,
		"eu_1111":-8.796614343071417e-12,
		"eu_1122":-8.796614343071417e-12,
		"eu_1133":-8.796614343071417e-12,
		"eu_1211":{
			"Re":5.322612202620878e-15,
			"Im":-4.53308611781247e-15
		},
		"eu_1222":{
			"Re":5.322612202620878e-15,
			"Im":-4.53308611781247e-15
		},
		"eu_1233":{
			"Re":5.322612202620878e-15,
			"Im":-4.53308611781247e-15
		},
		"eu_1311":{
			"Re":-6.908782997931353e-16,
			"Im":2.903854211128449e-15
		},
		"eu_1322":{
			"Re":-6.908782997931353e-16,
			"Im":2.903854211128449e-15
		},
		"eu_1333":{
			"Re":-6.908782997931353e-16,
			"Im":2.903854211128449e-15
		},
		"eu_2211":-2.3825830333171184e-11,
		"eu_2222":-2.3825830333171184e-11,
		"eu_2233":-2.3825830333171184e-11,
		"eu_2311":{
			"Re":-2.0935213738222047e-14,
			"Im":8.002919021865062e-15
		},
		"eu_2322":{
			"Re":-2.0935213738222047e-14,
			"Im":8.002919021865062e-15
		},
		"eu_2333":{
			"Re":-2.0935213738222047e-14,
			"Im":8.002919021865062e-15
		},
		"eu_3311":-2.9021560972753517e-11,
		"eu_3322":-2.9021560972753517e-11,
		"eu_3333":-2.9021560972753517e-11,
		"phi":-1.1523357985025586e-13,
		"phiB":1.4683531128651514e-12,
		"phiBox":-9.519299875761119e-13,
		"phid_11":1.7517175817610627e-13,
		"phid_22":1.7517175817610627e-13,
		"phid_33":1.7517175817610627e-13,
		"phiD":-5.255152745283188e-13,
		"phie_11":-6.597460757303565e-12,
		"phie_12":{
			"Re":3.991959151965659e-15,
			"Im":-3.3998145883593546e-15
		},
		"phie_13":{
			"Re":-5.181587248448521e-16,
			"Im":2.1778906583463403e-15
		},
		"phie_22":-1.7869372749878398e-11,
		"phie_23":{
			"Re":-1.5701410303666484e-14,
			"Im":6.0021892663987844e-15
		},
		"phie_33":-2.176617072956515e-11,
		"phil1_11":2.627576366259287e-13,
		"phil1_22":2.6268735009937593e-13,
		"phil1_23":{
			"Re":-1.0165280996454808e-18,
			"Im":3.9899130816622204e-19
		},
		"phil1_33":2.3868883650378137e-13,
		"phil3_22":-7.028716478347794e-17,
		"phil3_23":{
			"Re":-1.0165280996454808e-18,
			"Im":3.9899130816622204e-19
		},
		"phil3_33":-2.4068800760378035e-14,
		"phiq1_11":-8.758587908805313e-14,
		"phiq1_22":-8.758587908805313e-14,
		"phiq1_33":-8.758587908805313e-14,
		"phiu_11":-3.5034351635221253e-13,
		"phiu_22":-3.5034351635221253e-13,
		"phiu_33":-3.5034351635221253e-13,
		"ld_1111":-1.7517175817610627e-13,
		"ld_1122":-1.7517175817610627e-13,
		"ld_1133":-1.7517175817610627e-13,
		"ld_2211":-1.7517175817610627e-13,
		"ld_2222":-1.7517175817610627e-13,
		"ld_2233":-1.7517175817610627e-13,
		"ld_3311":-1.7517175817610627e-13,
		"ld_3322":-1.7517175817610627e-13,
		"ld_3333":-1.7517175817610627e-13,
		"le_1111":6.597460757303565e-12,
		"le_1112":{
			"Re":-3.991959151965659e-15,
			"Im":3.3998145883593546e-15
		},
		"le_1113":{
			"Re":5.181587248448521e-16,
			"Im":-2.1778906583463403e-15
		},
		"le_1122":1.7869372749878398e-11,
		"le_1123":{
			"Re":1.5701410303666484e-14,
			"Im":-6.0021892663987844e-15
		},
		"le_1133":2.176617072956515e-11,
		"le_2211":6.597460757303565e-12,
		"le_2212":{
			"Re":-3.991959151965659e-15,
			"Im":3.3998145883593546e-15
		},
		"le_2213":{
			"Re":5.181587248448521e-16,
			"Im":-2.1778906583463403e-15
		},
		"le_2222":1.7869372749878398e-11,
		"le_2223":{
			"Re":1.5701410303666484e-14,
			"Im":-6.0021892663987844e-15
		},
		"le_2233":2.176617072956515e-11,
		"le_3311":6.597460757303565e-12,
		"le_3312":{
			"Re":-3.991959151965659e-15,
			"Im":3.3998145883593546e-15
		},
		"le_3313":{
			"Re":5.181587248448521e-16,
			"Im":-2.1778906583463403e-15
		},
		"le_3322":1.7869372749878398e-11,
		"le_3323":{
			"Re":1.5701410303666484e-14,
			"Im":-6.0021892663987844e-15
		},
		"le_3333":2.176617072956515e-11,
		"ll_1111":-1.313788186320797e-13,
		"ll_1122":-2.627576372641594e-13,
		"ll_1133":-2.627576372641594e-13,
		"ll_2222":-1.313788186320797e-13,
		"ll_2233":-2.627576372641594e-13,
		"ll_3333":-1.313788186320797e-13,
		"lq1_1111":8.758587908805313e-14,
		"lq1_1122":8.758587908805313e-14,
		"lq1_1133":8.758587908805313e-14,
		"lq1_2211":8.758587908805313e-14,
		"lq1_2222":8.758587908805313e-14,
		"lq1_2233":8.758587908805313e-14,