{
	"eft":"SMEFT",
	"basis":"Warsaw",
	"scale":1000,
	"values":{
		"dd_1111":-3.30810170386758e-13,
		"dd_1122":-6.61620340773516e-13,
		"dd_1133":-6.61620340773516e-13,
		"dd_2222":-3.30810170386758e-13,
		"dd_2233":-6.61620340773516e-13,
		"dd_3333":-3.30810170386758e-13,
		"eB_11":3.529099464769717e-16,
		"eB_13":{
			"Re":1.4285394964083336e-17,
			"Im":-9.922160296748101e-18
		},
		"eB_21":{
			"Re":-1.754031871676813e-19,
			"Im":1.2495136458757007e-18
		},
		"eB_22":7.287649675016521e-14,
		"eB_23":{
			"Re":-6.679624706264411e-18,
			"Im":-3.484619346004791e-17
		},
		"eB_31":{
			"Re":4.967543419477218e-14,
			"Im":3.4502904689042245e-14
		},
		"eB_32":{
			"Re":-1.1233414280997662e-16,
			"Im":5.860235334560183e-16
		},
		"eB_33":2.7057012225217825e-13,
		"ed_1111":1.9975849735210355e-11,
		"ed_1122":1.9975849735210355e-11,
		"ed_1133":1.9975849735210355e-11,
		"ed_1211":{
			"Re":-2.071466806494337e-17,
			"Im":-4.0682611407827545e-16
		},
		"ed_1222":{
			"Re":-2.071466806494337e-17,
			"Im":-4.0682611407827545e-16
		},
		"ed_1233":{
			"Re":-2.071466806494337e-17,
			"Im":-4.0682611407827545e-16
		},
		"ed_1311":{
			"Re":8.83242963953768e-13,
			"Im":-6.134199907487755e-13
		},
		"ed_1322":{
			"Re":8.83242963953768e-13,
			"Im":-6.134199907487755e-13
		},
		"ed_1333":{
			"Re":8.83242963953768e-13,
			"Im":-6.134199907487755e-13
		},
		"ed_2211":1.994952978740518e-11,
		"ed_2222":1.994952978740518e-11,
		"ed_2233":1.994952978740518e-11,
		"ed_2311":{
			"Re":-2.708961946110648e-15,
			"Im":-1.0584298307518616e-14
		},
		"ed_2322":{
			"Re":-2.708961946110648e-15,
			"Im":-1.0584298307518616e-14
		},
		"ed_2333":{
			"Re":-2.708961946110648e-15,
			"Im":-1.0584298307518616e-14
		},
		"ed_3311":2.967242741230109e-12,
		"ed_3322":2.967242741230109e-12,
		"ed_3333":2.967242741230109e-12,
		"ee_1111":-3.749132490397933e-10,
		"ee_1112":{
			"Re":5.736232080719543e-14,
			"Im":-3.526436552009065e-14
		},
		"ee_1113":{
			"Re":-3.3538056445796206e-11,
			"Im":2.235466501689049e-11
		},
		"ee_1122":-1.3228073251289309e-9,
		"ee_1123":{
			"Re":1.4831058343259403e-13,
			"Im":6.635552039773198e-13
		},
		"ee_1133":-2.484281345914287e-10,
		"ee_1212":{
			"Re":4.420907497197826e-12,
			"Im":2.870534171494776e-10
		},
		"ee_1213":{
			"Re":-7.548524762701079e-14,
			"Im":1.5579233115923855e-12
		},
		"ee_1222":{
			"Re":-5.604558935518475e-14,
			"Im":7.987178604821639e-14
		},
		"ee_1223":{
			"Re":-5.5850421463022914e-11,
			"Im":3.879083412220993e-11
		},
		"ee_1232":{
			"Re":-1.6124915823747847e-11,
			"Im":2.2615241229952127e-11
		},
		"ee_1233":{
			"Re":-1.0818639959261231e-13,
			"Im":8.911592083333371e-14
		},
		"ee_1313":{
			"Re":2.7974007563272727e-11,
			"Im":-5.986037188492395e-11
		},
		"ee_1323":{
			"Re":4.372577318528808e-14,
			"Im":1.8096626244944285e-14
		},
		"ee_1333":{
			"Re":-4.615087313230585e-12,
			"Im":4.051939748821539e-12
		},
		"ee_2222":-3.737200681044511e-10,
		"ee_2223":{
			"Re":1.695150714271878e-12,
			"Im":7.624647881938231e-13
		},
		"ee_2233":-2.4727563243296676e-10,
		"ee_2323":{
			"Re":-6.09966003749244e-11,
			"Im":-2.950142043572979e-11
		},
		"ee_2333":{
			"Re":-3.1578303867035387e-13,
			"Im":-1.5838744496818487e-14
		},
		"ee_3333":-7.943048381569874e-12,
		"ephi_11":-7.748929708680427e-17,
		"ephi_13":{
			"Re":-3.114226803819871e-18,
			"Im":2.1629121537237197e-18
		},
		"ephi_21":{
			"Re":2.2164698177865178e-20,
			"Im":-2.900520252603988e-19
		},
		"ephi_22":-1.6002684842957573e-14,
		"ephi_23":{
			"Re":1.8189149817421032e-18,
			"Im":7.680420021355199e-18
		},
		"ephi_31":{
			"Re":-1.0858477156142773e-14,
			"Im":-7.541498219811871e-15
		},
		"ephi_32":{
			"Re":3.0655269030414676e-17,
			"Im":-1.295081517462049e-16
		},
		"ephi_33":-6.019573747757898e-14,
		"eu_1111":-3.995169947042071e-11,
		"eu_1122":-3.995169947042071e-11,
		"eu_1133":-3.995169947042071e-11,
		"eu_1211":{
			"Re":4.142933612988674e-17,
			"Im":8.136522281565509e-16
		},
		"eu_1222":{
			"Re":4.142933612988674e-17,
			"Im":8.136522281565509e-16
		},
		"eu_1233":{
			"Re":4.142933612988674e-17,
			"Im":8.136522281565509e-16
		},
		"eu_1311":{
			"Re":-1.766485927907536e-12,
			"Im":1.226839981497551e-12
		},
		"eu_1322":{
			"Re":-1.766485927907536e-12,
			"Im":1.226839981497551e-12
		},
		"eu_1333":{
			"Re":-1.766485927907536e-12,
			"Im":1.226839981497551e-12
		},
		"eu_2211":-3.989905957481036e-11,
		"eu_2222":-3.989905957481036e-11,
		"eu_2233":-3.989905957481036e-11,
		"eu_2311":{
			"Re":5.417923892221296e-15,
			"Im":2.1168596615037232e-14
		},
		"eu_2322":{
			"Re":5.417923892221296e-15,
			"Im":2.1168596615037232e-14
		},
		"eu_2333":{
			"Re":5.417923892221296e-15,
			"Im":2.1168596615037232e-14
		},
		"eu_3311":-5.934485482460218e-12,
		"eu_3322":-5.934485482460218e-12,
		"eu_3333":-5.934485482460218e-12,
		"phi":-3.0410225198700267e-15,
		"phiB":1.389317101316944e-12,
		"phiBox":-8.739844893168069e-13,
		"phid_11":9.92430511160274e-13,
		"phid_22":9.92430511160274e-13,
		"phid_33":9.92430511160274e-13,
		"phiD":-2.9772915334808217e-12,
		"phie_11":-2.996377460281555e-11,
		"phie_12":{
			"Re":3.107200209740796e-17,
			"Im":6.102391711174069e-16
		},
		"phie_13":{
			"Re":-1.3248644459306529e-12,
			"Im":9.201299861231642e-13
		},
		"phie_22":-2.992429468110775e-11,
		"phie_23":{
			"Re":4.063442919165991e-15,
			"Im":1.5876447461277917e-14
		},
		"phie_33":-4.450864111845163e-12,
		"phil1_11":1.488645763818325e-12,
		"phil1_13":{
			"Re":-4.1131141509868224e-19,
			"Im":2.856832312128723e-19
		},
		"phil1_22":1.488520997858144e-12,
		"phil1_23":{
			"Re":1.9232271121445431e-19,
			"Im":1.0033070264343547e-18
		},
		"phil1_33":1.4808553920152617e-12,
		"phil3_13":{
			"Re":-4.1131141509868224e-19,
			"Im":2.856832312128723e-19
		},
		"phil3_22":-1.2476888226682204e-16,
		"phil3_23":{
			"Re":1.9232271121445431e-19,
			"Im":1.0033070264343547e-18
		},
		"phil3_33":-7.790374725149101e-15,
		"phiq1_11":-4.96215255580137e-13,
		"phiq1_22":-4.96215255580137e-13,
		"phiq1_33":-4.96215255580137e-13,
		"phiu_11":-1.984861022320548e-12,
		"phiu_22":-1.984861022320548e-12,
		"phiu_33":-1.984861022320548e-12,
		"ld_1111":-9.92430511160274e-13,
		"ld_1122":-9.92430511160274e-13,
		"ld_1133":-9.92430511160274e-13,
		"ld_2211":-9.92430511160274e-13,
		"ld_2222":-9.92430511160274e-13,
		"ld_2233":-9.92430511160274e-13,
		"ld_3311":-9.92430511160274e-13,
		"ld_3322":-9.92430511160274e-13,
		"ld_3333":-9.92430511160274e-13,
		"le_1111":2.996377460281555e-11,
		"le_1112":{
			"Re":-3.107200209740796e-17,
			"Im":-6.102391711174069e-16
		},
		"le_1113":{
			"Re":1.3248644459306529e-12,
			"Im":-9.201299861231642e-13
		},
		"le_1122":2.992429468110775e-11,
		"le_1123":{
			"Re":-4.063442919165991e-15,
			"Im":-1.5876447461277917e-14
		},
		"le_1133":4.450864111845163e-12,
		"le_2211":2.996377460281555e-11,
		"le_2212":{
			"Re":-3.107200209740796e-17,
			"Im":-6.102391711174069e-16
		},
		"le_2213":{
			"Re":1.3248644459306529e-12,
			"Im":-9.201299861231642e-13
		},
		"le_2222":2.992429468110775e-11,
		"le_2223":{
			"Re":-4.063442919165991e-15,
			"Im":-1.5876447461277917e-14
		},
		"le_2233":4.450864111845163e-12,
		"le_3311":2.996377460281555e-11,
		"le_3312":{
			"Re":-3.107200209740796e-17,
			"Im":-6.102391711174069e-16
		},
		"le_3313":{
			"Re":1.3248644459306529e-12,
			"Im":-9.201299861231642e-13
		},
		"le_3322":2.992429468110775e-11,
		"le_3323":{
			"Re":-4.063442919165991e-15,
			"Im":-1.5876447461277917e-14
		},
		"le_3333":4.450864111845163e-12,
		"ll_1111":-7.443228833702054e-13,
		"ll_1122":-1.4886457667404109e-12,
		"ll_1133":-1.4886457667404109e-12,
		"ll_2222":-7.443228833702054e-13,
		"ll_2233":-1.4886457667404109e-12,
		"ll_3333":-7.443228833702054e-13,
		"lq1_1111":4.96215255580137e-13,
		"lq1_1122":4.96215255580137e-13,
		"lq1_1133":4.96215255580137e-13,
		"lq1_2211":4.96215255580137e-13,
		"lq1_2222":4.96215255580137e-13,
		"lq1_2233":4.96215255580137e-13,
		"lq1_3311":4.96215255580137e-13,