{
	"eft":"SMEFT",
	"basis":"Warsaw",
	"scale":1000,
	"values":{
		"dd_1111":-3.146632781876396e-13,
		"dd_1122":-6.293265563752792e-13,
		"dd_1133":-6.293265563752792e-13,
		"dd_2222":-3.146632781876396e-13,
		"dd_2233":-6.293265563752792e-13,
		"dd_3333":-3.146632781876396e-13,
		"eB_11":7.128998362509002e-16,
		"eB_12":{
			"Re":-5.511336188225666e-18,
			"Im":1.4473208953926095e-18
		},
		"eB_13":{
			"Re":-3.1593700962923026e-17,
			"Im":-5.235092822452039e-18
		},
		"eB_21":{
			"Re":-1.1395846998980896e-15,
			"Im":-2.992640426755051e-16
		},
		"eB_22":2.7404975040284043e-14,
		"eB_23":{
			"Re":2.4457571374575756e-17,
			"Im":6.82775016664895e-17
		},
		"eB_31":{
			"Re":-1.0986261262631461e-13,
			"Im":1.8204292542073765e-14
		},
		"eB_32":{
			"Re":4.1131357469832196e-16,
			"Im":-1.1482523285655437e-15
		},
		"eB_33":5.712079787319988e-13,
		"ed_1111":4.988264770086144e-11,
		"ed_1122":4.988264770086144e-11,
		"ed_1133":4.988264770086144e-11,
		"ed_1211":{
			"Re":-3.974488337887705e-13,
			"Im":1.0432676557034356e-13
		},
		"ed_1222":{
			"Re":-3.974488337887705e-13,
			"Im":1.0432676557034356e-13
		},
		"ed_1233":{
			"Re":-3.974488337887705e-13,
			"Im":1.0432676557034356e-13
		},
		"ed_1311":{
			"Re":-2.2746595652992487e-12,
			"Im":-3.768620058684767e-13
		},
		"ed_1322":{
			"Re":-2.2746595652992487e-12,
			"Im":-3.768620058684767e-13
		},
		"ed_1333":{
			"Re":-2.2746595652992487e-12,
			"Im":-3.768620058684767e-13
		},
		"ed_2211":8.03238915002386e-12,
		"ed_2222":8.03238915002386e-12,
		"ed_2233":8.03238915002386e-12,
		"ed_2311":{
			"Re":8.148262369406863e-15,
			"Im":2.4212425132079976e-14
		},
		"ed_2322":{
			"Re":8.148262369406863e-15,
			"Im":2.4212425132079976e-14
		},
		"ed_2333":{
			"Re":8.148262369406863e-15,
			"Im":2.4212425132079976e-14
		},
		"ed_3311":1.0382355911113361e-11,
		"ed_3322":1.0382355911113361e-11,
		"ed_3333":1.0382355911113361e-11,
		"ee_1111":-7.565264682340542e-10,
		"ee_1112":{
			"Re":9.8662858214591e-12,
			"Im":-8.649828308594377e-12
		},
		"ee_1113":{
			"Re":6.800602964467004e-11,
			"Im":-3.721931745767027e-11
		},
		"ee_1122":-1.1970921228909995e-9,
		"ee_1123":{
			"Re":3.5568897191808406e-13,
			"Im":-2.3849644408603272e-12
		},
		"ee_1133":-1.5072067136009863e-9,
		"ee_1212":{
			"Re":2.803592355819947e-10,
			"Im":-4.6138017684936664e-10
		},
		"ee_1213":{
			"Re":-1.3180657680452506e-11,
			"Im":-1.4649840075352077e-11
		},
		"ee_1222":{
			"Re":3.81540438979067e-12,
			"Im":4.543455619853615e-12
		},
		"ee_1223":{
			"Re":5.400764333148788e-11,
			"Im":9.213085572589003e-12
		},
		"ee_1232":{
			"Re":-1.0155592665050282e-11,
			"Im":5.072762629959342e-11
		},
		"ee_1233":{
			"Re":1.3441811022355127e-11,
			"Im":-2.277194538639029e-12
		},
		"ee_1313":{
			"Re":6.225575604163432e-10,
			"Im":-2.1600866206673525e-10
		},
		"ee_1323":{
			"Re":-1.0786784372888258e-11,
			"Im":2.357330616595961e-12
		},
		"ee_1333":{
			"Re":1.8579302792721328e-11,
			"Im":5.117071970367402e-11
		},
		"ee_2222":3.6064390306336476e-12,
		"ee_2223":{
			"Re":1.2350954464121807e-12,
			"Im":-3.905182085795853e-12
		},
		"ee_2233":-2.621668353591305e-10,
		"ee_2323":{
			"Re":1.0116693564996133e-10,
			"Im":8.474241535236656e-11
		},
		"ee_2333":{
			"Re":-1.5346601103334303e-12,
			"Im":3.556546323708572e-12
		},
		"ee_3333":-3.6296807246864755e-12,
		"ephi_11":1.9824540637675637e-16,
		"ephi_12":{
			"Re":-1.5248392929253828e-18,
			"Im":4.003050403593425e-19
		},
		"ephi_13":{
			"Re":-8.749251840124801e-18,
			"Im":-1.449615045242269e-18
		},
		"ephi_21":{
			"Re":-3.152902340988296e-16,
			"Im":-8.277086651932438e-17
		},
		"ephi_22":7.791756890898495e-15,
		"ephi_23":{
			"Re":6.560398584293454e-18,
			"Im":1.9161522377965865e-17
		},
		"ephi_31":{
			"Re":-3.0359713394181385e-14,
			"Im":5.0301316081614485e-15
		},
		"ephi_32":{
			"Re":1.1008818259853132e-16,
			"Im":-3.2157515828484287e-16
		},
		"ephi_33":1.624988214921398e-13,
		"eu_1111":-9.976529540172288e-11,
		"eu_1122":-9.976529540172288e-11,
		"eu_1133":-9.976529540172288e-11,
		"eu_1211":{
			"Re":7.94897667577541e-13,
			"Im":-2.0865353114068712e-13
		},
		"eu_1222":{
			"Re":7.94897667577541e-13,
			"Im":-2.0865353114068712e-13
		},
		"eu_1233":{
			"Re":7.94897667577541e-13,
			"Im":-2.0865353114068712e-13
		},
		"eu_1311":{
			"Re":4.5493191305984975e-12,
			"Im":7.537240117369534e-13
		},
		"eu_1322":{
			"Re":4.5493191305984975e-12,
			"Im":7.537240117369534e-13
		},
		"eu_1333":{
			"Re":4.5493191305984975e-12,
			"Im":7.537240117369534e-13
		},
		"eu_2211":-1.606477830004772e-11,
		"eu_2222":-1.606477830004772e-11,
		"eu_2233":-1.606477830004772e-11,
		"eu_2311":{
			"Re":-1.6296524738813725e-14,
			"Im":-4.842485026415995e-14
		},
		"eu_2322":{
			"Re":-1.6296524738813725e-14,
			"Im":-4.842485026415995e-14
		},
		"eu_2333":{
			"Re":-1.6296524738813725e-14,
			"Im":-4.842485026415995e-14
		},
		"eu_3311":-2.0764711822226722e-11,
		"eu_3322":-2.0764711822226722e-11,
		"eu_3333":-2.0764711822226722e-11,
		"phi":4.219787544334637e-15,
		"phiB":-1.498775222065729e-12,
		"phiBox":-8.666330084115038e-13,
		"phid_11":9.439898345629187e-13,
		"phid_22":9.439898345629187e-13,
		"phid_33":9.439898345629187e-13,
		"phiD":-2.831969503688756e-12,
		"phie_11":-7.482397155129214e-11,
		"phie_12":{
			"Re":5.961732506831556e-13,
			"Im":-1.564901483555153e-13
		},
		"phie_13":{
			"Re":3.4119893479488715e-12,
			"Im":5.652930088027147e-13
		},
		"phie_22":-1.204858372503579e-11,
		"phie_23":{
			"Re":-1.2222393554110228e-14,
			"Im":-3.631863769812002e-14
		},
		"phie_33":-1.5573533866670055e-11,
		"phil1_11":1.4159847459415842e-12,
		"phil1_13":{
			"Re":9.096598227725904e-19,
			"Im":1.5073110980756687e-19
		},
		"phil1_22":1.4159378329026506e-12,
		"phil1_23":{
			"Re":-7.041932209257112e-19,
			"Im":-1.9658760503615187e-18
		},
		"phil1_33":1.399538278881004e-12,
		"phil3_13":{
			"Re":9.096598227725904e-19,
			"Im":1.5073110980756687e-19
		},
		"phil3_22":-4.6918941727514565e-17,
		"phil3_23":{
			"Re":-7.041932209257112e-19,
			"Im":-1.9658760503615187e-18
		},
		"phil3_33":-1.644647296337406e-14,
		"phiq1_11":-4.719949172814594e-13,
		"phiq1_22":-4.719949172814594e-13,
		"phiq1_33":-4.719949172814594e-13,
		"phiu_11":-1.8879796691258375e-12,
		"phiu_22":-1.8879796691258375e-12,
		"phiu_33":-1.8879796691258375e-12,
		"ld_1111":-9.439898345629187e-13,
		"ld_1122":-9.439898345629187e-13,
		"ld_1133":-9.439898345629187e-13,
		"ld_2211":-9.439898345629187e-13,
		"ld_2222":-9.439898345629187e-13,
		"ld_2233":-9.439898345629187e-13,
		"ld_3311":-9.439898345629187e-13,
		"ld_3322":-9.439898345629187e-13,
		"ld_3333":-9.439898345629187e-13,
		"le_1111":7.482397155129214e-11,
		"le_1112":{
			"Re":-5.961732506831556e-13,
			"Im":1.564901483555153e-13
		},
		"le_1113":{
			"Re":-3.4119893479488715e-12,
			"Im":-5.652930088027147e-13
		},
		"le_1122":1.204858372503579e-11,
		"le_1123":{
			"Re":1.2222393554110228e-14,
			"Im":3.631863769812002e-14
		},
		"le_1133":1.5573533866670055e-11,
		"le_2211":7.482397155129214e-11,
		"le_2212":{
			"Re":-5.961732506831556e-13,
			"Im":1.564901483555153e-13
		},
		"le_2213":{
			"Re":-3.4119893479488715e-12,
			"Im":-5.652930088027147e-13
		},
		"le_2222":1.204858372503579e-11,
		"le_2223":{
			"Re":1.2222393554110228e-14,
			"Im":3.631863769812002e-14
		},
		"le_2233":1.5573533866670055e-11,
		"le_3311":7.482397155129214e-11,
		"le_3312":{
			"Re":-5.961732506831556e-13,
			"Im":1.564901483555153e-13
		},
		"le_3313":{
			"Re":-3.4119893479488715e-12,
			"Im":-5.652930088027147e-13
		},
		"le_3322":1.204858372503579e-11,
		"le_3323":{
			"Re":1.2222393554110228e-14,
			"Im":3.631863769812002e-14
		},
		"le_3333":1.5573533866670055e-11,
		"ll_1111":-7.07992375922189e-13,
		"ll_1122":-1.415984751844378e-12,
		"ll_1133":-1.415984751844378e-12,
		"ll_2222":-7.07992375922189e-13,
		"ll_2233":-1.415984751844378e-12,
		"ll_3333":-7.07992375922189e-13,
		"lq1_1111":4.719949172814594e-13,