{
	"eft":"SMEFT",
	"basis":"Warsaw",
	"scale":1000,
	"values":{
		"dd_1111":-5.642234243425075e-13,
		"dd_1122":-1.128446848685015e-12,
		"dd_1133":-1.128446848685015e-12,
		"dd_2222":-5.642234243425075e-13,
		"dd_2233":-1.128446848685015e-12,
		"dd_3333":-5.642234243425075e-13,
		"eB_11":1.4130428978740653e-15,
		"eB_12":{
			"Re":8.773939296459688e-20,
			"Im":6.050688839684978e-19
		},
		"eB_13":{
			"Re":-2.2644000531731864e-16,
			"Im":6.631306073938146e-18
		},
		"eB_21":{
			"Re":1.8141965285008445e-17,
			"Im":-1.2511072070471922e-16
		},
		"eB_22":6.2119353112317e-14,
		"eB_23":{
			"Re":1.894293726948155e-17,
			"Im":-1.5188259329005723e-16
		},
		"eB_31":{
			"Re":-7.874129914843507e-13,
			"Im":-2.3059426031238583e-14
		},
		"eB_32":{
			"Re":3.185715835913281e-16,
			"Im":2.5542753785245234e-15
		},
		"eB_33":1.2638158596720943e-13,
		"ed_1111":9.162769989651975e-11,
		"ed_1122":9.162769989651975e-11,
		"ed_1133":9.162769989651975e-11,
		"ed_1211":{
			"Re":5.467885673255755e-15,
			"Im":4.091787066021182e-14
		},
		"ed_1222":{
			"Re":5.467885673255755e-15,
			"Im":4.091787066021182e-14
		},
		"ed_1233":{
			"Re":5.467885673255755e-15,
			"Im":4.091787066021182e-14
		},
		"ed_1311":{
			"Re":-1.5225735213145485e-11,
			"Im":4.4587261143494457e-13
		},
		"ed_1322":{
			"Re":-1.5225735213145485e-11,
			"Im":4.4587261143494457e-13
		},
		"ed_1333":{
			"Re":-1.5225735213145485e-11,
			"Im":4.4587261143494457e-13
		},
		"ed_2211":2.177979507633606e-11,
		"ed_2222":2.177979507633606e-11,
		"ed_2233":2.177979507633606e-11,
		"ed_2311":{
			"Re":6.049637310049259e-15,
			"Im":-6.295288422584047e-14
		},
		"ed_2322":{
			"Re":6.049637310049259e-15,
			"Im":-6.295288422584047e-14
		},
		"ed_2333":{
			"Re":6.049637310049259e-15,
			"Im":-6.295288422584047e-14
		},
		"ed_3311":-9.409954063978582e-13,
		"ed_3322":-9.409954063978582e-13,
		"ed_3333":-9.409954063978582e-13,
		"ee_1111":-2.840794882299826e-9,
		"ee_1112":{
			"Re":-6.14075597044808e-13,
			"Im":-3.408352578833287e-12
		},
		"ee_1113":{
			"Re":9.545045694931904e-10,
			"Im":-2.790712297026214e-11
		},
		"ee_1122":-3.1485268620152545e-9,
		"ee_1123":{
			"Re":-8.564113107327541e-13,
			"Im":8.350153364353763e-12
		},
		"ee_1133":-3.8926273947265125e-11,
		"ee_1212":{
			"Re":-4.857435088476233e-10,
			"Im":-1.2477301365482967e-9
		},
		"ee_1213":{
			"Re":-9.348411434081385e-12,
			"Im":-2.1963398555003704e-12
		},
		"ee_1222":{
			"Re":-1.009570071938717e-12,
			"Im":-1.1355211273120173e-12
		},
		"ee_1223":{
			"Re":5.150129528634486e-10,
			"Im":-1.507600910702191e-11
		},
		"ee_1232":{
			"Re":1.4396040752550293e-10,
			"Im":4.0446438326305095e-10
		},
		"ee_1233":{
			"Re":3.2045550174261705e-12,
			"Im":2.4601831971782595e-12
		},
		"ee_1313":{
			"Re":-8.002040384622136e-11,
			"Im":4.8057284352120005e-12
		},
		"ee_1323":{
			"Re":1.1101968641686746e-13,
			"Im":-1.4640472935040942e-12
		},
		"ee_1333":{
			"Re":-1.9935408352947676e-11,
			"Im":5.457997084164845e-13
		},
		"ee_2222":9.287299711472968e-11,
		"ee_2223":{
			"Re":2.026959280006269e-12,
			"Im":-6.656128808552293e-13
		},
		"ee_2233":-1.7316116329319467e-11,
		"ee_2323":{
			"Re":-1.0627254684658704e-11,
			"Im":3.274770629625282e-11
		},
		"ee_2333":{
			"Re":-2.4547228755718e-13,
			"Im":1.3022553893458909e-13
		},
		"ee_3333":1.8765891370569807e-13,
		"ephi_11":-1.5023406003977056e-14,
		"ephi_12":{
			"Re":-8.840523820045588e-19,
			"Im":-6.459397145248667e-18
		},
		"ephi_13":{
			"Re":2.4073555557812533e-15,
			"Im":-7.04979651938166e-17
		},
		"ephi_21":{
			"Re":-1.8279646564895374e-16,
			"Im":1.3356165072711763e-15
		},
		"ephi_22":-7.764578154427747e-13,
		"ephi_23":{
			"Re":-1.9880880835376553e-16,
			"Im":1.9316310599763117e-15
		},
		"ephi_31":{
			"Re":8.371700171856143e-12,
			"Im":2.451602243093858e-13
		},
		"ephi_32":{
			"Re":-3.3436404384543355e-15,
			"Im":-3.2486572359209354e-14
		},
		"ephi_33":-1.3438306037715394e-12,
		"eu_1111":-1.832553997930395e-10,
		"eu_1122":-1.832553997930395e-10,
		"eu_1133":-1.832553997930395e-10,
		"eu_1211":{
			"Re":-1.093577134651151e-14,
			"Im":-8.183574132042364e-14
		},
		"eu_1222":{
			"Re":-1.093577134651151e-14,
			"Im":-8.183574132042364e-14
		},
		"eu_1233":{
			"Re":-1.093577134651151e-14,
			"Im":-8.183574132042364e-14
		},
		"eu_1311":{
			"Re":3.045147042629097e-11,
			"Im":-8.917452228698891e-13
		},
		"eu_1322":{
			"Re":3.045147042629097e-11,
			"Im":-8.917452228698891e-13
		},
		"eu_1333":{
			"Re":3.045147042629097e-11,
			"Im":-8.917452228698891e-13
		},
		"eu_2211":-4.355959015267212e-11,
		"eu_2222":-4.355959015267212e-11,
		"eu_2233":-4.355959015267212e-11,
		"eu_2311":{
			"Re":-1.2099274620098518e-14,
			"Im":1.2590576845168095e-13
		},
		"eu_2322":{
			"Re":-1.2099274620098518e-14,
			"Im":1.2590576845168095e-13
		},
		"eu_2333":{
			"Re":-1.2099274620098518e-14,
			"Im":1.2590576845168095e-13
		},
		"eu_3311":1.8819908127957165e-12,
		"eu_3322":1.8819908127957165e-12,
		"eu_3333":1.8819908127957165e-12,
		"phi":-4.996457984578622e-10,
		"phiB":1.0862515829077538e-10,
		"phiBox":-4.659957679326884e-10,
		"phid_11":1.6926702730275222e-12,
		"phid_22":1.6926702730275222e-12,
		"phid_33":1.6926702730275222e-12,
		"phiD":-5.078010819082567e-12,
		"phie_11":-1.374415498447797e-10,
		"phie_12":{
			"Re":-8.201828509883646e-15,
			"Im":-6.137680599031777e-14
		},
		"phie_13":{
			"Re":2.2838602819718244e-11,
			"Im":-6.688089171524174e-13
		},
		"phie_22":-3.266969261450413e-11,
		"phie_23":{
			"Re":-9.074455965073938e-15,
			"Im":9.442932633876082e-14
		},
		"phie_33":1.4114931095967853e-12,
		"phil1_11":2.539005397841322e-12,
		"phil1_13":{
			"Re":6.519760864588463e-18,
			"Im":-1.909314997647327e-19
		},
		"phil1_22":2.5388990575265655e-12,
		"phil1_23":{
			"Re":-5.454134347720476e-19,
			"Im":4.373070855377624e-18
		},
		"phil1_33":2.535366574976521e-12,
		"phil3_11":-1.1699961627731296e-20,
		"phil3_13":{
			"Re":6.519760864588463e-18,
			"Im":-1.909314997647327e-19
		},
		"phil3_22":-1.0635201471789015e-16,
		"phil3_23":{
			"Re":-5.454134347720476e-19,
			"Im":4.373070855377624e-18
		},
		"phil3_33":-3.638834564762371e-15,
		"phiq1_11":-8.463351365137611e-13,
		"phiq1_22":-8.463351365137611e-13,
		"phiq1_33":-8.463351365137611e-13,
		"phiu_11":-3.3853405460550445e-12,
		"phiu_22":-3.3853405460550445e-12,
		"phiu_33":-3.3853405460550445e-12,
		"ld_1111":-1.6926702730275222e-12,
		"ld_1122":-1.6926702730275222e-12,
		"ld_1133":-1.6926702730275222e-12,
		"ld_2211":-1.6926702730275222e-12,
		"ld_2222":-1.6926702730275222e-12,
		"ld_2233":-1.6926702730275222e-12,
		"ld_3311":-1.6926702730275222e-12,
		"ld_3322":-1.6926702730275222e-12,
		"ld_3333":-1.6926702730275222e-12,
		"le_1111":1.374415498447797e-10,
		"le_1112":{
			"Re":8.201828509883646e-15,
			"Im":6.137680599031777e-14
		},
		"le_1113":{
			"Re":-2.2838602819718244e-11,
			"Im":6.688089171524174e-13
		},
		"le_1122":3.266969261450413e-11,
		"le_1123":{
			"Re":9.074455965073938e-15,
			"Im":-9.442932633876082e-14
		},
		"le_1133":-1.4114931095967853e-12,
		"le_2211":1.374415498447797e-10,
		"le_2212":{
			"Re":8.201828509883646e-15,
			"Im":6.137680599031777e-14
		},
		"le_2213":{
			"Re":-2.2838602819718244e-11,
			"Im":6.688089171524174e-13
		},
		"le_2222":3.266969261450413e-11,
		"le_2223":{
			"Re":9.074455965073938e-15,
			"Im":-9.442932633876082e-14
		},
		"le_2233":-1.4114931095967853e-12,
		"le_3311":1.374415498447797e-10,
		"le_3312":{
			"Re":8.201828509883646e-15,
			"Im":6.137680599031777e-14
		},
		"le_3313":{
			"Re":-2.2838602819718244e-11,
			"Im":6.688089171524174e-13
		},
		"le_3322":3.266969261450413e-11,
		"le_3323":{
			"Re":9.074455965073938e-15,
			"Im":-9.442932633876082e-14
		},
		"le_3333":-1.4114931095967853e-12,
		"ll_1111":-1.2695027047706417e-12,
		"ll_1122":-2.5390054095412835e-12,
		"ll_1133":-2.5390054095412835e-12,
		"ll_2222":-1.2695027047706417e-12,
		"ll_2233":-2.5390054095412835e-12,
		"ll_3333":-1.2695027047706417e-12,