{
	"eft":"SMEFT",
	"basis":"Warsaw",
	"scale":1000,
	"values":{
		"dd_1111":-8.747344623411496e-14,
		"dd_1122":-1.7494689246822992e-13,
		"dd_1133":-1.7494689246822992e-13,
		"dd_2222":-8.747344623411496e-14,
		"dd_2233":-1.7494689246822992e-13,
		"dd_3333":-8.747344623411496e-14,
		"eB_11":3.0684352724202087e-16,
		"eB_12":{
			"Re":-1.4887541494327e-19,
			"Im":-1.5211668463020064e-19
		},
		"eB_13":{
			"Re":-1.8747055176712517e-18,
			"Im":7.698072250729773e-19
		},
		"eB_21":{
			"Re":-3.078312395871998e-17,
			"Im":3.145332465367333e-17
		},
		"eB_22":4.730265867416472e-14,
		"eB_23":{
			"Re":-5.495070100383328e-16,
			"Im":2.073713672913104e-15
		},
		"eB_31":{
			"Re":-6.51902245697766e-15,
			"Im":-2.676895405966582e-15
		},
		"eB_32":{
			"Re":-9.241297476314751e-15,
			"Im":-3.4874541328880286e-14
		},
		"eB_33":4.648620623292006e-13,
		"ed_1111":1.8585574390019253e-11,
		"ed_1122":1.8585574390019253e-11,
		"ed_1133":1.8585574390019253e-11,
		"ed_1211":{
			"Re":-9.240611973978527e-15,
			"Im":-9.507464369686328e-15
		},
		"ed_1222":{
			"Re":-9.240611973978527e-15,
			"Im":-9.507464369686328e-15
		},
		"ed_1233":{
			"Re":-9.240611973978527e-15,
			"Im":-9.507464369686328e-15
		},
		"ed_1311":{
			"Re":-1.1735338555961198e-13,
			"Im":4.754940161589719e-14
		},
		"ed_1322":{
			"Re":-1.1735338555961198e-13,
			"Im":4.754940161589719e-14
		},
		"ed_1333":{
			"Re":-1.1735338555961198e-13,
			"Im":4.754940161589719e-14
		},
		"ed_2211":1.3686992491931534e-11,
		"ed_2222":1.3686992491931534e-11,
		"ed_2233":1.3686992491931534e-11,
		"ed_2311":{
			"Re":-1.6579356955789917e-13,
			"Im":6.256778376255555e-13
		},
		"ed_2322":{
			"Re":-1.6579356955789917e-13,
			"Im":6.256778376255555e-13
		},
		"ed_2333":{
			"Re":-1.6579356955789917e-13,
			"Im":6.256778376255555e-13
		},
		"ed_3311":7.754587818614484e-12,
		"ed_3322":7.754587818614484e-12,
		"ed_3333":7.754587818614484e-12,
		"ee_1111":-1.1920373938585942e-9,
		"ee_1112":{
			"Re":3.805370795242808e-12,
			"Im":2.7918155830979475e-12
		},
		"ee_1113":{
			"Re":1.2358225717283049e-11,
			"Im":-2.038954922929537e-11
		},
		"ee_1122":-2.9921867452501444e-9,
		"ee_1123":{
			"Re":3.5414578178311e-11,
			"Im":-1.338083209088289e-10
		},
		"ee_1133":-1.723318537713491e-9,
		"ee_1212":{
			"Re":3.231717742549648e-10,
			"Im":-5.091491949228189e-10
		},
		"ee_1213":{
			"Re":1.2724292351559897e-10,
			"Im":1.5793654001953792e-10
		},
		"ee_1222":{
			"Re":1.7140421021556937e-12,
			"Im":8.432662195788303e-14
		},
		"ee_1223":{
			"Re":1.890564653664411e-11,
			"Im":-7.309394593707123e-12
		},
		"ee_1232":{
			"Re":1.3460535895532206e-12,
			"Im":1.1708545719713441e-11
		},
		"ee_1233":{
			"Re":-3.609067512884606e-12,
			"Im":-7.347543269400071e-13
		},
		"ee_1313":{
			"Re":3.2459365703341654e-10,
			"Im":-9.946618298275267e-11
		},
		"ee_1323":{
			"Re":7.440674393276751e-13,
			"Im":4.0173421078877885e-13
		},
		"ee_1333":{
			"Re":6.927424461956417e-12,
			"Im":1.1494517186262881e-12
		},
		"ee_2222":-6.689113771848726e-10,
		"ee_2223":{
			"Re":-2.1285228357063898e-11,
			"Im":4.105428590905384e-11
		},
		"ee_2233":-1.232876729000695e-9,
		"ee_2323":{
			"Re":1.9045663706582866e-10,
			"Im":1.6237307373514122e-10
		},
		"ee_2333":{
			"Re":4.612848610159755e-11,
			"Im":-1.3454711799432582e-10
		},
		"ee_3333":-2.2855092685074335e-10,
		"ephi_11":1.0126313971275521e-17,
		"ephi_13":{
			"Re":-6.319052297204781e-20,
			"Im":2.571110966560169e-20
		},
		"ephi_21":{
			"Re":-1.013483212653537e-18,
			"Im":1.0405766396321508e-18
		},
		"ephi_22":1.5584027230253105e-15,
		"ephi_23":{
			"Re":-1.8478892778540884e-17,
			"Im":6.973594277230233e-17
		},
		"ephi_31":{
			"Re":-2.15904712854012e-16,
			"Im":-8.783346877126528e-17
		},
		"ephi_32":{
			"Re":-3.053554463954356e-16,
			"Im":-1.1523555382441115e-15
		},
		"ephi_33":1.5554622354497356e-14,
		"eu_1111":-3.7171148780038507e-11,
		"eu_1122":-3.7171148780038507e-11,
		"eu_1133":-3.7171148780038507e-11,
		"eu_1211":{
			"Re":1.8481223947957055e-14,
			"Im":1.9014928739372655e-14
		},
		"eu_1222":{
			"Re":1.8481223947957055e-14,
			"Im":1.9014928739372655e-14
		},
		"eu_1233":{
			"Re":1.8481223947957055e-14,
			"Im":1.9014928739372655e-14
		},
		"eu_1311":{
			"Re":2.3470677111922397e-13,
			"Im":-9.509880323179438e-14
		},
		"eu_1322":{
			"Re":2.3470677111922397e-13,
			"Im":-9.509880323179438e-14
		},
		"eu_1333":{
			"Re":2.3470677111922397e-13,
			"Im":-9.509880323179438e-14
		},
		"eu_2211":-2.7373984983863068e-11,
		"eu_2222":-2.7373984983863068e-11,
		"eu_2233":-2.7373984983863068e-11,
		"eu_2311":{
			"Re":3.3158713911579834e-13,
			"Im":-1.251355675251111e-12
		},
		"eu_2322":{
			"Re":3.3158713911579834e-13,
			"Im":-1.251355675251111e-12
		},
		"eu_2333":{
			"Re":3.3158713911579834e-13,
			"Im":-1.251355675251111e-12
		},
		"eu_3311":-1.550917563722897e-11,
		"eu_3322":-1.550917563722897e-11,
		"eu_3333":-1.550917563722897e-11,
		"phi":2.7252717407304468e-18,
		"phiB":-5.5181863563579375e-14,
		"phiBox":-1.9758883178662464e-13,
		"phid_11":2.6242033870234483e-13,
		"phid_22":2.6242033870234483e-13,
		"phid_33":2.6242033870234483e-13,
		"phiD":-7.872610161070346e-13,
		"phie_11":-2.7878361585028886e-11,
		"phie_12":{
			"Re":1.386091796096779e-14,
			"Im":1.4261196554529502e-14
		},
		"phie_13":{
			"Re":1.7603007833941808e-13,
			"Im":-7.132410242384577e-14
		},
		"phie_22":-2.05304887378973e-11,
		"phie_23":{
			"Re":2.4869035433684896e-13,
			"Im":-9.385167564383337e-13
		},
		"phie_33":-1.1631881727921722e-11,
		"phil1_11":3.9363050551286015e-13,
		"phil1_13":{
			"Re":5.397735108517175e-20,
			"Im":-2.2164630372071354e-20
		},
		"phil1_22":3.9354952309795256e-13,
		"phil1_23":{
			"Re":1.582164906702087e-17,
			"Im":-5.970728197994289e-17
		},
		"phil1_33":3.8024599378821043e-13,
		"phil3_13":{
			"Re":5.397735108517175e-20,
			"Im":-2.2164630372071354e-20
		},
		"phil3_22":-8.09849555647193e-17,
		"phil3_23":{
			"Re":1.582164906702087e-17,
			"Im":-5.970728197994289e-17
		},
		"phil3_33":-1.3384514265306816e-14,
		"phiq1_11":-1.3121016935117242e-13,
		"phiq1_22":-1.3121016935117242e-13,
		"phiq1_33":-1.3121016935117242e-13,
		"phiu_11":-5.248406774046897e-13,
		"phiu_22":-5.248406774046897e-13,
		"phiu_33":-5.248406774046897e-13,
		"ld_1111":-2.6242033870234483e-13,
		"ld_1122":-2.6242033870234483e-13,
		"ld_1133":-2.6242033870234483e-13,
		"ld_2211":-2.6242033870234483e-13,
		"ld_2222":-2.6242033870234483e-13,
		"ld_2233":-2.6242033870234483e-13,
		"ld_3311":-2.6242033870234483e-13,
		"ld_3322":-2.6242033870234483e-13,
		"ld_3333":-2.6242033870234483e-13,
		"le_1111":2.7878361585028886e-11,
		"le_1112":{
			"Re":-1.386091796096779e-14,
			"Im":-1.4261196554529502e-14
		},
		"le_1113":{
			"Re":-1.7603007833941808e-13,
			"Im":7.132410242384577e-14
		},
		"le_1122":2.05304887378973e-11,
		"le_1123":{
			"Re":-2.4869035433684896e-13,
			"Im":9.385167564383337e-13
		},
		"le_1133":1.1631881727921722e-11,
		"le_2211":2.7878361585028886e-11,
		"le_2212":{
			"Re":-1.386091796096779e-14,
			"Im":-1.4261196554529502e-14
		},
		"le_2213":{
			"Re":-1.7603007833941808e-13,
			"Im":7.132410242384577e-14
		},
		"le_2222":2.05304887378973e-11,
		"le_2223":{
			"Re":-2.4869035433684896e-13,
			"Im":9.385167564383337e-13
		},
		"le_2233":1.1631881727921722e-11,
		"le_3311":2.7878361585028886e-11,
		"le_3312":{
			"Re":-1.386091796096779e-14,
			"Im":-1.4261196554529502e-14
		},
		"le_3313":{
			"Re":-1.7603007833941808e-13,
			"Im":7.132410242384577e-14
		},
		"le_3322":2.05304887378973e-11,
		"le_3323":{
			"Re":-2.4869035433684896e-13,
			"Im":9.385167564383337e-13
		},
		"le_3333":1.1631881727921722e-11,
		"ll_1111":-1.9681525402675864e-13,
		"ll_1122":-3.936305080535173e-13,
		"ll_1133":-3.936305080535173e-13,
		"ll_2222":-1.9681525402675864e-13,
		"ll_2233":-3.936305080535173e-13,
		"ll_3333":-1.9681525402675864e-13,
		"lq1_1111":1.3121016935117242e-13,
		"lq1_1122":1.3121016935117242e-13,
		"lq1_1133":1.3121016935117242e-13,