{
	"eft":"SMEFT",
	"basis":"Warsaw",
	"scale":1000,
	"values":{
		"dd_1111":-1.908804297452945e-13,
		"dd_1122":-3.81760859490589e-13,
		"dd_1133":-3.81760859490589e-13,
		"dd_2222":-1.908804297452945e-13,
		"dd_2233":-3.81760859490589e-13,
		"dd_3333":-1.908804297452945e-13,
		"eB_11":4.317335684058796e-16,
		"eB_12":{
			"Re":2.4755741469746864e-20,
			"Im":6.071529079575168e-20
		},
		"eB_13":{
			"Re":-6.828914383159804e-20,
			"Im":6.556409893532507e-20
		},
		"eB_21":{
			"Re":5.118770339909314e-18,
			"Im":-1.2554163650644563e-17
		},
		"eB_22":2.126345840180105e-15,
		"eB_23":{
			"Re":7.556359431108983e-16,
			"Im":-1.3152247336791591e-15
		},
		"eB_31":{
			"Re":-2.3746580890151263e-16,
			"Im":-2.279898519005387e-16
		},
		"eB_32":{
			"Re":1.2707857054628527e-14,
			"Im":2.2118704202314125e-14
		},
		"eB_33":6.882330700825557e-13,
		"ed_1111":2.750457318936345e-11,
		"ed_1122":2.750457318936345e-11,
		"ed_1133":2.750457318936345e-11,
		"ed_1211":{
			"Re":2.1614762549897326e-16,
			"Im":2.1650226874369374e-15
		},
		"ed_1222":{
			"Re":2.1614762549897326e-16,
			"Im":2.1650226874369374e-15
		},
		"ed_1233":{
			"Re":2.1614762549897326e-16,
			"Im":2.1650226874369374e-15
		},
		"ed_1311":{
			"Re":-1.6616135576554635e-15,
			"Im":1.9671040981871233e-14
		},
		"ed_1322":{
			"Re":-1.6616135576554635e-15,
			"Im":1.9671040981871233e-14
		},
		"ed_1333":{
			"Re":-1.6616135576554635e-15,
			"Im":1.9671040981871233e-14
		},
		"ed_2211":-4.5162273550804504e-13,
		"ed_2222":-4.5162273550804504e-13,
		"ed_2233":-4.5162273550804504e-13,
		"ed_2311":{
			"Re":2.450938227158743e-13,
			"Im":-4.2733089311876337e-13
		},
		"ed_2322":{
			"Re":2.450938227158743e-13,
			"Im":-4.2733089311876337e-13
		},
		"ed_2333":{
			"Re":2.450938227158743e-13,
			"Im":-4.2733089311876337e-13
		},
		"ed_3311":1.2105789867300888e-11,
		"ed_3322":1.2105789867300888e-11,
		"ed_3333":1.2105789867300888e-11,
		"ee_1111":-8.649108945765033e-10,
		"ee_1112":{
			"Re":1.2437969336792814e-11,
			"Im":1.526924627814267e-11
		},
		"ee_1113":{
			"Re":-5.7578461754297e-11,
			"Im":-2.503410266277347e-10
		},
		"ee_1122":-1.0400358089095492e-11,
		"ee_1123":{
			"Re":-3.753384766275524e-11,
			"Im":5.546354561267733e-11
		},
		"ee_1133":-1.6438911756838378e-9,
		"ee_1212":{
			"Re":1.717985168869531e-11,
			"Im":-1.9257916881412543e-11
		},
		"ee_1213":{
			"Re":1.293618187020107e-11,
			"Im":-5.871873530146358e-12
		},
		"ee_1222":{
			"Re":-8.571305779390857e-14,
			"Im":-4.97288761299618e-13
		},
		"ee_1223":{
			"Re":6.565741515292621e-14,
			"Im":-2.5012403508929525e-13
		},
		"ee_1232":{
			"Re":3.664115107955867e-12,
			"Im":5.19312986100922e-12
		},
		"ee_1233":{
			"Re":6.549408187813687e-13,
			"Im":3.2322272188081854e-12
		},
		"ee_1313":{
			"Re":4.22357503160347e-10,
			"Im":-2.3498279177973675e-10
		},
		"ee_1323":{
			"Re":1.5410355872102583e-12,
			"Im":-9.261575328976787e-12
		},
		"ee_1333":{
			"Re":3.293468185425428e-11,
			"Im":1.1375019839518108e-10
		},
		"ee_2222":-1.398576603448496e-13,
		"ee_2223":{
			"Re":2.469678535667932e-13,
			"Im":2.7504915457061463e-13
		},
		"ee_2233":-6.492978281442356e-12,
		"ee_2323":{
			"Re":1.165629077921298e-11,
			"Im":4.452621254600281e-12
		},
		"ee_2333":{
			"Re":-8.229857085509176e-12,
			"Im":2.5294000088259712e-11
		},
		"ee_3333":-1.577968975453237e-10,
		"ephi_11":6.127071877485149e-15,
		"ephi_12":{
			"Re":1.3408635545934755e-19,
			"Im":5.778114856186423e-19
		},
		"ephi_13":{
			"Re":-5.321480120353263e-19,
			"Im":3.2633914388632496e-18
		},
		"ephi_21":{
			"Re":2.772516415357672e-17,
			"Im":-1.1947465408972396e-16
		},
		"ephi_22":3.053060057371384e-14,
		"ephi_23":{
			"Re":1.0805626797109208e-14,
			"Im":-1.883081853216504e-14
		},
		"ephi_31":{
			"Re":-1.8503296477950102e-15,
			"Im":-1.1347846728623059e-14
		},
		"ephi_32":{
			"Re":1.8171546540584087e-13,
			"Im":3.166730805461546e-13
		},
		"ephi_33":9.82972318248524e-12,
		"eu_1111":-5.50091463787269e-11,
		"eu_1122":-5.50091463787269e-11,
		"eu_1133":-5.50091463787269e-11,
		"eu_1211":{
			"Re":-4.3229525099794653e-16,
			"Im":-4.330045374873875e-15
		},
		"eu_1222":{
			"Re":-4.3229525099794653e-16,
			"Im":-4.330045374873875e-15
		},
		"eu_1233":{
			"Re":-4.3229525099794653e-16,
			"Im":-4.330045374873875e-15
		},
		"eu_1311":{
			"Re":3.323227115310927e-15,
			"Im":-3.9342081963742467e-14
		},
		"eu_1322":{
			"Re":3.323227115310927e-15,
			"Im":-3.9342081963742467e-14
		},
		"eu_1333":{
			"Re":3.323227115310927e-15,
			"Im":-3.9342081963742467e-14
		},
		"eu_2211":9.032454710160901e-13,
		"eu_2222":9.032454710160901e-13,
		"eu_2233":9.032454710160901e-13,
		"eu_2311":{
			"Re":-4.901876454317486e-13,
			"Im":8.546617862375267e-13
		},
		"eu_2322":{
			"Re":-4.901876454317486e-13,
			"Im":8.546617862375267e-13
		},
		"eu_2333":{
			"Re":-4.901876454317486e-13,
			"Im":8.546617862375267e-13
		},
		"eu_3311":-2.4211579734601776e-11,
		"eu_3322":-2.4211579734601776e-11,
		"eu_3333":-2.4211579734601776e-11,
		"phi":4.13512883401255e-10,
		"phiB":-4.951607573489163e-11,
		"phiBox":-2.8587190391378227e-10,
		"phid_11":5.726412892358835e-13,
		"phid_22":5.726412892358835e-13,
		"phid_33":5.726412892358835e-13,
		"phiD":-1.7179238677076503e-12,
		"phie_11":-4.125685978404517e-11,
		"phie_12":{
			"Re":-3.2422143824849145e-16,
			"Im":-3.2475340311553998e-15
		},
		"phie_13":{
			"Re":2.4924203364837506e-15,
			"Im":-2.950656147280483e-14
		},
		"phie_22":6.774341032620676e-13,
		"phie_23":{
			"Re":-3.676407340738111e-13,
			"Im":6.409963396781447e-13
		},
		"phie_33":-1.8158684800951318e-11,
		"phil1_11":8.589619302790814e-13,
		"phil1_22":8.589582934237054e-13,
		"phil1_23":{
			"Re":-2.1756604549037405e-17,
			"Im":3.786853270367917e-17
		},
		"phil1_33":8.391460226602537e-13,
		"phil3_22":-3.640430119761182e-18,
		"phil3_23":{
			"Re":-2.1756604549037405e-17,
			"Im":3.786853270367917e-17
		},
		"phil3_33":-1.9815911193571335e-14,
		"phiq1_11":-2.8632064461794173e-13,
		"phiq1_22":-2.8632064461794173e-13,
		"phiq1_33":-2.8632064461794173e-13,
		"phiu_11":-1.145282578471767e-12,
		"phiu_22":-1.145282578471767e-12,
		"phiu_33":-1.145282578471767e-12,
		"ld_1111":-5.726412892358835e-13,
		"ld_1122":-5.726412892358835e-13,
		"ld_1133":-5.726412892358835e-13,
		"ld_2211":-5.726412892358835e-13,
		"ld_2222":-5.726412892358835e-13,
		"ld_2233":-5.726412892358835e-13,
		"ld_3311":-5.726412892358835e-13,
		"ld_3322":-5.726412892358835e-13,
		"ld_3333":-5.726412892358835e-13,
		"le_1111":4.125685978404517e-11,
		"le_1112":{
			"Re":3.2422143824849145e-16,
			"Im":3.2475340311553998e-15
		},
		"le_1113":{
			"Re":-2.4924203364837506e-15,
			"Im":2.950656147280483e-14
		},
		"le_1122":-6.774341032620676e-13,
		"le_1123":{
			"Re":3.676407340738111e-13,
			"Im":-6.409963396781447e-13
		},
		"le_1133":1.8158684800951318e-11,
		"le_2211":4.125685978404517e-11,
		"le_2212":{
			"Re":3.2422143824849145e-16,
			"Im":3.2475340311553998e-15
		},
		"le_2213":{
			"Re":-2.4924203364837506e-15,
			"Im":2.950656147280483e-14
		},
		"le_2222":-6.774341032620676e-13,
		"le_2223":{
			"Re":3.676407340738111e-13,
			"Im":-6.409963396781447e-13
		},
		"le_2233":1.8158684800951318e-11,
		"le_3311":4.125685978404517e-11,
		"le_3312":{
			"Re":3.2422143824849145e-16,
			"Im":3.2475340311553998e-15
		},
		"le_3313":{
			"Re":-2.4924203364837506e-15,
			"Im":2.950656147280483e-14
		},
		"le_3322":-6.774341032620676e-13,
		"le_3323":{
			"Re":3.676407340738111e-13,
			"Im":-6.409963396781447e-13
		},
		"le_3333":1.8158684800951318e-11,
		"ll_1111":-4.2948096692691257e-13,
		"ll_1122":-8.589619338538251e-13,
		"ll_1133":-8.589619338538251e-13,
		"ll_2222":-4.2948096692691257e-13,
		"ll_2233":-8.589619338538251e-13,
		"ll_3333":-4.2948096692691257e-13,
		"lq1_1111":2.8632064461794173e-13,
		"lq1_1122":2.8632064461794173e-13,
		"lq1_1133":2.8632064461794173e-13,
		"lq1_2211":2.8632064461794173e-13,
		"lq1_2222":2.8632064461794173e-13,
		"lq1_2233":2.8632064461794173e-13,