{
	"eft":"SMEFT",
	"basis":"Warsaw",
	"scale":1000,
	"values":{
		"dd_1111":-2.490534751743395e-13,
		"dd_1122":-4.98106950348679e-13,
		"dd_1133":-4.98106950348679e-13,
		"dd_2222":-2.490534751743395e-13,
		"dd_2233":-4.98106950348679e-13,
		"dd_3333":-2.490534751743395e-13,
		"eB_11":1.9194142688631617e-16,
		"eB_12":{
			"Re":-2.1851905958275585e-18,
			"Im":-8.903860336247834e-19
		},
		"eB_13":{
			"Re":1.3484605724876692e-18,
			"Im":-4.026996117208808e-18
		},
		"eB_21":{
			"Re":-4.518341259395915e-16,
			"Im":1.841060436649796e-16
		},
		"eB_22":4.567929970477637e-14,
		"eB_23":{
			"Re":2.0322265012054462e-15,
			"Im":2.875405372198185e-14
		},
		"eB_31":{
			"Re":4.689080323033787e-15,
			"Im":1.4003307652743765e-14
		},
		"eB_32":{
			"Re":3.4176833586854e-14,
			"Im":-4.835693798996897e-13
		},
		"eB_33":1.3746995529792858e-12,
		"ed_1111":1.0309808184983346e-11,
		"ed_1122":1.0309808184983346e-11,
		"ed_1133":1.0309808184983346e-11,
		"ed_1211":{
			"Re":-1.3500395360179883e-13,
			"Im":-5.404730416474151e-14
		},
		"ed_1222":{
			"Re":-1.3500395360179883e-13,
			"Im":-5.404730416474151e-14
		},
		"ed_1233":{
			"Re":-1.3500395360179883e-13,
			"Im":-5.404730416474151e-14
		},
		"ed_1311":{
			"Re":8.065790399660288e-14,
			"Im":-2.494188668831284e-13
		},
		"ed_1322":{
			"Re":8.065790399660288e-14,
			"Im":-2.494188668831284e-13
		},
		"ed_1333":{
			"Re":8.065790399660288e-14,
			"Im":-2.494188668831284e-13
		},
		"ed_2211":1.2093538306571269e-11,
		"ed_2222":1.2093538306571269e-11,
		"ed_2233":1.2093538306571269e-11,
		"ed_2311":{
			"Re":6.04331463401558e-13,
			"Im":8.548452967593565e-12
		},
		"ed_2322":{
			"Re":6.04331463401558e-13,
			"Im":8.548452967593565e-12
		},
		"ed_2333":{
			"Re":6.04331463401558e-13,
			"Im":8.548452967593565e-12
		},
		"ed_3311":2.2813722675348393e-11,
		"ed_3322":2.2813722675348393e-11,
		"ed_3333":2.2813722675348393e-11,
		"ee_1111":-2.2140946787905616e-10,
		"ee_1112":{
			"Re":-3.5785175530232434e-11,
			"Im":5.852661666615976e-11
		},
		"ee_1113":{
			"Re":-9.369140129447574e-11,
			"Im":-7.77426566764569e-11
		},
		"ee_1122":{
			"Re":-4.048033731454141e-10,
			"Im":-1.023169781899273e-19
		},
		"ee_1123":{
			"Re":-7.059167210700408e-11,
			"Im":-7.192234664702943e-11
		},
		"ee_1133":{
			"Re":-4.909582996777542e-10,
			"Im":8.699957718644565e-20
		},
		"ee_1212":{
			"Re":2.680680669360495e-11,
			"Im":-8.677067211885974e-12
		},
		"ee_1213":{
			"Re":-6.427187371880454e-11,
			"Im":-2.4471987546778783e-11
		},
		"ee_1222":{
			"Re":-5.022756438128017e-11,
			"Im":-3.787027071616899e-11
		},
		"ee_1223":{
			"Re":4.139301076825086e-11,
			"Im":1.8256112702961555e-10
		},
		"ee_1232":{
			"Re":-5.641893929544461e-11,
			"Im":1.0812366810903919e-10
		},
		"ee_1233":{
			"Re":3.0467033351934586e-10,
			"Im":-1.1701856496699613e-10
		},
		"ee_1313":{
			"Re":-1.461848413281384e-11,
			"Im":-5.4193286312836237e-11
		},
		"ee_1323":{
			"Re":-9.526139835471617e-11,
			"Im":1.0801382026690842e-10
		},
		"ee_1333":{
			"Re":2.1113613798196316e-10,
			"Im":1.51061234450211e-10
		},
		"ee_2222":{
			"Re":-3.0764343940717636e-10,
			"Im":-1.4707452236951828e-19
		},
		"ee_2223":{
			"Re":-8.552479352541457e-11,
			"Im":-4.888165109578511e-10
		},
		"ee_2233":{
			"Re":-1.3603663940915337e-9,
			"Im":6.488561469129679e-19
		},
		"ee_2323":{
			"Re":1.502244176844792e-10,
			"Im":-7.737634756673502e-11
		},
		"ee_2333":{
			"Re":2.3036929553351282e-11,
			"Im":-7.061281924112624e-10
		},
		"ee_3333":{
			"Re":-1.0156277408554263e-9,
			"Im":-1.7024883864461091e-19
		},
		"ephi_11":-3.715960542239923e-18,
		"ephi_12":{
			"Re":4.24358535121204e-20,
			"Im":1.708026063010746e-20
		},
		"ephi_13":{
			"Re":-2.4815891586157426e-20,
			"Im":7.598201036299321e-20
		},
		"ephi_21":{
			"Re":8.775444347077426e-18,
			"Im":-3.532085774663983e-18
		},
		"ephi_22":-8.843297570967502e-16,
		"ephi_23":{
			"Re":-3.814468584442214e-17,
			"Im":-5.396084027705223e-16
		},
		"ephi_31":{
			"Re":-8.904961239993833e-17,
			"Im":-2.7244669663226126e-16
		},
		"ephi_32":{
			"Re":-6.615111277885353e-16,
			"Im":9.358027266222687e-15
		},
		"ephi_33":-2.5802921723991528e-14,
		"eu_1111":-2.061961636996669e-11,
		"eu_1122":-2.061961636996669e-11,
		"eu_1133":-2.061961636996669e-11,
		"eu_1211":{
			"Re":2.7000790720359766e-13,
			"Im":1.0809460832948302e-13
		},
		"eu_1222":{
			"Re":2.7000790720359766e-13,
			"Im":1.0809460832948302e-13
		},
		"eu_1233":{
			"Re":2.7000790720359766e-13,
			"Im":1.0809460832948302e-13
		},
		"eu_1311":{
			"Re":-1.6131580799320576e-13,
			"Im":4.988377337662568e-13
		},
		"eu_1322":{
			"Re":-1.6131580799320576e-13,
			"Im":4.988377337662568e-13
		},
		"eu_1333":{
			"Re":-1.6131580799320576e-13,
			"Im":4.988377337662568e-13
		},
		"eu_2211":-2.4187076613142538e-11,
		"eu_2222":-2.4187076613142538e-11,
		"eu_2233":-2.4187076613142538e-11,
		"eu_2311":{
			"Re":-1.208662926803116e-12,
			"Im":-1.709690593518713e-11
		},
		"eu_2322":{
			"Re":-1.208662926803116e-12,
			"Im":-1.709690593518713e-11
		},
		"eu_2333":{
			"Re":-1.208662926803116e-12,
			"Im":-1.709690593518713e-11
		},
		"eu_3311":-4.5627445350696785e-11,
		"eu_3322":-4.5627445350696785e-11,
		"eu_3333":-4.5627445350696785e-11,
		"phi":-1.608472988721809e-18,
		"phiB":9.298407937958133e-14,
		"phiBox":-5.611417767590147e-13,
		"phid_11":7.471604255230184e-13,
		"phid_22":7.471604255230184e-13,
		"phid_33":7.471604255230184e-13,
		"phiD":-2.241481276569055e-12,
		"phie_11":-1.546471227747504e-11,
		"phie_12":{
			"Re":2.0250593040270127e-13,
			"Im":8.107095624710863e-14
		},
		"phie_13":{
			"Re":-1.209868559949023e-13,
			"Im":3.741283003246954e-13
		},
		"phie_22":-1.8140307459856913e-11,
		"phie_23":{
			"Re":-9.064971951023379e-13,
			"Im":-1.2822679451390374e-11
		},
		"phie_33":-3.422058401302263e-11,
		"phil1_11":1.1207406366952572e-12,
		"phil1_13":{
			"Re":-3.8825473686183004e-20,
			"Im":1.1594705471780367e-19
		},
		"phil1_22":1.1206624326157446e-12,
		"phil1_23":{
			"Re":-5.851276496823794e-17,
			"Im":-8.278994424688501e-16
		},
		"phil1_33":1.0811596802576018e-12,
		"phil3_13":{
			"Re":-3.8825473686183004e-20,
			"Im":1.1594705471780367e-19
		},
		"phil3_22":-7.820566878282641e-17,
		"phil3_23":{
			"Re":-5.851276496823794e-17,
			"Im":-8.278994424688501e-16
		},
		"phil3_33":-3.9580958026925645e-14,
		"phiq1_11":-3.735802127615092e-13,
		"phiq1_22":-3.735802127615092e-13,
		"phiq1_33":-3.735802127615092e-13,
		"phiu_11":-1.4943208510460369e-12,
		"phiu_22":-1.4943208510460369e-12,
		"phiu_33":-1.4943208510460369e-12,
		"ld_1111":-7.471604255230184e-13,
		"ld_1122":-7.471604255230184e-13,
		"ld_1133":-7.471604255230184e-13,
		"ld_2211":-7.471604255230184e-13,
		"ld_2222":-7.471604255230184e-13,
		"ld_2233":-7.471604255230184e-13,
		"ld_3311":-7.471604255230184e-13,
		"ld_3322":-7.471604255230184e-13,
		"ld_3333":-7.471604255230184e-13,
		"le_1111":1.546471227747504e-11,
		"le_1112":{
			"Re":-2.0250593040270127e-13,
			"Im":-8.107095624710863e-14
		},
		"le_1113":{
			"Re":1.209868559949023e-13,
			"Im":-3.741283003246954e-13
		},
		"le_1122":1.8140307459856913e-11,
		"le_1123":{
			"Re":9.064971951023379e-13,
			"Im":1.2822679451390374e-11
		},
		"le_1133":3.422058401302263e-11,
		"le_2211":1.546471227747504e-11,
		"le_2212":{
			"Re":-2.0250593040270127e-13,
			"Im":-8.107095624710863e-14
		},
		"le_2213":{
			"Re":1.209868559949023e-13,
			"Im":-3.741283003246954e-13
		},
		"le_2222":1.8140307459856913e-11,
		"le_2223":{
			"Re":9.064971951023379e-13,
			"Im":1.2822679451390374e-11
		},
		"le_2233":3.422058401302263e-11,
		"le_3311":1.546471227747504e-11,
		"le_3312":{
			"Re":-2.0250593040270127e-13,
			"Im":-8.107095624710863e-14
		},
		"le_3313":{
			"Re":1.209868559949023e-13,
			"Im":-3.741283003246954e-13
		},
		"le_3322":1.8140307459856913e-11,
		"le_3323":{
			"Re":9.064971951023379e-13,
			"Im":1.2822679451390374e-11
		},
		"le_3333":3.422058401302263e-11,
		"ll_1111":-5.603703191422638e-13,