{
	"eft":"SMEFT",
	"basis":"Warsaw",
	"scale":1000,
	"values":{
		"dd_1111":-2.3575364465821095e-13,
		"dd_1122":-4.715072893164219e-13,
		"dd_1133":-4.715072893164219e-13,
		"dd_2222":-2.3575364465821095e-13,
		"dd_2233":-4.715072893164219e-13,
		"dd_3333":-2.3575364465821095e-13,
		"eB_11":1.1002753208026773e-16,
		"eB_12":{
			"Re":-9.777838099038763e-19,
			"Im":-3.8386940292942704e-19
		},
		"eB_13":{
			"Re":-7.421062943715683e-19,
			"Im":-8.682087524454855e-19
		},
		"eB_21":{
			"Re":-2.0217737251364467e-16,
			"Im":7.937307458614206e-17
		},
		"eB_22":1.3742001334468658e-13,
		"eB_23":{
			"Re":2.857661246960214e-14,
			"Im":1.60062593706107e-14
		},
		"eB_31":{
			"Re":-2.580569349624004e-15,
			"Im":3.019072756326905e-15
		},
		"eB_32":{
			"Re":4.805852734772895e-13,
			"Im":-2.691841989723587e-13
		},
		"eB_33":2.412160386763407e-12,
		"ed_1111":4.823716705437476e-12,
		"ed_1122":4.823716705437476e-12,
		"ed_1133":4.823716705437476e-12,
		"ed_1211":{
			"Re":-6.295926499945743e-14,
			"Im":-2.0568045033898678e-14
		},
		"ed_1222":{
			"Re":-6.295926499945743e-14,
			"Im":-2.0568045033898678e-14
		},
		"ed_1233":{
			"Re":-6.295926499945743e-14,
			"Im":-2.0568045033898678e-14
		},
		"ed_1311":{
			"Re":-5.0252229054021255e-14,
			"Im":-5.2245272402915817e-14
		},
		"ed_1322":{
			"Re":-5.0252229054021255e-14,
			"Im":-5.2245272402915817e-14
		},
		"ed_1333":{
			"Re":-5.0252229054021255e-14,
			"Im":-5.2245272402915817e-14
		},
		"ed_2211":3.623803293088192e-11,
		"ed_2222":3.623803293088192e-11,
		"ed_2233":3.623803293088192e-11,
		"ed_2311":{
			"Re":7.826087369114496e-12,
			"Im":4.383859378719081e-12
		},
		"ed_2322":{
			"Re":7.826087369114496e-12,
			"Im":4.383859378719081e-12
		},
		"ed_2333":{
			"Re":7.826087369114496e-12,
			"Im":4.383859378719081e-12
		},
		"ed_3311":3.788468926887698e-11,
		"ed_3322":3.788468926887698e-11,
		"ed_3333":3.788468926887698e-11,
		"ee_1111":-7.371867070258366e-11,
		"ee_1112":{
			"Re":-2.6251517245488546e-11,
			"Im":4.8388021541216515e-12
		},
		"ee_1113":{
			"Re":-2.821298265419572e-11,
			"Im":-1.0178795939468313e-11
		},
		"ee_1122":{
			"Re":-8.613277212258988e-10,
			"Im":-1.2244631015206726e-20
		},
		"ee_1123":{
			"Re":-5.900304542932347e-11,
			"Im":-2.991480376095574e-11
		},
		"ee_1133":{
			"Re":-8.645993925653802e-10,
			"Im":1.1922070360144217e-20
		},
		"ee_1212":{
			"Re":6.867658185600159e-12,
			"Im":-4.947358185834661e-12
		},
		"ee_1213":{
			"Re":-7.686373478067678e-11,
			"Im":-1.2295117689143854e-11
		},
		"ee_1222":{
			"Re":-3.331057540255917e-11,
			"Im":2.6061378379274052e-11
		},
		"ee_1223":{
			"Re":4.3516728119618365e-10,
			"Im":1.4730741053809027e-10
		},
		"ee_1232":{
			"Re":-2.7040038135742278e-11,
			"Im":4.55368212155301e-11
		},
		"ee_1233":{
			"Re":5.036889293285363e-10,
			"Im":-1.0242383941922242e-10
		},
		"ee_1313":{
			"Re":-3.0486366061505013e-14,
			"Im":-2.2821294073339503e-12
		},
		"ee_1323":{
			"Re":-1.234052102996024e-12,
			"Im":1.5720868413172873e-11
		},
		"ee_1333":{
			"Re":1.3482682400314961e-11,
			"Im":2.2879797397095635e-11
		},
		"ee_2222":{
			"Re":-3.3478515344509337e-9,
			"Im":1.825299358848103e-19
		},
		"ee_2223":{
			"Re":-1.5168143128530566e-9,
			"Im":-8.909857964265534e-10
		},
		"ee_2233":{
			"Re":-6.178814565556525e-9,
			"Im":-7.089255150892544e-19
		},
		"ee_2323":{
			"Re":-1.0082538845187895e-10,
			"Im":-1.714889493709895e-10
		},
		"ee_2333":{
			"Re":-1.478086684684562e-9,
			"Im":-7.957220656965843e-10
		},
		"ee_3333":{
			"Re":-3.667090545274733e-9,
			"Im":1.7208477409210803e-19
		},
		"ephi_11":4.290033288799315e-16,
		"ephi_12":{
			"Re":-4.163516570064634e-18,
			"Im":-1.4408942196523583e-18
		},
		"ephi_13":{
			"Re":-3.275612408374624e-18,
			"Im":-3.526680795201944e-18
		},
		"ephi_21":{
			"Re":-8.608942193959591e-16,
			"Im":2.9793502733133303e-16
		},
		"ephi_22":5.355351426890723e-13,
		"ephi_23":{
			"Re":1.1134511808715582e-13,
			"Im":6.236954089650723e-14
		},
		"ephi_31":{
			"Re":-1.1388960756191776e-14,
			"Im":1.2261757732541934e-14
		},
		"ephi_32":{
			"Re":1.872257642763506e-12,
			"Im":-1.0487379467103539e-12
		},
		"ephi_33":9.401661577515332e-12,
		"eu_1111":-9.647433410874952e-12,
		"eu_1122":-9.647433410874952e-12,
		"eu_1133":-9.647433410874952e-12,
		"eu_1211":{
			"Re":1.2591852999891486e-13,
			"Im":4.1136090067797356e-14
		},
		"eu_1222":{
			"Re":1.2591852999891486e-13,
			"Im":4.1136090067797356e-14
		},
		"eu_1233":{
			"Re":1.2591852999891486e-13,
			"Im":4.1136090067797356e-14
		},
		"eu_1311":{
			"Re":1.0050445810804251e-13,
			"Im":1.0449054480583163e-13
		},
		"eu_1322":{
			"Re":1.0050445810804251e-13,
			"Im":1.0449054480583163e-13
		},
		"eu_1333":{
			"Re":1.0050445810804251e-13,
			"Im":1.0449054480583163e-13
		},
		"eu_2211":-7.247606586176385e-11,
		"eu_2222":-7.247606586176385e-11,
		"eu_2233":-7.247606586176385e-11,
		"eu_2311":{
			"Re":-1.5652174738228993e-11,
			"Im":-8.767718757438162e-12
		},
		"eu_2322":{
			"Re":-1.5652174738228993e-11,
			"Im":-8.767718757438162e-12
		},
		"eu_2333":{
			"Re":-1.5652174738228993e-11,
			"Im":-8.767718757438162e-12
		},
		"eu_3311":-7.576937853775396e-11,
		"eu_3322":-7.576937853775396e-11,
		"eu_3333":-7.576937853775396e-11,
		"phi":1.4708399768762862e-11,
		"phiB":-1.874575857833206e-11,
		"phiBox":-3.3653861005617714e-11,
		"phid_11":7.072609339746329e-13,
		"phid_22":7.072609339746329e-13,
		"phid_33":7.072609339746329e-13,
		"phiD":-2.1217828019238984e-12,
		"phie_11":-7.235575058156209e-12,
		"phie_12":{
			"Re":9.443889749918251e-14,
			"Im":3.0852067550848825e-14
		},
		"phie_13":{
			"Re":7.537834358102744e-14,
			"Im":7.83679086043717e-14
		},
		"phie_22":-5.43570493963229e-11,
		"phie_23":{
			"Re":-1.1739131053671724e-11,
			"Im":-6.575789068078612e-12
		},
		"phie_33":-5.6827033903315465e-11,
		"phil1_11":1.0608914000509238e-12,
		"phil1_13":{
			"Re":2.136705291376241e-20,
			"Im":2.499785070466987e-20
		},
		"phil1_22":1.0606561297533882e-12,
		"phil1_23":{
			"Re":-8.227904753876642e-16,
			"Im":-4.608593048155088e-16
		},
		"phil1_33":9.914394113866433e-13,
		"phil3_13":{
			"Re":2.136705291376241e-20,
			"Im":2.499785070466987e-20
		},
		"phil3_22":-2.3527120856107147e-16,
		"phil3_23":{
			"Re":-8.227904753876642e-16,
			"Im":-4.608593048155088e-16
		},
		"phil3_33":-6.945198957530583e-14,
		"phiq1_11":-3.5363046698731643e-13,
		"phiq1_22":-3.5363046698731643e-13,
		"phiq1_33":-3.5363046698731643e-13,
		"phiu_11":-1.4145218679492657e-12,
		"phiu_22":-1.4145218679492657e-12,
		"phiu_33":-1.4145218679492657e-12,
		"ld_1111":-7.072609339746329e-13,
		"ld_1122":-7.072609339746329e-13,
		"ld_1133":-7.072609339746329e-13,
		"ld_2211":-7.072609339746329e-13,
		"ld_2222":-7.072609339746329e-13,
		"ld_2233":-7.072609339746329e-13,
		"ld_3311":-7.072609339746329e-13,
		"ld_3322":-7.072609339746329e-13,
		"ld_3333":-7.072609339746329e-13,
		"le_1111":7.235575058156209e-12,
		"le_1112":{
			"Re":-9.443889749918251e-14,
			"Im":-3.0852067550848825e-14
		},
		"le_1113":{
			"Re":-7.537834358102744e-14,
			"Im":-7.83679086043717e-14
		},
		"le_1122":5.43570493963229e-11,
		"le_1123":{
			"Re":1.1739131053671724e-11,
			"Im":6.575789068078612e-12
		},
		"le_1133":5.6827033903315465e-11,
		"le_2211":7.235575058156209e-12,
		"le_2212":{
			"Re":-9.443889749918251e-14,
			"Im":-3.0852067550848825e-14
		},
		"le_2213":{
			"Re":-7.537834358102744e-14,
			"Im":-7.83679086043717e-14
		},
		"le_2222":5.43570493963229e-11,
		"le_2223":{
			"Re":1.1739131053671724e-11,
			"Im":6.575789068078612e-12
		},
		"le_2233":5.6827033903315465e-11,
		"le_3311":7.235575058156209e-12,
		"le_3312":{
			"Re":-9.443889749918251e-14,
			"Im":-3.0852067550848825e-14
		},
		"le_3313":{
			"Re":-7.537834358102744e-14,
			"Im":-7.83679086043717e-14
		},
		"le_3322":5.43570493963229e-11,
		"le_3323":{
			"Re":1.1739131053671724e-11,
			"Im":6.575789068078612e-12
		},
		"le_3333":5.6827033903315465e-11,
		"ll_1111":-5.304457004809746e-13,