{
	"eft":"SMEFT",
	"basis":"Warsaw",
	"scale":1000,
	"values":{
		"dd_1111":-4.3696491897538486e-14,
		"dd_1122":-8.739298379507697e-14,
		"dd_1133":-8.739298379507697e-14,
		"dd_2222":-4.3696491897538486e-14,
		"dd_2233":-8.739298379507697e-14,
		"dd_3333":-4.3696491897538486e-14,
		"eB_11":1.0757308783019713e-16,
		"eB_13":{
			"Re":-1.3567555254390714e-18,
			"Im":-1.2319967234987099e-18
		},
		"eB_21":{
			"Re":-4.058297164759864e-19,
			"Im":-1.9481679744556057e-20
		},
		"eB_22":3.2895292824680074e-14,
		"eB_23":{
			"Re":5.391043623350634e-18,
			"Im":-1.9116057414891003e-17
		},
		"eB_31":{
			"Re":-4.717924845045866e-15,
			"Im":4.284093811911064e-15
		},
		"eB_32":{
			"Re":9.066351642664305e-17,
			"Im":3.21483020085571e-16
		},
		"eB_33":2.424349537926078e-13,
		"ed_1111":6.390151932860866e-12,
		"ed_1122":6.390151932860866e-12,
		"ed_1133":6.390151932860866e-12,
		"ed_1211":{
			"Re":-1.2337635750164508e-16,
			"Im":-4.71095160130309e-18
		},
		"ed_1222":{
			"Re":-1.2337635750164508e-16,
			"Im":-4.71095160130309e-18
		},
		"ed_1233":{
			"Re":-1.2337635750164508e-16,
			"Im":-4.71095160130309e-18
		},
		"ed_1311":{
			"Re":-8.38490422250568e-14,
			"Im":-7.613910076315507e-14
		},
		"ed_1322":{
			"Re":-8.38490422250568e-14,
			"Im":-7.613910076315507e-14
		},
		"ed_1333":{
			"Re":-8.38490422250568e-14,
			"Im":-7.613910076315507e-14
		},
		"ed_2211":9.571487959973653e-12,
		"ed_2222":9.571487959973653e-12,
		"ed_2233":9.571487959973653e-12,
		"ed_2311":{
			"Re":1.434561609368953e-15,
			"Im":-5.5822394634119534e-15
		},
		"ed_2322":{
			"Re":1.434561609368953e-15,
			"Im":-5.5822394634119534e-15
		},
		"ed_2333":{
			"Re":1.434561609368953e-15,
			"Im":-5.5822394634119534e-15
		},
		"ed_3311":4.050647136106709e-12,
		"ed_3322":4.050647136106709e-12,
		"ed_3333":4.050647136106709e-12,
		"ee_1111":-2.954423814817571e-10,
		"ee_1112":{
			"Re":9.398359084772642e-13,
			"Im":1.2806994174372341e-12
		},
		"ee_1113":{
			"Re":-1.3020007514848823e-11,
			"Im":-5.0696817578279765e-12
		},
		"ee_1122":-1.4533605168654705e-9,
		"ee_1123":{
			"Re":-4.645175842699944e-13,
			"Im":9.402186262911365e-13
		},
		"ee_1133":-6.218053734940587e-10,
		"ee_1212":{
			"Re":-1.9323358036710864e-10,
			"Im":2.0900956196091572e-10
		},
		"ee_1213":{
			"Re":-3.510507935724114e-12,
			"Im":3.22961102420978e-11
		},
		"ee_1222":{
			"Re":4.920777187023595e-13,
			"Im":2.281328872932465e-12
		},
		"ee_1223":{
			"Re":1.8886534336497265e-11,
			"Im":1.7147922800174254e-11
		},
		"ee_1232":{
			"Re":7.773759385724557e-12,
			"Im":-4.421534175847086e-11
		},
		"ee_1233":{
			"Re":-2.2877258813685754e-12,
			"Im":-4.568765620345914e-12
		},
		"ee_1313":{
			"Re":-6.150546885249442e-11,
			"Im":-1.0803260933251088e-10
		},
		"ee_1323":{
			"Re":-9.973631578681017e-13,
			"Im":-1.1526121203339534e-13
		},
		"ee_1333":{
			"Re":2.5417462373451923e-11,
			"Im":1.636490519486374e-11
		},
		"ee_2222":-6.613698904008713e-10,
		"ee_2223":{
			"Re":3.8164471999448e-11,
			"Im":-2.7285534155938397e-11
		},
		"ee_2233":-9.264629894472856e-10,
		"ee_2323":{
			"Re":-5.529894515560085e-11,
			"Im":1.7470294964693436e-10
		},
		"ee_2333":{
			"Re":-1.7093510652439515e-11,
			"Im":1.2803269265854285e-11
		},
		"ee_3333":-1.2089706721484265e-10,
		"ephi_11":-1.3673921662556745e-16,
		"ephi_13":{
			"Re":1.723055508898067e-18,
			"Im":1.5646182680291033e-18
		},
		"ephi_21":5.217975492628021e-19,
		"ephi_22":-4.1800733246974063e-14,
		"ephi_23":{
			"Re":-6.322663416571306e-18,
			"Im":2.388790157842368e-17
		},
		"ephi_31":{
			"Re":5.994453890151968e-15,
			"Im":-5.4432558923532005e-15
		},
		"ephi_32":{
			"Re":-1.0638406657978522e-16,
			"Im":-4.0192146514886896e-16
		},
		"ephi_33":-3.080957104228558e-13,
		"eu_1111":-1.2780303865721732e-11,
		"eu_1122":-1.2780303865721732e-11,
		"eu_1133":-1.2780303865721732e-11,
		"eu_1211":{
			"Re":2.4675271500329016e-16,
			"Im":9.42190320260618e-18
		},
		"eu_1222":{
			"Re":2.4675271500329016e-16,
			"Im":9.42190320260618e-18
		},
		"eu_1233":{
			"Re":2.4675271500329016e-16,
			"Im":9.42190320260618e-18
		},
		"eu_1311":{
			"Re":1.676980844501136e-13,
			"Im":1.5227820152631015e-13
		},
		"eu_1322":{
			"Re":1.676980844501136e-13,
			"Im":1.5227820152631015e-13
		},
		"eu_1333":{
			"Re":1.676980844501136e-13,
			"Im":1.5227820152631015e-13
		},
		"eu_2211":-1.9142975919947306e-11,
		"eu_2222":-1.9142975919947306e-11,
		"eu_2233":-1.9142975919947306e-11,
		"eu_2311":{
			"Re":-2.869123218737906e-15,
			"Im":1.1164478926823907e-14
		},
		"eu_2322":{
			"Re":-2.869123218737906e-15,
			"Im":1.1164478926823907e-14
		},
		"eu_2333":{
			"Re":-2.869123218737906e-15,
			"Im":1.1164478926823907e-14
		},
		"eu_3311":-8.101294272213417e-12,
		"eu_3322":-8.101294272213417e-12,
		"eu_3333":-8.101294272213417e-12,
		"phi":-7.895903755471034e-14,
		"phiB":1.0670233679342575e-12,
		"phiBox":-6.773307215554739e-13,
		"phid_11":1.3108947569261546e-13,
		"phid_22":1.3108947569261546e-13,
		"phid_33":1.3108947569261546e-13,
		"phiD":-3.9326842707784635e-13,
		"phie_11":-9.585227899291298e-12,
		"phie_12":{
			"Re":1.8506453625246802e-16,
			"Im":7.066427401953846e-18
		},
		"phie_13":{
			"Re":1.2577356333758513e-13,
			"Im":1.1420865114473255e-13
		},
		"phie_22":-1.4357231939960486e-11,
		"phie_23":{
			"Re":-2.15184241405348e-15,
			"Im":8.373359195117968e-15
		},
		"phie_33":-6.075970704160065e-12,
		"phil1_11":1.9663421264822055e-13,
		"phil1_13":{
			"Re":3.90643056432364e-20,
			"Im":3.5472194994484785e-20
		},
		"phil1_22":1.9657789484770445e-13,
		"phil1_23":{
			"Re":-1.5522131429717406e-19,
			"Im":5.503979866286574e-19
		},
		"phil1_33":1.8965391903782396e-13,
		"phil3_13":{
			"Re":3.90643056432364e-20,
			"Im":3.5472194994484785e-20
		},
		"phil3_22":-5.631869121872759e-17,
		"phil3_23":{
			"Re":-1.5522131429717406e-19,
			"Im":5.503979866286574e-19
		},
		"phil3_33":-6.980294501099211e-15,
		"phiq1_11":-6.554473784630773e-14,
		"phiq1_22":-6.554473784630773e-14,
		"phiq1_33":-6.554473784630773e-14,
		"phiu_11":-2.621789513852309e-13,
		"phiu_22":-2.621789513852309e-13,
		"phiu_33":-2.621789513852309e-13,
		"ld_1111":-1.3108947569261546e-13,
		"ld_1122":-1.3108947569261546e-13,
		"ld_1133":-1.3108947569261546e-13,
		"ld_2211":-1.3108947569261546e-13,
		"ld_2222":-1.3108947569261546e-13,
		"ld_2233":-1.3108947569261546e-13,
		"ld_3311":-1.3108947569261546e-13,
		"ld_3322":-1.3108947569261546e-13,
		"ld_3333":-1.3108947569261546e-13,
		"le_1111":9.585227899291298e-12,
		"le_1112":{
			"Re":-1.8506453625246802e-16,
			"Im":-7.066427401953846e-18
		},
		"le_1113":{
			"Re":-1.2577356333758513e-13,
			"Im":-1.1420865114473255e-13
		},
		"le_1122":1.4357231939960486e-11,
		"le_1123":{
			"Re":2.15184241405348e-15,
			"Im":-8.373359195117968e-15
		},
		"le_1133":6.075970704160065e-12,
		"le_2211":9.585227899291298e-12,
		"le_2212":{
			"Re":-1.8506453625246802e-16,
			"Im":-7.066427401953846e-18
		},
		"le_2213":{
			"Re":-1.2577356333758513e-13,
			"Im":-1.1420865114473255e-13
		},
		"le_2222":1.4357231939960486e-11,
		"le_2223":{
			"Re":2.15184241405348e-15,
			"Im":-8.373359195117968e-15
		},
		"le_2233":6.075970704160065e-12,
		"le_3311":9.585227899291298e-12,
		"le_3312":{
			"Re":-1.8506453625246802e-16,
			"Im":-7.066427401953846e-18
		},
		"le_3313":{
			"Re":-1.2577356333758513e-13,
			"Im":-1.1420865114473255e-13
		},
		"le_3322":1.4357231939960486e-11,
		"le_3323":{
			"Re":2.15184241405348e-15,
			"Im":-8.373359195117968e-15
		},
		"le_3333":6.075970704160065e-12,
		"ll_1111":-9.831710676946159e-14,
		"ll_1122":-1.9663421353892317e-13,
		"ll_1133":-1.9663421353892317e-13,
		"ll_2222":-9.831710676946159e-14,
		"ll_2233":-1.9663421353892317e-13,
		"ll_3333":-9.831710676946159e-14,
		"lq1_1111":6.554473784630773e-14,
		"lq1_1122":6.554473784630773e-14,
		"lq1_1133":6.554473784630773e-14,
		"lq1_2211":6.554473784630773e-14,
		"lq1_2222":6.554473784630773e-14,
		"lq1_2233":6.554473784630773e-14,
		"lq1_3311":6.554473784630773e-14,