{
	"eft":"SMEFT",
	"basis":"Warsaw",
	"scale":1000,
	"values":{
		"dd_1111":-8.278815656860194e-14,
		"dd_1122":-1.6557631313720388e-13,
		"dd_1133":-1.6557631313720388e-13,
		"dd_2222":-8.278815656860194e-14,
		"dd_2233":-1.6557631313720388e-13,
		"dd_3333":-8.278815656860194e-14,
		"eB_11":3.6242366457136982e-16,
		"eB_13":{
			"Re":-3.6848014084158334e-19,
			"Im":3.7368342886757184e-19
		},
		"eB_21":{
			"Re":-2.086809996257405e-19,
			"Im":3.958739456773863e-19
		},
		"eB_22":6.228876480597893e-14,
		"eB_23":{
			"Re":-2.786009779711707e-17,
			"Im":1.5575988467713016e-16
		},
		"eB_31":{
			"Re":-1.2813374103044302e-15,
			"Im":-1.299431106179226e-15
		},
		"eB_32":{
			"Re":-4.685353357811013e-16,
			"Im":-2.61948146772035e-15
		},
		"eB_33":3.197575300949234e-13,
		"ed_1111":2.0363517070228334e-11,
		"ed_1122":2.0363517070228334e-11,
		"ed_1133":2.0363517070228334e-11,
		"ed_1211":{
			"Re":-1.8494540928796154e-17,
			"Im":-2.5787805791436903e-17
		},
		"ed_1222":{
			"Re":-1.8494540928796154e-17,
			"Im":-2.5787805791436903e-17
		},
		"ed_1233":{
			"Re":-1.8494540928796154e-17,
			"Im":-2.5787805791436903e-17
		},
		"ed_1311":{
			"Re":-4.20011531040751e-15,
			"Im":8.364667882442074e-15
		},
		"ed_1322":{
			"Re":-4.20011531040751e-15,
			"Im":8.364667882442074e-15
		},
		"ed_1333":{
			"Re":-4.20011531040751e-15,
			"Im":8.364667882442074e-15
		},
		"ed_2211":1.6849893810350368e-11,
		"ed_2222":1.6849893810350368e-11,
		"ed_2233":1.6849893810350368e-11,
		"ed_2311":{
			"Re":-7.754664033695857e-15,
			"Im":4.32584549126145e-14
		},
		"ed_2322":{
			"Re":-7.754664033695857e-15,
			"Im":4.32584549126145e-14
		},
		"ed_2333":{
			"Re":-7.754664033695857e-15,
			"Im":4.32584549126145e-14
		},
		"ed_3311":4.82570418628439e-12,
		"ed_3322":4.82570418628439e-12,
		"ed_3333":4.82570418628439e-12,
		"ee_1111":-2.477471692599668e-9,
		"ee_1112":{
			"Re":2.5935070398481265e-14,
			"Im":-5.904268306147034e-13
		},
		"ee_1113":{
			"Re":-2.3595217530475176e-10,
			"Im":1.8088626761353351e-10
		},
		"ee_1122":-4.782988606895121e-9,
		"ee_1123":{
			"Re":1.8754917698631603e-12,
			"Im":-1.2474143450821157e-11
		},
		"ee_1133":-1.188646965064246e-9,
		"ee_1212":{
			"Re":-2.4999329608635034e-10,
			"Im":-3.39309207686216e-10
		},
		"ee_1213":{
			"Re":1.7688527504697247e-12,
			"Im":-1.804076403507884e-12
		},
		"ee_1222":{
			"Re":5.240868782416851e-13,
			"Im":-3.6641582910681904e-13
		},
		"ee_1223":{
			"Re":4.600642117645364e-12,
			"Im":-4.736528896725565e-12
		},
		"ee_1232":{
			"Re":-7.2522829596277906e-12,
			"Im":3.16898838061425e-10
		},
		"ee_1233":{
			"Re":-1.8924791524779544e-12,
			"Im":2.5807853377812366e-13
		},
		"ee_1313":{
			"Re":-2.7303620718614273e-11,
			"Im":1.0406184611078132e-10
		},
		"ee_1323":{
			"Re":-1.496593614043255e-13,
			"Im":-2.5297303060570245e-14
		},
		"ee_1333":{
			"Re":6.549453675725307e-11,
			"Im":-5.080112549656272e-11
		},
		"ee_2222":-1.5458696225411223e-9,
		"ee_2223":{
			"Re":2.215744150249526e-12,
			"Im":-7.454142429914497e-12
		},
		"ee_2233":-1.1763805234773054e-9,
		"ee_2323":{
			"Re":-7.017963985445313e-11,
			"Im":-8.69366892143299e-11
		},
		"ee_2333":{
			"Re":-4.905250310634836e-14,
			"Im":-2.6451987185653335e-12
		},
		"ee_3333":-1.4603887216097562e-10,
		"ephi_11":-3.4345206915074536e-15,
		"ephi_13":{
			"Re":1.5818503929318172e-18,
			"Im":-2.065150428924275e-18
		},
		"ephi_21":{
			"Re":1.058279055539739e-18,
			"Im":-1.7917353492428673e-18
		},
		"ephi_22":-5.904596087804094e-13,
		"ephi_23":{
			"Re":2.6398722198855977e-16,
			"Im":-1.4736623718970578e-15
		},
		"ephi_31":{
			"Re":5.501413379298012e-15,
			"Im":7.182031318538276e-15
		},
		"ephi_32":{
			"Re":4.4398618860302066e-15,
			"Im":2.4784752692169437e-14
		},
		"ephi_33":-3.041629680728432e-12,
		"eu_1111":-4.072703414045667e-11,
		"eu_1122":-4.072703414045667e-11,
		"eu_1133":-4.072703414045667e-11,
		"eu_1211":{
			"Re":3.698908185759231e-17,
			"Im":5.1575611582873805e-17
		},
		"eu_1222":{
			"Re":3.698908185759231e-17,
			"Im":5.1575611582873805e-17
		},
		"eu_1233":{
			"Re":3.698908185759231e-17,
			"Im":5.1575611582873805e-17
		},
		"eu_1311":{
			"Re":8.40023062081502e-15,
			"Im":-1.672933576488415e-14
		},
		"eu_1322":{
			"Re":8.40023062081502e-15,
			"Im":-1.672933576488415e-14
		},
		"eu_1333":{
			"Re":8.40023062081502e-15,
			"Im":-1.672933576488415e-14
		},
		"eu_2211":-3.3699787620700735e-11,
		"eu_2222":-3.3699787620700735e-11,
		"eu_2233":-3.3699787620700735e-11,
		"eu_2311":{
			"Re":1.5509328067391715e-14,
			"Im":-8.6516909825229e-14
		},
		"eu_2322":{
			"Re":1.5509328067391715e-14,
			"Im":-8.6516909825229e-14
		},
		"eu_2333":{
			"Re":1.5509328067391715e-14,
			"Im":-8.6516909825229e-14
		},
		"eu_3311":-9.65140837256878e-12,
		"eu_3322":-9.65140837256878e-12,
		"eu_3333":-9.65140837256878e-12,
		"phi":-7.191059463090189e-11,
		"phiB":1.5836238569308756e-11,
		"phiBox":-6.750305510213412e-11,
		"phid_11":2.483644697058058e-13,
		"phid_22":2.483644697058058e-13,
		"phid_33":2.483644697058058e-13,
		"phiD":-7.450934091174174e-13,
		"phie_11":-3.054527560534252e-11,
		"phie_12":{
			"Re":2.774181139318871e-17,
			"Im":3.868170868716324e-17
		},
		"phie_13":{
			"Re":6.300172965611669e-15,
			"Im":-1.2547001823663313e-14
		},
		"phie_22":-2.5274840715525566e-11,
		"phie_23":{
			"Re":1.1631996050543792e-14,
			"Im":-6.488768236892179e-14
		},
		"phie_33":-7.238556279426591e-12,
		"phil1_11":3.7254670155784936e-13,
		"phil1_13":{
			"Re":1.0609443319296398e-20,
			"Im":-1.0759258691327631e-20
		},
		"phil1_22":3.724400625011292e-13,
		"phil1_23":{
			"Re":8.021602677791418e-19,
			"Im":-4.484707545239989e-18
		},
		"phil1_33":3.6334010421461795e-13,
		"phil3_13":{
			"Re":1.0609443319296398e-20,
			"Im":-1.0759258691327631e-20
		},
		"phil3_22":-1.0664205757949454e-16,
		"phil3_23":{
			"Re":8.021602677791418e-19,
			"Im":-4.484707545239989e-18
		},
		"phil3_33":-9.206600344090789e-15,
		"phiq1_11":-1.241822348529029e-13,
		"phiq1_22":-1.241822348529029e-13,
		"phiq1_33":-1.241822348529029e-13,
		"phiu_11":-4.967289394116116e-13,
		"phiu_22":-4.967289394116116e-13,
		"phiu_33":-4.967289394116116e-13,
		"ld_1111":-2.483644697058058e-13,
		"ld_1122":-2.483644697058058e-13,
		"ld_1133":-2.483644697058058e-13,
		"ld_2211":-2.483644697058058e-13,
		"ld_2222":-2.483644697058058e-13,
		"ld_2233":-2.483644697058058e-13,
		"ld_3311":-2.483644697058058e-13,
		"ld_3322":-2.483644697058058e-13,
		"ld_3333":-2.483644697058058e-13,
		"le_1111":3.054527560534252e-11,
		"le_1112":{
			"Re":-2.774181139318871e-17,
			"Im":-3.868170868716324e-17
		},
		"le_1113":{
			"Re":-6.300172965611669e-15,
			"Im":1.2547001823663313e-14
		},
		"le_1122":2.5274840715525566e-11,
		"le_1123":{
			"Re":-1.1631996050543792e-14,
			"Im":6.488768236892179e-14
		},
		"le_1133":7.238556279426591e-12,
		"le_2211":3.054527560534252e-11,
		"le_2212":{
			"Re":-2.774181139318871e-17,
			"Im":-3.868170868716324e-17
		},
		"le_2213":{
			"Re":-6.300172965611669e-15,
			"Im":1.2547001823663313e-14
		},
		"le_2222":2.5274840715525566e-11,
		"le_2223":{
			"Re":-1.1631996050543792e-14,
			"Im":6.488768236892179e-14
		},
		"le_2233":7.238556279426591e-12,
		"le_3311":3.054527560534252e-11,
		"le_3312":{
			"Re":-2.774181139318871e-17,
			"Im":-3.868170868716324e-17
		},
		"le_3313":{
			"Re":-6.300172965611669e-15,
			"Im":1.2547001823663313e-14
		},
		"le_3322":2.5274840715525566e-11,
		"le_3323":{
			"Re":-1.1631996050543792e-14,
			"Im":6.488768236892179e-14
		},
		"le_3333":7.238556279426591e-12,
		"ll_1111":-1.8627335227935435e-13,
		"ll_1122":-3.725467045587087e-13,
		"ll_1133":-3.725467045587087e-13,
		"ll_2222":-1.8627335227935435e-13,
		"ll_2233":-3.725467045587087e-13,
		"ll_3333":-1.8627335227935435e-13,
		"lq1_1111":1.241822348529029e-13,
		"lq1_1122":1.241822348529029e-13,
		"lq1_1133":1.241822348529029e-13,
		"lq1_2211":1.241822348529029e-13,
		"lq1_2222":1.241822348529029e-13,
		"lq1_2233":1.241822348529029e-13,