{
	"eft":"SMEFT",
	"basis":"Warsaw",
	"scale":1000,
	"values":{
		"dd_1111":-5.170401438954747e-14,
		"dd_1122":-1.0340802877909495e-13,
		"dd_1133":-1.0340802877909495e-13,
		"dd_2222":-5.170401438954747e-14,
		"dd_2233":-1.0340802877909495e-13,
		"dd_3333":-5.170401438954747e-14,
		"eB_11":1.8500430113065966e-16,
		"eB_12":{
			"Re":-1.0102597915454622e-18,
			"Im":-1.5135821746703217e-18
		},
		"eB_13":{
			"Re":-2.251426276718861e-17,
			"Im":3.5877378670441024e-18
		},
		"eB_21":{
			"Re":-2.0889246492112276e-16,
			"Im":3.1296495611676165e-16
		},
		"eB_22":3.920592054130022e-14,
		"eB_23":{
			"Re":-5.337460222881553e-17,
			"Im":1.1934705658881585e-16
		},
		"eB_31":{
			"Re":-7.829015447925647e-14,
			"Im":-1.2475849409171445e-14
		},
		"eB_32":{
			"Re":-8.976238116453713e-16,
			"Im":-2.007111160934671e-15
		},
		"eB_33":6.467241306017576e-13,
		"ed_1111":1.0429488312629754e-11,
		"ed_1122":1.0429488312629754e-11,
		"ed_1133":1.0429488312629754e-11,
		"ed_1211":{
			"Re":-5.866762841308951e-14,
			"Im":-8.787275656848643e-14
		},
		"ed_1222":{
			"Re":-5.866762841308951e-14,
			"Im":-8.787275656848643e-14
		},
		"ed_1233":{
			"Re":-5.866762841308951e-14,
			"Im":-8.787275656848643e-14
		},
		"ed_1311":{
			"Re":-1.3077696933618837e-12,
			"Im":2.0840059397169858e-13
		},
		"ed_1322":{
			"Re":-1.3077696933618837e-12,
			"Im":2.0840059397169858e-13
		},
		"ed_1333":{
			"Re":-1.3077696933618837e-12,
			"Im":2.0840059397169858e-13
		},
		"ed_2211":1.0696948489450856e-11,
		"ed_2222":1.0696948489450856e-11,
		"ed_2233":1.0696948489450856e-11,
		"ed_2311":{
			"Re":-1.4988065502125954e-14,
			"Im":3.3543962421342e-14
		},
		"ed_2322":{
			"Re":-1.4988065502125954e-14,
			"Im":3.3543962421342e-14
		},
		"ed_2333":{
			"Re":-1.4988065502125954e-14,
			"Im":3.3543962421342e-14
		},
		"ed_3311":1.0486255524212744e-11,
		"ed_3322":1.0486255524212744e-11,
		"ed_3333":1.0486255524212744e-11,
		"ee_1111":-1.1656939166076583e-9,
		"ee_1112":{
			"Re":5.849693823605863e-12,
			"Im":2.5882384659101588e-11
		},
		"ee_1113":{
			"Re":2.1160679884697603e-10,
			"Im":-2.1354222031654138e-10
		},
		"ee_1122":-2.4565637093642954e-9,
		"ee_1123":{
			"Re":-9.021035901588738e-12,
			"Im":4.694231361685094e-11
		},
		"ee_1133":{
			"Re":-1.4132290446434507e-9,
			"Im":-2.5886410474693863e-20
		},
		"ee_1212":{
			"Re":8.645326265924883e-11,
			"Im":5.185091860480358e-11
		},
		"ee_1213":{
			"Re":1.5959871540399371e-12,
			"Im":-8.951869383149968e-12
		},
		"ee_1222":{
			"Re":3.800020384744448e-12,
			"Im":-6.549108061559807e-12
		},
		"ee_1223":{
			"Re":3.010904902778779e-10,
			"Im":-4.745310465643693e-11
		},
		"ee_1232":{
			"Re":-4.73954729169929e-10,
			"Im":2.9802661063034084e-10
		},
		"ee_1233":{
			"Re":3.7207434277465515e-11,
			"Im":5.401181698151831e-11
		},
		"ee_1313":{
			"Re":1.7053827179039496e-11,
			"Im":-4.654717240397356e-13
		},
		"ee_1323":{
			"Re":-9.08663159402325e-12,
			"Im":-3.8374678710030384e-12
		},
		"ee_1333":{
			"Re":2.4117289061747126e-10,
			"Im":1.4095215553341688e-10
		},
		"ee_2222":-9.577552832554149e-10,
		"ee_2223":{
			"Re":2.33647255691901e-12,
			"Im":-3.077905096772725e-11
		},
		"ee_2233":-2.4704733941465386e-9,
		"ee_2323":{
			"Re":7.991576865425528e-11,
			"Im":-7.003491933573063e-11
		},
		"ee_2333":{
			"Re":8.430145128618801e-12,
			"Im":-1.2872012929241189e-12
		},
		"ee_3333":-1.1748470202203773e-9,
		"ephi_11":1.2575776519508686e-17,
		"ephi_12":{
			"Re":-6.86918291155725e-20,
			"Im":-1.0289584901479523e-19
		},
		"ephi_13":{
			"Re":-1.5442856734683216e-18,
			"Im":2.4608991155623884e-19
		},
		"ephi_21":{
			"Re":-1.4203046677608058e-17,
			"Im":2.127523108731749e-17
		},
		"ephi_22":2.6651396395363602e-15,
		"ephi_23":{
			"Re":-3.660052580990667e-18,
			"Im":8.188983952585915e-18
		},
		"ephi_31":{
			"Re":-5.324021572460148e-15,
			"Im":-8.484104357574297e-16
		},
		"ephi_32":{
			"Re":-6.102700308854644e-17,
			"Im":-1.3654224089427623e-16
		},
		"ephi_33":4.434166503557405e-14,
		"eu_1111":-2.0858976625259508e-11,
		"eu_1122":-2.0858976625259508e-11,
		"eu_1133":-2.0858976625259508e-11,
		"eu_1211":{
			"Re":1.1733525682617903e-13,
			"Im":1.7574551313697286e-13
		},
		"eu_1222":{
			"Re":1.1733525682617903e-13,
			"Im":1.7574551313697286e-13
		},
		"eu_1233":{
			"Re":1.1733525682617903e-13,
			"Im":1.7574551313697286e-13
		},
		"eu_1311":{
			"Re":2.6155393867237674e-12,
			"Im":-4.1680118794339716e-13
		},
		"eu_1322":{
			"Re":2.6155393867237674e-12,
			"Im":-4.1680118794339716e-13
		},
		"eu_1333":{
			"Re":2.6155393867237674e-12,
			"Im":-4.1680118794339716e-13
		},
		"eu_2211":-2.1393896978901712e-11,
		"eu_2222":-2.1393896978901712e-11,
		"eu_2233":-2.1393896978901712e-11,
		"eu_2311":{
			"Re":2.997613100425191e-14,
			"Im":-6.7087924842684e-14
		},
		"eu_2322":{
			"Re":2.997613100425191e-14,
			"Im":-6.7087924842684e-14
		},
		"eu_2333":{
			"Re":2.997613100425191e-14,
			"Im":-6.7087924842684e-14
		},
		"eu_3311":-2.0972511048425488e-11,
		"eu_3322":-2.0972511048425488e-11,
		"eu_3333":-2.0972511048425488e-11,
		"phi":1.628780045502613e-17,
		"phiB":-7.053087256056499e-14,
		"phiBox":-1.1847210147050915e-13,
		"phid_11":1.551120431686424e-13,
		"phid_22":1.551120431686424e-13,
		"phid_33":1.551120431686424e-13,
		"phiD":-4.653361295059272e-13,
		"phie_11":-1.5644232468944626e-11,
		"phie_12":{
			"Re":8.800144261963417e-14,
			"Im":1.318091348527293e-13
		},
		"phie_13":{
			"Re":1.9616545400428247e-12,
			"Im":-3.126008909575481e-13
		},
		"phie_22":-1.604542273417627e-11,
		"phie_23":{
			"Re":2.2482098253188716e-14,
			"Im":-5.031594363201298e-14
		},
		"phie_33":-1.572938328631911e-11,
		"phil1_11":2.326680632211324e-13,
		"phil1_13":{
			"Re":6.482406193149485e-19,
			"Im":-1.0329973674562276e-19
		},
		"phil1_22":2.3260094189302494e-13,
		"phil1_23":{
			"Re":1.5367851731267274e-18,
			"Im":-3.4362932811327144e-18
		},
		"phil1_33":2.1404729731845652e-13,
		"phil3_13":{
			"Re":6.482406193149485e-19,
			"Im":-1.0329973674562276e-19
		},
		"phil3_22":-6.712285993863698e-17,
		"phil3_23":{
			"Re":1.5367851731267274e-18,
			"Im":-3.4362932811327144e-18
		},
		"phil3_33":-1.8620767434507096e-14,
		"phiq1_11":-7.75560215843212e-14,
		"phiq1_22":-7.75560215843212e-14,
		"phiq1_33":-7.75560215843212e-14,
		"phiu_11":-3.102240863372848e-13,
		"phiu_22":-3.102240863372848e-13,
		"phiu_33":-3.102240863372848e-13,
		"ld_1111":-1.551120431686424e-13,
		"ld_1122":-1.551120431686424e-13,
		"ld_1133":-1.551120431686424e-13,
		"ld_2211":-1.551120431686424e-13,
		"ld_2222":-1.551120431686424e-13,
		"ld_2233":-1.551120431686424e-13,
		"ld_3311":-1.551120431686424e-13,
		"ld_3322":-1.551120431686424e-13,
		"ld_3333":-1.551120431686424e-13,
		"le_1111":1.5644232468944626e-11,
		"le_1112":{
			"Re":-8.800144261963417e-14,
			"Im":-1.318091348527293e-13
		},
		"le_1113":{
			"Re":-1.9616545400428247e-12,
			"Im":3.126008909575481e-13
		},
		"le_1122":1.604542273417627e-11,
		"le_1123":{
			"Re":-2.2482098253188716e-14,
			"Im":5.031594363201298e-14
		},
		"le_1133":1.572938328631911e-11,
		"le_2211":1.5644232468944626e-11,
		"le_2212":{
			"Re":-8.800144261963417e-14,
			"Im":-1.318091348527293e-13
		},
		"le_2213":{
			"Re":-1.9616545400428247e-12,
			"Im":3.126008909575481e-13
		},
		"le_2222":1.604542273417627e-11,
		"le_2223":{
			"Re":-2.2482098253188716e-14,
			"Im":5.031594363201298e-14
		},
		"le_2233":1.572938328631911e-11,
		"le_3311":1.5644232468944626e-11,
		"le_3312":{
			"Re":-8.800144261963417e-14,
			"Im":-1.318091348527293e-13
		},
		"le_3313":{
			"Re":-1.9616545400428247e-12,
			"Im":3.126008909575481e-13
		},
		"le_3322":1.604542273417627e-11,
		"le_3323":{
			"Re":-2.2482098253188716e-14,
			"Im":5.031594363201298e-14
		},
		"le_3333":1.572938328631911e-11,
		"ll_1111":-1.163340323764818e-13,
		"ll_1122":-2.326680647529636e-13,
		"ll_1133":-2.326680647529636e-13,
		"ll_2222":-1.163340323764818e-13,
		"ll_2233":-2.326680647529636e-13,
		"ll_3333":-1.163340323764818e-13,