{
	"eft":"SMEFT",
	"basis":"Warsaw",
	"scale":1000,
	"values":{
		"dd_1111":-2.784488615471294e-13,
		"dd_1122":-5.568977230942588e-13,
		"dd_1133":-5.568977230942588e-13,
		"dd_2222":-2.784488615471294e-13,
		"dd_2233":-5.568977230942588e-13,
		"dd_3333":-2.784488615471294e-13,
		"eB_11":1.4921167633383332e-15,
		"eB_12":{
			"Re":-9.618281807285595e-18,
			"Im":-1.049786223223333e-17
		},
		"eB_13":{
			"Re":-7.707551388154104e-18,
			"Im":-2.5214095390111504e-17
		},
		"eB_21":{
			"Re":-1.9887821052010968e-15,
			"Im":2.170653861952523e-15
		},
		"eB_22":8.207086806136624e-14,
		"eB_23":{
			"Re":7.70764268351564e-14,
			"Im":3.534012745805752e-14
		},
		"eB_31":{
			"Re":-2.680191641517157e-14,
			"Im":8.767843937681171e-14
		},
		"eB_32":{
			"Re":1.296227665494929e-12,
			"Im":-5.943302355105624e-13
		},
		"eB_33":3.216246065359817e-12,
		"ed_1111":8.367779321513036e-11,
		"ed_1122":8.367779321513036e-11,
		"ed_1133":8.367779321513036e-11,
		"ed_1211":{
			"Re":-4.906928886795711e-13,
			"Im":-5.410942720417854e-13
		},
		"ed_1222":{
			"Re":-4.906928886795711e-13,
			"Im":-5.410942720417854e-13
		},
		"ed_1233":{
			"Re":-4.906928886795711e-13,
			"Im":-5.410942720417854e-13
		},
		"ed_1311":{
			"Re":-3.872434018068151e-13,
			"Im":-1.297676375142747e-12
		},
		"ed_1322":{
			"Re":-3.872434018068151e-13,
			"Im":-1.297676375142747e-12
		},
		"ed_1333":{
			"Re":-3.872434018068151e-13,
			"Im":-1.297676375142747e-12
		},
		"ed_2211":2.153899500343261e-11,
		"ed_2222":2.153899500343261e-11,
		"ed_2233":2.153899500343261e-11,
		"ed_2311":{
			"Re":2.1386314390737194e-11,
			"Im":9.805748091830161e-12
		},
		"ed_2322":{
			"Re":2.1386314390737194e-11,
			"Im":9.805748091830161e-12
		},
		"ed_2333":{
			"Re":2.1386314390737194e-11,
			"Im":9.805748091830161e-12
		},
		"ed_3311":5.1831292270244837e-11,
		"ed_3322":5.1831292270244837e-11,
		"ed_3333":5.1831292270244837e-11,
		"ee_1111":-1.2213009436379047e-8,
		"ee_1112":{
			"Re":-5.608087651272918e-10,
			"Im":-5.004798015286718e-10
		},
		"ee_1113":{
			"Re":-5.570940206073033e-10,
			"Im":-1.2567238639600846e-9
		},
		"ee_1122":-7.137820807570098e-9,
		"ee_1123":{
			"Re":-6.601112113655957e-9,
			"Im":-3.0260457430336356e-9
		},
		"ee_1133":-1.648639979013072e-8,
		"ee_1212":{
			"Re":1.5216104697652258e-10,
			"Im":-6.691005014007425e-10
		},
		"ee_1213":{
			"Re":2.907098623766561e-10,
			"Im":-1.3563596201665115e-9
		},
		"ee_1222":{
			"Re":2.002934479924508e-10,
			"Im":3.109994843398448e-10
		},
		"ee_1223":{
			"Re":3.7580112037207216e-10,
			"Im":7.164288800965611e-10
		},
		"ee_1232":{
			"Re":5.209953410722708e-10,
			"Im":3.435429637175937e-10
		},
		"ee_1233":{
			"Re":1.127050815850248e-9,
			"Im":8.520584330936196e-10
		},
		"ee_1313":{
			"Re":1.1399913552939496e-9,
			"Im":-1.0371351779143597e-9
		},
		"ee_1323":{
			"Re":-7.022435982644117e-11,
			"Im":8.099246314379837e-10
		},
		"ee_1333":{
			"Re":5.192048124504224e-10,
			"Im":1.4570204369747055e-9
		},
		"ee_2222":-7.876636017390219e-10,
		"ee_2223":{
			"Re":-1.50948690491578e-9,
			"Im":-8.826187336167596e-10
		},
		"ee_2233":-6.112282297915974e-9,
		"ee_2323":{
			"Re":-3.637011933584052e-10,
			"Im":-5.932670580725822e-10
		},
		"ee_2333":{
			"Re":-3.801599751817894e-9,
			"Im":-1.5528247926719913e-9
		},
		"ee_3333":-4.549422189028726e-9,
		"ephi_11":2.560473031635174e-15,
		"ephi_12":{
			"Re":-1.5290679554209515e-17,
			"Im":-1.6801874055708495e-17
		},
		"ephi_13":{
			"Re":-1.2135696157040552e-17,
			"Im":-4.033040470388209e-17
		},
		"ephi_21":{
			"Re":-3.1616655379902605e-15,
			"Im":3.4741364145229055e-15
		},
		"ephi_22":1.4297111086663881e-13,
		"ephi_23":{
			"Re":1.3258065939967883e-13,
			"Im":6.078907276952745e-14
		},
		"ephi_31":{
			"Re":-4.2184409544695226e-14,
			"Im":1.4019172988702652e-13
		},
		"ephi_32":{
			"Re":2.2289072667307914e-12,
			"Im":-1.0219681099827166e-12
		},
		"ephi_33":5.563392400804528e-12,
		"eu_1111":-1.673555864302607e-10,
		"eu_1122":-1.673555864302607e-10,
		"eu_1133":-1.673555864302607e-10,
		"eu_1211":{
			"Re":9.813857773591422e-13,
			"Im":1.0821885440835707e-12
		},
		"eu_1222":{
			"Re":9.813857773591422e-13,
			"Im":1.0821885440835707e-12
		},
		"eu_1233":{
			"Re":9.813857773591422e-13,
			"Im":1.0821885440835707e-12
		},
		"eu_1311":{
			"Re":7.744868036136302e-13,
			"Im":2.595352750285494e-12
		},
		"eu_1322":{
			"Re":7.744868036136302e-13,
			"Im":2.595352750285494e-12
		},
		"eu_1333":{
			"Re":7.744868036136302e-13,
			"Im":2.595352750285494e-12
		},
		"eu_2211":-4.307799000686522e-11,
		"eu_2222":-4.307799000686522e-11,
		"eu_2233":-4.307799000686522e-11,
		"eu_2311":{
			"Re":-4.277262878147439e-11,
			"Im":-1.9611496183660322e-11
		},
		"eu_2322":{
			"Re":-4.277262878147439e-11,
			"Im":-1.9611496183660322e-11
		},
		"eu_2333":{
			"Re":-4.277262878147439e-11,
			"Im":-1.9611496183660322e-11
		},
		"eu_3311":-1.0366258454048967e-10,
		"eu_3322":-1.0366258454048967e-10,
		"eu_3333":-1.0366258454048967e-10,
		"phi":1.454495426970286e-12,
		"phiB":-9.685975181396182e-12,
		"phiBox":-8.113870429687506e-12,
		"phid_11":8.353465846413882e-13,
		"phid_22":8.353465846413882e-13,
		"phid_33":8.353465846413882e-13,
		"phiD":-2.5060397539241646e-12,
		"phie_11":-1.2551668982269558e-10,
		"phie_12":{
			"Re":7.360393330193555e-13,
			"Im":8.116414080626772e-13
		},
		"phie_13":{
			"Re":5.808651027102198e-13,
			"Im":1.9465145627141147e-12
		},
		"phie_22":-3.230849250514893e-11,
		"phie_23":{
			"Re":-3.207947158610581e-11,
			"Im":-1.4708622137745246e-11
		},
		"phie_33":-7.774693840536728e-11,
		"phil1_11":1.253019864607391e-12,
		"phil1_12":{
			"Re":1.6467068587783266e-20,
			"Im":1.7972962413343108e-20
		},
		"phil1_13":{
			"Re":2.2191923124128845e-19,
			"Im":7.259753952491157e-19
		},
		"phil1_22":1.2528793667711247e-12,
		"phil1_23":{
			"Re":-2.219218598577436e-15,
			"Im":-1.017528592740183e-15
		},
		"phil1_33":1.1604162966078304e-12,
		"phil3_11":-1.2354691355385127e-20,
		"phil3_12":{
			"Re":1.6467068587783266e-20,
			"Im":1.7972962413343108e-20
		},
		"phil3_13":{
			"Re":2.2191923124128845e-19,
			"Im":7.259753952491157e-19
		},
		"phil3_22":-1.4051019095757102e-16,
		"phil3_23":{
			"Re":-2.219218598577436e-15,
			"Im":-1.017528592740183e-15
		},
		"phil3_33":-9.26035803542519e-14,
		"phiq1_11":-4.176732923206941e-13,
		"phiq1_22":-4.176732923206941e-13,
		"phiq1_33":-4.176732923206941e-13,
		"phiu_11":-1.6706931692827764e-12,
		"phiu_22":-1.6706931692827764e-12,
		"phiu_33":-1.6706931692827764e-12,
		"ld_1111":-8.353465846413882e-13,
		"ld_1122":-8.353465846413882e-13,
		"ld_1133":-8.353465846413882e-13,
		"ld_2211":-8.353465846413882e-13,
		"ld_2222":-8.353465846413882e-13,
		"ld_2233":-8.353465846413882e-13,
		"ld_3311":-8.353465846413882e-13,
		"ld_3322":-8.353465846413882e-13,
		"ld_3333":-8.353465846413882e-13,
		"le_1111":1.2551668982269558e-10,
		"le_1112":{
			"Re":-7.360393330193555e-13,
			"Im":-8.116414080626772e-13
		},
		"le_1113":{
			"Re":-5.808651027102198e-13,
			"Im":-1.9465145627141147e-12
		},
		"le_1122":3.230849250514893e-11,
		"le_1123":{
			"Re":3.207947158610581e-11,
			"Im":1.4708622137745246e-11
		},
		"le_1133":7.774693840536728e-11,
		"le_2211":1.2551668982269558e-10,
		"le_2212":{
			"Re":-7.360393330193555e-13,
			"Im":-8.116414080626772e-13
		},
		"le_2213":{
			"Re":-5.808651027102198e-13,
			"Im":-1.9465145627141147e-12
		},
		"le_2222":3.230849250514893e-11,
		"le_2223":{
			"Re":3.207947158610581e-11,
			"Im":1.4708622137745246e-11
		},
		"le_2233":7.774693840536728e-11,
		"le_3311":1.2551668982269558e-10,
		"le_3312":{
			"Re":-7.360393330193555e-13,
			"Im":-8.116414080626772e-13
		},
		"le_3313":{
			"Re":-5.808651027102198e-13,
			"Im":-1.9465145627141147e-12
		},
		"le_3322":3.230849250514893e-11,
		"le_3323":{
			"Re":3.207947158610581e-11,
			"Im":1.4708622137745246e-11
		},
		"le_3333":7.774693840536728e-11,
		"ll_1111":-6.265099384810411e-13,
		"ll_1122":-1.2530198769620823e-12,