{
	"eft":"SMEFT",
	"basis":"Warsaw",
	"scale":1000,
	"values":{
		"dd_1111":-4.8528400052631064e-14,
		"dd_1122":-9.705680010526213e-14,
		"dd_1133":-9.705680010526213e-14,
		"dd_2222":-4.8528400052631064e-14,
		"dd_2233":-9.705680010526213e-14,
		"dd_3333":-4.8528400052631064e-14,
		"eB_11":1.5419793125717617e-16,
		"eB_12":{
			"Re":0.0,
			"Im":2.3454499694167792e-20
		},
		"eB_13":1.1107762687140309e-20,
		"eB_21":{
			"Re":6.017073276050871e-19,
			"Im":-4.849711228347886e-18
		},
		"eB_22":4.21350958752125e-15,
		"eB_23":{
			"Re":4.117855668369152e-15,
			"Im":8.597810075541312e-15
		},
		"eB_31":{
			"Re":3.862566878994416e-17,
			"Im":2.165311882317582e-17
		},
		"eB_32":{
			"Re":6.925176294525076e-14,
			"Im":-1.4459309726984307e-13
		},
		"eB_33":5.510904339560063e-13,
		"ed_1111":1.0290787228978957e-11,
		"ed_1122":1.0290787228978957e-11,
		"ed_1133":1.0290787228978957e-11,
		"ed_1211":{
			"Re":1.892198623654038e-16,
			"Im":1.6017031910016165e-15
		},
		"ed_1222":{
			"Re":1.892198623654038e-16,
			"Im":1.6017031910016165e-15
		},
		"ed_1233":{
			"Re":1.892198623654038e-16,
			"Im":1.6017031910016165e-15
		},
		"ed_1311":{
			"Re":7.745695803803232e-16,
			"Im":-4.699537972195033e-16
		},
		"ed_1322":{
			"Re":7.745695803803232e-16,
			"Im":-4.699537972195033e-16
		},
		"ed_1333":{
			"Re":7.745695803803232e-16,
			"Im":-4.699537972195033e-16
		},
		"ed_2211":1.1068131749717818e-12,
		"ed_2222":1.1068131749717818e-12,
		"ed_2233":1.1068131749717818e-12,
		"ed_2311":{
			"Re":1.3670447407096812e-12,
			"Im":2.8543588580676223e-12
		},
		"ed_2322":{
			"Re":1.3670447407096812e-12,
			"Im":2.8543588580676223e-12
		},
		"ed_2333":{
			"Re":1.3670447407096812e-12,
			"Im":2.8543588580676223e-12
		},
		"ed_3311":1.0586757551274464e-11,
		"ed_3322":1.0586757551274464e-11,
		"ed_3333":1.0586757551274464e-11,
		"ee_1111":-3.6304579740551524e-10,
		"ee_1112":{
			"Re":1.2168709361601786e-11,
			"Im":1.0305541426417301e-11
		},
		"ee_1113":{
			"Re":-1.354953958921951e-11,
			"Im":5.063403642615971e-11
		},
		"ee_1122":-2.371536489115331e-10,
		"ee_1123":{
			"Re":-2.618392710080184e-10,
			"Im":-5.467396507158431e-10
		},
		"ee_1133":-2.0530795287649684e-9,
		"ee_1212":{
			"Re":1.0132931065006811e-11,
			"Im":-7.254939364821758e-11
		},
		"ee_1213":{
			"Re":3.137634655915519e-10,
			"Im":-2.356516615458188e-10
		},
		"ee_1222":{
			"Re":-1.0185778724224144e-12,
			"Im":-1.5947643733902458e-12
		},
		"ee_1223":{
			"Re":2.146767697313269e-12,
			"Im":-9.778930054707519e-12
		},
		"ee_1232":{
			"Re":-6.056450476472529e-12,
			"Im":6.917083544900522e-13
		},
		"ee_1233":{
			"Re":-2.5322048929751234e-11,
			"Im":-2.019508646782596e-11
		},
		"ee_1313":{
			"Re":5.649815299474197e-10,
			"Im":3.2802563097743996e-10
		},
		"ee_1323":{
			"Re":1.624025378006496e-11,
			"Im":-3.155767231178306e-12
		},
		"ee_1333":{
			"Re":1.3984003888136053e-11,
			"Im":-5.1619026207227974e-11
		},
		"ee_2222":{
			"Re":-5.834347133824223e-12,
			"Im":-1.991977060071105e-19
		},
		"ee_2223":{
			"Re":6.990824027030559e-13,
			"Im":-3.2995791571010915e-11
		},
		"ee_2233":{
			"Re":-1.8718889925861395e-10,
			"Im":8.937682431200015e-19
		},
		"ee_2323":{
			"Re":2.947255847056245e-11,
			"Im":-2.3531047175752446e-12
		},
		"ee_2333":{
			"Re":-1.1299390683489191e-10,
			"Im":-1.930494402408093e-10
		},
		"ee_3333":{
			"Re":-3.8811945006607496e-10,
			"Im":-2.476909921073438e-19
		},
		"ephi_11":-8.207208945203036e-16,
		"ephi_12":{
			"Re":-1.4904169684373652e-20,
			"Im":-1.2439750566245868e-19
		},
		"ephi_13":{
			"Re":-5.97999500953275e-20,
			"Im":3.5515761314980637e-20
		},
		"ephi_21":{
			"Re":-3.081751874310668e-18,
			"Im":2.5721811346287027e-17
		},
		"ephi_22":-2.2421277398086452e-14,
		"ephi_23":{
			"Re":-2.1919061488312822e-14,
			"Im":-4.576624039034297e-14
		},
		"ephi_31":{
			"Re":-2.0796854322990205e-16,
			"Im":-1.2351374703319725e-16
		},
		"ephi_32":{
			"Re":-3.6866291086511193e-13,
			"Im":7.697553739987945e-13
		},
		"ephi_33":-2.9332775049758532e-12,
		"eu_1111":-2.0581574457957915e-11,
		"eu_1122":-2.0581574457957915e-11,
		"eu_1133":-2.0581574457957915e-11,
		"eu_1211":{
			"Re":-3.784397247308076e-16,
			"Im":-3.203406382003233e-15
		},
		"eu_1222":{
			"Re":-3.784397247308076e-16,
			"Im":-3.203406382003233e-15
		},
		"eu_1233":{
			"Re":-3.784397247308076e-16,
			"Im":-3.203406382003233e-15
		},
		"eu_1311":{
			"Re":-1.5491391607606464e-15,
			"Im":9.399075944390067e-16
		},
		"eu_1322":{
			"Re":-1.5491391607606464e-15,
			"Im":9.399075944390067e-16
		},
		"eu_1333":{
			"Re":-1.5491391607606464e-15,
			"Im":9.399075944390067e-16
		},
		"eu_2211":-2.2136263499435635e-12,
		"eu_2222":-2.2136263499435635e-12,
		"eu_2233":-2.2136263499435635e-12,
		"eu_2311":{
			"Re":-2.7340894814193624e-12,
			"Im":-5.7087177161352446e-12
		},
		"eu_2322":{
			"Re":-2.7340894814193624e-12,
			"Im":-5.7087177161352446e-12
		},
		"eu_2333":{
			"Re":-2.7340894814193624e-12,
			"Im":-5.7087177161352446e-12
		},
		"eu_3311":-2.1173515102548928e-11,
		"eu_3322":-2.1173515102548928e-11,
		"eu_3333":-2.1173515102548928e-11,
		"phi":-5.1602076432267545e-12,
		"phiB":4.609232783166953e-12,
		"phiBox":-9.83775417844793e-12,
		"phid_11":1.455852001578932e-13,
		"phid_22":1.455852001578932e-13,
		"phid_33":1.455852001578932e-13,
		"phiD":-4.3675560047367953e-13,
		"phie_11":-1.5436180843468438e-11,
		"phie_12":{
			"Re":-2.838297935480711e-16,
			"Im":-2.4025547865023867e-15
		},
		"phie_13":{
			"Re":-1.1618543705705353e-15,
			"Im":7.049306958294317e-16
		},
		"phie_22":-1.6602197624576735e-12,
		"phie_23":{
			"Re":-2.050567111064523e-12,
			"Im":-4.281538287101436e-12
		},
		"phie_33":-1.5880136326911703e-11,
		"phil1_11":2.1837779896008455e-13,
		"phil1_22":2.1837058645866576e-13,
		"phil1_23":{
			"Re":-1.1856312313292285e-16,
			"Im":-2.475519534329888e-16
		},
		"phil1_33":2.0251056052749393e-13,
		"phil3_22":-7.213778174022542e-18,
		"phil3_23":{
			"Re":-1.1856312313292285e-16,
			"Im":-2.475519534329888e-16
		},
		"phil3_33":-1.5867239709345854e-14,
		"phiq1_11":-7.27926000789466e-14,
		"phiq1_22":-7.27926000789466e-14,
		"phiq1_33":-7.27926000789466e-14,
		"phiu_11":-2.911704003157864e-13,
		"phiu_22":-2.911704003157864e-13,
		"phiu_33":-2.911704003157864e-13,
		"ld_1111":-1.455852001578932e-13,
		"ld_1122":-1.455852001578932e-13,
		"ld_1133":-1.455852001578932e-13,
		"ld_2211":-1.455852001578932e-13,
		"ld_2222":-1.455852001578932e-13,
		"ld_2233":-1.455852001578932e-13,
		"ld_3311":-1.455852001578932e-13,
		"ld_3322":-1.455852001578932e-13,
		"ld_3333":-1.455852001578932e-13,
		"le_1111":1.5436180843468438e-11,
		"le_1112":{
			"Re":2.838297935480711e-16,
			"Im":2.4025547865023867e-15
		},
		"le_1113":{
			"Re":1.1618543705705353e-15,
			"Im":-7.049306958294317e-16
		},
		"le_1122":1.6602197624576735e-12,
		"le_1123":{
			"Re":2.050567111064523e-12,
			"Im":4.281538287101436e-12
		},
		"le_1133":1.5880136326911703e-11,
		"le_2211":1.5436180843468438e-11,
		"le_2212":{
			"Re":2.838297935480711e-16,
			"Im":2.4025547865023867e-15
		},
		"le_2213":{
			"Re":1.1618543705705353e-15,
			"Im":-7.049306958294317e-16
		},
		"le_2222":1.6602197624576735e-12,
		"le_2223":{
			"Re":2.050567111064523e-12,
			"Im":4.281538287101436e-12
		},
		"le_2233":1.5880136326911703e-11,
		"le_3311":1.5436180843468438e-11,
		"le_3312":{
			"Re":2.838297935480711e-16,
			"Im":2.4025547865023867e-15
		},
		"le_3313":{
			"Re":1.1618543705705353e-15,
			"Im":-7.049306958294317e-16
		},
		"le_3322":1.6602197624576735e-12,
		"le_3323":{
			"Re":2.050567111064523e-12,
			"Im":4.281538287101436e-12
		},
		"le_3333":1.5880136326911703e-11,
		"ll_1111":-1.0918890011841988e-13,
		"ll_1122":-2.1837780023683976e-13,
		"ll_1133":-2.1837780023683976e-13,
		"ll_2222":-1.0918890011841988e-13,
		"ll_2233":-2.1837780023683976e-13,
		"ll_3333":-1.0918890011841988e-13,
		"lq1_1111":7.27926000789466e-14,
		"lq1_1122":7.27926000789466e-14,
		"lq1_1133":7.27926000789466e-14,