{
	"eft":"SMEFT",
	"basis":"Warsaw",
	"scale":1000,
	"values":{
		"dd_1111":-6.793335102888857e-14,
		"dd_1122":-1.3586670205777714e-13,
		"dd_1133":-1.3586670205777714e-13,
		"dd_2222":-6.793335102888857e-14,
		"dd_2233":-1.3586670205777714e-13,
		"dd_3333":-6.793335102888857e-14,
		"eB_11":1.204214790850274e-16,
		"eB_12":{
			"Re":0.0,
			"Im":-2.974150529579499e-20
		},
		"eB_13":{
			"Re":-1.0214927252130975e-20,
			"Im":-3.5969033244145936e-19
		},
		"eB_21":{
			"Re":-1.2350215087284165e-19,
			"Im":6.149681897365426e-18
		},
		"eB_22":7.038386697029075e-16,
		"eB_23":{
			"Re":-8.13607931347165e-16,
			"Im":4.838618379133072e-16
		},
		"eB_31":{
			"Re":-3.552096023900904e-17,
			"Im":1.250772098679374e-15
		},
		"eB_32":{
			"Re":-1.368279709870072e-14,
			"Im":-8.137314174174645e-15
		},
		"eB_33":9.86704950564751e-13,
		"ed_1111":7.665577344160002e-12,
		"ed_1122":7.665577344160002e-12,
		"ed_1133":7.665577344160002e-12,
		"ed_1211":{
			"Re":1.0775201507899245e-16,
			"Im":-2.1962299707609177e-15
		},
		"ed_1222":{
			"Re":1.0775201507899245e-16,
			"Im":-2.1962299707609177e-15
		},
		"ed_1233":{
			"Re":1.0775201507899245e-16,
			"Im":-2.1962299707609177e-15
		},
		"ed_1311":{
			"Re":-2.4051702822645904e-15,
			"Im":-8.380875030249962e-15
		},
		"ed_1322":{
			"Re":-2.4051702822645904e-15,
			"Im":-8.380875030249962e-15
		},
		"ed_1333":{
			"Re":-2.4051702822645904e-15,
			"Im":-8.380875030249962e-15
		},
		"ed_2211":-1.7734376584487697e-13,
		"ed_2222":-1.7734376584487697e-13,
		"ed_2233":-1.7734376584487697e-13,
		"ed_2311":{
			"Re":-2.6061595710410694e-13,
			"Im":1.5501358364069933e-13
		},
		"ed_2322":{
			"Re":-2.6061595710410694e-13,
			"Im":1.5501358364069933e-13
		},
		"ed_2333":{
			"Re":-2.6061595710410694e-13,
			"Im":1.5501358364069933e-13
		},
		"ed_3311":1.8391652420036846e-11,
		"ed_3322":1.8391652420036846e-11,
		"ed_3333":1.8391652420036846e-11,
		"ee_1111":-1.7788294261887652e-10,
		"ee_1112":{
			"Re":1.6075481682990958e-12,
			"Im":-1.997917138093904e-12
		},
		"ee_1113":{
			"Re":-1.7496607044034017e-11,
			"Im":1.5501373300335152e-10
		},
		"ee_1122":-1.19047599138005e-12,
		"ee_1123":{
			"Re":2.6153994080275823e-11,
			"Im":-1.5603766187608352e-11
		},
		"ee_1133":-1.875056689461975e-9,
		"ee_1212":{
			"Re":-7.894567043229578e-13,
			"Im":6.9485928438867076e-12
		},
		"ee_1213":{
			"Re":-1.273629326681143e-11,
			"Im":-1.1930085623833421e-11
		},
		"ee_1222":{
			"Re":-7.016638594392802e-14,
			"Im":3.969691406036125e-14
		},
		"ee_1223":{
			"Re":1.8466818903706054e-14,
			"Im":-1.8344207839009782e-13
		},
		"ee_1232":{
			"Re":4.554123788331897e-12,
			"Im":-1.4435306586038877e-14
		},
		"ee_1233":{
			"Re":-6.743012551092885e-12,
			"Im":9.587772432682739e-12
		},
		"ee_1313":{
			"Re":5.278250639940186e-10,
			"Im":1.2182468263962116e-10
		},
		"ee_1323":{
			"Re":2.406283214468788e-12,
			"Im":5.713041970489526e-12
		},
		"ee_1333":{
			"Re":3.982995222880067e-11,
			"Im":-3.4615655454330446e-10
		},
		"ee_2222":-6.804543721430118e-14,
		"ee_2223":{
			"Re":-2.8005114540942736e-13,
			"Im":3.967711753387698e-13
		},
		"ee_2233":-2.4420790705256435e-12,
		"ee_2323":{
			"Re":1.5130235131315257e-12,
			"Im":-1.531727617095761e-11
		},
		"ee_2333":{
			"Re":3.147367114575033e-11,
			"Im":-1.921435390114306e-11
		},
		"ee_3333":-1.1133309468381884e-9,
		"ephi_11":-2.0407789543822827e-16,
		"ephi_12":{
			"Re":0.0,
			"Im":5.405518826226981e-20
		},
		"ephi_13":{
			"Re":4.836068375186246e-20,
			"Im":3.2534296249135763e-19
		},
		"ephi_21":{
			"Re":-3.423597941768427e-19,
			"Im":-1.1177060120978986e-17
		},
		"ephi_22":-1.2004508494655072e-15,
		"ephi_23":{
			"Re":1.3664757542235852e-15,
			"Im":-8.127419208569568e-16
		},
		"ephi_31":{
			"Re":1.681882928064598e-16,
			"Im":-1.1320690976731428e-15
		},
		"ephi_32":{
			"Re":2.2988628053171708e-14,
			"Im":1.3672998585052804e-14
		},
		"ephi_33":-1.6575421829188184e-12,
		"eu_1111":-1.5331154688320004e-11,
		"eu_1122":-1.5331154688320004e-11,
		"eu_1133":-1.5331154688320004e-11,
		"eu_1211":{
			"Re":-2.155040301579849e-16,
			"Im":4.392459941521835e-15
		},
		"eu_1222":{
			"Re":-2.155040301579849e-16,
			"Im":4.392459941521835e-15
		},
		"eu_1233":{
			"Re":-2.155040301579849e-16,
			"Im":4.392459941521835e-15
		},
		"eu_1311":{
			"Re":4.810340564529181e-15,
			"Im":1.6761750060499923e-14
		},
		"eu_1322":{
			"Re":4.810340564529181e-15,
			"Im":1.6761750060499923e-14
		},
		"eu_1333":{
			"Re":4.810340564529181e-15,
			"Im":1.6761750060499923e-14
		},
		"eu_2211":3.5468753168975395e-13,
		"eu_2222":3.5468753168975395e-13,
		"eu_2233":3.5468753168975395e-13,
		"eu_2311":{
			"Re":5.212319142082139e-13,
			"Im":-3.1002716728139865e-13
		},
		"eu_2322":{
			"Re":5.212319142082139e-13,
			"Im":-3.1002716728139865e-13
		},
		"eu_2333":{
			"Re":5.212319142082139e-13,
			"Im":-3.1002716728139865e-13
		},
		"eu_3311":-3.678330484007369e-11,
		"eu_3322":-3.678330484007369e-11,
		"eu_3333":-3.678330484007369e-11,
		"phi":-2.451828565771275e-13,
		"phiB":2.0891084853867277e-12,
		"phiBox":-1.5805154395091084e-12,
		"phid_11":2.0380005308666568e-13,
		"phid_22":2.0380005308666568e-13,
		"phid_33":2.0380005308666568e-13,
		"phiD":-6.11400159259997e-13,
		"phie_11":-1.1498366016240006e-11,
		"phie_12":{
			"Re":-1.6162802261847526e-16,
			"Im":3.2943449561413607e-15
		},
		"phie_13":{
			"Re":3.607755423396747e-15,
			"Im":1.2571312545376356e-14
		},
		"phie_22":2.660156487673154e-13,
		"phie_23":{
			"Re":3.909239356561606e-13,
			"Im":-2.3252037546104915e-13
		},
		"phie_33":-2.758747863005529e-11,
		"phil1_11":3.057000786329115e-13,
		"phil1_13":{
			"Re":0.0,
			"Im":1.0356363265123764e-20
		},
		"phil1_22":3.056988746164752e-13,
		"phil1_23":{
			"Re":2.342575969507946e-17,
			"Im":-1.3931564213992492e-17
		},
		"phil1_33":2.7729043393787425e-13,
		"phil3_13":{
			"Re":0.0,
			"Im":1.0356363265123764e-20
		},
		"phil3_22":-1.205013523304412e-18,
		"phil3_23":{
			"Re":2.342575969507946e-17,
			"Im":-1.3931564213992492e-17
		},
		"phil3_33":-2.8409645692124268e-14,
		"phiq1_11":-1.0190002654333284e-13,
		"phiq1_22":-1.0190002654333284e-13,
		"phiq1_33":-1.0190002654333284e-13,
		"phiu_11":-4.0760010617333136e-13,
		"phiu_22":-4.0760010617333136e-13,
		"phiu_33":-4.0760010617333136e-13,
		"ld_1111":-2.0380005308666568e-13,
		"ld_1122":-2.0380005308666568e-13,
		"ld_1133":-2.0380005308666568e-13,
		"ld_2211":-2.0380005308666568e-13,
		"ld_2222":-2.0380005308666568e-13,
		"ld_2233":-2.0380005308666568e-13,
		"ld_3311":-2.0380005308666568e-13,
		"ld_3322":-2.0380005308666568e-13,
		"ld_3333":-2.0380005308666568e-13,
		"le_1111":1.1498366016240006e-11,
		"le_1112":{
			"Re":1.6162802261847526e-16,
			"Im":-3.2943449561413607e-15
		},
		"le_1113":{
			"Re":-3.607755423396747e-15,
			"Im":-1.2571312545376356e-14
		},
		"le_1122":-2.660156487673154e-13,
		"le_1123":{
			"Re":-3.909239356561606e-13,
			"Im":2.3252037546104915e-13
		},
		"le_1133":2.758747863005529e-11,
		"le_2211":1.1498366016240006e-11,
		"le_2212":{
			"Re":1.6162802261847526e-16,
			"Im":-3.2943449561413607e-15
		},
		"le_2213":{
			"Re":-3.607755423396747e-15,
			"Im":-1.2571312545376356e-14
		},
		"le_2222":-2.660156487673154e-13,
		"le_2223":{
			"Re":-3.909239356561606e-13,
			"Im":2.3252037546104915e-13
		},
		"le_2233":2.758747863005529e-11,
		"le_3311":1.1498366016240006e-11,
		"le_3312":{
			"Re":1.6162802261847526e-16,
			"Im":-3.2943449561413607e-15
		},
		"le_3313":{
			"Re":-3.607755423396747e-15,
			"Im":-1.2571312545376356e-14
		},
		"le_3322":-2.660156487673154e-13,
		"le_3323":{
			"Re":-3.909239356561606e-13,
			"Im":2.3252037546104915e-13
		},
		"le_3333":2.758747863005529e-11,
		"ll_1111":-1.5285003981499926e-13,
		"ll_1122":-3.057000796299985e-13,
		"ll_1133":-3.057000796299985e-13,
		"ll_2222":-1.5285003981499926e-13,
		"ll_2233":-3.057000796299985e-13,
		"ll_3333":-1.5285003981499926e-13,
		"lq1_1111":1.0190002654333284e-13,
		"lq1_1122":1.0190002654333284e-13,