{
	"eft":"SMEFT",
	"basis":"Warsaw",
	"scale":1000,
	"values":{
		"dd_1111":-1.038863776801403e-13,
		"dd_1122":-2.077727553602806e-13,
		"dd_1133":-2.077727553602806e-13,
		"dd_2222":-1.038863776801403e-13,
		"dd_2233":-2.077727553602806e-13,
		"dd_3333":-1.038863776801403e-13,
		"eB_11":2.7184909916118303e-16,
		"eB_13":{
			"Re":3.8648087956068165e-18,
			"Im":-1.9505170573037774e-18
		},
		"eB_21":{
			"Re":5.280351802524832e-20,
			"Im":-1.8870658431710387e-19
		},
		"eB_22":8.956747141887185e-14,
		"eB_23":{
			"Re":2.6855646931660628e-18,
			"Im":1.3091789515377637e-17
		},
		"eB_31":{
			"Re":1.343932425279384e-14,
			"Im":6.782646330009301e-15
		},
		"eB_32":{
			"Re":4.516430503717155e-17,
			"Im":-2.2017029664546663e-16
		},
		"eB_33":3.652459060808105e-14,
		"ed_1111":1.5480448311118485e-11,
		"ed_1122":1.5480448311118485e-11,
		"ed_1133":1.5480448311118485e-11,
		"ed_1211":{
			"Re":2.115545190200494e-17,
			"Im":3.6985815986817463e-17
		},
		"ed_1222":{
			"Re":2.115545190200494e-17,
			"Im":3.6985815986817463e-17
		},
		"ed_1233":{
			"Re":2.115545190200494e-17,
			"Im":3.6985815986817463e-17
		},
		"ed_1311":{
			"Re":2.294445981953468e-13,
			"Im":-1.1486886991682928e-13
		},
		"ed_1322":{
			"Re":2.294445981953468e-13,
			"Im":-1.1486886991682928e-13
		},
		"ed_1333":{
			"Re":2.294445981953468e-13,
			"Im":-1.1486886991682928e-13
		},
		"ed_2211":2.501398775496504e-11,
		"ed_2222":2.501398775496504e-11,
		"ed_2233":2.501398775496504e-11,
		"ed_2311":{
			"Re":7.660411408720202e-16,
			"Im":3.747153992964484e-15
		},
		"ed_2322":{
			"Re":7.660411408720202e-16,
			"Im":3.747153992964484e-15
		},
		"ed_2333":{
			"Re":7.660411408720202e-16,
			"Im":3.747153992964484e-15
		},
		"ed_3311":-5.883290923047455e-16,
		"ed_3322":-5.883290923047455e-16,
		"ed_3333":-5.883290923047455e-16,
		"ee_1111":{
			"Re":-1.0170011438087587e-9,
			"Im":2.0736932068873886e-20
		},
		"ee_1112":{
			"Re":1.1329885233994713e-12,
			"Im":-9.46046815175805e-13
		},
		"ee_1113":{
			"Re":-7.027065505843248e-11,
			"Im":-3.8312785320801935e-11
		},
		"ee_1122":-4.120881802135498e-9,
		"ee_1123":{
			"Re":-6.522416732048567e-14,
			"Im":-9.669228669930635e-13
		},
		"ee_1133":{
			"Re":-3.9069350489649254e-11,
			"Im":-4.2981900828343604e-20
		},
		"ee_1212":{
			"Re":3.984392258375408e-11,
			"Im":5.025226353414074e-10
		},
		"ee_1213":{
			"Re":-2.306173337940532e-13,
			"Im":1.4387361977051943e-13
		},
		"ee_1222":{
			"Re":-1.595861528434268e-12,
			"Im":2.2584607216971127e-12
		},
		"ee_1223":{
			"Re":-5.96799947227287e-11,
			"Im":3.007054177049262e-11
		},
		"ee_1232":{
			"Re":-1.1204624331302986e-10,
			"Im":-5.3586334922716435e-11
		},
		"ee_1233":{
			"Re":3.819934970935949e-16,
			"Im":-5.740299655723703e-14
		},
		"ee_1313":{
			"Re":1.5898889076556616e-12,
			"Im":-1.0212329781426212e-11
		},
		"ee_1323":{
			"Re":3.8075573078406207e-14,
			"Im":-4.6117304305640816e-14
		},
		"ee_1333":{
			"Re":1.237653589409808e-12,
			"Im":2.0700960448898082e-12
		},
		"ee_2222":-2.355468149102452e-9,
		"ee_2223":{
			"Re":3.5687344957406625e-14,
			"Im":-5.22866395071589e-13
		},
		"ee_2233":-8.710495997689251e-11,
		"ee_2323":{
			"Re":-1.9415776958867915e-11,
			"Im":-4.922948375785011e-12
		},
		"ee_2333":{
			"Re":-9.797505605241216e-15,
			"Im":-4.666401015949605e-15
		},
		"ee_3333":-6.334210347223586e-13,
		"ephi_11":2.5447805759358673e-15,
		"ephi_13":{
			"Re":3.623530082126219e-17,
			"Im":-1.8186467273477572e-17
		},
		"ephi_21":{
			"Re":6.298390788869739e-19,
			"Im":-1.38248058670457e-18
		},
		"ephi_22":8.379266700217478e-13,
		"ephi_23":{
			"Re":2.506589778354478e-17,
			"Im":1.2248092368172012e-16
		},
		"ephi_31":{
			"Re":1.259952190186573e-13,
			"Im":6.323687336910324e-14
		},
		"ephi_32":{
			"Re":4.215176133385156e-16,
			"Im":-2.0596858205038657e-15
		},
		"ephi_33":3.4212574179260107e-13,
		"eu_1111":-3.096089662223697e-11,
		"eu_1122":-3.096089662223697e-11,
		"eu_1133":-3.096089662223697e-11,
		"eu_1211":{
			"Re":-4.231090380400988e-17,
			"Im":-7.397163197363493e-17
		},
		"eu_1222":{
			"Re":-4.231090380400988e-17,
			"Im":-7.397163197363493e-17
		},
		"eu_1233":{
			"Re":-4.231090380400988e-17,
			"Im":-7.397163197363493e-17
		},
		"eu_1311":{
			"Re":-4.588891963906936e-13,
			"Im":2.2973773983365856e-13
		},
		"eu_1322":{
			"Re":-4.588891963906936e-13,
			"Im":2.2973773983365856e-13
		},
		"eu_1333":{
			"Re":-4.588891963906936e-13,
			"Im":2.2973773983365856e-13
		},
		"eu_2211":-5.002797550993008e-11,
		"eu_2222":-5.002797550993008e-11,
		"eu_2233":-5.002797550993008e-11,
		"eu_2311":{
			"Re":-1.5320822817440403e-15,
			"Im":-7.494307985928969e-15
		},
		"eu_2322":{
			"Re":-1.5320822817440403e-15,
			"Im":-7.494307985928969e-15
		},
		"eu_2333":{
			"Re":-1.5320822817440403e-15,
			"Im":-7.494307985928969e-15
		},
		"eu_3311":1.176658184609491e-15,
		"eu_3322":1.176658184609491e-15,
		"eu_3333":1.176658184609491e-15,
		"phi":8.198176651226707e-11,
		"phiB":-1.9246588477463564e-11,
		"phiBox":-7.947227318886938e-11,
		"phid_11":3.116591330404209e-13,
		"phid_22":3.116591330404209e-13,
		"phid_33":3.116591330404209e-13,
		"phiD":-9.349773991212626e-13,
		"phie_11":-2.3220672466677768e-11,
		"phie_12":{
			"Re":-3.173317785302003e-17,
			"Im":-5.547872398021515e-17
		},
		"phie_13":{
			"Re":-3.4416689729301915e-13,
			"Im":1.7230330487524634e-13
		},
		"phie_22":-3.7520981632447615e-11,
		"phie_23":{
			"Re":-1.1490617113080364e-15,
			"Im":-5.620730989446733e-15
		},
		"phie_33":8.824936384571309e-16,
		"phil1_11":4.674886973097273e-13,
		"phil1_13":{
			"Re":-1.112772855635831e-19,
			"Im":5.616015049152126e-20
		},
		"phil1_22":4.673353547403567e-13,
		"phil1_23":{
			"Re":-7.732396738504052e-20,
			"Im":-3.769445986815686e-19
		},
		"phil1_33":4.664370673805844e-13,
		"phil3_13":{
			"Re":-1.112772855635831e-19,
			"Im":5.616015049152126e-20
		},
		"phil3_22":-1.5334482027462283e-16,
		"phil3_23":{
			"Re":-7.732396738504052e-20,
			"Im":-3.769445986815686e-19
		},
		"phil3_33":-1.051632180046894e-15,
		"phiq1_11":-1.5582956652021044e-13,
		"phiq1_22":-1.5582956652021044e-13,
		"phiq1_33":-1.5582956652021044e-13,
		"phiu_11":-6.233182660808418e-13,
		"phiu_22":-6.233182660808418e-13,
		"phiu_33":-6.233182660808418e-13,
		"ld_1111":-3.116591330404209e-13,
		"ld_1122":-3.116591330404209e-13,
		"ld_1133":-3.116591330404209e-13,
		"ld_2211":-3.116591330404209e-13,
		"ld_2222":-3.116591330404209e-13,
		"ld_2233":-3.116591330404209e-13,
		"ld_3311":-3.116591330404209e-13,
		"ld_3322":-3.116591330404209e-13,
		"ld_3333":-3.116591330404209e-13,
		"le_1111":2.3220672466677768e-11,
		"le_1112":{
			"Re":3.173317785302003e-17,
			"Im":5.547872398021515e-17
		},
		"le_1113":{
			"Re":3.4416689729301915e-13,
			"Im":-1.7230330487524634e-13
		},
		"le_1122":3.7520981632447615e-11,
		"le_1123":{
			"Re":1.1490617113080364e-15,
			"Im":5.620730989446733e-15
		},
		"le_1133":-8.824936384571309e-16,
		"le_2211":2.3220672466677768e-11,
		"le_2212":{
			"Re":3.173317785302003e-17,
			"Im":5.547872398021515e-17
		},
		"le_2213":{
			"Re":3.4416689729301915e-13,
			"Im":-1.7230330487524634e-13
		},
		"le_2222":3.7520981632447615e-11,
		"le_2223":{
			"Re":1.1490617113080364e-15,
			"Im":5.620730989446733e-15
		},
		"le_2233":-8.824936384571309e-16,
		"le_3311":2.3220672466677768e-11,
		"le_3312":{
			"Re":3.173317785302003e-17,
			"Im":5.547872398021515e-17
		},
		"le_3313":{
			"Re":3.4416689729301915e-13,
			"Im":-1.7230330487524634e-13
		},
		"le_3322":3.7520981632447615e-11,
		"le_3323":{
			"Re":1.1490617113080364e-15,
			"Im":5.620730989446733e-15
		},
		"le_3333":-8.824936384571309e-16,
		"ll_1111":-2.3374434978031565e-13,
		"ll_1122":-4.674886995606313e-13,
		"ll_1133":-4.674886995606313e-13,
		"ll_2222":-2.3374434978031565e-13,
		"ll_2233":-4.674886995606313e-13,
		"ll_3333":-2.3374434978031565e-13,
		"lq1_1111":1.5582956652021044e-13,
		"lq1_1122":1.5582956652021044e-13,
		"lq1_1133":1.5582956652021044e-13,