{
	"eft":"SMEFT",
	"basis":"Warsaw",
	"scale":1000,
	"values":{
		"dd_1111":-3.418264146290173e-13,
		"dd_1122":-6.836528292580346e-13,
		"dd_1133":-6.836528292580346e-13,
		"dd_2222":-3.418264146290173e-13,
		"dd_2233":-6.836528292580346e-13,
		"dd_3333":-3.418264146290173e-13,
		"eB_11":7.827832826682987e-16,
		"eB_12":{
			"Re":-1.4563650747497331e-19,
			"Im":-1.5768310759263049e-19
		},
		"eB_13":{
			"Re":-1.4326294129008268e-19,
			"Im":-2.2017971539460414e-19
		},
		"eB_21":{
			"Re":-3.011341170216372e-17,
			"Im":3.260429970300845e-17
		},
		"eB_22":1.7245544977660964e-13,
		"eB_23":{
			"Re":3.447537121229685e-17,
			"Im":-1.4676522026178812e-16
		},
		"eB_31":{
			"Re":-4.981765523808086e-16,
			"Im":7.65643721479709e-16
		},
		"eB_32":{
			"Re":5.797872550470007e-16,
			"Im":2.4682142990703913e-15
		},
		"eB_33":2.707275015167738e-12,
		"ed_1111":4.135930857690631e-11,
		"ed_1122":4.135930857690631e-11,
		"ed_1133":4.135930857690631e-11,
		"ed_1211":{
			"Re":-8.077306955389535e-15,
			"Im":-8.745483487477912e-15
		},
		"ed_1222":{
			"Re":-8.077306955389535e-15,
			"Im":-8.745483487477912e-15
		},
		"ed_1233":{
			"Re":-8.077306955389535e-15,
			"Im":-8.745483487477912e-15
		},
		"ed_1311":{
			"Re":-7.943716484258715e-15,
			"Im":-1.2210761537612122e-14
		},
		"ed_1322":{
			"Re":-7.943716484258715e-15,
			"Im":-1.2210761537612122e-14
		},
		"ed_1333":{
			"Re":-7.943716484258715e-15,
			"Im":-1.2210761537612122e-14
		},
		"ed_2211":4.4206732993600746e-11,
		"ed_2222":4.4206732993600746e-11,
		"ed_2233":4.4206732993600746e-11,
		"ed_2311":{
			"Re":9.262300896610614e-15,
			"Im":-3.943211203458749e-14
		},
		"ed_2322":{
			"Re":9.262300896610614e-15,
			"Im":-3.943211203458749e-14
		},
		"ed_2333":{
			"Re":9.262300896610614e-15,
			"Im":-3.943211203458749e-14
		},
		"ed_3311":4.1123816800963435e-11,
		"ed_3322":4.1123816800963435e-11,
		"ed_3333":4.1123816800963435e-11,
		"ee_1111":-2.8186077597384066e-9,
		"ee_1112":{
			"Re":1.018391306045383e-12,
			"Im":1.122280174694506e-12
		},
		"ee_1113":{
			"Re":4.8328552656883945e-12,
			"Im":-1.2682944529030168e-12
		},
		"ee_1122":-6.848667564804882e-9,
		"ee_1123":{
			"Re":-1.3942931789898365e-12,
			"Im":5.935070732688006e-12
		},
		"ee_1133":-6.384814251634335e-9,
		"ee_1212":{
			"Re":-4.298472461208095e-11,
			"Im":4.15350304763976e-10
		},
		"ee_1213":{
			"Re":2.1280913106518064e-11,
			"Im":4.076139174303325e-12
		},
		"ee_1222":{
			"Re":1.1128025427122837e-12,
			"Im":1.1734852053773408e-12
		},
		"ee_1223":{
			"Re":1.2663559020488076e-12,
			"Im":1.9714063675341965e-12
		},
		"ee_1232":{
			"Re":-3.698128287338508e-12,
			"Im":3.5161873465054166e-12
		},
		"ee_1233":{
			"Re":1.3745835339303824e-12,
			"Im":1.5193170420414517e-12
		},
		"ee_1313":{
			"Re":-1.0201083985016356e-10,
			"Im":3.7562745325686716e-10
		},
		"ee_1323":{
			"Re":-1.3416406679882657e-13,
			"Im":-2.428304485568047e-13
		},
		"ee_1333":{
			"Re":-2.7385912608656937e-12,
			"Im":4.507902708503429e-12
		},
		"ee_2222":-3.207491453638661e-9,
		"ee_2223":{
			"Re":5.019240523339544e-13,
			"Im":-1.6694408150748624e-11
		},
		"ee_2233":-6.809676230006432e-9,
		"ee_2323":{
			"Re":4.096679360639638e-10,
			"Im":6.697725335093167e-11
		},
		"ee_2333":{
			"Re":-3.0190705105745536e-12,
			"Im":2.7376834727010586e-11
		},
		"ee_3333":-2.787881967651734e-9,
		"ephi_11":-6.062679414875833e-16,
		"ephi_12":{
			"Re":1.1280354746353212e-19,
			"Im":1.2213474702987773e-19
		},
		"ephi_13":{
			"Re":1.1086285942910652e-19,
			"Im":1.7040427358120778e-19
		},
		"ephi_21":{
			"Re":2.332456908193669e-17,
			"Im":-2.525399607043979e-17
		},
		"ephi_22":-1.3357638907866747e-13,
		"ephi_23":{
			"Re":-2.6712061159614446e-17,
			"Im":1.1371900209531636e-16
		},
		"ephi_31":{
			"Re":3.8580265333460675e-16,
			"Im":-5.930066694228529e-16
		},
		"ephi_32":{
			"Re":-4.495678545001188e-16,
			"Im":-1.9139072221075568e-15
		},
		"ephi_33":-2.0951889783659472e-12,
		"eu_1111":-8.271861715381262e-11,
		"eu_1122":-8.271861715381262e-11,
		"eu_1133":-8.271861715381262e-11,
		"eu_1211":{
			"Re":1.615461391077907e-14,
			"Im":1.7490966974955824e-14
		},
		"eu_1222":{
			"Re":1.615461391077907e-14,
			"Im":1.7490966974955824e-14
		},
		"eu_1233":{
			"Re":1.615461391077907e-14,
			"Im":1.7490966974955824e-14
		},
		"eu_1311":{
			"Re":1.588743296851743e-14,
			"Im":2.4421523075224244e-14
		},
		"eu_1322":{
			"Re":1.588743296851743e-14,
			"Im":2.4421523075224244e-14
		},
		"eu_1333":{
			"Re":1.588743296851743e-14,
			"Im":2.4421523075224244e-14
		},
		"eu_2211":-8.841346598720149e-11,
		"eu_2222":-8.841346598720149e-11,
		"eu_2233":-8.841346598720149e-11,
		"eu_2311":{
			"Re":-1.8524601793221228e-14,
			"Im":7.886422406917497e-14
		},
		"eu_2322":{
			"Re":-1.8524601793221228e-14,
			"Im":7.886422406917497e-14
		},
		"eu_2333":{
			"Re":-1.8524601793221228e-14,
			"Im":7.886422406917497e-14
		},
		"eu_3311":-8.224763360192687e-11,
		"eu_3322":-8.224763360192687e-11,
		"eu_3333":-8.224763360192687e-11,
		"phi":-1.7482398432342532e-13,
		"phiB":5.480409602262474e-12,
		"phiBox":-2.721685238332489e-12,
		"phid_11":1.0254792438870518e-12,
		"phid_22":1.0254792438870518e-12,
		"phid_33":1.0254792438870518e-12,
		"phiD":-3.0764377316611555e-12,
		"phie_11":-6.203896286535957e-11,
		"phie_12":{
			"Re":1.211596043308429e-14,
			"Im":1.3118225231216854e-14
		},
		"phie_13":{
			"Re":1.1915574726387883e-14,
			"Im":1.8316142306418306e-14
		},
		"phie_22":-6.631009949040104e-11,
		"phie_23":{
			"Re":-1.3893451344915504e-14,
			"Im":5.914816805187972e-14
		},
		"phie_33":-6.168572520144521e-11,
		"phil1_11":1.5382188593491507e-12,
		"phil1_22":1.5379236118780832e-12,
		"phil1_23":{
			"Re":-9.926301481361862e-19,
			"Im":4.22572918599164e-18
		},
		"phil1_33":1.4602698052446004e-12,
		"phil3_22":-2.952539524946488e-16,
		"phil3_23":{
			"Re":-9.926301481361862e-19,
			"Im":4.22572918599164e-18
		},
		"phil3_33":-7.79490605859775e-14,
		"phiq1_11":-5.127396219435259e-13,
		"phiq1_22":-5.127396219435259e-13,
		"phiq1_33":-5.127396219435259e-13,
		"phiu_11":-2.0509584877741037e-12,
		"phiu_22":-2.0509584877741037e-12,
		"phiu_33":-2.0509584877741037e-12,
		"ld_1111":-1.0254792438870518e-12,
		"ld_1122":-1.0254792438870518e-12,
		"ld_1133":-1.0254792438870518e-12,
		"ld_2211":-1.0254792438870518e-12,
		"ld_2222":-1.0254792438870518e-12,
		"ld_2233":-1.0254792438870518e-12,
		"ld_3311":-1.0254792438870518e-12,
		"ld_3322":-1.0254792438870518e-12,
		"ld_3333":-1.0254792438870518e-12,
		"le_1111":6.203896286535957e-11,
		"le_1112":{
			"Re":-1.211596043308429e-14,
			"Im":-1.3118225231216854e-14
		},
		"le_1113":{
			"Re":-1.1915574726387883e-14,
			"Im":-1.8316142306418306e-14
		},
		"le_1122":6.631009949040104e-11,
		"le_1123":{
			"Re":1.3893451344915504e-14,
			"Im":-5.914816805187972e-14
		},
		"le_1133":6.168572520144521e-11,
		"le_2211":6.203896286535957e-11,
		"le_2212":{
			"Re":-1.211596043308429e-14,
			"Im":-1.3118225231216854e-14
		},
		"le_2213":{
			"Re":-1.1915574726387883e-14,
			"Im":-1.8316142306418306e-14
		},
		"le_2222":6.631009949040104e-11,
		"le_2223":{
			"Re":1.3893451344915504e-14,
			"Im":-5.914816805187972e-14
		},
		"le_2233":6.168572520144521e-11,
		"le_3311":6.203896286535957e-11,
		"le_3312":{
			"Re":-1.211596043308429e-14,
			"Im":-1.3118225231216854e-14
		},
		"le_3313":{
			"Re":-1.1915574726387883e-14,
			"Im":-1.8316142306418306e-14
		},
		"le_3322":6.631009949040104e-11,
		"le_3323":{
			"Re":1.3893451344915504e-14,
			"Im":-5.914816805187972e-14
		},
		"le_3333":6.168572520144521e-11,
		"ll_1111":-7.691094329152889e-13,
		"ll_1122":-1.5382188658305777e-12,
		"ll_1133":-1.5382188658305777e-12,
		"ll_2222":-7.691094329152889e-13,
		"ll_2233":-1.5382188658305777e-12,
		"ll_3333":-7.691094329152889e-13,
		"lq1_1111":5.127396219435259e-13,
		"lq1_1122":5.127396219435259e-13,
		"lq1_1133":5.127396219435259e-13,
		"lq1_2211":5.127396219435259e-13,
		"lq1_2222":5.127396219435259e-13,