{
	"eft":"SMEFT",
	"basis":"Warsaw",
	"scale":1000,
	"values":{
		"dd_1111":-8.573534073843635e-14,
		"dd_1122":-1.714706814768727e-13,
		"dd_1133":-1.714706814768727e-13,
		"dd_2222":-8.573534073843635e-14,
		"dd_2233":-1.714706814768727e-13,
		"dd_3333":-8.573534073843635e-14,
		"eB_11":2.0600155432432963e-16,
		"eB_12":{
			"Re":2.624015981800978e-20,
			"Im":6.494707874992623e-20
		},
		"eB_13":{
			"Re":-2.4059236789893968e-20,
			"Im":2.9249415028847298e-18
		},
		"eB_21":{
			"Re":5.425705061393648e-18,
			"Im":-1.3429174835053577e-17
		},
		"eB_22":2.3746447853417163e-14,
		"eB_23":{
			"Re":-5.318016403816554e-18,
			"Im":6.275051259256966e-19
		},
		"eB_31":{
			"Re":-8.366258244431213e-17,
			"Im":-1.0171069089473468e-14
		},
		"eB_32":{
			"Re":-8.943538603480503e-17,
			"Im":-1.0553025585914202e-17
		},
		"eB_33":2.371846033759956e-13,
		"ed_1111":1.2944495805920972e-11,
		"ed_1122":1.2944495805920972e-11,
		"ed_1133":1.2944495805920972e-11,
		"ed_1211":{
			"Re":9.223925944649629e-16,
			"Im":1.835036818318239e-15
		},
		"ed_1222":{
			"Re":9.223925944649629e-16,
			"Im":1.835036818318239e-15
		},
		"ed_1233":{
			"Re":9.223925944649629e-16,
			"Im":1.835036818318239e-15
		},
		"ed_1311":{
			"Re":-1.2399068641935694e-16,
			"Im":1.9275916939663815e-13
		},
		"ed_1322":{
			"Re":-1.2399068641935694e-16,
			"Im":1.9275916939663815e-13
		},
		"ed_1333":{
			"Re":-1.2399068641935694e-16,
			"Im":1.9275916939663815e-13
		},
		"ed_2211":6.995524356834822e-12,
		"ed_2222":6.995524356834822e-12,
		"ed_2233":6.995524356834822e-12,
		"ed_2311":{
			"Re":-1.3345838636424648e-15,
			"Im":6.770639458390964e-16
		},
		"ed_2322":{
			"Re":-1.3345838636424648e-15,
			"Im":6.770639458390964e-16
		},
		"ed_2333":{
			"Re":-1.3345838636424648e-15,
			"Im":6.770639458390964e-16
		},
		"ed_3311":3.946449860079622e-12,
		"ed_3322":3.946449860079622e-12,
		"ed_3333":3.946449860079622e-12,
		"ee_1111":{
			"Re":-6.483054137253343e-10,
			"Im":-1.828509982847545e-19
		},
		"ee_1112":{
			"Re":1.0375477233808278e-10,
			"Im":1.6980929364798375e-10
		},
		"ee_1113":{
			"Re":-1.2338287345100202e-10,
			"Im":-2.219291782571489e-10
		},
		"ee_1122":{
			"Re":-9.144724631533182e-10,
			"Im":3.13561114174865e-19
		},
		"ee_1123":{
			"Re":-1.5069775251609556e-10,
			"Im":2.7025656640559673e-12
		},
		"ee_1133":{
			"Re":-4.313397263663389e-10,
			"Im":1.4261348966619935e-19
		},
		"ee_1212":{
			"Re":-1.303720283406193e-10,
			"Im":-2.966582384239929e-11
		},
		"ee_1213":{
			"Re":-2.10110444664308e-10,
			"Im":1.2244375328035731e-10
		},
		"ee_1222":{
			"Re":-6.12611043620249e-11,
			"Im":6.257947313111365e-11
		},
		"ee_1223":{
			"Re":-3.191155914280258e-12,
			"Im":1.4424533586384704e-10
		},
		"ee_1232":{
			"Re":7.187370874168195e-11,
			"Im":-7.11900580899944e-11
		},
		"ee_1233":{
			"Re":7.072830021273938e-12,
			"Im":-1.8400801037270948e-10
		},
		"ee_1313":{
			"Re":-2.3572517036902745e-12,
			"Im":-6.145576323301138e-11
		},
		"ee_1323":{
			"Re":-3.527120641982358e-11,
			"Im":-1.956510743050565e-11
		},
		"ee_1333":{
			"Re":4.032005758598016e-11,
			"Im":1.452764357233226e-11
		},
		"ee_2222":{
			"Re":-2.2807887401125592e-10,
			"Im":6.141859669058846e-20
		},
		"ee_2223":{
			"Re":7.822774265475393e-11,
			"Im":-7.29976848568424e-11
		},
		"ee_2233":{
			"Re":-1.3780972738262172e-10,
			"Im":-2.52404916299802e-19
		},
		"ee_2323":{
			"Re":7.089776909252657e-12,
			"Im":2.6088629290817666e-11
		},
		"ee_2333":{
			"Re":-2.2899327299033445e-11,
			"Im":4.346007847096426e-11
		},
		"ee_3333":{
			"Re":-8.382077214213679e-11,
			"Im":1.954751460657904e-20
		},
		"ephi_11":-1.2258808563727518e-15,
		"ephi_12":{
			"Re":-1.0501887374901305e-19,
			"Im":-2.3101006486991887e-19
		},
		"ephi_13":{
			"Re":4.9679460415839414e-20,
			"Im":-1.7511357364867547e-17
		},
		"ephi_21":{
			"Re":-2.1714872723285126e-17,
			"Im":4.7766218618204103e-17
		},
		"ephi_22":-1.4140062193062887e-13,
		"ephi_23":{
			"Re":2.7027710323999325e-17,
			"Im":-1.0125423785665647e-17
		},
		"ephi_31":{
			"Re":1.7280244538408888e-16,
			"Im":6.089923849757748e-14
		},
		"ephi_32":{
			"Re":4.545890921874082e-16,
			"Im":1.7028981921614098e-16
		},
		"ephi_33":-1.4123261928862404e-12,
		"eu_1111":-2.5888991611841944e-11,
		"eu_1122":-2.5888991611841944e-11,
		"eu_1133":-2.5888991611841944e-11,
		"eu_1211":{
			"Re":-1.8447851889299258e-15,
			"Im":-3.670073636636478e-15
		},
		"eu_1222":{
			"Re":-1.8447851889299258e-15,
			"Im":-3.670073636636478e-15
		},
		"eu_1233":{
			"Re":-1.8447851889299258e-15,
			"Im":-3.670073636636478e-15
		},
		"eu_1311":{
			"Re":2.479813728387139e-16,
			"Im":-3.855183387932763e-13
		},
		"eu_1322":{
			"Re":2.479813728387139e-16,
			"Im":-3.855183387932763e-13
		},
		"eu_1333":{
			"Re":2.479813728387139e-16,
			"Im":-3.855183387932763e-13
		},
		"eu_2211":-1.3991048713669644e-11,
		"eu_2222":-1.3991048713669644e-11,
		"eu_2233":-1.3991048713669644e-11,
		"eu_2311":{
			"Re":2.6691677272849297e-15,
			"Im":-1.3541278916781929e-15
		},
		"eu_2322":{
			"Re":2.6691677272849297e-15,
			"Im":-1.3541278916781929e-15
		},
		"eu_2333":{
			"Re":2.6691677272849297e-15,
			"Im":-1.3541278916781929e-15
		},
		"eu_3311":-7.892899720159244e-12,
		"eu_3322":-7.892899720159244e-12,
		"eu_3333":-7.892899720159244e-12,
		"phi":-1.4155733390452024e-11,
		"phiB":9.42959364392628e-12,
		"phiBox":-2.3239860033418826e-11,
		"phid_11":2.5720602221530904e-13,
		"phid_22":2.5720602221530904e-13,
		"phid_33":2.5720602221530904e-13,
		"phiD":-7.716180666459271e-13,
		"phie_11":-1.9416743708881445e-11,
		"phie_12":{
			"Re":-1.383588891694617e-15,
			"Im":-2.7525552274773585e-15
		},
		"phie_13":{
			"Re":1.859860296314588e-16,
			"Im":-2.891387540949574e-13
		},
		"phie_22":-1.0493286535252232e-11,
		"phie_23":{
			"Re":2.0018757954637225e-15,
			"Im":-1.0155959187529207e-15
		},
		"phie_33":-5.919674790119428e-12,
		"phil1_11":3.8580903161727556e-13,
		"phil1_13":{
			"Re":0.0,
			"Im":-8.421621044830443e-20
		},
		"phil1_22":3.857683779966429e-13,
		"phil1_23":{
			"Re":1.531186822675823e-19,
			"Im":-1.8067405344581138e-20
		},
		"phil1_33":3.789799092350766e-13,
		"phil3_13":{
			"Re":0.0,
			"Im":-8.421621044830443e-20
		},
		"phil3_22":-4.06553263205744e-17,
		"phil3_23":{
			"Re":1.531186822675823e-19,
			"Im":-1.8067405344581138e-20
		},
		"phil3_33":-6.829124087886955e-15,
		"phiq1_11":-1.2860301110765452e-13,
		"phiq1_22":-1.2860301110765452e-13,
		"phiq1_33":-1.2860301110765452e-13,
		"phiu_11":-5.144120444306181e-13,
		"phiu_22":-5.144120444306181e-13,
		"phiu_33":-5.144120444306181e-13,
		"ld_1111":-2.5720602221530904e-13,
		"ld_1122":-2.5720602221530904e-13,
		"ld_1133":-2.5720602221530904e-13,
		"ld_2211":-2.5720602221530904e-13,
		"ld_2222":-2.5720602221530904e-13,
		"ld_2233":-2.5720602221530904e-13,
		"ld_3311":-2.5720602221530904e-13,
		"ld_3322":-2.5720602221530904e-13,
		"ld_3333":-2.5720602221530904e-13,
		"le_1111":1.9416743708881445e-11,
		"le_1112":{
			"Re":1.383588891694617e-15,
			"Im":2.7525552274773585e-15
		},
		"le_1113":{
			"Re":-1.859860296314588e-16,
			"Im":2.891387540949574e-13
		},
		"le_1122":1.0493286535252232e-11,
		"le_1123":{
			"Re":-2.0018757954637225e-15,
			"Im":1.0155959187529207e-15
		},
		"le_1133":5.919674790119428e-12,
		"le_2211":1.9416743708881445e-11,
		"le_2212":{
			"Re":1.383588891694617e-15,
			"Im":2.7525552274773585e-15
		},
		"le_2213":{
			"Re":-1.859860296314588e-16,
			"Im":2.891387540949574e-13
		},
		"le_2222":1.0493286535252232e-11,
		"le_2223":{
			"Re":-2.0018757954637225e-15,
			"Im":1.0155959187529207e-15
		},
		"le_2233":5.919674790119428e-12,
		"le_3311":1.9416743708881445e-11,
		"le_3312":{
			"Re":1.383588891694617e-15,
			"Im":2.7525552274773585e-15
		},
		"le_3313":{
			"Re":-1.859860296314588e-16,
			"Im":2.891387540949574e-13
		},
		"le_3322":1.0493286535252232e-11,
		"le_3323":{
			"Re":-2.0018757954637225e-15,
			"Im":1.0155959187529207e-15
		},
		"le_3333":5.919674790119428e-12,