{
	"eft":"SMEFT",
	"basis":"Warsaw",
	"scale":1000,
	"values":{
		"dd_1111":-3.0467079837045884e-14,
		"dd_1122":-6.093415967409177e-14,
		"dd_1133":-6.093415967409177e-14,
		"dd_2222":-3.0467079837045884e-14,
		"dd_2233":-6.093415967409177e-14,
		"dd_3333":-3.0467079837045884e-14,
		"eB_11":5.615893126702894e-17,
		"eB_12":{
			"Re":3.6761294073088514e-20,
			"Im":8.567308456924972e-20
		},
		"eB_13":{
			"Re":2.1219094175598385e-19,
			"Im":-7.226900861485487e-20
		},
		"eB_21":{
			"Re":7.60117090364487e-18,
			"Im":-1.771471255496461e-17
		},
		"eB_22":2.6267492910328895e-14,
		"eB_23":{
			"Re":1.1690824478201216e-17,
			"Im":-1.6678559241809006e-16
		},
		"eB_31":{
			"Re":7.378638945879842e-16,
			"Im":2.5130522402738524e-16
		},
		"eB_32":{
			"Re":1.9660966061000342e-16,
			"Im":2.8049055719810436e-15
		},
		"eB_33":4.474450192597769e-13,
		"ed_1111":3.2513015834974764e-12,
		"ed_1122":3.2513015834974764e-12,
		"ed_1133":3.2513015834974764e-12,
		"ed_1211":{
			"Re":2.23690691202972e-15,
			"Im":5.215282602524255e-15
		},
		"ed_1222":{
			"Re":2.23690691202972e-15,
			"Im":5.215282602524255e-15
		},
		"ed_1233":{
			"Re":2.23690691202972e-15,
			"Im":5.215282602524255e-15
		},
		"ed_1311":{
			"Re":1.2916768928281816e-14,
			"Im":-4.396669556273554e-15
		},
		"ed_1322":{
			"Re":1.2916768928281816e-14,
			"Im":-4.396669556273554e-15
		},
		"ed_1333":{
			"Re":1.2916768928281816e-14,
			"Im":-4.396669556273554e-15
		},
		"ed_2211":7.566446901782204e-12,
		"ed_2222":7.566446901782204e-12,
		"ed_2233":7.566446901782204e-12,
		"ed_2311":{
			"Re":3.4341627594335025e-15,
			"Im":-4.8985145422314033e-14
		},
		"ed_2322":{
			"Re":3.4341627594335025e-15,
			"Im":-4.8985145422314033e-14
		},
		"ed_2333":{
			"Re":3.4341627594335025e-15,
			"Im":-4.8985145422314033e-14
		},
		"ed_3311":7.665877576595953e-12,
		"ed_3322":7.665877576595953e-12,
		"ed_3333":7.665877576595953e-12,
		"ee_1111":-1.1681781338176062e-10,
		"ee_1112":{
			"Re":-6.669311013784589e-13,
			"Im":-4.949183830941937e-13
		},
		"ee_1113":{
			"Re":-1.3018163914264094e-12,
			"Im":1.518206643659543e-12
		},
		"ee_1122":-8.579869285698751e-10,
		"ee_1123":{
			"Re":-3.8548327835874483e-13,
			"Im":5.4989940480816095e-12
		},
		"ee_1133":-8.691484729989116e-10,
		"ee_1212":{
			"Re":2.3932777651551565e-11,
			"Im":1.1596866864951518e-10
		},
		"ee_1213":{
			"Re":-1.6464132409037483e-10,
			"Im":1.267608194008515e-10
		},
		"ee_1222":{
			"Re":-5.689030761302622e-13,
			"Im":-2.0592214125484383e-12
		},
		"ee_1223":{
			"Re":-2.19459539651403e-12,
			"Im":5.947533385279154e-13
		},
		"ee_1232":{
			"Re":1.750549817256467e-12,
			"Im":-1.1126514674630532e-13
		},
		"ee_1233":{
			"Re":9.138868430224371e-13,
			"Im":1.2871844823472568e-12
		},
		"ee_1313":{
			"Re":1.0767367283338045e-10,
			"Im":5.5300439535001305e-11
		},
		"ee_1323":{
			"Re":-5.611503185274649e-13,
			"Im":-4.435602325726381e-13
		},
		"ee_1333":{
			"Re":-2.3345699516452192e-12,
			"Im":-3.093371011998044e-13
		},
		"ee_2222":-7.844037172207235e-10,
		"ee_2223":{
			"Re":1.5230858479796436e-10,
			"Im":3.276402592383099e-10
		},
		"ee_2233":-1.3790816870539098e-9,
		"ee_2323":{
			"Re":1.2802782950716556e-10,
			"Im":-1.589300773401123e-10
		},
		"ee_2333":{
			"Re":-1.5348660658318365e-10,
			"Im":-3.111528616072936e-10
		},
		"ee_3333":-8.012167917234771e-10,
		"ephi_11":4.3859899831576186e-17,
		"ephi_12":{
			"Re":2.861253640193435e-20,
			"Im":6.670099829221603e-20
		},
		"ephi_13":{
			"Re":1.6532437874992238e-19,
			"Im":-5.628402007189887e-20
		},
		"ephi_21":{
			"Re":5.9162280331478116e-18,
			"Im":-1.379179778712214e-17
		},
		"ephi_22":2.0479977512409138e-14,
		"ephi_23":{
			"Re":9.094703761522678e-18,
			"Im":-1.2973391765575082e-16
		},
		"ephi_31":{
			"Re":5.7445841310758625e-16,
			"Im":1.955719969792715e-16
		},
		"ephi_32":{
			"Re":1.5283443063440865e-16,
			"Im":2.1801488309448837e-15
		},
		"ephi_33":3.491079390908591e-13,
		"eu_1111":-6.502603166994953e-12,
		"eu_1122":-6.502603166994953e-12,
		"eu_1133":-6.502603166994953e-12,
		"eu_1211":{
			"Re":-4.47381382405944e-15,
			"Im":-1.043056520504851e-14
		},
		"eu_1222":{
			"Re":-4.47381382405944e-15,
			"Im":-1.043056520504851e-14
		},
		"eu_1233":{
			"Re":-4.47381382405944e-15,
			"Im":-1.043056520504851e-14
		},
		"eu_1311":{
			"Re":-2.5833537856563633e-14,
			"Im":8.793339112547108e-15
		},
		"eu_1322":{
			"Re":-2.5833537856563633e-14,
			"Im":8.793339112547108e-15
		},
		"eu_1333":{
			"Re":-2.5833537856563633e-14,
			"Im":8.793339112547108e-15
		},
		"eu_2211":-1.513289380356441e-11,
		"eu_2222":-1.513289380356441e-11,
		"eu_2233":-1.513289380356441e-11,
		"eu_2311":{
			"Re":-6.868325518867005e-15,
			"Im":9.797029084462807e-14
		},
		"eu_2322":{
			"Re":-6.868325518867005e-15,
			"Im":9.797029084462807e-14
		},
		"eu_2333":{
			"Re":-6.868325518867005e-15,
			"Im":9.797029084462807e-14
		},
		"eu_3311":-1.5331755153191906e-11,
		"eu_3322":-1.5331755153191906e-11,
		"eu_3333":-1.5331755153191906e-11,
		"phi":1.3072142953886772e-14,
		"phiB":-4.606931456597675e-13,
		"phiBox":-2.2335420917533336e-13,
		"phid_11":9.140123951113764e-14,
		"phid_22":9.140123951113764e-14,
		"phid_33":9.140123951113764e-14,
		"phiD":-2.7420371853341293e-13,
		"phie_11":-4.876952375246216e-12,
		"phie_12":{
			"Re":-3.3553603680445693e-15,
			"Im":-7.822923903786361e-15
		},
		"phie_13":{
			"Re":-1.937515339242267e-14,
			"Im":6.5950043344103116e-15
		},
		"phie_22":-1.1349670352673298e-11,
		"phie_23":{
			"Re":-5.151244139150001e-15,
			"Im":7.347771813346681e-14
		},
		"phie_33":-1.1498816364893914e-11,
		"phil1_11":1.3710185880171184e-13,
		"phil1_22":1.3705688776181086e-13,
		"phil1_23":{
			"Re":-3.366073932075352e-19,
			"Im":4.8021646029422006e-18
		},
		"phil1_33":1.2421882421494123e-13,
		"phil3_22":-4.4971504895588824e-17,
		"phil3_23":{
			"Re":-3.366073932075352e-19,
			"Im":4.8021646029422006e-18
		},
		"phil3_33":-1.2883035051765249e-14,
		"phiq1_11":-4.570061975556882e-14,
		"phiq1_22":-4.570061975556882e-14,
		"phiq1_33":-4.570061975556882e-14,
		"phiu_11":-1.828024790222753e-13,
		"phiu_22":-1.828024790222753e-13,
		"phiu_33":-1.828024790222753e-13,
		"ld_1111":-9.140123951113764e-14,
		"ld_1122":-9.140123951113764e-14,
		"ld_1133":-9.140123951113764e-14,
		"ld_2211":-9.140123951113764e-14,
		"ld_2222":-9.140123951113764e-14,
		"ld_2233":-9.140123951113764e-14,
		"ld_3311":-9.140123951113764e-14,
		"ld_3322":-9.140123951113764e-14,
		"ld_3333":-9.140123951113764e-14,
		"le_1111":4.876952375246216e-12,
		"le_1112":{
			"Re":3.3553603680445693e-15,
			"Im":7.822923903786361e-15
		},
		"le_1113":{
			"Re":1.937515339242267e-14,
			"Im":-6.5950043344103116e-15
		},
		"le_1122":1.1349670352673298e-11,
		"le_1123":{
			"Re":5.151244139150001e-15,
			"Im":-7.347771813346681e-14
		},
		"le_1133":1.1498816364893914e-11,
		"le_2211":4.876952375246216e-12,
		"le_2212":{
			"Re":3.3553603680445693e-15,
			"Im":7.822923903786361e-15
		},
		"le_2213":{
			"Re":1.937515339242267e-14,
			"Im":-6.5950043344103116e-15
		},
		"le_2222":1.1349670352673298e-11,
		"le_2223":{
			"Re":5.151244139150001e-15,
			"Im":-7.347771813346681e-14
		},
		"le_2233":1.1498816364893914e-11,
		"le_3311":4.876952375246216e-12,
		"le_3312":{
			"Re":3.3553603680445693e-15,
			"Im":7.822923903786361e-15
		},
		"le_3313":{
			"Re":1.937515339242267e-14,
			"Im":-6.5950043344103116e-15
		},
		"le_3322":1.1349670352673298e-11,
		"le_3323":{
			"Re":5.151244139150001e-15,
			"Im":-7.347771813346681e-14
		},
		"le_3333":1.1498816364893914e-11,
		"ll_1111":-6.855092963335323e-14,
		"ll_1122":-1.3710185926670647e-13,
		"ll_1133":-1.3710185926670647e-13,
		"ll_2222":-6.855092963335323e-14,
		"ll_2233":-1.3710185926670647e-13,
		"ll_3333":-6.855092963335323e-14,
		"lq1_1111":4.570061975556882e-14,
		"lq1_1122":4.570061975556882e-14,
		"lq1_1133":4.570061975556882e-14,
		"lq1_2211":4.570061975556882e-14,
		"lq1_2222":4.570061975556882e-14,
		"lq1_2233":4.570061975556882e-14,