{
	"eft":"SMEFT",
	"basis":"Warsaw",
	"scale":1000,
	"values":{
		"dd_1111":-8.636748508771335e-14,
		"dd_1122":-1.727349701754267e-13,
		"dd_1133":-1.727349701754267e-13,
		"dd_2222":-8.636748508771335e-14,
		"dd_2233":-1.727349701754267e-13,
		"dd_3333":-8.636748508771335e-14,
		"eB_11":3.671077188158197e-16,
		"eB_12":{
			"Re":1.3474393640528747e-19,
			"Im":-2.8358921719020936e-20
		},
		"eB_13":{
			"Re":1.4567713689915875e-20,
			"Im":-4.9528207655929723e-20
		},
		"eB_21":{
			"Re":2.7861143484506134e-17,
			"Im":5.863803657205015e-18
		},
		"eB_22":2.6594515615635152e-14,
		"eB_23":{
			"Re":9.358882466976083e-18,
			"Im":1.0144816223129322e-17
		},
		"eB_31":{
			"Re":5.0657157508851057e-17,
			"Im":1.7222731512730118e-16
		},
		"eB_32":{
			"Re":1.5739238143142025e-16,
			"Im":-1.7060976993531352e-16
		},
		"eB_33":2.3939444784880827e-13,
		"ed_1111":2.2717813580502786e-11,
		"ed_1122":2.2717813580502786e-11,
		"ed_1133":2.2717813580502786e-11,
		"ed_1211":{
			"Re":8.540967726308795e-15,
			"Im":-1.783140479014234e-15
		},
		"ed_1222":{
			"Re":8.540967726308795e-15,
			"Im":-1.783140479014234e-15
		},
		"ed_1233":{
			"Re":8.540967726308795e-15,
			"Im":-1.783140479014234e-15
		},
		"ed_1311":{
			"Re":7.165178286364315e-16,
			"Im":-3.202231134609569e-15
		},
		"ed_1322":{
			"Re":7.165178286364315e-16,
			"Im":-3.202231134609569e-15
		},
		"ed_1333":{
			"Re":7.165178286364315e-16,
			"Im":-3.202231134609569e-15
		},
		"ed_2211":7.603323323946513e-12,
		"ed_2222":7.603323323946513e-12,
		"ed_2233":7.603323323946513e-12,
		"ed_2311":{
			"Re":2.8600810695467934e-15,
			"Im":3.0995966046023115e-15
		},
		"ed_2322":{
			"Re":2.8600810695467934e-15,
			"Im":3.0995966046023115e-15
		},
		"ed_2333":{
			"Re":2.8600810695467934e-15,
			"Im":3.0995966046023115e-15
		},
		"ed_3311":3.826322759580308e-12,
		"ed_3322":3.826322759580308e-12,
		"ed_3333":3.826322759580308e-12,
		"ee_1111":-1.6516624650967683e-9,
		"ee_1112":{
			"Re":-1.4634133341267146e-13,
			"Im":1.8152876793456433e-13
		},
		"ee_1113":{
			"Re":-1.5879973477295025e-11,
			"Im":-4.526766260513831e-12
		},
		"ee_1122":-2.038573194273138e-9,
		"ee_1123":{
			"Re":-7.650103436195977e-13,
			"Im":-8.151803233843987e-13
		},
		"ee_1133":-1.059023605097309e-9,
		"ee_1212":{
			"Re":-4.5579522993670654e-10,
			"Im":6.533573522725062e-11
		},
		"ee_1213":{
			"Re":-3.225203331026381e-13,
			"Im":-5.472747946163698e-13
		},
		"ee_1222":{
			"Re":-1.4817213902013359e-12,
			"Im":1.635455318661016e-13
		},
		"ee_1223":{
			"Re":-7.580075080915164e-14,
			"Im":2.7915099592557826e-13
		},
		"ee_1232":{
			"Re":5.12932579446083e-12,
			"Im":-2.613584163234408e-12
		},
		"ee_1233":{
			"Re":-3.8708294076855803e-13,
			"Im":8.783042137483819e-14
		},
		"ee_1313":{
			"Re":-2.0123249145318688e-10,
			"Im":-1.414818350683272e-10
		},
		"ee_1323":{
			"Re":-2.8377172328980676e-13,
			"Im":-2.6346654124637577e-13
		},
		"ee_1333":{
			"Re":2.913409255139227e-12,
			"Im":1.0069702580492512e-12
		},
		"ee_2222":-1.891991608264119e-10,
		"ee_2223":{
			"Re":-1.699707270391654e-13,
			"Im":-7.08112358060274e-14
		},
		"ee_2233":-3.6333901418039565e-10,
		"ee_2323":{
			"Re":6.23151627994957e-11,
			"Im":5.865623721975212e-11
		},
		"ee_2333":{
			"Re":-2.436603960676962e-14,
			"Im":-1.9178658827406895e-13
		},
		"ee_3333":-4.883216693535473e-11,
		"ephi_11":-4.498040801253378e-15,
		"ephi_12":{
			"Re":-1.6526515357195009e-18,
			"Im":3.4586326318400414e-19
		},
		"ephi_13":{
			"Re":-1.5054313229321003e-19,
			"Im":6.159782338170846e-19
		},
		"ephi_21":{
			"Re":-3.4172053003606323e-16,
			"Im":-7.151451783657806e-17
		},
		"ephi_22":-3.2530958623643397e-13,
		"ephi_23":{
			"Re":-1.1453141331123352e-16,
			"Im":-1.2413072246833678e-16
		},
		"ephi_31":{
			"Re":-5.235221559578127e-16,
			"Im":-2.1420781355101605e-15
		},
		"ephi_32":{
			"Re":-1.926216577155565e-15,
			"Im":2.0876600590753734e-15
		},
		"ephi_33":-2.926964063175784e-12,
		"eu_1111":-4.543562716100557e-11,
		"eu_1122":-4.543562716100557e-11,
		"eu_1133":-4.543562716100557e-11,
		"eu_1211":{
			"Re":-1.708193545261759e-14,
			"Im":3.566280958028468e-15
		},
		"eu_1222":{
			"Re":-1.708193545261759e-14,
			"Im":3.566280958028468e-15
		},
		"eu_1233":{
			"Re":-1.708193545261759e-14,
			"Im":3.566280958028468e-15
		},
		"eu_1311":{
			"Re":-1.433035657272863e-15,
			"Im":6.404462269219138e-15
		},
		"eu_1322":{
			"Re":-1.433035657272863e-15,
			"Im":6.404462269219138e-15
		},
		"eu_1333":{
			"Re":-1.433035657272863e-15,
			"Im":6.404462269219138e-15
		},
		"eu_2211":-1.5206646647893025e-11,
		"eu_2222":-1.5206646647893025e-11,
		"eu_2233":-1.5206646647893025e-11,
		"eu_2311":{
			"Re":-5.720162139093587e-15,
			"Im":-6.199193209204623e-15
		},
		"eu_2322":{
			"Re":-5.720162139093587e-15,
			"Im":-6.199193209204623e-15
		},
		"eu_2333":{
			"Re":-5.720162139093587e-15,
			"Im":-6.199193209204623e-15
		},
		"eu_3311":-7.652645519160616e-12,
		"eu_3322":-7.652645519160616e-12,
		"eu_3333":-7.652645519160616e-12,
		"phi":-1.3311505853640383e-10,
		"phiB":2.0000990907302078e-11,
		"phiBox":-1.0312391554223292e-10,
		"phid_11":2.5910245526314004e-13,
		"phid_22":2.5910245526314004e-13,
		"phid_33":2.5910245526314004e-13,
		"phiD":-7.773073657894201e-13,
		"phie_11":-3.40767203707542e-11,
		"phie_12":{
			"Re":-1.2811451589463205e-14,
			"Im":2.674710718521347e-15
		},
		"phie_13":{
			"Re":-1.0747767429544895e-15,
			"Im":4.803346701914404e-15
		},
		"phie_22":-1.1404984985919771e-11,
		"phie_23":{
			"Re":-4.2901216043201945e-15,
			"Im":-4.649394906903472e-15
		},
		"phie_33":-5.739484139370457e-12,
		"phil1_11":3.8865367985506685e-13,
		"phil1_22":3.886081515075583e-13,
		"phil1_23":{
			"Re":-2.694650866085577e-19,
			"Im":-2.920940392017461e-19
		},
		"phil1_33":3.817609319865954e-13,
		"phil3_22":-4.553138715168592e-17,
		"phil3_23":{
			"Re":-2.694650866085577e-19,
			"Im":-2.920940392017461e-19
		},
		"phil3_33":-6.8927509081146055e-15,
		"phiq1_11":-1.2955122763157002e-13,
		"phiq1_22":-1.2955122763157002e-13,
		"phiq1_33":-1.2955122763157002e-13,
		"phiu_11":-5.182049105262801e-13,
		"phiu_22":-5.182049105262801e-13,
		"phiu_33":-5.182049105262801e-13,
		"ld_1111":-2.5910245526314004e-13,
		"ld_1122":-2.5910245526314004e-13,
		"ld_1133":-2.5910245526314004e-13,
		"ld_2211":-2.5910245526314004e-13,
		"ld_2222":-2.5910245526314004e-13,
		"ld_2233":-2.5910245526314004e-13,
		"ld_3311":-2.5910245526314004e-13,
		"ld_3322":-2.5910245526314004e-13,
		"ld_3333":-2.5910245526314004e-13,
		"le_1111":3.40767203707542e-11,
		"le_1112":{
			"Re":1.2811451589463205e-14,
			"Im":-2.674710718521347e-15
		},
		"le_1113":{
			"Re":1.0747767429544895e-15,
			"Im":-4.803346701914404e-15
		},
		"le_1122":1.1404984985919771e-11,
		"le_1123":{
			"Re":4.2901216043201945e-15,
			"Im":4.649394906903472e-15
		},
		"le_1133":5.739484139370457e-12,
		"le_2211":3.40767203707542e-11,
		"le_2212":{
			"Re":1.2811451589463205e-14,
			"Im":-2.674710718521347e-15
		},
		"le_2213":{
			"Re":1.0747767429544895e-15,
			"Im":-4.803346701914404e-15
		},
		"le_2222":1.1404984985919771e-11,
		"le_2223":{
			"Re":4.2901216043201945e-15,
			"Im":4.649394906903472e-15
		},
		"le_2233":5.739484139370457e-12,
		"le_3311":3.40767203707542e-11,
		"le_3312":{
			"Re":1.2811451589463205e-14,
			"Im":-2.674710718521347e-15
		},
		"le_3313":{
			"Re":1.0747767429544895e-15,
			"Im":-4.803346701914404e-15
		},
		"le_3322":1.1404984985919771e-11,
		"le_3323":{
			"Re":4.2901216043201945e-15,
			"Im":4.649394906903472e-15
		},
		"le_3333":5.739484139370457e-12,
		"ll_1111":-1.9432684144735502e-13,
		"ll_1122":-3.8865368289471003e-13,
		"ll_1133":-3.8865368289471003e-13,
		"ll_2222":-1.9432684144735502e-13,
		"ll_2233":-3.8865368289471003e-13,
		"ll_3333":-1.9432684144735502e-13,
		"lq1_1111":1.2955122763157002e-13,
		"lq1_1122":1.2955122763157002e-13,
		"lq1_1133":1.2955122763157002e-13,
		"lq1_2211":1.2955122763157002e-13,
		"lq1_2222":1.2955122763157002e-13,