{
	"eft":"SMEFT",
	"basis":"Warsaw",
	"scale":1000,
	"values":{
		"dd_1111":-3.937981019008325e-14,
		"dd_1122":-7.87596203801665e-14,
		"dd_1133":-7.87596203801665e-14,
		"dd_2222":-3.937981019008325e-14,
		"dd_2233":-7.87596203801665e-14,
		"dd_3333":-3.937981019008325e-14,
		"eB_11":9.030919691230419e-17,
		"eB_12":{
			"Re":-5.256598917403412e-20,
			"Im":3.4141475254809823e-19
		},
		"eB_13":{
			"Re":-6.649385740537629e-19,
			"Im":7.435502908738864e-18
		},
		"eB_21":{
			"Re":-1.0869124102012664e-17,
			"Im":-7.059468249360514e-17
		},
		"eB_22":3.176407422019108e-14,
		"eB_23":{
			"Re":2.1303543429520837e-17,
			"Im":-2.62242936743817e-17
		},
		"eB_31":{
			"Re":-2.3122295506719318e-15,
			"Im":-2.5855906425881414e-14
		},
		"eB_32":{
			"Re":3.582709201799954e-16,
			"Im":4.410253090934971e-16
		},
		"eB_33":2.8545061412173763e-13,
		"ed_1111":5.517917538600901e-12,
		"ed_1122":5.517917538600901e-12,
		"ed_1133":5.517917538600901e-12,
		"ed_1211":{
			"Re":-3.370520858920154e-15,
			"Im":2.187895394653718e-14
		},
		"ed_1222":{
			"Re":-3.370520858920154e-15,
			"Im":2.187895394653718e-14
		},
		"ed_1233":{
			"Re":-3.370520858920154e-15,
			"Im":2.187895394653718e-14
		},
		"ed_1311":{
			"Re":-4.249541541783137e-14,
			"Im":4.751881655238406e-13
		},
		"ed_1322":{
			"Re":-4.249541541783137e-14,
			"Im":4.751881655238406e-13
		},
		"ed_1333":{
			"Re":-4.249541541783137e-14,
			"Im":4.751881655238406e-13
		},
		"ed_2211":9.574599506014016e-12,
		"ed_2222":9.574599506014016e-12,
		"ed_2233":9.574599506014016e-12,
		"ed_2311":{
			"Re":6.606664687065145e-15,
			"Im":-8.125901924576351e-15
		},
		"ed_2322":{
			"Re":6.606664687065145e-15,
			"Im":-8.125901924576351e-15
		},
		"ed_2333":{
			"Re":6.606664687065145e-15,
			"Im":-8.125901924576351e-15
		},
		"ed_3311":4.992537594924458e-12,
		"ed_3322":4.992537594924458e-12,
		"ed_3333":4.992537594924458e-12,
		"ee_1111":{
			"Re":-3.0027276501175284e-10,
			"Im":-1.325748798744248e-19
		},
		"ee_1112":{
			"Re":-1.3119772245675894e-12,
			"Im":-3.039041818859863e-12
		},
		"ee_1113":{
			"Re":1.195446137318157e-10,
			"Im":7.90663039925251e-11
		},
		"ee_1122":-1.3372159154224136e-9,
		"ee_1123":{
			"Re":-3.4773438091584747e-12,
			"Im":-1.7161492545669299e-12
		},
		"ee_1133":{
			"Re":-3.3156230919439887e-10,
			"Im":5.36543905941862e-19
		},
		"ee_1212":{
			"Re":-9.563039847717857e-11,
			"Im":-1.963853694124447e-10
		},
		"ee_1213":{
			"Re":-2.0805870293893513e-13,
			"Im":-5.691098269467608e-13
		},
		"ee_1222":{
			"Re":2.762938995699507e-12,
			"Im":-1.2859838602354143e-12
		},
		"ee_1223":{
			"Re":1.0075264131036505e-11,
			"Im":-1.1259326371977542e-10
		},
		"ee_1232":{
			"Re":-4.4117281595068417e-10,
			"Im":-9.544466333855346e-11
		},
		"ee_1233":{
			"Re":-1.0883716841426166e-12,
			"Im":-2.861540680489451e-12
		},
		"ee_1313":{
			"Re":1.671336411820503e-13,
			"Im":-7.066709606293979e-11
		},
		"ee_1323":{
			"Re":-1.5165625902942485e-14,
			"Im":1.33393241023956e-12
		},
		"ee_1333":{
			"Re":-1.1357207676333186e-10,
			"Im":-1.4614377041678236e-10
		},
		"ee_2222":-6.124814065592764e-10,
		"ee_2223":{
			"Re":3.219356405247875e-13,
			"Im":1.5892026389747768e-12
		},
		"ee_2233":-1.212740528653083e-9,
		"ee_2323":{
			"Re":1.59757334406715e-10,
			"Im":7.078169516048329e-11
		},
		"ee_2333":{
			"Re":-3.071464668919675e-13,
			"Im":1.3630708575351055e-12
		},
		"ee_3333":{
			"Re":-2.6323431954070217e-10,
			"Im":-1.3401115299232668e-19
		},
		"ephi_11":2.0890869001909495e-18,
		"ephi_13":{
			"Re":-1.5805200822405883e-20,
			"Im":1.767360766446221e-19
		},
		"ephi_21":{
			"Re":-2.5255061523543238e-19,
			"Im":-1.639649907468232e-18
		},
		"ephi_22":7.360539691828862e-16,
		"ephi_23":{
			"Re":5.075435969452136e-19,
			"Im":-6.244188443073592e-19
		},
		"ephi_31":{
			"Re":-5.360139793122377e-17,
			"Im":-5.993785762517422e-16
		},
		"ephi_32":{
			"Re":8.325761768354686e-18,
			"Im":1.024283892511677e-17
		},
		"ephi_33":6.769581512130485e-15,
		"eu_1111":-1.1035835077201802e-11,
		"eu_1122":-1.1035835077201802e-11,
		"eu_1133":-1.1035835077201802e-11,
		"eu_1211":{
			"Re":6.741041717840308e-15,
			"Im":-4.375790789307436e-14
		},
		"eu_1222":{
			"Re":6.741041717840308e-15,
			"Im":-4.375790789307436e-14
		},
		"eu_1233":{
			"Re":6.741041717840308e-15,
			"Im":-4.375790789307436e-14
		},
		"eu_1311":{
			"Re":8.499083083566274e-14,
			"Im":-9.503763310476812e-13
		},
		"eu_1322":{
			"Re":8.499083083566274e-14,
			"Im":-9.503763310476812e-13
		},
		"eu_1333":{
			"Re":8.499083083566274e-14,
			"Im":-9.503763310476812e-13
		},
		"eu_2211":-1.9149199012028033e-11,
		"eu_2222":-1.9149199012028033e-11,
		"eu_2233":-1.9149199012028033e-11,
		"eu_2311":{
			"Re":-1.321332937413029e-14,
			"Im":1.6251803849152702e-14
		},
		"eu_2322":{
			"Re":-1.321332937413029e-14,
			"Im":1.6251803849152702e-14
		},
		"eu_2333":{
			"Re":-1.321332937413029e-14,
			"Im":1.6251803849152702e-14
		},
		"eu_3311":-9.985075189848915e-12,
		"eu_3322":-9.985075189848915e-12,
		"eu_3333":-9.985075189848915e-12,
		"phi":4.0276495708621927e-19,
		"phiB":-1.7137280513958153e-14,
		"phiBox":-8.877030161059274e-14,
		"phid_11":1.1813943057024973e-13,
		"phid_22":1.1813943057024973e-13,
		"phid_33":1.1813943057024973e-13,
		"phiD":-3.544182917107492e-13,
		"phie_11":-8.276876307901353e-12,
		"phie_12":{
			"Re":5.055781288380225e-15,
			"Im":-3.281843091980574e-14
		},
		"phie_13":{
			"Re":6.374312312674719e-14,
			"Im":-7.127822482857609e-13
		},
		"phie_22":-1.4361899259021024e-11,
		"phie_23":{
			"Re":-9.909997030597708e-15,
			"Im":1.2188852886864524e-14
		},
		"phie_33":-7.488806392386687e-12,
		"phil1_11":1.772091451076166e-13,
		"phil1_13":{
			"Re":1.9145205752825647e-20,
			"Im":-2.1408629100231645e-19
		},
		"phil1_22":1.7715476387746093e-13,
		"phil1_23":{
			"Re":-6.133810522315338e-19,
			"Im":7.550614714043719e-19
		},
		"phil1_33":1.6899032542161044e-13,
		"phil3_13":{
			"Re":1.9145205752825647e-20,
			"Im":-2.1408629100231645e-19
		},
		"phil3_22":-5.4381977913676856e-17,
		"phil3_23":{
			"Re":-6.133810522315338e-19,
			"Im":7.550614714043719e-19
		},
		"phil3_33":-8.21882043376416e-15,
		"phiq1_11":-5.906971528512487e-14,
		"phiq1_22":-5.906971528512487e-14,
		"phiq1_33":-5.906971528512487e-14,
		"phiu_11":-2.3627886114049946e-13,
		"phiu_22":-2.3627886114049946e-13,
		"phiu_33":-2.3627886114049946e-13,
		"ld_1111":-1.1813943057024973e-13,
		"ld_1122":-1.1813943057024973e-13,
		"ld_1133":-1.1813943057024973e-13,
		"ld_2211":-1.1813943057024973e-13,
		"ld_2222":-1.1813943057024973e-13,
		"ld_2233":-1.1813943057024973e-13,
		"ld_3311":-1.1813943057024973e-13,
		"ld_3322":-1.1813943057024973e-13,
		"ld_3333":-1.1813943057024973e-13,
		"le_1111":8.276876307901353e-12,
		"le_1112":{
			"Re":-5.055781288380225e-15,
			"Im":3.281843091980574e-14
		},
		"le_1113":{
			"Re":-6.374312312674719e-14,
			"Im":7.127822482857609e-13
		},
		"le_1122":1.4361899259021024e-11,
		"le_1123":{
			"Re":9.909997030597708e-15,
			"Im":-1.2188852886864524e-14
		},
		"le_1133":7.488806392386687e-12,
		"le_2211":8.276876307901353e-12,
		"le_2212":{
			"Re":-5.055781288380225e-15,
			"Im":3.281843091980574e-14
		},
		"le_2213":{
			"Re":-6.374312312674719e-14,
			"Im":7.127822482857609e-13
		},
		"le_2222":1.4361899259021024e-11,
		"le_2223":{
			"Re":9.909997030597708e-15,
			"Im":-1.2188852886864524e-14
		},
		"le_2233":7.488806392386687e-12,
		"le_3311":8.276876307901353e-12,
		"le_3312":{
			"Re":-5.055781288380225e-15,
			"Im":3.281843091980574e-14
		},
		"le_3313":{
			"Re":-6.374312312674719e-14,
			"Im":7.127822482857609e-13
		},
		"le_3322":1.4361899259021024e-11,
		"le_3323":{
			"Re":9.909997030597708e-15,
			"Im":-1.2188852886864524e-14
		},
		"le_3333":7.488806392386687e-12,
		"ll_1111":-8.86045729276873e-14,
		"ll_1122":-1.772091458553746e-13,
		"ll_1133":-1.772091458553746e-13,
		"ll_2222":-8.86045729276873e-14,
		"ll_2233":-1.772091458553746e-13,
		"ll_3333":-8.86045729276873e-14,