{
	"eft":"SMEFT",
	"basis":"Warsaw",
	"scale":1000,
	"values":{
		"dd_1111":-5.859125427956368e-14,
		"dd_1122":-1.1718250855912736e-13,
		"dd_1133":-1.1718250855912736e-13,
		"dd_2222":-5.859125427956368e-14,
		"dd_2233":-1.1718250855912736e-13,
		"dd_3333":-5.859125427956368e-14,
		"eB_11":5.397399902874095e-17,
		"eB_13":{
			"Re":1.4795686863143807e-17,
			"Im":6.9589603117326e-19
		},
		"eB_21":{
			"Re":-1.6720555073271661e-18,
			"Im":-7.370566548882696e-19
		},
		"eB_22":2.5372595654380814e-14,
		"eB_23":{
			"Re":1.298151436991934e-18,
			"Im":2.5354685707688486e-18
		},
		"eB_31":{
			"Re":5.1449901874219464e-14,
			"Im":-2.4198797156021567e-15
		},
		"eB_32":{
			"Re":2.1831575174452277e-17,
			"Im":-4.264007351369135e-17
		},
		"eB_33":3.39681934062573e-13,
		"ed_1111":3.329357989028217e-12,
		"ed_1122":3.329357989028217e-12,
		"ed_1133":3.329357989028217e-12,
		"ed_1211":{
			"Re":-5.671287458121193e-16,
			"Im":2.3740621051589525e-16
		},
		"ed_1222":{
			"Re":-5.671287458121193e-16,
			"Im":2.3740621051589525e-16
		},
		"ed_1233":{
			"Re":-5.671287458121193e-16,
			"Im":2.3740621051589525e-16
		},
		"ed_1311":{
			"Re":1.0076780711644155e-12,
			"Im":4.739440090084048e-14
		},
		"ed_1322":{
			"Re":1.0076780711644155e-12,
			"Im":4.739440090084048e-14
		},
		"ed_1333":{
			"Re":1.0076780711644155e-12,
			"Im":4.739440090084048e-14
		},
		"ed_2211":8.009166848944313e-12,
		"ed_2222":8.009166848944313e-12,
		"ed_2233":8.009166848944313e-12,
		"ed_2311":{
			"Re":3.736986022249025e-16,
			"Im":8.486265054775176e-16
		},
		"ed_2322":{
			"Re":3.736986022249025e-16,
			"Im":8.486265054775176e-16
		},
		"ed_2333":{
			"Re":3.736986022249025e-16,
			"Im":8.486265054775176e-16
		},
		"ed_3311":6.306278881255922e-12,
		"ed_3322":6.306278881255922e-12,
		"ed_3333":6.306278881255922e-12,
		"ee_1111":{
			"Re":-6.093563725376841e-11,
			"Im":3.667471489669926e-20
		},
		"ee_1112":{
			"Re":1.2255296134473323e-12,
			"Im":2.571076640595294e-12
		},
		"ee_1113":{
			"Re":-1.0701513504588104e-10,
			"Im":-4.4248543016747934e-11
		},
		"ee_1122":-4.372963767852531e-10,
		"ee_1123":{
			"Re":-5.274663288725541e-12,
			"Im":2.640135895585022e-12
		},
		"ee_1133":{
			"Re":-2.2197960294006268e-10,
			"Im":-1.4677679712572314e-19
		},
		"ee_1212":{
			"Re":1.1469720469984563e-11,
			"Im":1.0180645065231485e-10
		},
		"ee_1213":{
			"Re":3.387163036469984e-12,
			"Im":8.706060926887754e-12
		},
		"ee_1222":{
			"Re":8.575510500599212e-12,
			"Im":2.799617632746961e-12
		},
		"ee_1223":{
			"Re":-1.2562528956474926e-10,
			"Im":-5.8952177211767e-12
		},
		"ee_1232":{
			"Re":-1.4919833528266916e-10,
			"Im":-1.513134793425406e-10
		},
		"ee_1233":{
			"Re":-1.6623881440667076e-11,
			"Im":-9.883091457034097e-12
		},
		"ee_1313":{
			"Re":-5.0569770915752634e-11,
			"Im":-6.273942066880514e-11
		},
		"ee_1323":{
			"Re":-6.501009929163408e-12,
			"Im":1.1057465517709378e-12
		},
		"ee_1333":{
			"Re":4.918869325327614e-11,
			"Im":4.156611348263518e-11
		},
		"ee_2222":-1.8987350404505978e-10,
		"ee_2223":{
			"Re":2.8388220934703903e-11,
			"Im":-7.60511865349747e-12
		},
		"ee_2233":-8.08400252840917e-10,
		"ee_2323":{
			"Re":-2.090661077200527e-10,
			"Im":1.119954332438545e-10
		},
		"ee_2333":{
			"Re":-2.107654310058079e-11,
			"Im":4.92985277358371e-12
		},
		"ee_3333":{
			"Re":-1.4656540139995702e-10,
			"Im":3.6716394621372987e-20
		},
		"ephi_11":-9.984922495483262e-16,
		"ephi_12":{
			"Re":1.526421876762913e-19,
			"Im":-6.483544975952586e-20
		},
		"ephi_13":{
			"Re":-2.7344051133234536e-16,
			"Im":-1.2860836521000086e-17
		},
		"ephi_21":{
			"Re":3.156198693805492e-17,
			"Im":1.3406094724527965e-17
		},
		"ephi_22":-4.69068859547546e-13,
		"ephi_23":{
			"Re":-2.1822366387481713e-17,
			"Im":-4.7401379531389205e-17
		},
		"ephi_31":{
			"Re":-9.508808209622167e-13,
			"Im":4.472315653716026e-14
		},
		"ephi_32":{
			"Re":-3.670089761640916e-16,
			"Im":7.971945093402672e-16
		},
		"ephi_33":-6.2810424984820564e-12,
		"eu_1111":-6.658715978056434e-12,
		"eu_1122":-6.658715978056434e-12,
		"eu_1133":-6.658715978056434e-12,
		"eu_1211":{
			"Re":1.1342574916242386e-15,
			"Im":-4.748124210317905e-16
		},
		"eu_1222":{
			"Re":1.1342574916242386e-15,
			"Im":-4.748124210317905e-16
		},
		"eu_1233":{
			"Re":1.1342574916242386e-15,
			"Im":-4.748124210317905e-16
		},
		"eu_1311":{
			"Re":-2.015356142328831e-12,
			"Im":-9.478880180168096e-14
		},
		"eu_1322":{
			"Re":-2.015356142328831e-12,
			"Im":-9.478880180168096e-14
		},
		"eu_1333":{
			"Re":-2.015356142328831e-12,
			"Im":-9.478880180168096e-14
		},
		"eu_2211":-1.6018333697888626e-11,
		"eu_2222":-1.6018333697888626e-11,
		"eu_2233":-1.6018333697888626e-11,
		"eu_2311":{
			"Re":-7.47397204449805e-16,
			"Im":-1.6972530109550352e-15
		},
		"eu_2322":{
			"Re":-7.47397204449805e-16,
			"Im":-1.6972530109550352e-15
		},
		"eu_2333":{
			"Re":-7.47397204449805e-16,
			"Im":-1.6972530109550352e-15
		},
		"eu_3311":-1.2612557762511844e-11,
		"eu_3322":-1.2612557762511844e-11,
		"eu_3333":-1.2612557762511844e-11,
		"phi":-2.6514816775696403e-10,
		"phiB":1.9429442576989637e-11,
		"phiBox":-1.4330952751499754e-10,
		"phid_11":1.75773762838691e-13,
		"phid_22":1.75773762838691e-13,
		"phid_33":1.75773762838691e-13,
		"phiD":-5.27321288516073e-13,
		"phie_11":-4.994036983542326e-12,
		"phie_12":{
			"Re":8.506931187182516e-16,
			"Im":-3.561093157738145e-16
		},
		"phie_13":{
			"Re":-1.5115171067466248e-12,
			"Im":-7.109160135126081e-14
		},
		"phie_22":-1.201375027341647e-11,
		"phie_23":{
			"Re":-5.605479033370761e-16,
			"Im":-1.2729397582163458e-15
		},
		"phie_33":-9.45941832188389e-12,
		"phil1_11":2.636606438111331e-13,
		"phil1_13":{
			"Re":-4.2600396533223906e-19,
			"Im":-2.0036546561231107e-20
		},
		"phil1_22":2.636172048702891e-13,
		"phil1_23":{
			"Re":-3.737695078812821e-20,
			"Im":-7.3002333390373e-20
		},
		"phil1_33":2.538803716555632e-13,
		"phil3_13":{
			"Re":-4.2600396533223906e-19,
			"Im":-2.0036546561231107e-20
		},
		"phil3_22":-4.343938774743525e-17,
		"phil3_23":{
			"Re":-3.737695078812821e-20,
			"Im":-7.3002333390373e-20
		},
		"phil3_33":-9.78027260247329e-15,
		"phiq1_11":-8.78868814193455e-14,
		"phiq1_22":-8.78868814193455e-14,
		"phiq1_33":-8.78868814193455e-14,
		"phiu_11":-3.51547525677382e-13,
		"phiu_22":-3.51547525677382e-13,
		"phiu_33":-3.51547525677382e-13,
		"ld_1111":-1.75773762838691e-13,
		"ld_1122":-1.75773762838691e-13,
		"ld_1133":-1.75773762838691e-13,
		"ld_2211":-1.75773762838691e-13,
		"ld_2222":-1.75773762838691e-13,
		"ld_2233":-1.75773762838691e-13,
		"ld_3311":-1.75773762838691e-13,
		"ld_3322":-1.75773762838691e-13,
		"ld_3333":-1.75773762838691e-13,
		"le_1111":4.994036983542326e-12,
		"le_1112":{
			"Re":-8.506931187182516e-16,
			"Im":3.561093157738145e-16
		},
		"le_1113":{
			"Re":1.5115171067466248e-12,
			"Im":7.109160135126081e-14
		},
		"le_1122":1.201375027341647e-11,
		"le_1123":{
			"Re":5.605479033370761e-16,
			"Im":1.2729397582163458e-15
		},
		"le_1133":9.45941832188389e-12,
		"le_2211":4.994036983542326e-12,
		"le_2212":{
			"Re":-8.506931187182516e-16,
			"Im":3.561093157738145e-16
		},
		"le_2213":{
			"Re":1.5115171067466248e-12,
			"Im":7.109160135126081e-14
		},
		"le_2222":1.201375027341647e-11,
		"le_2223":{
			"Re":5.605479033370761e-16,
			"Im":1.2729397582163458e-15
		},
		"le_2233":9.45941832188389e-12,
		"le_3311":4.994036983542326e-12,
		"le_3312":{
			"Re":-8.506931187182516e-16,
			"Im":3.561093157738145e-16
		},
		"le_3313":{
			"Re":1.5115171067466248e-12,
			"Im":7.109160135126081e-14
		},
		"le_3322":1.201375027341647e-11,
		"le_3323":{
			"Re":5.605479033370761e-16,
			"Im":1.2729397582163458e-15
		},
		"le_3333":9.45941832188389e-12,
		"ll_1111":-1.3183032212901825e-13,
		"ll_1122":-2.636606442580365e-13,
		"ll_1133":-2.636606442580365e-13,
		"ll_2222":-1.3183032212901825e-13,
		"ll_2233":-2.636606442580365e-13,
		"ll_3333":-1.3183032212901825e-13,
		"lq1_1111":8.78868814193455e-14,