{
	"eft":"SMEFT",
	"basis":"Warsaw",
	"scale":1000,
	"values":{
		"dd_1111":-5.489863606675966e-13,
		"dd_1122":-1.0979727213351932e-12,
		"dd_1133":-1.0979727213351932e-12,
		"dd_2222":-5.489863606675966e-13,
		"dd_2233":-1.0979727213351932e-12,
		"dd_3333":-5.489863606675966e-13,
		"eB_11":1.703384798310866e-16,
		"eB_12":{
			"Re":1.2655440061367266e-18,
			"Im":-9.086737296296533e-19
		},
		"eB_21":{
			"Re":2.616778467483496e-16,
			"Im":1.8788740953555625e-16
		},
		"eB_22":8.761161068254704e-14,
		"eB_23":{
			"Re":-1.161765978237044e-17,
			"Im":-6.048223799574898e-18
		},
		"eB_31":{
			"Re":2.0395294454266965e-17,
			"Im":3.0819072545693124e-18
		},
		"eB_32":{
			"Re":-1.953792182196488e-16,
			"Im":1.0171560019097416e-16
		},
		"eB_33":7.041249289000982e-13,
		"ed_1111":9.312030824281091e-12,
		"ed_1122":9.312030824281091e-12,
		"ed_1133":9.312030824281091e-12,
		"ed_1211":{
			"Re":9.449586393198761e-14,
			"Im":-6.787034560650802e-14
		},
		"ed_1222":{
			"Re":9.449586393198761e-14,
			"Im":-6.787034560650802e-14
		},
		"ed_1233":{
			"Re":9.449586393198761e-14,
			"Im":-6.787034560650802e-14
		},
		"ed_1311":{
			"Re":4.405771332177205e-16,
			"Im":-7.236796711169821e-17
		},
		"ed_1322":{
			"Re":4.405771332177205e-16,
			"Im":-7.236796711169821e-17
		},
		"ed_1333":{
			"Re":4.405771332177205e-16,
			"Im":-7.236796711169821e-17
		},
		"ed_2211":2.8232097041202698e-11,
		"ed_2222":2.8232097041202698e-11,
		"ed_2233":2.8232097041202698e-11,
		"ed_2311":{
			"Re":-3.4099348785900067e-15,
			"Im":-2.4843248235836744e-15
		},
		"ed_2322":{
			"Re":-3.4099348785900067e-15,
			"Im":-2.4843248235836744e-15
		},
		"ed_2333":{
			"Re":-3.4099348785900067e-15,
			"Im":-2.4843248235836744e-15
		},
		"ed_3311":1.1701462574007487e-11,
		"ed_3322":1.1701462574007487e-11,
		"ed_3333":1.1701462574007487e-11,
		"ee_1111":7.874503484536256e-12,
		"ee_1112":{
			"Re":5.247952392537748e-13,
			"Im":1.9295678733416865e-12
		},
		"ee_1113":{
			"Re":-1.3357487488874776e-13,
			"Im":1.1893397435611214e-13
		},
		"ee_1122":-4.85430678494791e-10,
		"ee_1123":{
			"Re":5.897332294940612e-14,
			"Im":4.1931325459585497e-14
		},
		"ee_1133":-2.1673798546219961e-10,
		"ee_1212":{
			"Re":1.9930203583186795e-10,
			"Im":-1.3985102928811503e-10
		},
		"ee_1213":{
			"Re":2.986697638980703e-12,
			"Im":-4.493152022155389e-12
		},
		"ee_1222":{
			"Re":-1.2083021724015228e-12,
			"Im":-1.6211248479266163e-12
		},
		"ee_1223":{
			"Re":6.225041260587836e-15,
			"Im":-1.180801429070931e-13
		},
		"ee_1232":{
			"Re":-4.3031955854252367e-13,
			"Im":-6.0608384671279e-14
		},
		"ee_1233":{
			"Re":-1.8904579065332256e-12,
			"Im":1.3531282666291747e-12
		},
		"ee_1313":{
			"Re":-2.6810487109022827e-11,
			"Im":1.1203653715671677e-10
		},
		"ee_1323":{
			"Re":3.852398260735015e-13,
			"Im":2.6152483636001276e-12
		},
		"ee_1333":{
			"Re":1.626453004381659e-13,
			"Im":-1.1233557859679307e-13
		},
		"ee_2222":-5.659527228886485e-11,
		"ee_2223":{
			"Re":1.2811309980923384e-11,
			"Im":-4.830029011579867e-12
		},
		"ee_2233":-5.930629891989449e-10,
		"ee_2323":{
			"Re":-2.1712502340930622e-10,
			"Im":1.9198249566208102e-10
		},
		"ee_2333":{
			"Re":-5.954869135389507e-12,
			"Im":2.25994891309317e-12
		},
		"ee_3333":4.930654357520469e-12,
		"ephi_11":-2.3638940581757563e-15,
		"ephi_12":{
			"Re":-1.767819295977991e-17,
			"Im":1.2696061973412747e-17
		},
		"ephi_13":{
			"Re":-8.228893193794938e-20,
			"Im":1.3231768835606279e-20
		},
		"ephi_21":{
			"Re":-3.655338837558713e-15,
			"Im":-2.625178292795896e-15
		},
		"ephi_22":-1.2206499821571445e-12,
		"ephi_23":{
			"Re":1.3993070684106176e-16,
			"Im":9.302585499037877e-17
		},
		"ephi_31":{
			"Re":-2.8616007250977313e-16,
			"Im":-4.601341012120606e-17
		},
		"ephi_32":{
			"Re":2.3533897480847848e-15,
			"Im":-1.5645156783100235e-15
		},
		"ephi_33":-9.776033020880115e-12,
		"eu_1111":-1.8624061648562182e-11,
		"eu_1122":-1.8624061648562182e-11,
		"eu_1133":-1.8624061648562182e-11,
		"eu_1211":{
			"Re":-1.8899172786397521e-13,
			"Im":1.3574069121301604e-13
		},
		"eu_1222":{
			"Re":-1.8899172786397521e-13,
			"Im":1.3574069121301604e-13
		},
		"eu_1233":{
			"Re":-1.8899172786397521e-13,
			"Im":1.3574069121301604e-13
		},
		"eu_1311":{
			"Re":-8.81154266435441e-16,
			"Im":1.4473593422339642e-16
		},
		"eu_1322":{
			"Re":-8.81154266435441e-16,
			"Im":1.4473593422339642e-16
		},
		"eu_1333":{
			"Re":-8.81154266435441e-16,
			"Im":1.4473593422339642e-16
		},
		"eu_2211":-5.6464194082405396e-11,
		"eu_2222":-5.6464194082405396e-11,
		"eu_2233":-5.6464194082405396e-11,
		"eu_2311":{
			"Re":6.819869757180013e-15,
			"Im":4.968649647167349e-15
		},
		"eu_2322":{
			"Re":6.819869757180013e-15,
			"Im":4.968649647167349e-15
		},
		"eu_2333":{
			"Re":6.819869757180013e-15,
			"Im":4.968649647167349e-15
		},
		"eu_3311":-2.3402925148014975e-11,
		"eu_3322":-2.3402925148014975e-11,
		"eu_3333":-2.3402925148014975e-11,
		"phi":-8.778154942729631e-10,
		"phiB":1.2870173000319512e-10,
		"phiBox":-6.717289183483342e-10,
		"phid_11":1.6469590820027898e-12,
		"phid_22":1.6469590820027898e-12,
		"phid_33":1.6469590820027898e-12,
		"phiD":-4.940877246008369e-12,
		"phie_11":-1.3968046236421626e-11,
		"phie_12":{
			"Re":-1.4174379589798149e-13,
			"Im":1.0180551840976204e-13
		},
		"phie_13":{
			"Re":-6.608656998265839e-16,
			"Im":1.0855195066754929e-16
		},
		"phie_22":-4.234814556180405e-11,
		"phie_23":{
			"Re":5.114902317884947e-15,
			"Im":3.726487235375524e-15
		},
		"phie_33":-1.7552193861011226e-11,
		"phil1_11":2.4704386215937863e-12,
		"phil1_22":2.470288626733426e-12,
		"phil1_23":{
			"Re":3.3450080289948856e-19,
			"Im":1.7414313682548916e-19
		},
		"phil1_33":2.45016514637716e-12,
		"phil3_22":-1.499962707583443e-16,
		"phil3_23":{
			"Re":3.3450080289948856e-19,
			"Im":1.7414313682548916e-19
		},
		"phil3_33":-2.0273476627024627e-14,
		"phiq1_11":-8.234795410013949e-13,
		"phiq1_22":-8.234795410013949e-13,
		"phiq1_33":-8.234795410013949e-13,
		"phiu_11":-3.2939181640055797e-12,
		"phiu_22":-3.2939181640055797e-12,
		"phiu_33":-3.2939181640055797e-12,
		"ld_1111":-1.6469590820027898e-12,
		"ld_1122":-1.6469590820027898e-12,
		"ld_1133":-1.6469590820027898e-12,
		"ld_2211":-1.6469590820027898e-12,
		"ld_2222":-1.6469590820027898e-12,
		"ld_2233":-1.6469590820027898e-12,
		"ld_3311":-1.6469590820027898e-12,
		"ld_3322":-1.6469590820027898e-12,
		"ld_3333":-1.6469590820027898e-12,
		"le_1111":1.3968046236421626e-11,
		"le_1112":{
			"Re":1.4174379589798149e-13,
			"Im":-1.0180551840976204e-13
		},
		"le_1113":{
			"Re":6.608656998265839e-16,
			"Im":-1.0855195066754929e-16
		},
		"le_1122":4.234814556180405e-11,
		"le_1123":{
			"Re":-5.114902317884947e-15,
			"Im":-3.726487235375524e-15
		},
		"le_1133":1.7552193861011226e-11,
		"le_2211":1.3968046236421626e-11,
		"le_2212":{
			"Re":1.4174379589798149e-13,
			"Im":-1.0180551840976204e-13
		},
		"le_2213":{
			"Re":6.608656998265839e-16,
			"Im":-1.0855195066754929e-16
		},
		"le_2222":4.234814556180405e-11,
		"le_2223":{
			"Re":-5.114902317884947e-15,
			"Im":-3.726487235375524e-15
		},
		"le_2233":1.7552193861011226e-11,
		"le_3311":1.3968046236421626e-11,
		"le_3312":{
			"Re":1.4174379589798149e-13,
			"Im":-1.0180551840976204e-13
		},
		"le_3313":{
			"Re":6.608656998265839e-16,
			"Im":-1.0855195066754929e-16
		},
		"le_3322":4.234814556180405e-11,
		"le_3323":{
			"Re":-5.114902317884947e-15,
			"Im":-3.726487235375524e-15
		},
		"le_3333":1.7552193861011226e-11,
		"ll_1111":-1.2352193115020923e-12,
		"ll_1122":-2.4704386230041846e-12,
		"ll_1133":-2.4704386230041846e-12,
		"ll_2222":-1.2352193115020923e-12,
		"ll_2233":-2.4704386230041846e-12,
		"ll_3333":-1.2352193115020923e-12,
		"lq1_1111":8.234795410013949e-13,
		"lq1_1122":8.234795410013949e-13,
		"lq1_1133":8.234795410013949e-13,
		"lq1_2211":8.234795410013949e-13,
		"lq1_2222":8.234795410013949e-13,
		"lq1_2233":8.234795410013949e-13,
		"lq1_3311":8.234795410013949e-13,