{
	"eft":"SMEFT",
	"basis":"Warsaw",
	"scale":1000,
	"values":{
		"dd_1111":-7.408842567969214e-14,
		"dd_1122":-1.4817685135938428e-13,
		"dd_1133":-1.4817685135938428e-13,
		"dd_2222":-7.408842567969214e-14,
		"dd_2233":-1.4817685135938428e-13,
		"dd_3333":-7.408842567969214e-14,
		"eB_11":1.4939218387744454e-18,
		"eB_12":-2.9153077393894406e-20,
		"eB_13":{
			"Re":-3.1903305676350585e-19,
			"Im":-7.021422174522884e-19
		},
		"eB_21":{
			"Re":-6.0280120497825536e-18,
			"Im":7.836632555199532e-19
		},
		"eB_22":4.317110800847362e-14,
		"eB_23":{
			"Re":2.2268285615131565e-16,
			"Im":3.003846597567385e-16
		},
		"eB_31":{
			"Re":-1.1093921909095427e-15,
			"Im":2.441599942186878e-15
		},
		"eB_32":{
			"Re":3.744954075155734e-15,
			"Im":-5.051698972757312e-15
		},
		"eB_33":9.142067109036904e-13,
		"ed_1111":-3.469521813124503e-13,
		"ed_1122":-3.469521813124503e-13,
		"ed_1133":-3.469521813124503e-13,
		"ed_1211":{
			"Re":-1.9059596441337676e-15,
			"Im":-2.477950739177754e-16
		},
		"ed_1222":{
			"Re":-1.9059596441337676e-15,
			"Im":-2.477950739177754e-16
		},
		"ed_1233":{
			"Re":-1.9059596441337676e-15,
			"Im":-2.477950739177754e-16
		},
		"ed_1311":{
			"Re":-2.0858322640426664e-14,
			"Im":-4.590519595039942e-14
		},
		"ed_1322":{
			"Re":-2.0858322640426664e-14,
			"Im":-4.590519595039942e-14
		},
		"ed_1333":{
			"Re":-2.0858322640426664e-14,
			"Im":-4.590519595039942e-14
		},
		"ed_2211":1.320327117446205e-11,
		"ed_2222":1.320327117446205e-11,
		"ed_2233":1.320327117446205e-11,
		"ed_2311":{
			"Re":7.04655405235505e-14,
			"Im":9.505705183685863e-14
		},
		"ed_2322":{
			"Re":7.04655405235505e-14,
			"Im":9.505705183685863e-14
		},
		"ed_2333":{
			"Re":7.04655405235505e-14,
			"Im":9.505705183685863e-14
		},
		"ed_3311":1.6744110509010423e-11,
		"ed_3322":1.6744110509010423e-11,
		"ed_3333":1.6744110509010423e-11,
		"ee_1111":-4.0404038196298817e-13,
		"ee_1112":{
			"Re":-2.680513936353711e-15,
			"Im":2.769645224478515e-16
		},
		"ee_1113":{
			"Re":-3.813818674159251e-14,
			"Im":-5.0749377509111855e-14
		},
		"ee_1122":2.3023633389844085e-11,
		"ee_1123":{
			"Re":1.2432568655439687e-13,
			"Im":1.6733887169176647e-13
		},
		"ee_1133":2.926722582816727e-11,
		"ee_1212":{
			"Re":2.7579101491489632e-12,
			"Im":-3.249175868882363e-12
		},
		"ee_1213":{
			"Re":-2.0732422280922662e-13,
			"Im":-3.8255868739711233e-13
		},
		"ee_1222":{
			"Re":3.0921833114641574e-13,
			"Im":-9.545695433415581e-14
		},
		"ee_1223":{
			"Re":3.531381543809252e-12,
			"Im":7.79763907900684e-12
		},
		"ee_1232":{
			"Re":-3.350359984332759e-12,
			"Im":-2.5979397270011668e-12
		},
		"ee_1233":{
			"Re":1.1331297166259189e-13,
			"Im":2.917829400438225e-13
		},
		"ee_1313":{
			"Re":4.977279945364965e-12,
			"Im":-2.058536599398666e-12
		},
		"ee_1323":{
			"Re":2.6492079866860626e-14,
			"Im":-9.64592695242602e-14
		},
		"ee_1333":{
			"Re":2.2230373880651044e-12,
			"Im":5.012035989483801e-12
		},
		"ee_2222":-5.418522784155028e-10,
		"ee_2223":{
			"Re":1.0030968092595567e-11,
			"Im":-7.288944475997896e-11
		},
		"ee_2233":-2.8745004415258995e-9,
		"ee_2323":{
			"Re":6.696548719346438e-10,
			"Im":3.452710139858264e-10
		},
		"ee_2333":{
			"Re":-2.3267897968460475e-11,
			"Im":5.587724345882083e-11
		},
		"ee_3333":-8.705780162360857e-10,
		"ephi_11":-1.4704613805572046e-18,
		"ephi_12":2.8714108296240415e-20,
		"ephi_13":{
			"Re":3.1404980099755426e-19,
			"Im":6.911670137892219e-19
		},
		"ephi_21":{
			"Re":5.937258480263551e-18,
			"Im":-7.718946965823401e-19
		},
		"ephi_22":-4.2516199958450583e-14,
		"ephi_23":{
			"Re":-2.1932493700809748e-16,
			"Im":-2.9586306294893964e-16
		},
		"ephi_31":{
			"Re":1.0927156389182095e-15,
			"Im":-2.404870207779646e-15
		},
		"ephi_32":{
			"Re":-3.690675699651239e-15,
			"Im":4.978615811599238e-15
		},
		"ephi_33":-8.99931124355728e-13,
		"eu_1111":6.939043626249006e-13,
		"eu_1122":6.939043626249006e-13,
		"eu_1133":6.939043626249006e-13,
		"eu_1211":{
			"Re":3.811919288267535e-15,
			"Im":4.955901478355508e-16
		},
		"eu_1222":{
			"Re":3.811919288267535e-15,
			"Im":4.955901478355508e-16
		},
		"eu_1233":{
			"Re":3.811919288267535e-15,
			"Im":4.955901478355508e-16
		},
		"eu_1311":{
			"Re":4.171664528085333e-14,
			"Im":9.181039190079884e-14
		},
		"eu_1322":{
			"Re":4.171664528085333e-14,
			"Im":9.181039190079884e-14
		},
		"eu_1333":{
			"Re":4.171664528085333e-14,
			"Im":9.181039190079884e-14
		},
		"eu_2211":-2.64065423489241e-11,
		"eu_2222":-2.64065423489241e-11,
		"eu_2233":-2.64065423489241e-11,
		"eu_2311":{
			"Re":-1.40931081047101e-13,
			"Im":-1.9011410367371726e-13
		},
		"eu_2322":{
			"Re":-1.40931081047101e-13,
			"Im":-1.9011410367371726e-13
		},
		"eu_2333":{
			"Re":-1.40931081047101e-13,
			"Im":-1.9011410367371726e-13
		},
		"eu_3311":-3.3488221018020846e-11,
		"eu_3322":-3.3488221018020846e-11,
		"eu_3333":-3.3488221018020846e-11,
		"phi":-5.53870737823922e-14,
		"phiB":1.348068576683664e-12,
		"phiBox":-7.117800163687161e-13,
		"phid_11":2.2226527703907641e-13,
		"phid_22":2.2226527703907641e-13,
		"phid_33":2.2226527703907641e-13,
		"phiD":-6.667958311172292e-13,
		"phie_11":5.204282719686754e-13,
		"phie_12":{
			"Re":2.8589394662006518e-15,
			"Im":3.716926108766631e-16
		},
		"phie_13":{
			"Re":3.1287483960639997e-14,
			"Im":6.885779392559916e-14
		},
		"phie_22":-1.9804906761693083e-11,
		"phie_23":{
			"Re":-1.0569831078532562e-13,
			"Im":-1.4258557775528775e-13
		},
		"phie_33":-2.511616576351564e-11,
		"phil1_11":3.3339791554624496e-13,
		"phil1_13":{
			"Re":0.0,
			"Im":2.02163895213911e-20
		},
		"phil1_22":3.3332400406269154e-13,
		"phil1_23":{
			"Re":-6.411583362734904e-18,
			"Im":-8.64880808609886e-18
		},
		"phil1_33":3.0707567127346063e-13,
		"phil3_13":{
			"Re":0.0,
			"Im":2.02163895213911e-20
		},
		"phil3_22":-7.391149592307092e-17,
		"phil3_23":{
			"Re":-6.411583362734904e-18,
			"Im":-8.64880808609886e-18
		},
		"phil3_33":-2.6322244285153967e-14,
		"phiq1_11":-1.1113263851953821e-13,
		"phiq1_22":-1.1113263851953821e-13,
		"phiq1_33":-1.1113263851953821e-13,
		"phiu_11":-4.4453055407815283e-13,
		"phiu_22":-4.4453055407815283e-13,
		"phiu_33":-4.4453055407815283e-13,
		"ld_1111":-2.2226527703907641e-13,
		"ld_1122":-2.2226527703907641e-13,
		"ld_1133":-2.2226527703907641e-13,
		"ld_2211":-2.2226527703907641e-13,
		"ld_2222":-2.2226527703907641e-13,
		"ld_2233":-2.2226527703907641e-13,
		"ld_3311":-2.2226527703907641e-13,
		"ld_3322":-2.2226527703907641e-13,
		"ld_3333":-2.2226527703907641e-13,
		"le_1111":-5.204282719686754e-13,
		"le_1112":{
			"Re":-2.8589394662006518e-15,
			"Im":-3.716926108766631e-16
		},
		"le_1113":{
			"Re":-3.1287483960639997e-14,
			"Im":-6.885779392559916e-14
		},
		"le_1122":1.9804906761693083e-11,
		"le_1123":{
			"Re":1.0569831078532562e-13,
			"Im":1.4258557775528775e-13
		},
		"le_1133":2.511616576351564e-11,
		"le_2211":-5.204282719686754e-13,
		"le_2212":{
			"Re":-2.8589394662006518e-15,
			"Im":-3.716926108766631e-16
		},
		"le_2213":{
			"Re":-3.1287483960639997e-14,
			"Im":-6.885779392559916e-14
		},
		"le_2222":1.9804906761693083e-11,
		"le_2223":{
			"Re":1.0569831078532562e-13,
			"Im":1.4258557775528775e-13
		},
		"le_2233":2.511616576351564e-11,
		"le_3311":-5.204282719686754e-13,
		"le_3312":{
			"Re":-2.8589394662006518e-15,
			"Im":-3.716926108766631e-16
		},
		"le_3313":{
			"Re":-3.1287483960639997e-14,
			"Im":-6.885779392559916e-14
		},
		"le_3322":1.9804906761693083e-11,
		"le_3323":{
			"Re":1.0569831078532562e-13,
			"Im":1.4258557775528775e-13
		},
		"le_3333":2.511616576351564e-11,
		"ll_1111":-1.666989577793073e-13,
		"ll_1122":-3.333979155586146e-13,
		"ll_1133":-3.333979155586146e-13,
		"ll_2222":-1.666989577793073e-13,
		"ll_2233":-3.333979155586146e-13,
		"ll_3333":-1.666989577793073e-13,
		"lq1_1111":1.1113263851953821e-13,
		"lq1_1122":1.1113263851953821e-13,
		"lq1_1133":1.1113263851953821e-13,
		"lq1_2211":1.1113263851953821e-13,