{
	"eft":"SMEFT",
	"basis":"Warsaw",
	"scale":1000,
	"values":{
		"dd_1111":-4.022936531626899e-13,
		"dd_1122":-8.045873063253798e-13,
		"dd_1133":-8.045873063253798e-13,
		"dd_2222":-4.022936531626899e-13,
		"dd_2233":-8.045873063253798e-13,
		"dd_3333":-4.022936531626899e-13,
		"eB_11":4.9918805389818006e-17,
		"eB_12":{
			"Re":-1.0842759679360788e-19,
			"Im":6.48690212281284e-20
		},
		"eB_13":{
			"Re":2.828565463666204e-18,
			"Im":-1.5127015015649353e-18
		},
		"eB_21":{
			"Re":-2.241968664816559e-17,
			"Im":-1.3413034800320992e-17
		},
		"eB_22":4.0988227732230555e-13,
		"eB_23":{
			"Re":2.6806839347401556e-15,
			"Im":-4.18562026128436e-15
		},
		"eB_31":{
			"Re":9.835935086795303e-15,
			"Im":5.260204851616012e-15
		},
		"eB_32":{
			"Re":4.508222320800527e-14,
			"Im":7.039138946511485e-14
		},
		"eB_33":3.6040521054250994e-13,
		"ed_1111":5.928868264239588e-13,
		"ed_1122":5.928868264239588e-13,
		"ed_1133":5.928868264239588e-13,
		"ed_1211":{
			"Re":-6.415052055638284e-15,
			"Im":3.7336545988570054e-15
		},
		"ed_1222":{
			"Re":-6.415052055638284e-15,
			"Im":3.7336545988570054e-15
		},
		"ed_1233":{
			"Re":-6.415052055638284e-15,
			"Im":3.7336545988570054e-15
		},
		"ed_1311":{
			"Re":1.7019511192032484e-13,
			"Im":-9.105074746885598e-14
		},
		"ed_1322":{
			"Re":1.7019511192032484e-13,
			"Im":-9.105074746885598e-14
		},
		"ed_1333":{
			"Re":1.7019511192032484e-13,
			"Im":-9.105074746885598e-14
		},
		"ed_2211":1.1512296056327271e-10,
		"ed_2222":1.1512296056327271e-10,
		"ed_2233":1.1512296056327271e-10,
		"ed_2311":{
			"Re":7.679151556121235e-13,
			"Im":-1.1992632762337077e-12
		},
		"ed_2322":{
			"Re":7.679151556121235e-13,
			"Im":-1.1992632762337077e-12
		},
		"ed_2333":{
			"Re":7.679151556121235e-13,
			"Im":-1.1992632762337077e-12
		},
		"ed_3311":3.825679897633717e-12,
		"ed_3322":3.825679897633717e-12,
		"ed_3333":3.825679897633717e-12,
		"ee_1111":-2.5761948197413904e-12,
		"ee_1112":{
			"Re":4.687895525055994e-14,
			"Im":-4.978332404871631e-14
		},
		"ee_1113":{
			"Re":-1.3537841893016629e-12,
			"Im":-4.516514221308234e-13
		},
		"ee_1122":-5.703741284044972e-10,
		"ee_1123":{
			"Re":-3.7338350450423045e-12,
			"Im":5.835626442559147e-12
		},
		"ee_1133":-2.7849555160458474e-11,
		"ee_1212":{
			"Re":7.640438687895576e-11,
			"Im":1.1623374486525237e-10
		},
		"ee_1213":{
			"Re":3.4636464447406056e-12,
			"Im":1.546315993319082e-13
		},
		"ee_1222":{
			"Re":1.3323126518389523e-12,
			"Im":-5.3385042023853194e-14
		},
		"ee_1223":{
			"Re":-5.186320892560564e-11,
			"Im":2.7747194235099002e-11
		},
		"ee_1232":{
			"Re":-3.88233242124296e-11,
			"Im":1.364468753234994e-12
		},
		"ee_1233":{
			"Re":-1.0835278673892228e-12,
			"Im":4.00636950501083e-13
		},
		"ee_1313":{
			"Re":-2.7993711099821513e-12,
			"Im":-7.16283134530533e-12
		},
		"ee_1323":{
			"Re":-8.088383874332243e-15,
			"Im":6.64779602247859e-13
		},
		"ee_1333":{
			"Re":-1.1687584127586402e-13,
			"Im":1.5821919537267985e-12
		},
		"ee_2222":-1.2731956788431946e-8,
		"ee_2223":{
			"Re":-1.6072566707555153e-10,
			"Im":2.647882056045029e-10
		},
		"ee_2233":-1.5578653227149633e-9,
		"ee_2323":{
			"Re":-2.812386014669126e-10,
			"Im":-5.894507365655235e-11
		},
		"ee_2333":{
			"Re":-1.3138129862106778e-11,
			"Im":9.40920917858281e-12
		},
		"ee_3333":-1.9253369515466864e-11,
		"ephi_11":-1.0294898340546857e-16,
		"ephi_12":{
			"Re":2.2087436713521634e-19,
			"Im":-1.2967258564104527e-19
		},
		"ephi_13":{
			"Re":-5.827704677634182e-18,
			"Im":3.117366833575561e-18
		},
		"ephi_21":{
			"Re":4.567046856714577e-17,
			"Im":2.6812562899099917e-17
		},
		"ephi_22":-8.362076045203054e-13,
		"ephi_23":{
			"Re":-5.4634663570750216e-15,
			"Im":8.531834728855027e-15
		},
		"ephi_31":{
			"Re":-2.0270796973579382e-14,
			"Im":-1.0843292407946917e-14
		},
		"ephi_32":{
			"Re":-9.190788300113966e-14,
			"Im":-1.4352478549406085e-13
		},
		"ephi_33":-7.42808397343466e-13,
		"eu_1111":-1.1857736528479176e-12,
		"eu_1122":-1.1857736528479176e-12,
		"eu_1133":-1.1857736528479176e-12,
		"eu_1211":{
			"Re":1.2830104111276569e-14,
			"Im":-7.467309197714011e-15
		},
		"eu_1222":{
			"Re":1.2830104111276569e-14,
			"Im":-7.467309197714011e-15
		},
		"eu_1233":{
			"Re":1.2830104111276569e-14,
			"Im":-7.467309197714011e-15
		},
		"eu_1311":{
			"Re":-3.403902238406497e-13,
			"Im":1.8210149493771196e-13
		},
		"eu_1322":{
			"Re":-3.403902238406497e-13,
			"Im":1.8210149493771196e-13
		},
		"eu_1333":{
			"Re":-3.403902238406497e-13,
			"Im":1.8210149493771196e-13
		},
		"eu_2211":-2.3024592112654542e-10,
		"eu_2222":-2.3024592112654542e-10,
		"eu_2233":-2.3024592112654542e-10,
		"eu_2311":{
			"Re":-1.535830311224247e-12,
			"Im":2.3985265524674155e-12
		},
		"eu_2322":{
			"Re":-1.535830311224247e-12,
			"Im":2.3985265524674155e-12
		},
		"eu_2333":{
			"Re":-1.535830311224247e-12,
			"Im":2.3985265524674155e-12
		},
		"eu_3311":-7.651359795267434e-12,
		"eu_3322":-7.651359795267434e-12,
		"eu_3333":-7.651359795267434e-12,
		"phi":-3.279935923798557e-12,
		"phiB":1.6232777700346413e-11,
		"phiBox":-1.5460756546876184e-11,
		"phid_11":1.2068809594880695e-12,
		"phid_22":1.2068809594880695e-12,
		"phid_33":1.2068809594880695e-12,
		"phiD":-3.620642878464209e-12,
		"phie_11":-8.893302396359368e-13,
		"phie_12":{
			"Re":9.622578083457445e-15,
			"Im":-5.600481898285516e-15
		},
		"phie_13":{
			"Re":-2.5529266788048817e-13,
			"Im":1.3657612120328428e-13
		},
		"phie_22":-1.726844408449092e-10,
		"phie_23":{
			"Re":-1.151872733418186e-12,
			"Im":1.7988949143505626e-12
		},
		"phie_33":-5.7385198464505886e-12,
		"phil1_11":1.8103214388187779e-12,
		"phil1_13":{
			"Re":-8.144130886719677e-20,
			"Im":4.3554371215839903e-20
		},
		"phil1_22":1.809619696477128e-12,
		"phil1_23":{
			"Re":-7.718343842802042e-17,
			"Im":1.205142312874834e-16
		},
		"phil1_33":1.7999444928802617e-12,
		"phil3_13":{
			"Re":-8.144130886719677e-20,
			"Im":4.3554371215839903e-20
		},
		"phil3_22":-7.017427549763203e-16,
		"phil3_23":{
			"Re":-7.718343842802042e-17,
			"Im":1.205142312874834e-16
		},
		"phil3_33":-1.0376946351842831e-14,
		"phiq1_11":-6.034404797440348e-13,
		"phiq1_22":-6.034404797440348e-13,
		"phiq1_33":-6.034404797440348e-13,
		"phiu_11":-2.413761918976139e-12,
		"phiu_22":-2.413761918976139e-12,
		"phiu_33":-2.413761918976139e-12,
		"ld_1111":-1.2068809594880695e-12,
		"ld_1122":-1.2068809594880695e-12,
		"ld_1133":-1.2068809594880695e-12,
		"ld_2211":-1.2068809594880695e-12,
		"ld_2222":-1.2068809594880695e-12,
		"ld_2233":-1.2068809594880695e-12,
		"ld_3311":-1.2068809594880695e-12,
		"ld_3322":-1.2068809594880695e-12,
		"ld_3333":-1.2068809594880695e-12,
		"le_1111":8.893302396359368e-13,
		"le_1112":{
			"Re":-9.622578083457445e-15,
			"Im":5.600481898285516e-15
		},
		"le_1113":{
			"Re":2.5529266788048817e-13,
			"Im":-1.3657612120328428e-13
		},
		"le_1122":1.726844408449092e-10,
		"le_1123":{
			"Re":1.151872733418186e-12,
			"Im":-1.7988949143505626e-12
		},
		"le_1133":5.7385198464505886e-12,
		"le_2211":8.893302396359368e-13,
		"le_2212":{
			"Re":-9.622578083457445e-15,
			"Im":5.600481898285516e-15
		},
		"le_2213":{
			"Re":2.5529266788048817e-13,
			"Im":-1.3657612120328428e-13
		},
		"le_2222":1.726844408449092e-10,
		"le_2223":{
			"Re":1.151872733418186e-12,
			"Im":-1.7988949143505626e-12
		},
		"le_2233":5.7385198464505886e-12,
		"le_3311":8.893302396359368e-13,
		"le_3312":{
			"Re":-9.622578083457445e-15,
			"Im":5.600481898285516e-15
		},
		"le_3313":{
			"Re":2.5529266788048817e-13,
			"Im":-1.3657612120328428e-13
		},
		"le_3322":1.726844408449092e-10,
		"le_3323":{
			"Re":1.151872733418186e-12,
			"Im":-1.7988949143505626e-12
		},
		"le_3333":5.7385198464505886e-12,
		"ll_1111":-9.051607196160522e-13,
		"ll_1122":-1.8103214392321044e-12,
		"ll_1133":-1.8103214392321044e-12,
		"ll_2222":-9.051607196160522e-13,
		"ll_2233":-1.8103214392321044e-12,
		"ll_3333":-9.051607196160522e-13,
		"lq1_1111":6.034404797440348e-13,