{
	"eft":"SMEFT",
	"basis":"Warsaw",
	"scale":1000,
	"values":{
		"dd_1111":-1.4997158099873098e-12,
		"dd_1122":-2.9994316199746197e-12,
		"dd_1133":-2.9994316199746197e-12,
		"dd_2222":-1.4997158099873098e-12,
		"dd_2233":-2.9994316199746197e-12,
		"dd_3333":-1.4997158099873098e-12,
		"eB_11":7.371123040634349e-15,
		"eB_12":{
			"Re":7.542121054751763e-17,
			"Im":3.4566085139352645e-17
		},
		"eB_13":{
			"Re":-1.1519659342610542e-17,
			"Im":-1.5204061909045633e-16
		},
		"eB_21":{
			"Re":1.5594921930432048e-14,
			"Im":-7.147265275585111e-15
		},
		"eB_22":6.864584047636006e-13,
		"eB_23":{
			"Re":-1.2539080484166992e-13,
			"Im":-2.3296114288593816e-13
		},
		"eB_31":{
			"Re":-4.0057980969996665e-14,
			"Im":5.286996815663605e-13
		},
		"eB_32":{
			"Re":-2.108751493917361e-12,
			"Im":3.917808476512492e-12
		},
		"eB_33":1.736250744364434e-11,
		"ed_1111":4.0133236008785115e-10,
		"ed_1122":4.0133236008785115e-10,
		"ed_1133":4.0133236008785115e-10,
		"ed_1211":{
			"Re":3.5194614162005912e-12,
			"Im":1.9544813160762127e-12
		},
		"ed_1222":{
			"Re":3.5194614162005912e-12,
			"Im":1.9544813160762127e-12
		},
		"ed_1233":{
			"Re":3.5194614162005912e-12,
			"Im":1.9544813160762127e-12
		},
		"ed_1311":{
			"Re":6.478381304004658e-14,
			"Im":-7.45584798585381e-12
		},
		"ed_1322":{
			"Re":6.478381304004658e-14,
			"Im":-7.45584798585381e-12
		},
		"ed_1333":{
			"Re":6.478381304004658e-14,
			"Im":-7.45584798585381e-12
		},
		"ed_2211":1.9037172592853928e-10,
		"ed_2222":1.9037172592853928e-10,
		"ed_2233":1.9037172592853928e-10,
		"ed_2311":{
			"Re":-3.240882133467408e-11,
			"Im":-6.024545466729968e-11
		},
		"ed_2322":{
			"Re":-3.240882133467408e-11,
			"Im":-6.024545466729968e-11
		},
		"ed_2333":{
			"Re":-3.240882133467408e-11,
			"Im":-6.024545466729968e-11
		},
		"ed_3311":2.8059411166680954e-10,
		"ed_3322":2.8059411166680954e-10,
		"ed_3333":2.8059411166680954e-10,
		"ee_1111":-5.7853714169278765e-8,
		"ee_1112":{
			"Re":-4.849578248819043e-10,
			"Im":-1.7235860078650607e-9
		},
		"ee_1113":{
			"Re":-2.27158460455797e-9,
			"Im":2.344839769000876e-9
		},
		"ee_1122":-5.857873084053157e-8,
		"ee_1123":{
			"Re":1.071985940110841e-8,
			"Im":1.9933723013811963e-8
		},
		"ee_1133":-8.821846972246284e-8,
		"ee_1212":{
			"Re":-1.7212105533861762e-10,
			"Im":-1.8241072193187329e-9
		},
		"ee_1213":{
			"Re":8.44190166304341e-9,
			"Im":-7.300997901383279e-9
		},
		"ee_1222":{
			"Re":-3.4891397516422184e-10,
			"Im":-5.004406177392809e-10
		},
		"ee_1223":{
			"Re":2.0230310540998766e-9,
			"Im":1.8342533866380377e-9
		},
		"ee_1232":{
			"Re":3.405811371712206e-10,
			"Im":4.096279396300136e-10
		},
		"ee_1233":{
			"Re":-3.6163504994711123e-9,
			"Im":2.057200937816168e-9
		},
		"ee_1313":{
			"Re":-4.6628535751236786e-9,
			"Im":-1.529499895576471e-9
		},
		"ee_1323":{
			"Re":1.0386625811500144e-10,
			"Im":-1.0678221290764877e-9
		},
		"ee_1333":{
			"Re":1.642595265671175e-9,
			"Im":2.064490012926479e-9
		},
		"ee_2222":-1.2741316991604229e-8,
		"ee_2223":{
			"Re":6.4448481881738786e-9,
			"Im":1.1265371416968869e-8
		},
		"ee_2233":-2.8032497795808705e-8,
		"ee_2323":{
			"Re":1.5583308205679925e-9,
			"Im":-2.7298074794312824e-9
		},
		"ee_2333":{
			"Re":3.80267960744573e-9,
			"Im":7.782250719602533e-9
		},
		"ee_3333":-2.7112521038756617e-8,
		"ephi_11":1.0741619838096826e-13,
		"ephi_12":{
			"Re":9.791465513195108e-16,
			"Im":5.090649329067304e-16
		},
		"ephi_13":{
			"Re":-4.317149867603659e-17,
			"Im":-2.0377013065620232e-15
		},
		"ephi_21":{
			"Re":2.0245911556356023e-13,
			"Im":-1.0525986931822735e-13
		},
		"ephi_22":1.0535218555595774e-11,
		"ephi_23":{
			"Re":-1.7780678487894606e-12,
			"Im":-3.3046697617791074e-12
		},
		"ephi_31":{
			"Re":-1.5009921862066436e-13,
			"Im":7.085506459395511e-12
		},
		"ephi_32":{
			"Re":-2.990130243292408e-11,
			"Im":5.557376878316252e-11
		},
		"ephi_33":2.6017847667300283e-10,
		"eu_1111":-8.026647201757023e-10,
		"eu_1122":-8.026647201757023e-10,
		"eu_1133":-8.026647201757023e-10,
		"eu_1211":{
			"Re":-7.0389228324011825e-12,
			"Im":-3.9089626321524254e-12
		},
		"eu_1222":{
			"Re":-7.0389228324011825e-12,
			"Im":-3.9089626321524254e-12
		},
		"eu_1233":{
			"Re":-7.0389228324011825e-12,
			"Im":-3.9089626321524254e-12
		},
		"eu_1311":{
			"Re":-1.2956762608009317e-13,
			"Im":1.491169597170762e-11
		},
		"eu_1322":{
			"Re":-1.2956762608009317e-13,
			"Im":1.491169597170762e-11
		},
		"eu_1333":{
			"Re":-1.2956762608009317e-13,
			"Im":1.491169597170762e-11
		},
		"eu_2211":-3.8074345185707857e-10,
		"eu_2222":-3.8074345185707857e-10,
		"eu_2233":-3.8074345185707857e-10,
		"eu_2311":{
			"Re":6.481764266934816e-11,
			"Im":1.2049090933459936e-10
		},
		"eu_2322":{
			"Re":6.481764266934816e-11,
			"Im":1.2049090933459936e-10
		},
		"eu_2333":{
			"Re":6.481764266934816e-11,
			"Im":1.2049090933459936e-10
		},
		"eu_3311":-5.611882233336191e-10,
		"eu_3322":-5.611882233336191e-10,
		"eu_3333":-5.611882233336191e-10,
		"phi":5.0699891566254205e-9,
		"phiB":-4.51250044264683e-10,
		"phiBox":-3.020636417717395e-9,
		"phid_11":4.499147429961929e-12,
		"phid_22":4.499147429961929e-12,
		"phid_33":4.499147429961929e-12,
		"phiD":-1.3497442289885787e-11,
		"phie_11":-6.019985401317778e-10,
		"phie_12":{
			"Re":-5.2791921243009725e-12,
			"Im":-2.9317219741143193e-12
		},
		"phie_13":{
			"Re":-9.717571955999071e-14,
			"Im":1.1183771978780853e-11
		},
		"phie_22":-2.8555758889280863e-10,
		"phie_23":{
			"Re":4.8613232002011166e-11,
			"Im":9.036818200094958e-11
		},
		"phie_33":-4.208911675002141e-10,
		"phil1_11":6.74872108391017e-12,
		"phil1_12":{
			"Re":-1.2912558312846208e-19,
			"Im":-5.917918669940832e-20
		},
		"phil1_13":{
			"Re":3.3167913085893183e-19,
			"Im":4.3776208041713025e-18
		},
		"phil1_22":6.747545887463398e-12,
		"phil1_23":{
			"Re":3.610307556036089e-15,
			"Im":6.70752034398302e-15
		},
		"phil1_33":6.248812145278422e-12,
		"phil3_11":-6.103272367630148e-20,
		"phil3_12":{
			"Re":-1.2912558312846208e-19,
			"Im":-5.917918669940832e-20
		},
		"phil3_13":{
			"Re":3.3167913085893183e-19,
			"Im":4.3776208041713025e-18
		},
		"phil3_22":-1.1752574794949424e-15,
		"phil3_23":{
			"Re":3.610307556036089e-15,
			"Im":6.70752034398302e-15
		},
		"phil3_33":-4.999089996644715e-13,
		"phiq1_11":-2.2495737149809645e-12,
		"phiq1_22":-2.2495737149809645e-12,
		"phiq1_33":-2.2495737149809645e-12,
		"phiu_11":-8.998294859923858e-12,
		"phiu_22":-8.998294859923858e-12,
		"phiu_33":-8.998294859923858e-12,
		"ld_1111":-4.499147429961929e-12,
		"ld_1122":-4.499147429961929e-12,
		"ld_1133":-4.499147429961929e-12,
		"ld_2211":-4.499147429961929e-12,
		"ld_2222":-4.499147429961929e-12,
		"ld_2233":-4.499147429961929e-12,
		"ld_3311":-4.499147429961929e-12,
		"ld_3322":-4.499147429961929e-12,
		"ld_3333":-4.499147429961929e-12,
		"le_1111":6.019985401317778e-10,
		"le_1112":{
			"Re":5.2791921243009725e-12,
			"Im":2.9317219741143193e-12
		},
		"le_1113":{
			"Re":9.717571955999071e-14,
			"Im":-1.1183771978780853e-11
		},
		"le_1122":2.8555758889280863e-10,
		"le_1123":{
			"Re":-4.8613232002011166e-11,
			"Im":-9.036818200094958e-11
		},
		"le_1133":4.208911675002141e-10,
		"le_2211":6.019985401317778e-10,
		"le_2212":{
			"Re":5.2791921243009725e-12,
			"Im":2.9317219741143193e-12
		},
		"le_2213":{
			"Re":9.717571955999071e-14,
			"Im":-1.1183771978780853e-11
		},
		"le_2222":2.8555758889280863e-10,
		"le_2223":{
			"Re":-4.8613232002011166e-11,
			"Im":-9.036818200094958e-11
		},
		"le_2233":4.208911675002141e-10,
		"le_3311":6.019985401317778e-10,
		"le_3312":{
			"Re":5.2791921243009725e-12,
			"Im":2.9317219741143193e-12
		},
		"le_3313":{
			"Re":9.717571955999071e-14,
			"Im":-1.1183771978780853e-11
		},
		"le_3322":2.8555758889280863e-10,
		"le_3323":{
			"Re":-4.8613232002011166e-11,
			"Im":-9.036818200094958e-11
		},
		"le_3333":4.208911675002141e-10,
		"ll_1111":-3.3743605724714467e-12,
		"ll_1122":-6.748721144942893e-12,