{
	"eft":"SMEFT",
	"basis":"Warsaw",
	"scale":1000,
	"values":{
		"dd_1111":-4.0179248683701223e-14,
		"dd_1122":-8.035849736740245e-14,
		"dd_1133":-8.035849736740245e-14,
		"dd_2222":-4.0179248683701223e-14,
		"dd_2233":-8.035849736740245e-14,
		"dd_3333":-4.0179248683701223e-14,
		"eB_11":1.0832657413584062e-16,
		"eB_13":{
			"Re":-8.12813699936657e-19,
			"Im":1.6479460706890632e-20
		},
		"eB_21":-1.7900601005342723e-19,
		"eB_22":2.374061758698136e-14,
		"eB_23":{
			"Re":-4.967148547265884e-19,
			"Im":1.2948252184036223e-19
		},
		"eB_31":{
			"Re":-2.8264443206036263e-15,
			"Im":-5.730498652425837e-17
		},
		"eB_32":{
			"Re":-8.353468926804825e-18,
			"Im":-2.1775636715566702e-18
		},
		"eB_33":3.2176734595358147e-13,
		"ed_1111":6.588247169983811e-12,
		"ed_1122":6.588247169983811e-12,
		"ed_1133":6.588247169983811e-12,
		"ed_1211":{
			"Re":-4.9396867692596984e-17,
			"Im":-4.8493417807566514e-18
		},
		"ed_1222":{
			"Re":-4.9396867692596984e-17,
			"Im":-4.8493417807566514e-18
		},
		"ed_1233":{
			"Re":-4.9396867692596984e-17,
			"Im":-4.8493417807566514e-18
		},
		"ed_1311":{
			"Re":-5.1436835979994053e-14,
			"Im":1.057320874054242e-15
		},
		"ed_1322":{
			"Re":-5.1436835979994053e-14,
			"Im":1.057320874054242e-15
		},
		"ed_1333":{
			"Re":-5.1436835979994053e-14,
			"Im":1.057320874054242e-15
		},
		"ed_2211":6.999259043247928e-12,
		"ed_2222":6.999259043247928e-12,
		"ed_2233":6.999259043247928e-12,
		"ed_2311":{
			"Re":-3.1827898326608245e-17,
			"Im":1.5611370497238455e-16
		},
		"ed_2322":{
			"Re":-3.1827898326608245e-17,
			"Im":1.5611370497238455e-16
		},
		"ed_2333":{
			"Re":-3.1827898326608245e-17,
			"Im":1.5611370497238455e-16
		},
		"ed_3311":5.588780119079116e-12,
		"ed_3322":5.588780119079116e-12,
		"ed_3333":5.588780119079116e-12,
		"ee_1111":-3.0611789445693655e-10,
		"ee_1112":{
			"Re":-1.0764557638671991e-12,
			"Im":3.6403500349635197e-13
		},
		"ee_1113":{
			"Re":3.128846160823344e-12,
			"Im":1.0204645578613295e-11
		},
		"ee_1122":-1.1627081103281951e-9,
		"ee_1123":{
			"Re":5.656689972879922e-14,
			"Im":-5.2221603653094434e-14
		},
		"ee_1133":-9.32398698582554e-10,
		"ee_1212":{
			"Re":-8.357715557717138e-11,
			"Im":2.4208919941202807e-10
		},
		"ee_1213":{
			"Re":-2.335292638880928e-11,
			"Im":1.1819764051876164e-11
		},
		"ee_1222":{
			"Re":7.486154169463417e-13,
			"Im":-9.605656759351383e-13
		},
		"ee_1223":{
			"Re":9.017008576658527e-12,
			"Im":-1.9916534070598477e-13
		},
		"ee_1232":{
			"Re":1.220528813203653e-11,
			"Im":-1.6735405671571754e-12
		},
		"ee_1233":{
			"Re":1.0218585985507423e-12,
			"Im":7.453621429702927e-13
		},
		"ee_1313":{
			"Re":1.9658465102045528e-10,
			"Im":6.067612838825646e-11
		},
		"ee_1323":{
			"Re":-7.912178966724913e-13,
			"Im":-5.681517156332843e-13
		},
		"ee_1333":{
			"Re":5.467338065272638e-12,
			"Im":-9.90161883428989e-12
		},
		"ee_2222":-3.455705312870725e-10,
		"ee_2223":{
			"Re":1.99268759669038e-11,
			"Im":1.928351581150201e-11
		},
		"ee_2233":-9.870482991403981e-10,
		"ee_2323":{
			"Re":-7.213317383528001e-12,
			"Im":-2.178530395577456e-10
		},
		"ee_2333":{
			"Re":-1.6010430384821786e-11,
			"Im":-1.5484613957725318e-11
		},
		"ee_3333":-2.219934516768624e-10,
		"ephi_11":1.1218326143887588e-17,
		"ephi_13":-8.487634700058754e-20,
		"ephi_21":-1.7303483351993026e-20,
		"ephi_22":2.4590849582285805e-15,
		"ephi_23":{
			"Re":-2.32342499756324e-20,
			"Im":4.127203389660754e-20
		},
		"ephi_31":{
			"Re":-2.934842943038985e-16,
			"Im":-6.008208165857879e-18
		},
		"ephi_32":{
			"Re":-3.8584829921927456e-19,
			"Im":-6.928144016157675e-19
		},
		"ephi_33":3.349649069641585e-14,
		"eu_1111":-1.3176494339967621e-11,
		"eu_1122":-1.3176494339967621e-11,
		"eu_1133":-1.3176494339967621e-11,
		"eu_1211":{
			"Re":9.879373538519397e-17,
			"Im":9.698683561513303e-18
		},
		"eu_1222":{
			"Re":9.879373538519397e-17,
			"Im":9.698683561513303e-18
		},
		"eu_1233":{
			"Re":9.879373538519397e-17,
			"Im":9.698683561513303e-18
		},
		"eu_1311":{
			"Re":1.0287367195998811e-13,
			"Im":-2.114641748108484e-15
		},
		"eu_1322":{
			"Re":1.0287367195998811e-13,
			"Im":-2.114641748108484e-15
		},
		"eu_1333":{
			"Re":1.0287367195998811e-13,
			"Im":-2.114641748108484e-15
		},
		"eu_2211":-1.3998518086495856e-11,
		"eu_2222":-1.3998518086495856e-11,
		"eu_2233":-1.3998518086495856e-11,
		"eu_2311":{
			"Re":6.365579665321649e-17,
			"Im":-3.122274099447691e-16
		},
		"eu_2322":{
			"Re":6.365579665321649e-17,
			"Im":-3.122274099447691e-16
		},
		"eu_2333":{
			"Re":6.365579665321649e-17,
			"Im":-3.122274099447691e-16
		},
		"eu_3311":-1.1177560238158232e-11,
		"eu_3322":-1.1177560238158232e-11,
		"eu_3333":-1.1177560238158232e-11,
		"phi":3.770521198607272e-17,
		"phiB":-7.886372216167614e-14,
		"phiBox":-9.384316517246093e-14,
		"phid_11":1.2053774605110367e-13,
		"phid_22":1.2053774605110367e-13,
		"phid_33":1.2053774605110367e-13,
		"phiD":-3.61613238153311e-13,
		"phie_11":-9.88237075497571e-12,
		"phie_12":{
			"Re":7.409530153890613e-17,
			"Im":7.274012671128666e-18
		},
		"phie_13":{
			"Re":7.715525396999027e-14,
			"Im":-1.5859813110812904e-15
		},
		"phie_22":-1.0498888564871897e-11,
		"phie_23":{
			"Re":4.774184749006383e-17,
			"Im":-2.3417055745842537e-16
		},
		"phie_33":-8.383170178618686e-12,
		"phil1_11":1.8080661817971403e-13,
		"phil1_13":2.3402891832749257e-20,
		"phil1_22":1.8076597373209665e-13,
		"phil1_23":1.4301633963318954e-20,
		"phil1_33":1.7154215122473652e-13,
		"phil3_13":2.3402891832749257e-20,
		"phil3_22":-4.064534455884118e-17,
		"phil3_23":1.4301633963318954e-20,
		"phil3_33":-9.264467851918963e-15,
		"phiq1_11":-6.026887302555184e-14,
		"phiq1_22":-6.026887302555184e-14,
		"phiq1_33":-6.026887302555184e-14,
		"phiu_11":-2.4107549210220734e-13,
		"phiu_22":-2.4107549210220734e-13,
		"phiu_33":-2.4107549210220734e-13,
		"ld_1111":-1.2053774605110367e-13,
		"ld_1122":-1.2053774605110367e-13,
		"ld_1133":-1.2053774605110367e-13,
		"ld_2211":-1.2053774605110367e-13,
		"ld_2222":-1.2053774605110367e-13,
		"ld_2233":-1.2053774605110367e-13,
		"ld_3311":-1.2053774605110367e-13,
		"ld_3322":-1.2053774605110367e-13,
		"ld_3333":-1.2053774605110367e-13,
		"le_1111":9.88237075497571e-12,
		"le_1112":{
			"Re":-7.409530153890613e-17,
			"Im":-7.274012671128666e-18
		},
		"le_1113":{
			"Re":-7.715525396999027e-14,
			"Im":1.5859813110812904e-15
		},
		"le_1122":1.0498888564871897e-11,
		"le_1123":{
			"Re":-4.774184749006383e-17,
			"Im":2.3417055745842537e-16
		},
		"le_1133":8.383170178618686e-12,
		"le_2211":9.88237075497571e-12,
		"le_2212":{
			"Re":-7.409530153890613e-17,
			"Im":-7.274012671128666e-18
		},
		"le_2213":{
			"Re":-7.715525396999027e-14,
			"Im":1.5859813110812904e-15
		},
		"le_2222":1.0498888564871897e-11,
		"le_2223":{
			"Re":-4.774184749006383e-17,
			"Im":2.3417055745842537e-16
		},
		"le_2233":8.383170178618686e-12,
		"le_3311":9.88237075497571e-12,
		"le_3312":{
			"Re":-7.409530153890613e-17,
			"Im":-7.274012671128666e-18
		},
		"le_3313":{
			"Re":-7.715525396999027e-14,
			"Im":1.5859813110812904e-15
		},
		"le_3322":1.0498888564871897e-11,
		"le_3323":{
			"Re":-4.774184749006383e-17,
			"Im":2.3417055745842537e-16
		},
		"le_3333":8.383170178618686e-12,
		"ll_1111":-9.040330953832775e-14,
		"ll_1122":-1.808066190766555e-13,
		"ll_1133":-1.808066190766555e-13,
		"ll_2222":-9.040330953832775e-14,
		"ll_2233":-1.808066190766555e-13,
		"ll_3333":-9.040330953832775e-14,
		"lq1_1111":6.026887302555184e-14,
		"lq1_1122":6.026887302555184e-14,
		"lq1_1133":6.026887302555184e-14,
		"lq1_2211":6.026887302555184e-14,
		"lq1_2222":6.026887302555184e-14,
		"lq1_2233":6.026887302555184e-14,
		"lq1_3311":6.026887302555184e-14,
		"lq1_3322":6.026887302555184e-14,
		"lq1_3333":6.026887302555184e-14,
		"lu_1111":2.4107549210220734e-13,
		"lu_1122":2.4107549210220734e-13,
		"lu_1133":2.4107549210220734e-13,
		"lu_2211":2.4107549210220734e-13,
		"lu_2222":2.4107549210220734e-13,