{
	"eft":"SMEFT",
	"basis":"Warsaw",
	"scale":1000,
	"values":{
		"dd_1111":-2.3909170670970756e-13,
		"dd_1122":-4.781834134194151e-13,
		"dd_1133":-4.781834134194151e-13,
		"dd_2222":-2.3909170670970756e-13,
		"dd_2233":-4.781834134194151e-13,
		"dd_3333":-2.3909170670970756e-13,
		"eB_11":2.298271328069814e-17,
		"eB_12":{
			"Re":-6.844466821303326e-19,
			"Im":7.017082306146044e-19
		},
		"eB_13":{
			"Re":-2.5512802129330466e-18,
			"Im":-1.0236237647019014e-17
		},
		"eB_21":{
			"Re":-1.415237503598648e-16,
			"Im":-1.45092938643325e-16
		},
		"eB_22":1.2802862831830667e-13,
		"eB_23":{
			"Re":6.1562734109594145e-15,
			"Im":-1.0106983626039624e-14
		},
		"eB_31":{
			"Re":-8.871714968233108e-15,
			"Im":3.559506411373286e-14
		},
		"eB_32":{
			"Re":1.0353271732099308e-13,
			"Im":1.699735227580789e-13
		},
		"eB_33":3.8285725944872835e-14,
		"ed_1111":4.492949435435627e-13,
		"ed_1122":4.492949435435627e-13,
		"ed_1133":4.492949435435627e-13,
		"ed_1211":{
			"Re":-5.6382668093358067e-14,
			"Im":5.74341496834376e-14
		},
		"ed_1222":{
			"Re":-5.6382668093358067e-14,
			"Im":5.74341496834376e-14
		},
		"ed_1233":{
			"Re":-5.6382668093358067e-14,
			"Im":5.74341496834376e-14
		},
		"ed_1311":{
			"Re":-2.090629060335625e-13,
			"Im":-8.390192940065506e-13
		},
		"ed_1322":{
			"Re":-2.090629060335625e-13,
			"Im":-8.390192940065506e-13
		},
		"ed_1333":{
			"Re":-2.090629060335625e-13,
			"Im":-8.390192940065506e-13
		},
		"ed_2211":4.714447082721459e-11,
		"ed_2222":4.714447082721459e-11,
		"ed_2233":4.714447082721459e-11,
		"ed_2311":{
			"Re":2.334633311327521e-12,
			"Im":-3.833226630799256e-12
		},
		"ed_2322":{
			"Re":2.334633311327521e-12,
			"Im":-3.833226630799256e-12
		},
		"ed_2333":{
			"Re":2.334633311327521e-12,
			"Im":-3.833226630799256e-12
		},
		"ed_3311":-5.509520086290233e-13,
		"ed_3322":-5.509520086290233e-13,
		"ed_3333":-5.509520086290233e-13,
		"ee_1111":3.576327148533103e-12,
		"ee_1112":{
			"Re":-1.1735881828003246e-13,
			"Im":1.2267728056625125e-13
		},
		"ee_1113":{
			"Re":-9.698605197981438e-13,
			"Im":-2.3686531029949716e-12
		},
		"ee_1122":-1.596253093923702e-10,
		"ee_1123":{
			"Re":-7.799046035170405e-12,
			"Im":1.2850769662278627e-11
		},
		"ee_1133":7.786885400149168e-13,
		"ee_1212":{
			"Re":9.160291109428107e-11,
			"Im":-1.1782281745252787e-10
		},
		"ee_1213":{
			"Re":-9.816635050207268e-12,
			"Im":-2.6165769577096396e-11
		},
		"ee_1222":{
			"Re":-1.7248913876858918e-12,
			"Im":-8.003745836381473e-12
		},
		"ee_1223":{
			"Re":3.224938109394455e-11,
			"Im":1.3472659630611544e-10
		},
		"ee_1232":{
			"Re":7.652404510047943e-11,
			"Im":1.1113252823064128e-10
		},
		"ee_1233":{
			"Re":1.5769543702614384e-11,
			"Im":8.242417183643717e-12
		},
		"ee_1313":{
			"Re":-1.2355350781364257e-12,
			"Im":7.163369003927525e-14
		},
		"ee_1323":{
			"Re":1.256783397335173e-11,
			"Im":3.967598383163544e-12
		},
		"ee_1333":{
			"Re":7.487849927239834e-14,
			"Im":-2.2177542381374335e-12
		},
		"ee_2222":-1.1444110266088952e-10,
		"ee_2223":{
			"Re":-9.906017754459465e-12,
			"Im":2.861644431064967e-11
		},
		"ee_2233":6.065410490055901e-11,
		"ee_2323":{
			"Re":-3.3072753383401834e-11,
			"Im":-5.720035753802077e-12
		},
		"ee_2333":{
			"Re":9.608664532475734e-13,
			"Im":-1.1328687359173812e-11
		},
		"ee_3333":1.7391872831851453e-13,
		"ephi_11":2.201899106702954e-17,
		"ephi_12":{
			"Re":-6.582130059971301e-19,
			"Im":6.71550841573437e-19
		},
		"ephi_13":{
			"Re":-2.445267852942848e-18,
			"Im":-9.812813229763925e-18
		},
		"ephi_21":{
			"Re":-1.3609909185305921e-16,
			"Im":-1.3885696253223008e-16
		},
		"ephi_22":1.1870232747847744e-13,
		"ephi_23":{
			"Re":5.709064076792798e-15,
			"Im":-9.373460793673139e-15
		},
		"ephi_31":{
			"Re":-8.497857935432518e-15,
			"Im":3.410174581642425e-14
		},
		"ephi_32":{
			"Re":9.595117098578335e-14,
			"Im":1.575380076870558e-13
		},
		"ephi_33":3.612506599246144e-14,
		"eu_1111":-8.985898870871254e-13,
		"eu_1122":-8.985898870871254e-13,
		"eu_1133":-8.985898870871254e-13,
		"eu_1211":{
			"Re":1.1276533618671613e-13,
			"Im":-1.148682993668752e-13
		},
		"eu_1222":{
			"Re":1.1276533618671613e-13,
			"Im":-1.148682993668752e-13
		},
		"eu_1233":{
			"Re":1.1276533618671613e-13,
			"Im":-1.148682993668752e-13
		},
		"eu_1311":{
			"Re":4.18125812067125e-13,
			"Im":1.6780385880131012e-12
		},
		"eu_1322":{
			"Re":4.18125812067125e-13,
			"Im":1.6780385880131012e-12
		},
		"eu_1333":{
			"Re":4.18125812067125e-13,
			"Im":1.6780385880131012e-12
		},
		"eu_2211":-9.428894165442918e-11,
		"eu_2222":-9.428894165442918e-11,
		"eu_2233":-9.428894165442918e-11,
		"eu_2311":{
			"Re":-4.669266622655042e-12,
			"Im":7.666453261598512e-12
		},
		"eu_2322":{
			"Re":-4.669266622655042e-12,
			"Im":7.666453261598512e-12
		},
		"eu_2333":{
			"Re":-4.669266622655042e-12,
			"Im":7.666453261598512e-12
		},
		"eu_3311":1.1019040172580466e-12,
		"eu_3322":1.1019040172580466e-12,
		"eu_3333":1.1019040172580466e-12,
		"phi":1.0014581056361944e-13,
		"phiB":-3.586434229961123e-12,
		"phiBox":-1.733453960175206e-12,
		"phid_11":7.172751201291227e-13,
		"phid_22":7.172751201291227e-13,
		"phid_33":7.172751201291227e-13,
		"phiD":-2.151825360387368e-12,
		"phie_11":-6.739424153153436e-13,
		"phie_12":{
			"Re":8.45740021400371e-14,
			"Im":-8.615122452515635e-14
		},
		"phie_13":{
			"Re":3.1359435905034365e-13,
			"Im":1.2585289410098256e-12
		},
		"phie_22":-7.071670624082186e-11,
		"phie_23":{
			"Re":-3.501949966991281e-12,
			"Im":5.749839946198883e-12
		},
		"phie_33":8.264280129435352e-13,
		"phil1_11":1.0759126800033877e-12,
		"phil1_13":{
			"Re":7.345758919043629e-20,
			"Im":2.947262853051938e-19
		},
		"phil1_22":1.0756934875929722e-12,
		"phil1_23":{
			"Re":-1.772541490636062e-16,
			"Im":2.9100474632010546e-16
		},
		"phil1_33":1.0748103406254706e-12,
		"phil3_13":{
			"Re":7.345758919043629e-20,
			"Im":2.947262853051938e-19
		},
		"phil3_22":-2.191926007117427e-16,
		"phil3_23":{
			"Re":-1.772541490636062e-16,
			"Im":2.9100474632010546e-16
		},
		"phil3_33":-1.102339568213435e-15,
		"phiq1_11":-3.5863756006456135e-13,
		"phiq1_22":-3.5863756006456135e-13,
		"phiq1_33":-3.5863756006456135e-13,
		"phiu_11":-1.4345502402582454e-12,
		"phiu_22":-1.4345502402582454e-12,
		"phiu_33":-1.4345502402582454e-12,
		"ld_1111":-7.172751201291227e-13,
		"ld_1122":-7.172751201291227e-13,
		"ld_1133":-7.172751201291227e-13,
		"ld_2211":-7.172751201291227e-13,
		"ld_2222":-7.172751201291227e-13,
		"ld_2233":-7.172751201291227e-13,
		"ld_3311":-7.172751201291227e-13,
		"ld_3322":-7.172751201291227e-13,
		"ld_3333":-7.172751201291227e-13,
		"le_1111":6.739424153153436e-13,
		"le_1112":{
			"Re":-8.45740021400371e-14,
			"Im":8.615122452515635e-14
		},
		"le_1113":{
			"Re":-3.1359435905034365e-13,
			"Im":-1.2585289410098256e-12
		},
		"le_1122":7.071670624082186e-11,
		"le_1123":{
			"Re":3.501949966991281e-12,
			"Im":-5.749839946198883e-12
		},
		"le_1133":-8.264280129435352e-13,
		"le_2211":6.739424153153436e-13,
		"le_2212":{
			"Re":-8.45740021400371e-14,
			"Im":8.615122452515635e-14
		},
		"le_2213":{
			"Re":-3.1359435905034365e-13,
			"Im":-1.2585289410098256e-12
		},
		"le_2222":7.071670624082186e-11,
		"le_2223":{
			"Re":3.501949966991281e-12,
			"Im":-5.749839946198883e-12
		},
		"le_2233":-8.264280129435352e-13,
		"le_3311":6.739424153153436e-13,
		"le_3312":{
			"Re":-8.45740021400371e-14,
			"Im":8.615122452515635e-14
		},
		"le_3313":{
			"Re":-3.1359435905034365e-13,
			"Im":-1.2585289410098256e-12
		},
		"le_3322":7.071670624082186e-11,
		"le_3323":{
			"Re":3.501949966991281e-12,
			"Im":-5.749839946198883e-12
		},
		"le_3333":-8.264280129435352e-13,
		"ll_1111":-5.37956340096842e-13,
		"ll_1122":-1.075912680193684e-12,
		"ll_1133":-1.075912680193684e-12,
		"ll_2222":-5.37956340096842e-13,
		"ll_2233":-1.075912680193684e-12,
		"ll_3333":-5.37956340096842e-13,
		"lq1_1111":3.5863756006456135e-13,
		"lq1_1122":3.5863756006456135e-13,