{
	"eft":"SMEFT",
	"basis":"Warsaw",
	"scale":1000,
	"values":{
		"dd_1111":-4.5043369392776693e-14,
		"dd_1122":-9.008673878555339e-14,
		"dd_1133":-9.008673878555339e-14,
		"dd_2222":-4.5043369392776693e-14,
		"dd_2233":-9.008673878555339e-14,
		"dd_3333":-4.5043369392776693e-14,
		"eB_11":1.2959383693167589e-16,
		"eB_21":{
			"Re":-1.0699650701580855e-18,
			"Im":-4.558825084947586e-19
		},
		"eB_22":1.809747832181282e-14,
		"eB_23":{
			"Re":-3.066705869258396e-17,
			"Im":2.2381377958944443e-16
		},
		"eB_31":{
			"Re":1.8356737969395473e-17,
			"Im":-5.796814834134498e-19
		},
		"eB_32":{
			"Re":-5.157412133505001e-16,
			"Im":-3.763973304617409e-15
		},
		"eB_33":4.207507849816823e-13,
		"ed_1111":8.728682334164547e-12,
		"ed_1122":8.728682334164547e-12,
		"ed_1133":8.728682334164547e-12,
		"ed_1211":{
			"Re":-3.2410517706072807e-16,
			"Im":1.6853900473634154e-16
		},
		"ed_1222":{
			"Re":-3.2410517706072807e-16,
			"Im":1.6853900473634154e-16
		},
		"ed_1233":{
			"Re":-3.2410517706072807e-16,
			"Im":1.6853900473634154e-16
		},
		"ed_1311":{
			"Re":3.3641614203033505e-16,
			"Im":-1.9133718027261833e-17
		},
		"ed_1322":{
			"Re":3.3641614203033505e-16,
			"Im":-1.9133718027261833e-17
		},
		"ed_1333":{
			"Re":3.3641614203033505e-16,
			"Im":-1.9133718027261833e-17
		},
		"ed_2211":5.7271019488863225e-12,
		"ed_2222":5.7271019488863225e-12,
		"ed_2233":5.7271019488863225e-12,
		"ed_2311":{
			"Re":-1.1244368980609042e-14,
			"Im":8.014100172247243e-14
		},
		"ed_2322":{
			"Re":-1.1244368980609042e-14,
			"Im":8.014100172247243e-14
		},
		"ed_2333":{
			"Re":-1.1244368980609042e-14,
			"Im":8.014100172247243e-14
		},
		"ed_3311":8.107924623201268e-12,
		"ed_3322":8.107924623201268e-12,
		"ed_3333":8.107924623201268e-12,
		"ee_1111":-2.5506582484255867e-10,
		"ee_1112":{
			"Re":5.728297511996172e-13,
			"Im":3.9990360853378035e-13
		},
		"ee_1113":{
			"Re":-2.9469177430441458e-12,
			"Im":-1.6935943463625126e-12
		},
		"ee_1122":-1.0222094327081625e-9,
		"ee_1123":{
			"Re":1.8759542685373416e-12,
			"Im":-1.3537385940081792e-11
		},
		"ee_1133":-1.43149784628186e-9,
		"ee_1212":{
			"Re":-2.7722360114389815e-10,
			"Im":-1.8188485675508532e-10
		},
		"ee_1213":{
			"Re":-8.731293048464515e-11,
			"Im":8.398623706957648e-11
		},
		"ee_1222":{
			"Re":-3.895369914196293e-13,
			"Im":3.0405839522227066e-14
		},
		"ee_1223":{
			"Re":-5.766685262750602e-14,
			"Im":1.5785817255953204e-13
		},
		"ee_1232":{
			"Re":2.157262602601733e-12,
			"Im":1.0694783237220755e-13
		},
		"ee_1233":{
			"Re":2.686084832119243e-13,
			"Im":-7.854979539787469e-13
		},
		"ee_1313":{
			"Re":-2.4834659797688856e-10,
			"Im":-4.0115508290731976e-10
		},
		"ee_1323":{
			"Re":-5.825562699297076e-13,
			"Im":-1.9484762446954147e-13
		},
		"ee_1333":{
			"Re":2.6619489268233805e-12,
			"Im":1.435452886356346e-12
		},
		"ee_2222":-1.2584247635091877e-10,
		"ee_2223":{
			"Re":1.863350046056068e-11,
			"Im":-8.524286918373238e-11
		},
		"ee_2233":-9.233456832171535e-10,
		"ee_2323":{
			"Re":2.761392446542254e-10,
			"Im":1.285825474095896e-10
		},
		"ee_2333":{
			"Re":-2.162600783196776e-11,
			"Im":9.619042069561644e-11
		},
		"ee_3333":-2.3308144519348826e-10,
		"ephi_11":9.891281555144267e-16,
		"ephi_12":{
			"Re":-3.670350230114907e-20,
			"Im":1.8052038199843304e-20
		},
		"ephi_13":3.7904459029295185e-20,
		"ephi_21":{
			"Re":-7.589219015653405e-18,
			"Im":-3.732637714515485e-18
		},
		"ephi_22":1.368134585917786e-13,
		"ephi_23":{
			"Re":-2.495836808089964e-16,
			"Im":1.7899944518855418e-15
		},
		"ephi_31":{
			"Re":1.3179658980259588e-16,
			"Im":4.041243464347257e-18
		},
		"ephi_32":{
			"Re":-4.1970548587585125e-15,
			"Im":-3.0100907915864494e-14
		},
		"ephi_33":3.2050730539413964e-12,
		"eu_1111":-1.7457364668329094e-11,
		"eu_1122":-1.7457364668329094e-11,
		"eu_1133":-1.7457364668329094e-11,
		"eu_1211":{
			"Re":6.482103541214561e-16,
			"Im":-3.370780094726831e-16
		},
		"eu_1222":{
			"Re":6.482103541214561e-16,
			"Im":-3.370780094726831e-16
		},
		"eu_1233":{
			"Re":6.482103541214561e-16,
			"Im":-3.370780094726831e-16
		},
		"eu_1311":{
			"Re":-6.728322840606701e-16,
			"Im":3.8267436054523666e-17
		},
		"eu_1322":{
			"Re":-6.728322840606701e-16,
			"Im":3.8267436054523666e-17
		},
		"eu_1333":{
			"Re":-6.728322840606701e-16,
			"Im":3.8267436054523666e-17
		},
		"eu_2211":-1.1454203897772645e-11,
		"eu_2222":-1.1454203897772645e-11,
		"eu_2233":-1.1454203897772645e-11,
		"eu_2311":{
			"Re":2.2488737961218084e-14,
			"Im":-1.6028200344494486e-13
		},
		"eu_2322":{
			"Re":2.2488737961218084e-14,
			"Im":-1.6028200344494486e-13
		},
		"eu_2333":{
			"Re":2.2488737961218084e-14,
			"Im":-1.6028200344494486e-13
		},
		"eu_3311":-1.6215849246402536e-11,
		"eu_3322":-1.6215849246402536e-11,
		"eu_3333":-1.6215849246402536e-11,
		"phi":1.3768816741872479e-11,
		"phiB":-6.0831480617299725e-12,
		"phiBox":-1.8357673941845975e-11,
		"phid_11":1.3513010817833005e-13,
		"phid_22":1.3513010817833005e-13,
		"phid_33":1.3513010817833005e-13,
		"phiD":-4.053903245349902e-13,
		"phie_11":-1.3093023501246822e-11,
		"phie_12":{
			"Re":4.861577655910876e-16,
			"Im":-2.5280850710451537e-16
		},
		"phie_13":{
			"Re":-5.046242130454917e-16,
			"Im":2.870057704090336e-17
		},
		"phie_22":-8.590652923329476e-12,
		"phie_23":{
			"Re":1.6866553470913626e-14,
			"Im":-1.2021150258370895e-13
		},
		"phie_33":-1.2161886934801894e-11,
		"phil1_11":2.026951611944612e-13,
		"phil1_22":2.026641783118612e-13,
		"phil1_23":{
			"Re":8.829795283557073e-19,
			"Im":-6.44414541095801e-18
		},
		"phil1_33":1.9058071942501103e-13,
		"phil3_22":-3.098395563389259e-17,
		"phil3_23":{
			"Re":8.829795283557073e-19,
			"Im":-6.44414541095801e-18
		},
		"phil3_33":-1.2114442842484071e-14,
		"phiq1_11":-6.756505408916503e-14,
		"phiq1_22":-6.756505408916503e-14,
		"phiq1_33":-6.756505408916503e-14,
		"phiu_11":-2.702602163566601e-13,
		"phiu_22":-2.702602163566601e-13,
		"phiu_33":-2.702602163566601e-13,
		"ld_1111":-1.3513010817833005e-13,
		"ld_1122":-1.3513010817833005e-13,
		"ld_1133":-1.3513010817833005e-13,
		"ld_2211":-1.3513010817833005e-13,
		"ld_2222":-1.3513010817833005e-13,
		"ld_2233":-1.3513010817833005e-13,
		"ld_3311":-1.3513010817833005e-13,
		"ld_3322":-1.3513010817833005e-13,
		"ld_3333":-1.3513010817833005e-13,
		"le_1111":1.3093023501246822e-11,
		"le_1112":{
			"Re":-4.861577655910876e-16,
			"Im":2.5280850710451537e-16
		},
		"le_1113":{
			"Re":5.046242130454917e-16,
			"Im":-2.870057704090336e-17
		},
		"le_1122":8.590652923329476e-12,
		"le_1123":{
			"Re":-1.6866553470913626e-14,
			"Im":1.2021150258370895e-13
		},
		"le_1133":1.2161886934801894e-11,
		"le_2211":1.3093023501246822e-11,
		"le_2212":{
			"Re":-4.861577655910876e-16,
			"Im":2.5280850710451537e-16
		},
		"le_2213":{
			"Re":5.046242130454917e-16,
			"Im":-2.870057704090336e-17
		},
		"le_2222":8.590652923329476e-12,
		"le_2223":{
			"Re":-1.6866553470913626e-14,
			"Im":1.2021150258370895e-13
		},
		"le_2233":1.2161886934801894e-11,
		"le_3311":1.3093023501246822e-11,
		"le_3312":{
			"Re":-4.861577655910876e-16,
			"Im":2.5280850710451537e-16
		},
		"le_3313":{
			"Re":5.046242130454917e-16,
			"Im":-2.870057704090336e-17
		},
		"le_3322":8.590652923329476e-12,
		"le_3323":{
			"Re":-1.6866553470913626e-14,
			"Im":1.2021150258370895e-13
		},
		"le_3333":1.2161886934801894e-11,
		"ll_1111":-1.0134758113374755e-13,
		"ll_1122":-2.026951622674951e-13,
		"ll_1133":-2.026951622674951e-13,
		"ll_2222":-1.0134758113374755e-13,
		"ll_2233":-2.026951622674951e-13,
		"ll_3333":-1.0134758113374755e-13,
		"lq1_1111":6.756505408916503e-14,
		"lq1_1122":6.756505408916503e-14,
		"lq1_1133":6.756505408916503e-14,
		"lq1_2211":6.756505408916503e-14,
		"lq1_2222":6.756505408916503e-14,
		"lq1_2233":6.756505408916503e-14,
		"lq1_3311":6.756505408916503e-14,
		"lq1_3322":6.756505408916503e-14,
		"lq1_3333":6.756505408916503e-14,
		"lu_1111":2.702602163566601e-13,