{
	"eft":"SMEFT",
	"basis":"Warsaw",
	"scale":1000,
	"values":{
		"dd_1111":-7.985372965971815e-14,
		"dd_1122":-1.597074593194363e-13,
		"dd_1133":-1.597074593194363e-13,
		"dd_2222":-7.985372965971815e-14,
		"dd_2233":-1.597074593194363e-13,
		"dd_3333":-7.985372965971815e-14,
		"eB_11":1.6847555462632476e-16,
		"eB_12":{
			"Re":1.1108026280461201e-20,
			"Im":5.79235303208932e-20
		},
		"eB_13":{
			"Re":1.7157260599392307e-17,
			"Im":-8.197730627208445e-18
		},
		"eB_21":{
			"Re":2.2968181150562494e-18,
			"Im":-1.1976908441693873e-17
		},
		"eB_22":2.1169890619492536e-14,
		"eB_23":{
			"Re":-3.6997793947735295e-17,
			"Im":-1.2015751072662453e-16
		},
		"eB_31":{
			"Re":5.966193948508397e-14,
			"Im":2.850644517300467e-14
		},
		"eB_32":{
			"Re":-6.2220793109544685e-16,
			"Im":2.02074091932106e-15
		},
		"eB_33":1.0482834229386205e-12,
		"ed_1111":9.989664352905907e-12,
		"ed_1122":9.989664352905907e-12,
		"ed_1133":9.989664352905907e-12,
		"ed_1211":{
			"Re":3.877979664383901e-16,
			"Im":3.563111868996177e-15
		},
		"ed_1222":{
			"Re":3.877979664383901e-16,
			"Im":3.563111868996177e-15
		},
		"ed_1233":{
			"Re":3.877979664383901e-16,
			"Im":3.563111868996177e-15
		},
		"ed_1311":{
			"Re":1.0734650203753025e-12,
			"Im":-5.126753758040551e-13
		},
		"ed_1322":{
			"Re":1.0734650203753025e-12,
			"Im":-5.126753758040551e-13
		},
		"ed_1333":{
			"Re":1.0734650203753025e-12,
			"Im":-5.126753758040551e-13
		},
		"ed_2211":5.873039826812852e-12,
		"ed_2222":5.873039826812852e-12,
		"ed_2233":5.873039826812852e-12,
		"ed_2311":{
			"Re":-1.3040389165453629e-14,
			"Im":-3.502813785941289e-14
		},
		"ed_2322":{
			"Re":-1.3040389165453629e-14,
			"Im":-3.502813785941289e-14
		},
		"ed_2333":{
			"Re":-1.3040389165453629e-14,
			"Im":-3.502813785941289e-14
		},
		"ed_3311":1.8309662830717787e-11,
		"ed_3322":1.8309662830717787e-11,
		"ed_3333":1.8309662830717787e-11,
		"ee_1111":-3.862068756237602e-10,
		"ee_1112":{
			"Re":-5.864571148560198e-12,
			"Im":-4.1786489739593195e-12
		},
		"ee_1113":{
			"Re":-6.910369283013251e-11,
			"Im":9.37217817342141e-11
		},
		"ee_1122":-7.816580601126495e-10,
		"ee_1123":{
			"Re":-3.3996866943143027e-13,
			"Im":4.934279859471745e-12
		},
		"ee_1133":-2.3614758993756068e-9,
		"ee_1212":{
			"Re":-1.1483183036655588e-10,
			"Im":-1.1340562009099486e-10
		},
		"ee_1213":{
			"Re":-4.870705846472177e-11,
			"Im":-6.882951728866942e-12
		},
		"ee_1222":{
			"Re":4.023767851777572e-12,
			"Im":5.845685162782689e-13
		},
		"ee_1223":{
			"Re":-8.04475600833431e-11,
			"Im":3.8452095487846137e-11
		},
		"ee_1232":{
			"Re":-4.106424039189266e-11,
			"Im":-1.6310843291196832e-11
		},
		"ee_1233":{
			"Re":-1.3206258909703036e-11,
			"Im":2.098488655871575e-12
		},
		"ee_1313":{
			"Re":4.330509162079092e-10,
			"Im":-1.9284521374105039e-10
		},
		"ee_1323":{
			"Re":-6.339849386640947e-12,
			"Im":1.0838596467880586e-11
		},
		"ee_1333":{
			"Re":-1.5771477378751262e-10,
			"Im":2.075852134115269e-11
		},
		"ee_2222":-1.364591601678702e-10,
		"ee_2223":{
			"Re":2.472885697075829e-11,
			"Im":-1.499731448609286e-11
		},
		"ee_2233":-1.4052442612350668e-9,
		"ee_2323":{
			"Re":-1.037714824733334e-10,
			"Im":2.720467649633736e-10
		},
		"ee_2333":{
			"Re":-7.209287063357772e-11,
			"Im":5.587438878904222e-11
		},
		"ee_3333":-1.269542132939757e-9,
		"ephi_11":-1.1220820964418355e-16,
		"ephi_12":{
			"Re":0.0,
			"Im":-3.83074919568755e-20
		},
		"ephi_13":{
			"Re":-1.1471963048809397e-17,
			"Im":5.4796089816190224e-18
		},
		"ephi_21":{
			"Re":-1.0616333375049315e-18,
			"Im":7.920904731550816e-18
		},
		"ephi_22":-1.408443544143882e-14,
		"ephi_23":{
			"Re":2.7594179586658596e-17,
			"Im":7.828319814538631e-17
		},
		"ephi_31":{
			"Re":-3.992718844093577e-14,
			"Im":-1.9071316626025248e-14
		},
		"ephi_32":{
			"Re":4.644276656552058e-16,
			"Im":-1.3177058939865861e-15
		},
		"ephi_33":-6.990352777948495e-13,
		"eu_1111":-1.9979328705811815e-11,
		"eu_1122":-1.9979328705811815e-11,
		"eu_1133":-1.9979328705811815e-11,
		"eu_1211":{
			"Re":-7.755959328767802e-16,
			"Im":-7.126223737992354e-15
		},
		"eu_1222":{
			"Re":-7.755959328767802e-16,
			"Im":-7.126223737992354e-15
		},
		"eu_1233":{
			"Re":-7.755959328767802e-16,
			"Im":-7.126223737992354e-15
		},
		"eu_1311":{
			"Re":-2.146930040750605e-12,
			"Im":1.0253507516081103e-12
		},
		"eu_1322":{
			"Re":-2.146930040750605e-12,
			"Im":1.0253507516081103e-12
		},
		"eu_1333":{
			"Re":-2.146930040750605e-12,
			"Im":1.0253507516081103e-12
		},
		"eu_2211":-1.1746079653625704e-11,
		"eu_2222":-1.1746079653625704e-11,
		"eu_2233":-1.1746079653625704e-11,
		"eu_2311":{
			"Re":2.6080778330907258e-14,
			"Im":7.005627571882579e-14
		},
		"eu_2322":{
			"Re":2.6080778330907258e-14,
			"Im":7.005627571882579e-14
		},
		"eu_2333":{
			"Re":2.6080778330907258e-14,
			"Im":7.005627571882579e-14
		},
		"eu_3311":-3.6619325661435574e-11,
		"eu_3322":-3.6619325661435574e-11,
		"eu_3333":-3.6619325661435574e-11,
		"phi":-2.054808417465607e-14,
		"phiB":1.0182697672623396e-12,
		"phiBox":-4.682188331709406e-13,
		"phid_11":2.395611889791544e-13,
		"phid_22":2.395611889791544e-13,
		"phid_33":2.395611889791544e-13,
		"phiD":-7.186835669374633e-13,
		"phie_11":-1.4984496529358867e-11,
		"phie_12":{
			"Re":-5.816969496575347e-16,
			"Im":-5.344667803494251e-15
		},
		"phie_13":{
			"Re":-1.6101975305629523e-12,
			"Im":7.690130637060824e-13
		},
		"phie_22":-8.809559740219274e-12,
		"phie_23":{
			"Re":1.956058374818067e-14,
			"Im":5.254220678911916e-14
		},
		"phie_33":-2.7464494246076675e-11,
		"phil1_11":3.5934178207375807e-13,
		"phil1_13":{
			"Re":-4.939994416742206e-19,
			"Im":2.3603268886526484e-19
		},
		"phil1_22":3.5930553936112367e-13,
		"phil1_23":{
			"Re":1.0652568600611146e-18,
			"Im":3.45962823540836e-18
		},
		"phil1_33":3.291591431428998e-13,
		"phil3_13":{
			"Re":-4.939994416742206e-19,
			"Im":2.3603268886526484e-19
		},
		"phil3_22":-3.624410760797145e-17,
		"phil3_23":{
			"Re":1.0652568600611146e-18,
			"Im":3.45962823540836e-18
		},
		"phil3_33":-3.0182640325831785e-14,
		"phiq1_11":-1.197805944895772e-13,
		"phiq1_22":-1.197805944895772e-13,
		"phiq1_33":-1.197805944895772e-13,
		"phiu_11":-4.791223779583088e-13,
		"phiu_22":-4.791223779583088e-13,
		"phiu_33":-4.791223779583088e-13,
		"ld_1111":-2.395611889791544e-13,
		"ld_1122":-2.395611889791544e-13,
		"ld_1133":-2.395611889791544e-13,
		"ld_2211":-2.395611889791544e-13,
		"ld_2222":-2.395611889791544e-13,
		"ld_2233":-2.395611889791544e-13,
		"ld_3311":-2.395611889791544e-13,
		"ld_3322":-2.395611889791544e-13,
		"ld_3333":-2.395611889791544e-13,
		"le_1111":1.4984496529358867e-11,
		"le_1112":{
			"Re":5.816969496575347e-16,
			"Im":5.344667803494251e-15
		},
		"le_1113":{
			"Re":1.6101975305629523e-12,
			"Im":-7.690130637060824e-13
		},
		"le_1122":8.809559740219274e-12,
		"le_1123":{
			"Re":-1.956058374818067e-14,
			"Im":-5.254220678911916e-14
		},
		"le_1133":2.7464494246076675e-11,
		"le_2211":1.4984496529358867e-11,
		"le_2212":{
			"Re":5.816969496575347e-16,
			"Im":5.344667803494251e-15
		},
		"le_2213":{
			"Re":1.6101975305629523e-12,
			"Im":-7.690130637060824e-13
		},
		"le_2222":8.809559740219274e-12,
		"le_2223":{
			"Re":-1.956058374818067e-14,
			"Im":-5.254220678911916e-14
		},
		"le_2233":2.7464494246076675e-11,
		"le_3311":1.4984496529358867e-11,
		"le_3312":{
			"Re":5.816969496575347e-16,
			"Im":5.344667803494251e-15
		},
		"le_3313":{
			"Re":1.6101975305629523e-12,
			"Im":-7.690130637060824e-13
		},
		"le_3322":8.809559740219274e-12,
		"le_3323":{
			"Re":-1.956058374818067e-14,
			"Im":-5.254220678911916e-14
		},
		"le_3333":2.7464494246076675e-11,
		"ll_1111":-1.7967089173436582e-13,
		"ll_1122":-3.5934178346873163e-13,
		"ll_1133":-3.5934178346873163e-13,
		"ll_2222":-1.7967089173436582e-13,
		"ll_2233":-3.5934178346873163e-13,
		"ll_3333":-1.7967089173436582e-13,
		"lq1_1111":1.197805944895772e-13,
		"lq1_1122":1.197805944895772e-13,