{
	"eft":"SMEFT",
	"basis":"Warsaw",
	"scale":1000,
	"values":{
		"dd_1111":-9.34082353169482e-14,
		"dd_1122":-1.868164706338964e-13,
		"dd_1133":-1.868164706338964e-13,
		"dd_2222":-9.34082353169482e-14,
		"dd_2233":-1.868164706338964e-13,
		"dd_3333":-9.34082353169482e-14,
		"eB_11":7.449062276948271e-17,
		"eB_12":{
			"Re":1.7358065007923306e-20,
			"Im":-3.6030284829549225e-20
		},
		"eB_13":{
			"Re":-6.198529475351645e-17,
			"Im":9.315651915568268e-17
		},
		"eB_21":{
			"Re":3.589145105160909e-18,
			"Im":7.450019364168619e-18
		},
		"eB_22":3.837363486092855e-14,
		"eB_23":{
			"Re":-3.6428129467811185e-19,
			"Im":4.2527765925980085e-18
		},
		"eB_31":{
			"Re":-2.155450681142192e-13,
			"Im":-3.239385784409144e-13
		},
		"eB_32":{
			"Re":-6.1262763672007126e-18,
			"Im":-7.152078658616675e-17
		},
		"eB_33":5.850310721948574e-13,
		"ed_1111":4.11760822228164e-12,
		"ed_1122":4.11760822228164e-12,
		"ed_1133":4.11760822228164e-12,
		"ed_1211":{
			"Re":6.657793538416481e-16,
			"Im":-2.3885240169763787e-15
		},
		"ed_1222":{
			"Re":6.657793538416481e-16,
			"Im":-2.3885240169763787e-15
		},
		"ed_1233":{
			"Re":6.657793538416481e-16,
			"Im":-2.3885240169763787e-15
		},
		"ed_1311":{
			"Re":-3.892624848596427e-12,
			"Im":5.8501441345441435e-12
		},
		"ed_1322":{
			"Re":-3.892624848596427e-12,
			"Im":5.8501441345441435e-12
		},
		"ed_1333":{
			"Re":-3.892624848596427e-12,
			"Im":5.8501441345441435e-12
		},
		"ed_2211":1.1099792145579499e-11,
		"ed_2222":1.1099792145579499e-11,
		"ed_2233":1.1099792145579499e-11,
		"ed_2311":{
			"Re":1.2618852973155858e-16,
			"Im":6.460016298139088e-16
		},
		"ed_2322":{
			"Re":1.2618852973155858e-16,
			"Im":6.460016298139088e-16
		},
		"ed_2333":{
			"Re":1.2618852973155858e-16,
			"Im":6.460016298139088e-16
		},
		"ed_3311":1.000465445497713e-11,
		"ed_3322":1.000465445497713e-11,
		"ed_3333":1.000465445497713e-11,
		"ee_1111":-6.681400578061015e-11,
		"ee_1112":{
			"Re":2.762487235404828e-11,
			"Im":-5.975953321708048e-12
		},
		"ee_1113":{
			"Re":1.2049957680411097e-10,
			"Im":-1.8105533973027446e-10
		},
		"ee_1122":{
			"Re":-5.039431637523636e-10,
			"Im":-1.5220469006622362e-20
		},
		"ee_1123":{
			"Re":-6.210397396507634e-11,
			"Im":6.008253064962778e-11
		},
		"ee_1133":{
			"Re":-6.676915593647924e-10,
			"Im":1.2088968387062604e-20
		},
		"ee_1212":{
			"Re":-8.608696270359921e-11,
			"Im":5.0602148729687856e-11
		},
		"ee_1213":{
			"Re":-1.5443241186984782e-11,
			"Im":3.9911225643871596e-11
		},
		"ee_1222":{
			"Re":-7.655392888516745e-11,
			"Im":2.5185621567886004e-11
		},
		"ee_1223":{
			"Re":4.470395528502941e-10,
			"Im":-6.715308697451198e-10
		},
		"ee_1232":{
			"Re":2.743759833856308e-10,
			"Im":1.3338175693091065e-10
		},
		"ee_1233":{
			"Re":1.2770123558368413e-10,
			"Im":-2.8553705446876656e-11
		},
		"ee_1313":{
			"Re":6.868962191632174e-11,
			"Im":1.6411737061756373e-10
		},
		"ee_1323":{
			"Re":-1.1792048937956946e-11,
			"Im":-6.490592609004788e-11
		},
		"ee_1333":{
			"Re":2.8254624632533653e-10,
			"Im":-4.2455701063023723e-10
		},
		"ee_2222":{
			"Re":-3.977263500498211e-10,
			"Im":1.0783689699305822e-20
		},
		"ee_2223":{
			"Re":9.514735565931379e-11,
			"Im":-7.608602767918141e-11
		},
		"ee_2233":{
			"Re":-1.1792752678249601e-9,
			"Im":-3.497517781636173e-20
		},
		"ee_2323":{
			"Re":-3.119811441543037e-11,
			"Im":2.3062382442743086e-10
		},
		"ee_2333":{
			"Re":-7.228686799780135e-11,
			"Im":6.89511760234333e-11
		},
		"ee_3333":-3.6561439426440506e-10,
		"ephi_11":-1.0435885884727982e-16,
		"ephi_12":{
			"Re":-1.7686381268908332e-20,
			"Im":5.244326044172234e-20
		},
		"ephi_13":{
			"Re":8.680147207540598e-17,
			"Im":-1.3045216030339663e-16
		},
		"ephi_21":{
			"Re":-3.6570388571415665e-18,
			"Im":-1.0843762835738163e-17
		},
		"ephi_22":-5.377747242438277e-14,
		"ephi_23":{
			"Re":-2.552062907988289e-19,
			"Im":-3.868990920948957e-18
		},
		"ephi_31":{
			"Re":3.0196648419467353e-13,
			"Im":4.5381926453155014e-13
		},
		"ephi_32":{
			"Re":-4.288326957217576e-18,
			"Im":6.510838229902516e-17
		},
		"ephi_33":-8.19238980798464e-13,
		"eu_1111":-8.23521644456328e-12,
		"eu_1122":-8.23521644456328e-12,
		"eu_1133":-8.23521644456328e-12,
		"eu_1211":{
			"Re":-1.3315587076832963e-15,
			"Im":4.777048033952757e-15
		},
		"eu_1222":{
			"Re":-1.3315587076832963e-15,
			"Im":4.777048033952757e-15
		},
		"eu_1233":{
			"Re":-1.3315587076832963e-15,
			"Im":4.777048033952757e-15
		},
		"eu_1311":{
			"Re":7.785249697192854e-12,
			"Im":-1.1700288269088287e-11
		},
		"eu_1322":{
			"Re":7.785249697192854e-12,
			"Im":-1.1700288269088287e-11
		},
		"eu_1333":{
			"Re":7.785249697192854e-12,
			"Im":-1.1700288269088287e-11
		},
		"eu_2211":-2.2199584291158997e-11,
		"eu_2222":-2.2199584291158997e-11,
		"eu_2233":-2.2199584291158997e-11,
		"eu_2311":{
			"Re":-2.5237705946311715e-16,
			"Im":-1.2920032596278177e-15
		},
		"eu_2322":{
			"Re":-2.5237705946311715e-16,
			"Im":-1.2920032596278177e-15
		},
		"eu_2333":{
			"Re":-2.5237705946311715e-16,
			"Im":-1.2920032596278177e-15
		},
		"eu_3311":-2.000930890995426e-11,
		"eu_3322":-2.000930890995426e-11,
		"eu_3333":-2.000930890995426e-11,
		"phi":-2.187857091581488e-13,
		"phiB":2.4869784918992166e-12,
		"phiBox":-1.681621471292431e-12,
		"phid_11":2.802247059508446e-13,
		"phid_22":2.802247059508446e-13,
		"phid_33":2.802247059508446e-13,
		"phiD":-8.406741178525337e-13,
		"phie_11":-6.176412333422457e-12,
		"phie_12":{
			"Re":-9.986690307625227e-16,
			"Im":3.582786025464631e-15
		},
		"phie_13":{
			"Re":5.838937272894638e-12,
			"Im":-8.77521620181621e-12
		},
		"phie_22":-1.6649688218369235e-11,
		"phie_23":{
			"Re":-1.8928279459703494e-16,
			"Im":-9.690024447209642e-16
		},
		"phie_33":-1.5006981682465685e-11,
		"phil1_11":4.203370583094863e-13,
		"phil1_13":{
			"Re":1.7847080437382783e-18,
			"Im":-2.6822037343683687e-18
		},
		"phil1_22":4.202713609887476e-13,
		"phil1_23":{
			"Re":1.0488548281865288e-20,
			"Im":-1.2244782610462226e-19
		},
		"phil1_33":4.0349258533725067e-13,
		"phil3_13":{
			"Re":1.7847080437382783e-18,
			"Im":-2.6822037343683687e-18
		},
		"phil3_22":-6.569793751923709e-17,
		"phil3_23":{
			"Re":1.0488548281865288e-20,
			"Im":-1.2244782610462226e-19
		},
		"phil3_33":-1.6844473589016163e-14,
		"phiq1_11":-1.401123529754223e-13,
		"phiq1_22":-1.401123529754223e-13,
		"phiq1_33":-1.401123529754223e-13,
		"phiu_11":-5.604494119016892e-13,
		"phiu_22":-5.604494119016892e-13,
		"phiu_33":-5.604494119016892e-13,
		"ld_1111":-2.802247059508446e-13,
		"ld_1122":-2.802247059508446e-13,
		"ld_1133":-2.802247059508446e-13,
		"ld_2211":-2.802247059508446e-13,
		"ld_2222":-2.802247059508446e-13,
		"ld_2233":-2.802247059508446e-13,
		"ld_3311":-2.802247059508446e-13,
		"ld_3322":-2.802247059508446e-13,
		"ld_3333":-2.802247059508446e-13,
		"le_1111":6.176412333422457e-12,
		"le_1112":{
			"Re":9.986690307625227e-16,
			"Im":-3.582786025464631e-15
		},
		"le_1113":{
			"Re":-5.838937272894638e-12,
			"Im":8.77521620181621e-12
		},
		"le_1122":1.6649688218369235e-11,
		"le_1123":{
			"Re":1.8928279459703494e-16,
			"Im":9.690024447209642e-16
		},
		"le_1133":1.5006981682465685e-11,
		"le_2211":6.176412333422457e-12,
		"le_2212":{
			"Re":9.986690307625227e-16,
			"Im":-3.582786025464631e-15
		},
		"le_2213":{
			"Re":-5.838937272894638e-12,
			"Im":8.77521620181621e-12
		},
		"le_2222":1.6649688218369235e-11,
		"le_2223":{
			"Re":1.8928279459703494e-16,
			"Im":9.690024447209642e-16
		},
		"le_2233":1.5006981682465685e-11,
		"le_3311":6.176412333422457e-12,
		"le_3312":{
			"Re":9.986690307625227e-16,
			"Im":-3.582786025464631e-15
		},
		"le_3313":{
			"Re":-5.838937272894638e-12,
			"Im":8.77521620181621e-12
		},
		"le_3322":1.6649688218369235e-11,
		"le_3323":{
			"Re":1.8928279459703494e-16,
			"Im":9.690024447209642e-16
		},
		"le_3333":1.5006981682465685e-11,
		"ll_1111":-2.1016852946313343e-13,
		"ll_1122":-4.2033705892626686e-13,