{
	"eft":"SMEFT",
	"basis":"Warsaw",
	"scale":1000,
	"values":{
		"dd_1111":-1.2501180577540093e-13,
		"dd_1122":-2.5002361155080186e-13,
		"dd_1133":-2.5002361155080186e-13,
		"dd_2222":-1.2501180577540093e-13,
		"dd_2233":-2.5002361155080186e-13,
		"dd_3333":-1.2501180577540093e-13,
		"eB_11":1.6215899050917995e-16,
		"eB_12":{
			"Re":3.0790530771157393e-19,
			"Im":4.971322432110641e-19
		},
		"eB_13":{
			"Re":-3.6406149264125735e-18,
			"Im":6.731254929964352e-18
		},
		"eB_21":{
			"Re":6.366589982936366e-17,
			"Im":-1.0279254954536385e-16
		},
		"eB_22":2.645646402149718e-14,
		"eB_23":{
			"Re":1.9397714638568597e-17,
			"Im":3.454464899845663e-17
		},
		"eB_31":{
			"Re":-1.2659721880998634e-14,
			"Im":-2.340698399745907e-14
		},
		"eB_32":{
			"Re":3.262197716516352e-16,
			"Im":-5.809523295932953e-16
		},
		"eB_33":4.869063042449399e-13,
		"ed_1111":1.0185323665510616e-11,
		"ed_1122":1.0185323665510616e-11,
		"ed_1133":1.0185323665510616e-11,
		"ed_1211":{
			"Re":2.075542817057482e-14,
			"Im":3.3511175827366914e-14
		},
		"ed_1222":{
			"Re":2.075542817057482e-14,
			"Im":3.3511175827366914e-14
		},
		"ed_1233":{
			"Re":2.075542817057482e-14,
			"Im":3.3511175827366914e-14
		},
		"ed_1311":{
			"Re":-2.4594541339436486e-13,
			"Im":4.547322433998521e-13
		},
		"ed_1322":{
			"Re":-2.4594541339436486e-13,
			"Im":4.547322433998521e-13
		},
		"ed_1333":{
			"Re":-2.4594541339436486e-13,
			"Im":4.547322433998521e-13
		},
		"ed_2211":7.874664723061597e-12,
		"ed_2222":7.874664723061597e-12,
		"ed_2233":7.874664723061597e-12,
		"ed_2311":{
			"Re":6.323218153566312e-15,
			"Im":1.1262384466484193e-14
		},
		"ed_2322":{
			"Re":6.323218153566312e-15,
			"Im":1.1262384466484193e-14
		},
		"ed_2333":{
			"Re":6.323218153566312e-15,
			"Im":1.1262384466484193e-14
		},
		"ed_3311":8.689847883002983e-12,
		"ed_3322":8.689847883002983e-12,
		"ed_3333":8.689847883002983e-12,
		"ee_1111":{
			"Re":-1.900496869293472e-10,
			"Im":-1.0939069397753121e-20
		},
		"ee_1112":{
			"Re":-6.566188919960747e-13,
			"Im":-1.2485915030489882e-12
		},
		"ee_1113":{
			"Re":6.211452746832158e-11,
			"Im":1.4266962740125953e-10
		},
		"ee_1122":-6.295771309511713e-10,
		"ee_1123":{
			"Re":7.279339969809311e-13,
			"Im":-4.819374123940262e-13
		},
		"ee_1133":{
			"Re":-5.372931233670506e-10,
			"Im":4.3740024784445525e-20
		},
		"ee_1212":{
			"Re":-6.784855062146071e-11,
			"Im":1.6942681987693326e-10
		},
		"ee_1213":{
			"Re":-5.480939447360458e-13,
			"Im":2.5350464821796916e-13
		},
		"ee_1222":{
			"Re":-4.901299335826847e-13,
			"Im":-8.418919710717035e-13
		},
		"ee_1223":{
			"Re":1.4678065714973468e-11,
			"Im":-2.7135755247515582e-11
		},
		"ee_1232":{
			"Re":1.2729684132568558e-10,
			"Im":9.09420862689698e-11
		},
		"ee_1233":{
			"Re":-1.3120541781968938e-12,
			"Im":-1.6088914678278203e-12
		},
		"ee_1313":{
			"Re":1.3949774202942606e-10,
			"Im":-1.1051085217934091e-10
		},
		"ee_1323":{
			"Re":-3.136171729140569e-14,
			"Im":-1.3461684133421535e-12
		},
		"ee_1333":{
			"Re":-4.832202666205818e-11,
			"Im":-1.681805208401884e-10
		},
		"ee_2222":-8.950140426398293e-11,
		"ee_2223":{
			"Re":5.230459761154493e-14,
			"Im":-2.0296185304637865e-13
		},
		"ee_2233":-5.403280917184835e-10,
		"ee_2323":{
			"Re":-1.327727454188557e-10,
			"Im":-7.505391044030799e-11
		},
		"ee_2333":{
			"Re":-1.0061399781180506e-12,
			"Im":-5.469955792530268e-13
		},
		"ee_3333":{
			"Re":-1.4811214688874496e-10,
			"Im":-1.0930894526855624e-20
		},
		"ephi_11":-1.5308250224489322e-17,
		"ephi_12":{
			"Re":-2.9057896310795546e-20,
			"Im":-4.691602664020298e-20
		},
		"ephi_13":{
			"Re":3.4198087693375065e-19,
			"Im":-6.322954238968905e-19
		},
		"ephi_21":{
			"Re":-6.008463655032414e-18,
			"Im":9.701089089805117e-18
		},
		"ephi_22":-2.496726954294108e-15,
		"ephi_23":{
			"Re":-1.8191449617352716e-18,
			"Im":-3.2399784622212e-18
		},
		"ephi_31":{
			"Re":1.196630362200311e-15,
			"Im":2.2124743998070713e-15
		},
		"ephi_32":{
			"Re":-3.07843972961037e-17,
			"Im":5.482835219270054e-17
		},
		"ephi_33":-4.566994536325077e-14,
		"eu_1111":-2.0370647331021233e-11,
		"eu_1122":-2.0370647331021233e-11,
		"eu_1133":-2.0370647331021233e-11,
		"eu_1211":{
			"Re":-4.151085634114964e-14,
			"Im":-6.702235165473383e-14
		},
		"eu_1222":{
			"Re":-4.151085634114964e-14,
			"Im":-6.702235165473383e-14
		},
		"eu_1233":{
			"Re":-4.151085634114964e-14,
			"Im":-6.702235165473383e-14
		},
		"eu_1311":{
			"Re":4.918908267887297e-13,
			"Im":-9.094644867997042e-13
		},
		"eu_1322":{
			"Re":4.918908267887297e-13,
			"Im":-9.094644867997042e-13
		},
		"eu_1333":{
			"Re":4.918908267887297e-13,
			"Im":-9.094644867997042e-13
		},
		"eu_2211":-1.5749329446123195e-11,
		"eu_2222":-1.5749329446123195e-11,
		"eu_2233":-1.5749329446123195e-11,
		"eu_2311":{
			"Re":-1.2646436307132624e-14,
			"Im":-2.2524768932968385e-14
		},
		"eu_2322":{
			"Re":-1.2646436307132624e-14,
			"Im":-2.2524768932968385e-14
		},
		"eu_2333":{
			"Re":-1.2646436307132624e-14,
			"Im":-2.2524768932968385e-14
		},
		"eu_3311":-1.7379695766005967e-11,
		"eu_3322":-1.7379695766005967e-11,
		"eu_3333":-1.7379695766005967e-11,
		"phi":-7.701261306603678e-17,
		"phiB":2.1325386267182527e-13,
		"phiBox":-2.8936063680803237e-13,
		"phid_11":3.7503541732620277e-13,
		"phid_22":3.7503541732620277e-13,
		"phid_33":3.7503541732620277e-13,
		"phiD":-1.1251062519786082e-12,
		"phie_11":-1.5277985498265917e-11,
		"phie_12":{
			"Re":-3.1133142255862205e-14,
			"Im":-5.026676374105033e-14
		},
		"phie_13":{
			"Re":3.689181200915484e-13,
			"Im":-6.820983650997802e-13
		},
		"phie_22":-1.1811997084592383e-11,
		"phie_23":{
			"Re":-9.48482723034946e-15,
			"Im":-1.6893576699726272e-14
		},
		"phie_33":-1.3034771824504466e-11,
		"phil1_11":5.625531246466316e-13,
		"phil1_13":{
			"Re":1.0482219644448162e-19,
			"Im":-1.9380927146884105e-19
		},
		"phil1_22":5.625078309546648e-13,
		"phil1_23":{
			"Re":-5.585075860856374e-19,
			"Im":-9.946248248204616e-19
		},
		"phil1_33":5.485339041530875e-13,
		"phil3_13":{
			"Re":1.0482219644448162e-19,
			"Im":-1.9380927146884105e-19
		},
		"phil3_22":-4.529503463936912e-17,
		"phil3_23":{
			"Re":-5.585075860856374e-19,
			"Im":-9.946248248204616e-19
		},
		"phil3_33":-1.4019221836216615e-14,
		"phiq1_11":-1.8751770866310138e-13,
		"phiq1_22":-1.8751770866310138e-13,
		"phiq1_33":-1.8751770866310138e-13,
		"phiu_11":-7.500708346524055e-13,
		"phiu_22":-7.500708346524055e-13,
		"phiu_33":-7.500708346524055e-13,
		"ld_1111":-3.7503541732620277e-13,
		"ld_1122":-3.7503541732620277e-13,
		"ld_1133":-3.7503541732620277e-13,
		"ld_2211":-3.7503541732620277e-13,
		"ld_2222":-3.7503541732620277e-13,
		"ld_2233":-3.7503541732620277e-13,
		"ld_3311":-3.7503541732620277e-13,
		"ld_3322":-3.7503541732620277e-13,
		"ld_3333":-3.7503541732620277e-13,
		"le_1111":1.5277985498265917e-11,
		"le_1112":{
			"Re":3.1133142255862205e-14,
			"Im":5.026676374105033e-14
		},
		"le_1113":{
			"Re":-3.689181200915484e-13,
			"Im":6.820983650997802e-13
		},
		"le_1122":1.1811997084592383e-11,
		"le_1123":{
			"Re":9.48482723034946e-15,
			"Im":1.6893576699726272e-14
		},
		"le_1133":1.3034771824504466e-11,
		"le_2211":1.5277985498265917e-11,
		"le_2212":{
			"Re":3.1133142255862205e-14,
			"Im":5.026676374105033e-14
		},
		"le_2213":{
			"Re":-3.689181200915484e-13,
			"Im":6.820983650997802e-13
		},
		"le_2222":1.1811997084592383e-11,
		"le_2223":{
			"Re":9.48482723034946e-15,
			"Im":1.6893576699726272e-14
		},
		"le_2233":1.3034771824504466e-11,
		"le_3311":1.5277985498265917e-11,
		"le_3312":{
			"Re":3.1133142255862205e-14,
			"Im":5.026676374105033e-14
		},
		"le_3313":{
			"Re":-3.689181200915484e-13,
			"Im":6.820983650997802e-13
		},
		"le_3322":1.1811997084592383e-11,
		"le_3323":{
			"Re":9.48482723034946e-15,
			"Im":1.6893576699726272e-14
		},
		"le_3333":1.3034771824504466e-11,
		"ll_1111":-2.8127656299465206e-13,
		"ll_1122":-5.625531259893041e-13,