{
	"eft":"SMEFT",
	"basis":"Warsaw",
	"scale":1000,
	"values":{
		"dd_1111":-4.623946546812418e-14,
		"dd_1122":-9.247893093624836e-14,
		"dd_1133":-9.247893093624836e-14,
		"dd_2222":-4.623946546812418e-14,
		"dd_2233":-9.247893093624836e-14,
		"dd_3333":-4.623946546812418e-14,
		"eB_11":1.411493139482229e-16,
		"eB_13":{
			"Re":3.802398214083975e-20,
			"Im":-6.983544836557526e-20
		},
		"eB_21":{
			"Re":8.723118225713503e-19,
			"Im":1.0080201806110376e-18
		},
		"eB_22":4.032944557458238e-14,
		"eB_23":{
			"Re":-2.7831144589539385e-15,
			"Im":1.0466434846058817e-15
		},
		"eB_31":{
			"Re":1.3222300310260947e-16,
			"Im":2.4284286353079764e-16
		},
		"eB_32":{
			"Re":-4.680484171445235e-14,
			"Im":-1.7601856966692547e-14
		},
		"eB_33":1.4493521676285085e-13,
		"ed_1111":8.44487106160994e-12,
		"ed_1122":8.44487106160994e-12,
		"ed_1133":8.44487106160994e-12,
		"ed_1211":{
			"Re":2.2223544363182673e-16,
			"Im":-3.1501278529875726e-16
		},
		"ed_1222":{
			"Re":2.2223544363182673e-16,
			"Im":-3.1501278529875726e-16
		},
		"ed_1233":{
			"Re":2.2223544363182673e-16,
			"Im":-3.1501278529875726e-16
		},
		"ed_1311":{
			"Re":1.9049537680115085e-15,
			"Im":-4.294541251940965e-15
		},
		"ed_1322":{
			"Re":1.9049537680115085e-15,
			"Im":-4.294541251940965e-15
		},
		"ed_1333":{
			"Re":1.9049537680115085e-15,
			"Im":-4.294541251940965e-15
		},
		"ed_2211":1.1778784338855492e-11,
		"ed_2222":1.1778784338855492e-11,
		"ed_2233":1.1778784338855492e-11,
		"ed_2311":{
			"Re":-8.321116592083204e-13,
			"Im":3.1293227727092033e-13
		},
		"ed_2322":{
			"Re":-8.321116592083204e-13,
			"Im":3.1293227727092033e-13
		},
		"ed_2333":{
			"Re":-8.321116592083204e-13,
			"Im":3.1293227727092033e-13
		},
		"ed_3311":2.297546266407953e-12,
		"ed_3322":2.297546266407953e-12,
		"ed_3333":2.297546266407953e-12,
		"ee_1111":-5.973612574713752e-10,
		"ee_1112":{
			"Re":-1.3967935838231934e-11,
			"Im":-4.312529211203208e-12
		},
		"ee_1113":{
			"Re":-1.6013991051180926e-10,
			"Im":8.314506778481561e-12
		},
		"ee_1122":-2.2202866381259585e-9,
		"ee_1123":{
			"Re":1.658503428973023e-10,
			"Im":-6.226569053912661e-11
		},
		"ee_1133":-3.2861733183700575e-10,
		"ee_1212":{
			"Re":2.780082353953861e-10,
			"Im":-2.1001393877406543e-10
		},
		"ee_1213":{
			"Re":-4.482931072354726e-11,
			"Im":5.1819342415487435e-11
		},
		"ee_1222":{
			"Re":-1.4621656422530998e-11,
			"Im":2.048303309441852e-11
		},
		"ee_1223":{
			"Re":1.3930891209043056e-12,
			"Im":-3.4149754865600707e-12
		},
		"ee_1232":{
			"Re":-2.2670388450701208e-10,
			"Im":1.5508765578193996e-10
		},
		"ee_1233":{
			"Re":3.727817688516372e-11,
			"Im":-3.9194510792763606e-11
		},
		"ee_1313":{
			"Re":-5.6568698839158714e-11,
			"Im":2.6854953910841106e-12
		},
		"ee_1323":{
			"Re":3.835357439589829e-12,
			"Im":-1.4957252962383762e-12
		},
		"ee_1333":{
			"Re":4.4530427519188475e-11,
			"Im":2.082902190786456e-13
		},
		"ee_2222":-9.431411684079715e-10,
		"ee_2223":{
			"Re":1.0012485599951793e-10,
			"Im":-5.6330665582254757e-11
		},
		"ee_2233":{
			"Re":-6.249833658951937e-10,
			"Im":-1.6323028465631306e-20
		},
		"ee_2323":{
			"Re":-8.676685878152885e-11,
			"Im":-4.9241400779385215e-11
		},
		"ee_2333":{
			"Re":5.7210021139466775e-11,
			"Im":-2.6961564555517815e-12
		},
		"ee_3333":-4.888508503081539e-11,
		"ephi_11":1.2144952387711935e-17,
		"ephi_21":{
			"Re":6.733641219334224e-20,
			"Im":8.949525423354423e-20
		},
		"ephi_22":3.4708644038471296e-15,
		"ephi_23":{
			"Re":-2.4117617666311803e-16,
			"Im":9.069907076874268e-17
		},
		"ephi_31":{
			"Re":9.87559529408307e-18,
			"Im":2.0824335152729006e-17
		},
		"ephi_32":{
			"Re":-4.028553337318139e-15,
			"Im":-1.5150171689514526e-15
		},
		"ephi_33":1.2553828233077097e-14,
		"eu_1111":-1.688974212321988e-11,
		"eu_1122":-1.688974212321988e-11,
		"eu_1133":-1.688974212321988e-11,
		"eu_1211":{
			"Re":-4.444708872636535e-16,
			"Im":6.300255705975145e-16
		},
		"eu_1222":{
			"Re":-4.444708872636535e-16,
			"Im":6.300255705975145e-16
		},
		"eu_1233":{
			"Re":-4.444708872636535e-16,
			"Im":6.300255705975145e-16
		},
		"eu_1311":{
			"Re":-3.809907536023017e-15,
			"Im":8.58908250388193e-15
		},
		"eu_1322":{
			"Re":-3.809907536023017e-15,
			"Im":8.58908250388193e-15
		},
		"eu_1333":{
			"Re":-3.809907536023017e-15,
			"Im":8.58908250388193e-15
		},
		"eu_2211":-2.3557568677710984e-11,
		"eu_2222":-2.3557568677710984e-11,
		"eu_2233":-2.3557568677710984e-11,
		"eu_2311":{
			"Re":1.6642233184166408e-12,
			"Im":-6.258645545418407e-13
		},
		"eu_2322":{
			"Re":1.6642233184166408e-12,
			"Im":-6.258645545418407e-13
		},
		"eu_2333":{
			"Re":1.6642233184166408e-12,
			"Im":-6.258645545418407e-13
		},
		"eu_3311":-4.595092532815906e-12,
		"eu_3322":-4.595092532815906e-12,
		"eu_3333":-4.595092532815906e-12,
		"phi":2.5954648503185507e-17,
		"phiB":-7.646966506889096e-14,
		"phiBox":-1.068490997228192e-13,
		"phid_11":1.3871839640437252e-13,
		"phid_22":1.3871839640437252e-13,
		"phid_33":1.3871839640437252e-13,
		"phiD":-4.1615518921311757e-13,
		"phie_11":-1.2667306592414903e-11,
		"phie_12":{
			"Re":-3.333531654477906e-16,
			"Im":4.725191779481296e-16
		},
		"phie_13":{
			"Re":-2.8574306520176666e-15,
			"Im":6.441811877911454e-15
		},
		"phie_22":-1.7668176508283234e-11,
		"phie_23":{
			"Re":1.2481674888124809e-12,
			"Im":-4.693984159063804e-13
		},
		"phie_33":-3.446319399611927e-12,
		"phil1_11":2.080775934378458e-13,
		"phil1_22":2.0800854820516505e-13,
		"phil1_23":{
			"Re":8.013266342107104e-17,
			"Im":-3.0135422495452654e-17
		},
		"phil1_33":2.0390455569134193e-13,
		"phil3_22":-6.904640139373739e-17,
		"phil3_23":{
			"Re":8.013266342107104e-17,
			"Im":-3.0135422495452654e-17
		},
		"phil3_33":-4.173038915216849e-15,
		"phiq1_11":-6.935919820218626e-14,
		"phiq1_22":-6.935919820218626e-14,
		"phiq1_33":-6.935919820218626e-14,
		"phiu_11":-2.7743679280874505e-13,
		"phiu_22":-2.7743679280874505e-13,
		"phiu_33":-2.7743679280874505e-13,
		"ld_1111":-1.3871839640437252e-13,
		"ld_1122":-1.3871839640437252e-13,
		"ld_1133":-1.3871839640437252e-13,
		"ld_2211":-1.3871839640437252e-13,
		"ld_2222":-1.3871839640437252e-13,
		"ld_2233":-1.3871839640437252e-13,
		"ld_3311":-1.3871839640437252e-13,
		"ld_3322":-1.3871839640437252e-13,
		"ld_3333":-1.3871839640437252e-13,
		"le_1111":1.2667306592414903e-11,
		"le_1112":{
			"Re":3.333531654477906e-16,
			"Im":-4.725191779481296e-16
		},
		"le_1113":{
			"Re":2.8574306520176666e-15,
			"Im":-6.441811877911454e-15
		},
		"le_1122":1.7668176508283234e-11,
		"le_1123":{
			"Re":-1.2481674888124809e-12,
			"Im":4.693984159063804e-13
		},
		"le_1133":3.446319399611927e-12,
		"le_2211":1.2667306592414903e-11,
		"le_2212":{
			"Re":3.333531654477906e-16,
			"Im":-4.725191779481296e-16
		},
		"le_2213":{
			"Re":2.8574306520176666e-15,
			"Im":-6.441811877911454e-15
		},
		"le_2222":1.7668176508283234e-11,
		"le_2223":{
			"Re":-1.2481674888124809e-12,
			"Im":4.693984159063804e-13
		},
		"le_2233":3.446319399611927e-12,
		"le_3311":1.2667306592414903e-11,
		"le_3312":{
			"Re":3.333531654477906e-16,
			"Im":-4.725191779481296e-16
		},
		"le_3313":{
			"Re":2.8574306520176666e-15,
			"Im":-6.441811877911454e-15
		},
		"le_3322":1.7668176508283234e-11,
		"le_3323":{
			"Re":-1.2481674888124809e-12,
			"Im":4.693984159063804e-13
		},
		"le_3333":3.446319399611927e-12,
		"ll_1111":-1.0403879730327939e-13,
		"ll_1122":-2.0807759460655878e-13,
		"ll_1133":-2.0807759460655878e-13,
		"ll_2222":-1.0403879730327939e-13,
		"ll_2233":-2.0807759460655878e-13,
		"ll_3333":-1.0403879730327939e-13,
		"lq1_1111":6.935919820218626e-14,
		"lq1_1122":6.935919820218626e-14,
		"lq1_1133":6.935919820218626e-14,
		"lq1_2211":6.935919820218626e-14,
		"lq1_2222":6.935919820218626e-14,
		"lq1_2233":6.935919820218626e-14,
		"lq1_3311":6.935919820218626e-14,
		"lq1_3322":6.935919820218626e-14,
		"lq1_3333":6.935919820218626e-14,
		"lu_1111":2.7743679280874505e-13,
		"lu_1122":2.7743679280874505e-13,