{
	"eft":"SMEFT",
	"basis":"Warsaw",
	"scale":1000,
	"values":{
		"dd_1111":-4.6896528504014915e-14,
		"dd_1122":-9.379305700802983e-14,
		"dd_1133":-9.379305700802983e-14,
		"dd_2222":-4.6896528504014915e-14,
		"dd_2233":-9.379305700802983e-14,
		"dd_3333":-4.6896528504014915e-14,
		"eB_11":1.0740913034751317e-16,
		"eB_13":{
			"Re":4.544063965698935e-19,
			"Im":7.3475535700883e-20
		},
		"eB_21":{
			"Re":-1.7233370223588075e-18,
			"Im":-1.0598611678633581e-18
		},
		"eB_22":3.27601282316421e-14,
		"eB_23":{
			"Re":1.2398374561412318e-15,
			"Im":2.7009328193720367e-16
		},
		"eB_31":{
			"Re":1.5801337734969472e-15,
			"Im":-2.5550075078859124e-16
		},
		"eB_32":{
			"Re":2.0850883692419444e-14,
			"Im":-4.5422757474226306e-15
		},
		"eB_33":4.250734925305097e-14,
		"ed_1111":7.197656710356601e-12,
		"ed_1122":7.197656710356601e-12,
		"ed_1133":7.197656710356601e-12,
		"ed_1211":{
			"Re":-6.03817397999606e-16,
			"Im":3.7821768817169005e-16
		},
		"ed_1222":{
			"Re":-6.03817397999606e-16,
			"Im":3.7821768817169005e-16
		},
		"ed_1233":{
			"Re":-6.03817397999606e-16,
			"Im":3.7821768817169005e-16
		},
		"ed_1311":{
			"Re":3.1641794863507585e-14,
			"Im":5.112927405868491e-15
		},
		"ed_1322":{
			"Re":3.1641794863507585e-14,
			"Im":5.112927405868491e-15
		},
		"ed_1333":{
			"Re":3.1641794863507585e-14,
			"Im":5.112927405868491e-15
		},
		"ed_2211":1.0757631227909788e-11,
		"ed_2222":1.0757631227909788e-11,
		"ed_2233":1.0757631227909788e-11,
		"ed_2311":{
			"Re":4.178428310027908e-13,
			"Im":9.102514172842405e-14
		},
		"ed_2322":{
			"Re":4.178428310027908e-13,
			"Im":9.102514172842405e-14
		},
		"ed_2333":{
			"Re":4.178428310027908e-13,
			"Im":9.102514172842405e-14
		},
		"ed_3311":5.688490010422288e-13,
		"ed_3322":5.688490010422288e-13,
		"ed_3333":5.688490010422288e-13,
		"ee_1111":-1.6108916758139328e-10,
		"ee_1112":{
			"Re":7.217373335388059e-12,
			"Im":-5.9377623650979284e-12
		},
		"ee_1113":{
			"Re":-1.294370587130356e-12,
			"Im":-7.608654969731437e-13
		},
		"ee_1122":-1.498535378719499e-9,
		"ee_1123":{
			"Re":-5.7479794835821027e-11,
			"Im":-1.248421146007686e-11
		},
		"ee_1133":-9.558948583410787e-11,
		"ee_1212":{
			"Re":-9.544456989131014e-11,
			"Im":4.979155577808682e-10
		},
		"ee_1213":{
			"Re":-1.7829570903117087e-11,
			"Im":4.210446631369232e-11
		},
		"ee_1222":{
			"Re":-1.0400948725235419e-11,
			"Im":8.63737915393063e-12
		},
		"ee_1223":{
			"Re":-7.564759753791171e-12,
			"Im":-4.794393890209865e-13
		},
		"ee_1232":{
			"Re":-9.29671364469598e-13,
			"Im":4.425566541581211e-12
		},
		"ee_1233":{
			"Re":-4.159034721182885e-13,
			"Im":3.821764016561079e-13
		},
		"ee_1313":{
			"Re":2.0281247591788956e-11,
			"Im":-3.116450488193406e-11
		},
		"ee_1323":{
			"Re":7.161298626614031e-13,
			"Im":-3.941649044815347e-13
		},
		"ee_1333":{
			"Re":-2.2541042229973194e-13,
			"Im":-3.4141004768290654e-13
		},
		"ee_2222":-3.6474905749815425e-10,
		"ee_2223":{
			"Re":-1.9482575856863117e-11,
			"Im":-4.473154834779457e-12
		},
		"ee_2233":-1.3921521161113036e-10,
		"ee_2323":{
			"Re":-5.240223800679022e-11,
			"Im":-2.1481118037293757e-11
		},
		"ee_2333":{
			"Re":-1.0309772590819632e-11,
			"Im":-2.0539129043360813e-12
		},
		"ee_3333":-6.529905124131037e-13,
		"ephi_11":4.700070040115608e-18,
		"ephi_13":2.0151643707239325e-20,
		"ephi_21":{
			"Re":-7.761243172465225e-20,
			"Im":-4.83760973900289e-20
		},
		"ephi_22":1.4342475653690339e-15,
		"ephi_23":{
			"Re":5.501227567656555e-17,
			"Im":1.1984176533305732e-17
		},
		"ephi_31":{
			"Re":6.914580434526609e-17,
			"Im":-1.1175191998604289e-17
		},
		"ephi_32":{
			"Re":9.129541043141933e-16,
			"Im":-1.9888293784000729e-16
		},
		"ephi_33":1.883549356242344e-15,
		"eu_1111":-1.4395313420713203e-11,
		"eu_1122":-1.4395313420713203e-11,
		"eu_1133":-1.4395313420713203e-11,
		"eu_1211":{
			"Re":1.207634795999212e-15,
			"Im":-7.564353763433801e-16
		},
		"eu_1222":{
			"Re":1.207634795999212e-15,
			"Im":-7.564353763433801e-16
		},
		"eu_1233":{
			"Re":1.207634795999212e-15,
			"Im":-7.564353763433801e-16
		},
		"eu_1311":{
			"Re":-6.328358972701517e-14,
			"Im":-1.0225854811736981e-14
		},
		"eu_1322":{
			"Re":-6.328358972701517e-14,
			"Im":-1.0225854811736981e-14
		},
		"eu_1333":{
			"Re":-6.328358972701517e-14,
			"Im":-1.0225854811736981e-14
		},
		"eu_2211":-2.1515262455819575e-11,
		"eu_2222":-2.1515262455819575e-11,
		"eu_2233":-2.1515262455819575e-11,
		"eu_2311":{
			"Re":-8.356856620055816e-13,
			"Im":-1.820502834568481e-13
		},
		"eu_2322":{
			"Re":-8.356856620055816e-13,
			"Im":-1.820502834568481e-13
		},
		"eu_2333":{
			"Re":-8.356856620055816e-13,
			"Im":-1.820502834568481e-13
		},
		"eu_3311":-1.1376980020844575e-12,
		"eu_3322":-1.1376980020844575e-12,
		"eu_3333":-1.1376980020844575e-12,
		"phi":2.6853419732835936e-18,
		"phiB":-3.6238420864136555e-14,
		"phiBox":-1.0613946838422195e-13,
		"phid_11":1.4068958551204474e-13,
		"phid_22":1.4068958551204474e-13,
		"phid_33":1.4068958551204474e-13,
		"phiD":-4.220687565361342e-13,
		"phie_11":-1.0796485065534904e-11,
		"phie_12":{
			"Re":9.057260969993868e-16,
			"Im":-5.673265322575131e-16
		},
		"phie_13":{
			"Re":-4.746269229526138e-14,
			"Im":-7.669391108802734e-15
		},
		"phie_22":-1.613644684186468e-11,
		"phie_23":{
			"Re":-6.267642465041861e-13,
			"Im":-1.3653771259263606e-13
		},
		"phie_33":-8.532735015633427e-13,
		"phil1_11":2.1103437737872205e-13,
		"phil1_13":-1.3083470108664842e-20,
		"phil1_22":2.1097829098664368e-13,
		"phil1_23":{
			"Re":-3.569794883935316e-17,
			"Im":-7.776645327731555e-18
		},
		"phil1_33":2.098104878529036e-13,
		"phil3_13":-1.3083470108664842e-20,
		"phil3_22":-5.608728142342394e-17,
		"phil3_23":{
			"Re":-3.569794883935316e-17,
			"Im":-7.776645327731555e-18
		},
		"phil3_33":-1.2238904151634865e-15,
		"phiq1_11":-7.034479275602237e-14,
		"phiq1_22":-7.034479275602237e-14,
		"phiq1_33":-7.034479275602237e-14,
		"phiu_11":-2.813791710240895e-13,
		"phiu_22":-2.813791710240895e-13,
		"phiu_33":-2.813791710240895e-13,
		"ld_1111":-1.4068958551204474e-13,
		"ld_1122":-1.4068958551204474e-13,
		"ld_1133":-1.4068958551204474e-13,
		"ld_2211":-1.4068958551204474e-13,
		"ld_2222":-1.4068958551204474e-13,
		"ld_2233":-1.4068958551204474e-13,
		"ld_3311":-1.4068958551204474e-13,
		"ld_3322":-1.4068958551204474e-13,
		"ld_3333":-1.4068958551204474e-13,
		"le_1111":1.0796485065534904e-11,
		"le_1112":{
			"Re":-9.057260969993868e-16,
			"Im":5.673265322575131e-16
		},
		"le_1113":{
			"Re":4.746269229526138e-14,
			"Im":7.669391108802734e-15
		},
		"le_1122":1.613644684186468e-11,
		"le_1123":{
			"Re":6.267642465041861e-13,
			"Im":1.3653771259263606e-13
		},
		"le_1133":8.532735015633427e-13,
		"le_2211":1.0796485065534904e-11,
		"le_2212":{
			"Re":-9.057260969993868e-16,
			"Im":5.673265322575131e-16
		},
		"le_2213":{
			"Re":4.746269229526138e-14,
			"Im":7.669391108802734e-15
		},
		"le_2222":1.613644684186468e-11,
		"le_2223":{
			"Re":6.267642465041861e-13,
			"Im":1.3653771259263606e-13
		},
		"le_2233":8.532735015633427e-13,
		"le_3311":1.0796485065534904e-11,
		"le_3312":{
			"Re":-9.057260969993868e-16,
			"Im":5.673265322575131e-16
		},
		"le_3313":{
			"Re":4.746269229526138e-14,
			"Im":7.669391108802734e-15
		},
		"le_3322":1.613644684186468e-11,
		"le_3323":{
			"Re":6.267642465041861e-13,
			"Im":1.3653771259263606e-13
		},
		"le_3333":8.532735015633427e-13,
		"ll_1111":-1.0551718913403355e-13,
		"ll_1122":-2.110343782680671e-13,
		"ll_1133":-2.110343782680671e-13,
		"ll_2222":-1.0551718913403355e-13,
		"ll_2233":-2.110343782680671e-13,
		"ll_3333":-1.0551718913403355e-13,
		"lq1_1111":7.034479275602237e-14,
		"lq1_1122":7.034479275602237e-14,
		"lq1_1133":7.034479275602237e-14,
		"lq1_2211":7.034479275602237e-14,
		"lq1_2222":7.034479275602237e-14,
		"lq1_2233":7.034479275602237e-14,
		"lq1_3311":7.034479275602237e-14,
		"lq1_3322":7.034479275602237e-14,
		"lq1_3333":7.034479275602237e-14,