{
	"eft":"SMEFT",
	"basis":"Warsaw",
	"scale":1000,
	"values":{
		"dd_1111":-1.9883860079414192e-13,
		"dd_1122":-3.9767720158828384e-13,
		"dd_1133":-3.9767720158828384e-13,
		"dd_2222":-1.9883860079414192e-13,
		"dd_2233":-3.9767720158828384e-13,
		"dd_3333":-1.9883860079414192e-13,
		"eB_11":1.8325227635174307e-16,
		"eB_21":{
			"Re":-1.9175926092546572e-19,
			"Im":-4.352272102070225e-19
		},
		"eB_22":1.0508687467304656e-13,
		"eB_23":{
			"Re":-3.012982178897894e-15,
			"Im":-1.086327101943944e-14
		},
		"eB_31":{
			"Re":-3.242780897191941e-17,
			"Im":1.647387414817788e-17
		},
		"eB_32":{
			"Re":-5.067062675704192e-14,
			"Im":1.8269233553447446e-13
		},
		"eB_33":5.599082280230035e-13,
		"ed_1111":1.0043313776722971e-11,
		"ed_1122":1.0043313776722971e-11,
		"ed_1133":1.0043313776722971e-11,
		"ed_1211":{
			"Re":-5.800915171706151e-17,
			"Im":1.2823240490529222e-16
		},
		"ed_1222":{
			"Re":-5.800915171706151e-17,
			"Im":1.2823240490529222e-16
		},
		"ed_1233":{
			"Re":-5.800915171706151e-17,
			"Im":1.2823240490529222e-16
		},
		"ed_1311":{
			"Re":-5.689461456515191e-16,
			"Im":-2.98129405124694e-16
		},
		"ed_1322":{
			"Re":-5.689461456515191e-16,
			"Im":-2.98129405124694e-16
		},
		"ed_1333":{
			"Re":-5.689461456515191e-16,
			"Im":-2.98129405124694e-16
		},
		"ed_2211":2.991488573590926e-11,
		"ed_2222":2.991488573590926e-11,
		"ed_2233":2.991488573590926e-11,
		"ed_2311":{
			"Re":-8.911793520216652e-13,
			"Im":-3.213091829982511e-12
		},
		"ed_2322":{
			"Re":-8.911793520216652e-13,
			"Im":-3.213091829982511e-12
		},
		"ed_2333":{
			"Re":-8.911793520216652e-13,
			"Im":-3.213091829982511e-12
		},
		"ed_3311":8.68003473573969e-12,
		"ed_3322":8.68003473573969e-12,
		"ed_3333":8.68003473573969e-12,
		"ee_1111":-1.7338691523663532e-10,
		"ee_1112":{
			"Re":2.7116168563927033e-13,
			"Im":1.6272282235862227e-13
		},
		"ee_1113":{
			"Re":-5.844815084004826e-13,
			"Im":2.0024990317611678e-12
		},
		"ee_1122":-1.6621707285795965e-9,
		"ee_1123":{
			"Re":4.851103365767682e-11,
			"Im":1.7490541094888343e-10
		},
		"ee_1133":-5.06248886215027e-10,
		"ee_1212":{
			"Re":1.5035489428832256e-10,
			"Im":-2.8364089824962414e-10
		},
		"ee_1213":{
			"Re":-7.361763195919564e-11,
			"Im":-4.0974834648069566e-11
		},
		"ee_1222":{
			"Re":-5.817990006996685e-14,
			"Im":-8.895556309438737e-13
		},
		"ee_1223":{
			"Re":-1.4185975972695488e-13,
			"Im":5.82337293706794e-14
		},
		"ee_1232":{
			"Re":-5.615044184807511e-12,
			"Im":-1.0611274419275277e-12
		},
		"ee_1233":{
			"Re":-3.1369294731707526e-13,
			"Im":1.470058855042202e-12
		},
		"ee_1313":{
			"Re":7.946832282469464e-11,
			"Im":6.02788158692757e-11
		},
		"ee_1323":{
			"Re":2.7219157771158244e-13,
			"Im":1.2154197533863504e-14
		},
		"ee_1333":{
			"Re":6.335579204771096e-13,
			"Im":-1.655508311463856e-12
		},
		"ee_2222":-1.5008069923536464e-9,
		"ee_2223":{
			"Re":1.4393560975629867e-10,
			"Im":2.703418166257684e-10
		},
		"ee_2233":-1.4457456162089843e-9,
		"ee_2323":{
			"Re":-1.9688135186162847e-11,
			"Im":2.559290191775047e-10
		},
		"ee_2333":{
			"Re":-2.8938507543326583e-11,
			"Im":1.42392894093764e-10
		},
		"ee_3333":-1.3566514766919799e-10,
		"ephi_11":-1.8823417874916143e-16,
		"ephi_21":{
			"Re":1.997299044053137e-19,
			"Im":4.450579490906358e-19
		},
		"ephi_22":-1.0781166796706291e-13,
		"ephi_23":{
			"Re":3.087590727095576e-15,
			"Im":1.1132163766796162e-14
		},
		"ephi_31":{
			"Re":3.319377274608481e-17,
			"Im":-1.723151844182112e-17
		},
		"ephi_32":{
			"Re":5.1955025929251584e-14,
			"Im":-1.8732141383452471e-13
		},
		"ephi_33":-5.748090610519247e-13,
		"eu_1111":-2.0086627553445943e-11,
		"eu_1122":-2.0086627553445943e-11,
		"eu_1133":-2.0086627553445943e-11,
		"eu_1211":{
			"Re":1.1601830343412303e-16,
			"Im":-2.5646480981058444e-16
		},
		"eu_1222":{
			"Re":1.1601830343412303e-16,
			"Im":-2.5646480981058444e-16
		},
		"eu_1233":{
			"Re":1.1601830343412303e-16,
			"Im":-2.5646480981058444e-16
		},
		"eu_1311":{
			"Re":1.1378922913030383e-15,
			"Im":5.96258810249388e-16
		},
		"eu_1322":{
			"Re":1.1378922913030383e-15,
			"Im":5.96258810249388e-16
		},
		"eu_1333":{
			"Re":1.1378922913030383e-15,
			"Im":5.96258810249388e-16
		},
		"eu_2211":-5.982977147181851e-11,
		"eu_2222":-5.982977147181851e-11,
		"eu_2233":-5.982977147181851e-11,
		"eu_2311":{
			"Re":1.7823587040433305e-12,
			"Im":6.426183659965022e-12
		},
		"eu_2322":{
			"Re":1.7823587040433305e-12,
			"Im":6.426183659965022e-12
		},
		"eu_2333":{
			"Re":1.7823587040433305e-12,
			"Im":6.426183659965022e-12
		},
		"eu_3311":-1.736006947147938e-11,
		"eu_3322":-1.736006947147938e-11,
		"eu_3333":-1.736006947147938e-11,
		"phi":-1.9299856085659605e-13,
		"phiB":3.946942109744057e-12,
		"phiBox":-2.1884250556871415e-12,
		"phid_11":5.965158023824257e-13,
		"phid_22":5.965158023824257e-13,
		"phid_33":5.965158023824257e-13,
		"phiD":-1.7895474071472772e-12,
		"phie_11":-1.5064970665084465e-11,
		"phie_12":{
			"Re":8.701372757558912e-17,
			"Im":-1.9234860735794108e-16
		},
		"phie_13":{
			"Re":8.534192184772835e-16,
			"Im":4.471941076870284e-16
		},
		"phie_22":-4.487232860386387e-11,
		"phie_23":{
			"Re":1.3367690280324979e-12,
			"Im":4.819637744973765e-12
		},
		"phie_33":-1.302005210360954e-11,
		"phil1_11":8.947737020563141e-13,
		"phil1_22":8.94593788615064e-13,
		"phil1_23":{
			"Re":8.675111656243462e-17,
			"Im":3.127801077142201e-16
		},
		"phil1_33":8.786525780344039e-13,
		"phil3_22":-1.7991495857462364e-16,
		"phil3_23":{
			"Re":8.675111656243462e-17,
			"Im":3.127801077142201e-16
		},
		"phil3_33":-1.612112553923465e-14,
		"phiq1_11":-2.9825790119121287e-13,
		"phiq1_22":-2.9825790119121287e-13,
		"phiq1_33":-2.9825790119121287e-13,
		"phiu_11":-1.1930316047648515e-12,
		"phiu_22":-1.1930316047648515e-12,
		"phiu_33":-1.1930316047648515e-12,
		"ld_1111":-5.965158023824257e-13,
		"ld_1122":-5.965158023824257e-13,
		"ld_1133":-5.965158023824257e-13,
		"ld_2211":-5.965158023824257e-13,
		"ld_2222":-5.965158023824257e-13,
		"ld_2233":-5.965158023824257e-13,
		"ld_3311":-5.965158023824257e-13,
		"ld_3322":-5.965158023824257e-13,
		"ld_3333":-5.965158023824257e-13,
		"le_1111":1.5064970665084465e-11,
		"le_1112":{
			"Re":-8.701372757558912e-17,
			"Im":1.9234860735794108e-16
		},
		"le_1113":{
			"Re":-8.534192184772835e-16,
			"Im":-4.471941076870284e-16
		},
		"le_1122":4.487232860386387e-11,
		"le_1123":{
			"Re":-1.3367690280324979e-12,
			"Im":-4.819637744973765e-12
		},
		"le_1133":1.302005210360954e-11,
		"le_2211":1.5064970665084465e-11,
		"le_2212":{
			"Re":-8.701372757558912e-17,
			"Im":1.9234860735794108e-16
		},
		"le_2213":{
			"Re":-8.534192184772835e-16,
			"Im":-4.471941076870284e-16
		},
		"le_2222":4.487232860386387e-11,
		"le_2223":{
			"Re":-1.3367690280324979e-12,
			"Im":-4.819637744973765e-12
		},
		"le_2233":1.302005210360954e-11,
		"le_3311":1.5064970665084465e-11,
		"le_3312":{
			"Re":-8.701372757558912e-17,
			"Im":1.9234860735794108e-16
		},
		"le_3313":{
			"Re":-8.534192184772835e-16,
			"Im":-4.471941076870284e-16
		},
		"le_3322":4.487232860386387e-11,
		"le_3323":{
			"Re":-1.3367690280324979e-12,
			"Im":-4.819637744973765e-12
		},
		"le_3333":1.302005210360954e-11,
		"ll_1111":-4.473868517868193e-13,
		"ll_1122":-8.947737035736386e-13,
		"ll_1133":-8.947737035736386e-13,
		"ll_2222":-4.473868517868193e-13,
		"ll_2233":-8.947737035736386e-13,
		"ll_3333":-4.473868517868193e-13,
		"lq1_1111":2.9825790119121287e-13,
		"lq1_1122":2.9825790119121287e-13,
		"lq1_1133":2.9825790119121287e-13,
		"lq1_2211":2.9825790119121287e-13,
		"lq1_2222":2.9825790119121287e-13,
		"lq1_2233":2.9825790119121287e-13,
		"lq1_3311":2.9825790119121287e-13,
		"lq1_3322":2.9825790119121287e-13,
		"lq1_3333":2.9825790119121287e-13,
		"lu_1111":1.1930316047648515e-12,
		"lu_1122":1.1930316047648515e-12,
		"lu_1133":1.1930316047648515e-12,
		"lu_2211":1.1930316047648515e-12,
		"lu_2222":1.1930316047648515e-12,