{
	"eft":"SMEFT",
	"basis":"Warsaw",
	"scale":1000,
	"values":{
		"dd_1111":-6.048072200716866e-14,
		"dd_1122":-1.2096144401433732e-13,
		"dd_1133":-1.2096144401433732e-13,
		"dd_2222":-6.048072200716866e-14,
		"dd_2233":-1.2096144401433732e-13,
		"dd_3333":-6.048072200716866e-14,
		"eB_11":7.870443991621242e-17,
		"eB_12":{
			"Re":5.1220302895945085e-20,
			"Im":-1.0140407754038874e-20
		},
		"eB_13":{
			"Re":-1.839728378695013e-18,
			"Im":1.1176080016662238e-19
		},
		"eB_21":{
			"Re":1.0590875154570866e-17,
			"Im":2.0967426287514064e-18
		},
		"eB_22":1.929383026595691e-14,
		"eB_23":{
			"Re":-2.2747524555511976e-16,
			"Im":7.082959172058788e-17
		},
		"eB_31":{
			"Re":-6.397394418697334e-15,
			"Im":-3.886323261058068e-16
		},
		"eB_32":{
			"Re":-3.825549764189479e-15,
			"Im":-1.1911719327660666e-15
		},
		"eB_33":5.126727930450624e-13,
		"ed_1111":5.075944585631485e-12,
		"ed_1122":5.075944585631485e-12,
		"ed_1133":5.075944585631485e-12,
		"ed_1211":{
			"Re":2.4939535799916274e-15,
			"Im":-3.266437724836625e-16
		},
		"ed_1222":{
			"Re":2.4939535799916274e-15,
			"Im":-3.266437724836625e-16
		},
		"ed_1233":{
			"Re":2.4939535799916274e-15,
			"Im":-3.266437724836625e-16
		},
		"ed_1311":{
			"Re":-1.0135809379413113e-13,
			"Im":6.5891202362293774e-15
		},
		"ed_1322":{
			"Re":-1.0135809379413113e-13,
			"Im":6.5891202362293774e-15
		},
		"ed_1333":{
			"Re":-1.0135809379413113e-13,
			"Im":6.5891202362293774e-15
		},
		"ed_2211":6.066961100313653e-12,
		"ed_2222":6.066961100313653e-12,
		"ed_2233":6.066961100313653e-12,
		"ed_2311":{
			"Re":-7.747343933159953e-14,
			"Im":2.3648317305723182e-14
		},
		"ed_2322":{
			"Re":-7.747343933159953e-14,
			"Im":2.3648317305723182e-14
		},
		"ed_2333":{
			"Re":-7.747343933159953e-14,
			"Im":2.3648317305723182e-14
		},
		"ed_3311":9.868347251354429e-12,
		"ed_3322":9.868347251354429e-12,
		"ed_3333":9.868347251354429e-12,
		"ee_1111":-1.6367136921834068e-10,
		"ee_1112":{
			"Re":5.4680748447459896e-12,
			"Im":1.0858724512335437e-12
		},
		"ee_1113":{
			"Re":-1.612340318919024e-10,
			"Im":7.547019510927503e-12
		},
		"ee_1122":{
			"Re":-4.790510472895939e-10,
			"Im":1.2142787532486206e-20
		},
		"ee_1123":{
			"Re":-1.9439834114785004e-11,
			"Im":4.10114763629941e-12
		},
		"ee_1133":-5.608101739310279e-12,
		"ee_1212":{
			"Re":3.012996020315609e-11,
			"Im":-7.941762224283884e-11
		},
		"ee_1213":{
			"Re":5.82639003993846e-12,
			"Im":-6.4030091318792675e-12
		},
		"ee_1222":{
			"Re":2.063960660551368e-12,
			"Im":-1.273856111778761e-11
		},
		"ee_1223":{
			"Re":1.1083858345502627e-11,
			"Im":-1.7778221921238425e-12
		},
		"ee_1232":{
			"Re":-1.5222856829164016e-10,
			"Im":3.500622218438616e-10
		},
		"ee_1233":{
			"Re":-2.8068790459126902e-11,
			"Im":2.753497793589369e-11
		},
		"ee_1313":{
			"Re":-6.925732758159913e-11,
			"Im":6.3835872738030845e-12
		},
		"ee_1323":{
			"Re":-1.035655505835558e-11,
			"Im":2.9197521741010142e-12
		},
		"ee_1333":{
			"Re":3.284929634317059e-10,
			"Im":-1.486168237270112e-11
		},
		"ee_2222":-9.517522505543305e-11,
		"ee_2223":{
			"Re":2.5095268466874423e-11,
			"Im":4.949588743252481e-12
		},
		"ee_2233":-9.151525891099718e-10,
		"ee_2323":{
			"Re":-6.844624062438009e-11,
			"Im":-1.3998233720585094e-10
		},
		"ee_2333":{
			"Re":-4.194906503013016e-13,
			"Im":-1.41942566506395e-11
		},
		"ee_3333":-6.084882565472393e-10,
		"ephi_11":2.7199217501393987e-18,
		"ephi_13":-5.537554276850242e-20,
		"ephi_21":{
			"Re":2.8813159179984568e-19,
			"Im":4.459779918100823e-20
		},
		"ephi_22":6.65446383388039e-16,
		"ephi_23":{
			"Re":-8.102890974624425e-18,
			"Im":2.4876567789293896e-18
		},
		"ephi_31":{
			"Re":-1.8880071130873898e-16,
			"Im":-1.2010171045399658e-17
		},
		"ephi_32":{
			"Re":-1.3402942238803794e-16,
			"Im":-4.113840055095067e-17
		},
		"ephi_33":1.8072516856873565e-14,
		"eu_1111":-1.015188917126297e-11,
		"eu_1122":-1.015188917126297e-11,
		"eu_1133":-1.015188917126297e-11,
		"eu_1211":{
			"Re":-4.987907159983255e-15,
			"Im":6.53287544967325e-16
		},
		"eu_1222":{
			"Re":-4.987907159983255e-15,
			"Im":6.53287544967325e-16
		},
		"eu_1233":{
			"Re":-4.987907159983255e-15,
			"Im":6.53287544967325e-16
		},
		"eu_1311":{
			"Re":2.0271618758826227e-13,
			"Im":-1.3178240472458755e-14
		},
		"eu_1322":{
			"Re":2.0271618758826227e-13,
			"Im":-1.3178240472458755e-14
		},
		"eu_1333":{
			"Re":2.0271618758826227e-13,
			"Im":-1.3178240472458755e-14
		},
		"eu_2211":-1.2133922200627307e-11,
		"eu_2222":-1.2133922200627307e-11,
		"eu_2233":-1.2133922200627307e-11,
		"eu_2311":{
			"Re":1.5494687866319905e-13,
			"Im":-4.7296634611446363e-14
		},
		"eu_2322":{
			"Re":1.5494687866319905e-13,
			"Im":-4.7296634611446363e-14
		},
		"eu_2333":{
			"Re":1.5494687866319905e-13,
			"Im":-4.7296634611446363e-14
		},
		"eu_3311":-1.9736694502708858e-11,
		"eu_3322":-1.9736694502708858e-11,
		"eu_3333":-1.9736694502708858e-11,
		"phi":1.7341730448910965e-18,
		"phiB":-3.711228739430105e-14,
		"phiBox":-1.3658768912277075e-13,
		"phid_11":1.8144216602150597e-13,
		"phid_22":1.8144216602150597e-13,
		"phid_33":1.8144216602150597e-13,
		"phiD":-5.443264980645179e-13,
		"phie_11":-7.613916878447224e-12,
		"phie_12":{
			"Re":-3.740930369987441e-15,
			"Im":4.899656587254938e-16
		},
		"phie_13":{
			"Re":1.5203714069119264e-13,
			"Im":-9.883680354343845e-15
		},
		"phie_22":-9.100441650470476e-12,
		"phie_23":{
			"Re":1.1621015899739956e-13,
			"Im":-3.547247595858471e-14
		},
		"phie_33":-1.4802520877031645e-11,
		"phil1_11":2.7216324838058805e-13,
		"phil1_13":5.297027381747171e-20,
		"phil1_22":2.7213021685118166e-13,
		"phil1_23":{
			"Re":6.549567959754367e-18,
			"Im":-2.0393569568572675e-18
		},
		"phil1_33":2.5740214704522055e-13,
		"phil3_13":5.297027381747171e-20,
		"phil3_22":-3.303218107727952e-17,
		"phil3_23":{
			"Re":6.549567959754367e-18,
			"Im":-2.0393569568572675e-18
		},
		"phil3_33":-1.4761101987038396e-14,
		"phiq1_11":-9.072108301075299e-14,
		"phiq1_22":-9.072108301075299e-14,
		"phiq1_33":-9.072108301075299e-14,
		"phiu_11":-3.6288433204301195e-13,
		"phiu_22":-3.6288433204301195e-13,
		"phiu_33":-3.6288433204301195e-13,
		"ld_1111":-1.8144216602150597e-13,
		"ld_1122":-1.8144216602150597e-13,
		"ld_1133":-1.8144216602150597e-13,
		"ld_2211":-1.8144216602150597e-13,
		"ld_2222":-1.8144216602150597e-13,
		"ld_2233":-1.8144216602150597e-13,
		"ld_3311":-1.8144216602150597e-13,
		"ld_3322":-1.8144216602150597e-13,
		"ld_3333":-1.8144216602150597e-13,
		"le_1111":7.613916878447224e-12,
		"le_1112":{
			"Re":3.740930369987441e-15,
			"Im":-4.899656587254938e-16
		},
		"le_1113":{
			"Re":-1.5203714069119264e-13,
			"Im":9.883680354343845e-15
		},
		"le_1122":9.100441650470476e-12,
		"le_1123":{
			"Re":-1.1621015899739956e-13,
			"Im":3.547247595858471e-14
		},
		"le_1133":1.4802520877031645e-11,
		"le_2211":7.613916878447224e-12,
		"le_2212":{
			"Re":3.740930369987441e-15,
			"Im":-4.899656587254938e-16
		},
		"le_2213":{
			"Re":-1.5203714069119264e-13,
			"Im":9.883680354343845e-15
		},
		"le_2222":9.100441650470476e-12,
		"le_2223":{
			"Re":-1.1621015899739956e-13,
			"Im":3.547247595858471e-14
		},
		"le_2233":1.4802520877031645e-11,
		"le_3311":7.613916878447224e-12,
		"le_3312":{
			"Re":3.740930369987441e-15,
			"Im":-4.899656587254938e-16
		},
		"le_3313":{
			"Re":-1.5203714069119264e-13,
			"Im":9.883680354343845e-15
		},
		"le_3322":9.100441650470476e-12,
		"le_3323":{
			"Re":-1.1621015899739956e-13,
			"Im":3.547247595858471e-14
		},
		"le_3333":1.4802520877031645e-11,
		"ll_1111":-1.3608162451612947e-13,
		"ll_1122":-2.7216324903225895e-13,
		"ll_1133":-2.7216324903225895e-13,
		"ll_2222":-1.3608162451612947e-13,
		"ll_2233":-2.7216324903225895e-13,
		"ll_3333":-1.3608162451612947e-13,
		"lq1_1111":9.072108301075299e-14,
		"lq1_1122":9.072108301075299e-14,
		"lq1_1133":9.072108301075299e-14,
		"lq1_2211":9.072108301075299e-14,
		"lq1_2222":9.072108301075299e-14,