{
	"eft":"SMEFT",
	"basis":"Warsaw",
	"scale":1000,
	"values":{
		"dd_1111":-2.2831132146365755e-13,
		"dd_1122":-4.566226429273151e-13,
		"dd_1133":-4.566226429273151e-13,
		"dd_2222":-2.2831132146365755e-13,
		"dd_2233":-4.566226429273151e-13,
		"dd_3333":-2.2831132146365755e-13,
		"eB_11":4.289842431843946e-16,
		"eB_12":{
			"Re":7.15698644934359e-20,
			"Im":-1.1755511616098468e-20
		},
		"eB_13":{
			"Re":1.0591827570230651e-16,
			"Im":9.281025649192523e-17
		},
		"eB_21":{
			"Re":1.479857511228105e-17,
			"Im":2.4306993294639786e-18
		},
		"eB_22":8.474642554032739e-14,
		"eB_23":{
			"Re":-2.453636405748347e-17,
			"Im":2.4442175765066588e-17
		},
		"eB_31":{
			"Re":3.683157762107617e-13,
			"Im":-3.2273449915498305e-13
		},
		"eB_32":{
			"Re":-4.1263866538580444e-16,
			"Im":-4.1105466006265586e-16
		},
		"eB_33":1.7135100708430383e-13,
		"ed_1111":2.5270828752599214e-11,
		"ed_1122":2.5270828752599214e-11,
		"ed_1133":2.5270828752599214e-11,
		"ed_1211":{
			"Re":2.3835586068863343e-15,
			"Im":1.8398022078020608e-15
		},
		"ed_1222":{
			"Re":2.3835586068863343e-15,
			"Im":1.8398022078020608e-15
		},
		"ed_1233":{
			"Re":2.3835586068863343e-15,
			"Im":1.8398022078020608e-15
		},
		"ed_1311":{
			"Re":6.6222271339262975e-12,
			"Im":5.724807362685503e-12
		},
		"ed_1322":{
			"Re":6.6222271339262975e-12,
			"Im":5.724807362685503e-12
		},
		"ed_1333":{
			"Re":6.6222271339262975e-12,
			"Im":5.724807362685503e-12
		},
		"ed_2211":2.4045589965790127e-11,
		"ed_2222":2.4045589965790127e-11,
		"ed_2233":2.4045589965790127e-11,
		"ed_2311":{
			"Re":-7.66467516854776e-15,
			"Im":6.143321770517341e-15
		},
		"ed_2322":{
			"Re":-7.66467516854776e-15,
			"Im":6.143321770517341e-15
		},
		"ed_2333":{
			"Re":-7.66467516854776e-15,
			"Im":6.143321770517341e-15
		},
		"ed_3311":1.7114483186904406e-12,
		"ed_3322":1.7114483186904406e-12,
		"ed_3333":1.7114483186904406e-12,
		"ee_1111":-1.075651308764523e-9,
		"ee_1112":{
			"Re":7.201130414455477e-13,
			"Im":-5.129512988543331e-13
		},
		"ee_1113":{
			"Re":-5.919234833017859e-10,
			"Im":-4.532677944172184e-10
		},
		"ee_1122":-2.8093425060357166e-9,
		"ee_1123":{
			"Re":9.376388515376377e-13,
			"Im":-1.0537879573138758e-13
		},
		"ee_1133":-4.4573982629979915e-10,
		"ee_1212":{
			"Re":-4.63265319989912e-11,
			"Im":-4.6446255566207223e-10
		},
		"ee_1213":{
			"Re":5.749867897181005e-13,
			"Im":-6.485907271896864e-14
		},
		"ee_1222":{
			"Re":4.091940940127748e-14,
			"Im":-1.4123143445209299e-12
		},
		"ee_1223":{
			"Re":-7.131189699950065e-10,
			"Im":-6.219470756602453e-10
		},
		"ee_1232":{
			"Re":-2.508614407965888e-10,
			"Im":-1.5887486037998605e-10
		},
		"ee_1233":{
			"Re":2.82200226114898e-13,
			"Im":6.422455952193463e-14
		},
		"ee_1313":{
			"Re":-3.426977366494715e-11,
			"Im":-1.2171170126604673e-10
		},
		"ee_1323":{
			"Re":3.0136329315388745e-13,
			"Im":1.0137874449153026e-13
		},
		"ee_1333":{
			"Re":-5.1013990936542087e-11,
			"Im":-3.688924322796968e-11
		},
		"ee_2222":-7.905746768124263e-10,
		"ee_2223":{
			"Re":6.894049479943276e-13,
			"Im":3.813682320360207e-14
		},
		"ee_2233":-2.5964427803897804e-10,
		"ee_2323":{
			"Re":-5.006515834078899e-11,
			"Im":-1.8641893627713992e-11
		},
		"ee_2333":{
			"Re":6.14849320264746e-14,
			"Im":1.7197662709235832e-15
		},
		"ee_3333":-8.170136388130778e-12,
		"ephi_11":-2.788722930653855e-17,
		"ephi_13":{
			"Re":-6.855774356970296e-18,
			"Im":-5.950408156577504e-18
		},
		"ephi_21":{
			"Re":-6.505285831897757e-19,
			"Im":2.3037005391145107e-19
		},
		"ephi_22":-5.5033375733989015e-15,
		"ephi_23":{
			"Re":1.6252735628121212e-18,
			"Im":-1.393556807210923e-18
		},
		"ephi_31":{
			"Re":-2.4056449497837643e-14,
			"Im":2.0881377921407186e-14
		},
		"ephi_32":{
			"Re":2.757458858901619e-17,
			"Im":2.3676779851219068e-17
		},
		"ephi_33":-1.1092227666895392e-14,
		"eu_1111":-5.054165750519843e-11,
		"eu_1122":-5.054165750519843e-11,
		"eu_1133":-5.054165750519843e-11,
		"eu_1211":{
			"Re":-4.767117213772669e-15,
			"Im":-3.6796044156041216e-15
		},
		"eu_1222":{
			"Re":-4.767117213772669e-15,
			"Im":-3.6796044156041216e-15
		},
		"eu_1233":{
			"Re":-4.767117213772669e-15,
			"Im":-3.6796044156041216e-15
		},
		"eu_1311":{
			"Re":-1.3244454267852595e-11,
			"Im":-1.1449614725371006e-11
		},
		"eu_1322":{
			"Re":-1.3244454267852595e-11,
			"Im":-1.1449614725371006e-11
		},
		"eu_1333":{
			"Re":-1.3244454267852595e-11,
			"Im":-1.1449614725371006e-11
		},
		"eu_2211":-4.8091179931580255e-11,
		"eu_2222":-4.8091179931580255e-11,
		"eu_2233":-4.8091179931580255e-11,
		"eu_2311":{
			"Re":1.532935033709552e-14,
			"Im":-1.2286643541034682e-14
		},
		"eu_2322":{
			"Re":1.532935033709552e-14,
			"Im":-1.2286643541034682e-14
		},
		"eu_2333":{
			"Re":1.532935033709552e-14,
			"Im":-1.2286643541034682e-14
		},
		"eu_3311":-3.422896637380881e-12,
		"eu_3322":-3.422896637380881e-12,
		"eu_3333":-3.422896637380881e-12,
		"phi":-5.4697453802535976e-17,
		"phiB":2.8428215744270504e-13,
		"phiBox":-5.21566569320179e-13,
		"phid_11":6.849339643909726e-13,
		"phid_22":6.849339643909726e-13,
		"phid_33":6.849339643909726e-13,
		"phiD":-2.0548018931729177e-12,
		"phie_11":-3.7906243128898783e-11,
		"phie_12":{
			"Re":-3.5753379103294005e-15,
			"Im":-2.759703311703167e-15
		},
		"phie_13":{
			"Re":-9.933340700889438e-12,
			"Im":-8.587211044028247e-12
		},
		"phie_22":-3.606838494868517e-11,
		"phie_23":{
			"Re":1.1497012752821632e-14,
			"Im":-9.214982655775973e-15
		},
		"phie_33":-2.567172478035657e-12,
		"phil1_11":1.0274009430344795e-12,
		"phil1_13":{
			"Re":-3.0496458777276515e-18,
			"Im":-2.6722339864836198e-18
		},
		"phil1_22":1.0272558556825008e-12,
		"phil1_23":{
			"Re":7.064618547288159e-19,
			"Im":-7.037499437220355e-19
		},
		"phil1_33":1.022467332543611e-12,
		"phil3_13":{
			"Re":-3.0496458777276515e-18,
			"Im":-2.6722339864836198e-18
		},
		"phil3_22":-1.450909039580194e-16,
		"phil3_23":{
			"Re":7.064618547288159e-19,
			"Im":-7.037499437220355e-19
		},
		"phil3_33":-4.933614042847851e-15,
		"phiq1_11":-3.424669821954863e-13,
		"phiq1_22":-3.424669821954863e-13,
		"phiq1_33":-3.424669821954863e-13,
		"phiu_11":-1.3698679287819452e-12,
		"phiu_22":-1.3698679287819452e-12,
		"phiu_33":-1.3698679287819452e-12,
		"ld_1111":-6.849339643909726e-13,
		"ld_1122":-6.849339643909726e-13,
		"ld_1133":-6.849339643909726e-13,
		"ld_2211":-6.849339643909726e-13,
		"ld_2222":-6.849339643909726e-13,
		"ld_2233":-6.849339643909726e-13,
		"ld_3311":-6.849339643909726e-13,
		"ld_3322":-6.849339643909726e-13,
		"ld_3333":-6.849339643909726e-13,
		"le_1111":3.7906243128898783e-11,
		"le_1112":{
			"Re":3.5753379103294005e-15,
			"Im":2.759703311703167e-15
		},
		"le_1113":{
			"Re":9.933340700889438e-12,
			"Im":8.587211044028247e-12
		},
		"le_1122":3.606838494868517e-11,
		"le_1123":{
			"Re":-1.1497012752821632e-14,
			"Im":9.214982655775973e-15
		},
		"le_1133":2.567172478035657e-12,
		"le_2211":3.7906243128898783e-11,
		"le_2212":{
			"Re":3.5753379103294005e-15,
			"Im":2.759703311703167e-15
		},
		"le_2213":{
			"Re":9.933340700889438e-12,
			"Im":8.587211044028247e-12
		},
		"le_2222":3.606838494868517e-11,
		"le_2223":{
			"Re":-1.1497012752821632e-14,
			"Im":9.214982655775973e-15
		},
		"le_2233":2.567172478035657e-12,
		"le_3311":3.7906243128898783e-11,
		"le_3312":{
			"Re":3.5753379103294005e-15,
			"Im":2.759703311703167e-15
		},
		"le_3313":{
			"Re":9.933340700889438e-12,
			"Im":8.587211044028247e-12
		},
		"le_3322":3.606838494868517e-11,
		"le_3323":{
			"Re":-1.1497012752821632e-14,
			"Im":9.214982655775973e-15
		},
		"le_3333":2.567172478035657e-12,
		"ll_1111":-5.137004732932294e-13,
		"ll_1122":-1.0274009465864588e-12,
		"ll_1133":-1.0274009465864588e-12,
		"ll_2222":-5.137004732932294e-13,
		"ll_2233":-1.0274009465864588e-12,
		"ll_3333":-5.137004732932294e-13,
		"lq1_1111":3.424669821954863e-13,
		"lq1_1122":3.424669821954863e-13,
		"lq1_1133":3.424669821954863e-13,