{
	"eft":"SMEFT",
	"basis":"Warsaw",
	"scale":1000,
	"values":{
		"dd_1111":-6.079412220505474e-14,
		"dd_1122":-1.2158824441010948e-13,
		"dd_1133":-1.2158824441010948e-13,
		"dd_2222":-6.079412220505474e-14,
		"dd_2233":-1.2158824441010948e-13,
		"dd_3333":-6.079412220505474e-14,
		"eB_11":2.1167982395590032e-16,
		"eB_12":{
			"Re":-2.1570897046137615e-20,
			"Im":1.6003392697997104e-19
		},
		"eB_13":{
			"Re":0.0,
			"Im":1.1260750955051119e-20
		},
		"eB_21":{
			"Re":-4.46023675517592e-18,
			"Im":-3.3090381065956327e-17
		},
		"eB_22":1.502355144540507e-14,
		"eB_23":{
			"Re":-1.553884921961858e-17,
			"Im":3.0452613606780293e-18
		},
		"eB_31":{
			"Re":-2.384414049307073e-18,
			"Im":-3.91576637857777e-17
		},
		"eB_32":{
			"Re":-2.613235599452673e-16,
			"Im":-5.121347974285054e-17
		},
		"eB_33":7.163710026443536e-13,
		"ed_1111":1.2277237717516498e-11,
		"ed_1122":1.2277237717516498e-11,
		"ed_1133":1.2277237717516498e-11,
		"ed_1211":{
			"Re":-1.2881226278456789e-15,
			"Im":9.555785785634924e-15
		},
		"ed_1222":{
			"Re":-1.2881226278456789e-15,
			"Im":9.555785785634924e-15
		},
		"ed_1233":{
			"Re":-1.2881226278456789e-15,
			"Im":9.555785785634924e-15
		},
		"ed_1311":{
			"Re":-2.7810484169834203e-17,
			"Im":6.668901204602751e-16
		},
		"ed_1322":{
			"Re":-2.7810484169834203e-17,
			"Im":6.668901204602751e-16
		},
		"ed_1333":{
			"Re":-2.7810484169834203e-17,
			"Im":6.668901204602751e-16
		},
		"ed_2211":3.975859872158983e-12,
		"ed_2222":3.975859872158983e-12,
		"ed_2233":3.975859872158983e-12,
		"ed_2311":{
			"Re":-4.4871199612521166e-15,
			"Im":8.798158238905012e-16
		},
		"ed_2322":{
			"Re":-4.4871199612521166e-15,
			"Im":8.798158238905012e-16
		},
		"ed_2333":{
			"Re":-4.4871199612521166e-15,
			"Im":8.798158238905012e-16
		},
		"ed_3311":1.1938778987809e-11,
		"ed_3322":1.1938778987809e-11,
		"ed_3333":1.1938778987809e-11,
		"ee_1111":-9.441661606603456e-10,
		"ee_1112":{
			"Re":4.528749987268685e-13,
			"Im":-1.449062404377266e-12
		},
		"ee_1113":{
			"Re":-1.3987242540833063e-10,
			"Im":5.802541889575736e-11
		},
		"ee_1122":-9.011265625840956e-10,
		"ee_1123":{
			"Re":9.983127938999925e-13,
			"Im":4.871723712718848e-14
		},
		"ee_1133":-2.5655628816154692e-9,
		"ee_1212":{
			"Re":-1.1555385143863555e-10,
			"Im":-8.115434911845735e-11
		},
		"ee_1213":{
			"Re":1.5400557573687175e-13,
			"Im":-7.279618687431092e-13
		},
		"ee_1222":{
			"Re":-8.087498254260486e-14,
			"Im":-5.488019560990775e-13
		},
		"ee_1223":{
			"Re":1.760691745251228e-15,
			"Im":-4.8274059565362386e-14
		},
		"ee_1232":{
			"Re":2.8349795157898105e-11,
			"Im":4.477842421359174e-11
		},
		"ee_1233":{
			"Re":1.1261627653469102e-13,
			"Im":-1.7794345886367061e-12
		},
		"ee_1313":{
			"Re":-2.7714685024963773e-10,
			"Im":2.7841101525786244e-10
		},
		"ee_1323":{
			"Re":3.0555293847952015e-13,
			"Im":5.43761271990055e-13
		},
		"ee_1333":{
			"Re":1.3617769129706236e-10,
			"Im":-5.6683732676170805e-11
		},
		"ee_2222":-1.0134788581226316e-10,
		"ee_2223":{
			"Re":4.2644483553299284e-13,
			"Im":1.7582335179342356e-13
		},
		"ee_2233":-8.766716934243623e-10,
		"ee_2323":{
			"Re":2.3365722250707572e-11,
			"Im":-1.35427955576111e-10
		},
		"ee_2333":{
			"Re":3.358699320661567e-13,
			"Im":-5.786626088840227e-13
		},
		"ee_3333":-8.932813975641428e-10,
		"ephi_11":-1.4821232404911497e-15,
		"ephi_12":{
			"Re":1.5102200266540613e-19,
			"Im":-1.1203666399641977e-18
		},
		"ephi_13":{
			"Re":0.0,
			"Im":-7.83828193398844e-20
		},
		"ephi_21":{
			"Re":3.1226985396714875e-17,
			"Im":2.3165944093068415e-16
		},
		"ephi_22":-1.0521291277863812e-13,
		"ephi_23":{
			"Re":1.0877265257247081e-16,
			"Im":-2.1324365396648385e-17
		},
		"ephi_31":{
			"Re":1.299877905077089e-17,
			"Im":2.725881471796255e-16
		},
		"ephi_32":{
			"Re":1.8294298692289897e-15,
			"Im":3.5865108503186394e-16
		},
		"ephi_33":-5.015451153426928e-12,
		"eu_1111":-2.4554475435032996e-11,
		"eu_1122":-2.4554475435032996e-11,
		"eu_1133":-2.4554475435032996e-11,
		"eu_1211":{
			"Re":2.5762452556913578e-15,
			"Im":-1.9111571571269848e-14
		},
		"eu_1222":{
			"Re":2.5762452556913578e-15,
			"Im":-1.9111571571269848e-14
		},
		"eu_1233":{
			"Re":2.5762452556913578e-15,
			"Im":-1.9111571571269848e-14
		},
		"eu_1311":{
			"Re":5.562096833966841e-17,
			"Im":-1.3337802409205503e-15
		},
		"eu_1322":{
			"Re":5.562096833966841e-17,
			"Im":-1.3337802409205503e-15
		},
		"eu_1333":{
			"Re":5.562096833966841e-17,
			"Im":-1.3337802409205503e-15
		},
		"eu_2211":-7.951719744317965e-12,
		"eu_2222":-7.951719744317965e-12,
		"eu_2233":-7.951719744317965e-12,
		"eu_2311":{
			"Re":8.974239922504233e-15,
			"Im":-1.7596316477810024e-15
		},
		"eu_2322":{
			"Re":8.974239922504233e-15,
			"Im":-1.7596316477810024e-15
		},
		"eu_2333":{
			"Re":8.974239922504233e-15,
			"Im":-1.7596316477810024e-15
		},
		"eu_3311":-2.3877557975618e-11,
		"eu_3322":-2.3877557975618e-11,
		"eu_3333":-2.3877557975618e-11,
		"phi":-1.974040507404182e-11,
		"phiB":8.377260405703507e-12,
		"phiBox":-2.578930030369439e-11,
		"phid_11":1.823823666151642e-13,
		"phid_22":1.823823666151642e-13,
		"phid_33":1.823823666151642e-13,
		"phiD":-5.471470998454926e-13,
		"phie_11":-1.8415856576274746e-11,
		"phie_12":{
			"Re":1.9321839417685195e-15,
			"Im":-1.4333678678452395e-14
		},
		"phie_13":{
			"Re":4.171572625364059e-17,
			"Im":-1.0003351806896554e-15
		},
		"phie_22":-5.963789808238467e-12,
		"phie_23":{
			"Re":6.730679941878192e-15,
			"Im":-1.3197237358357486e-15
		},
		"phie_33":-1.7908168481713514e-11,
		"phil1_11":2.735735481700424e-13,
		"phil1_22":2.7354782871213505e-13,
		"phil1_23":{
			"Re":4.47401424853532e-19,
			"Im":-8.76805130523179e-20
		},
		"phil1_33":2.5294747891987024e-13,
		"phil3_22":-2.5721210611252998e-17,
		"phil3_23":{
			"Re":4.47401424853532e-19,
			"Im":-8.76805130523179e-20
		},
		"phil3_33":-2.0626071002876058e-14,
		"phiq1_11":-9.11911833075821e-14,
		"phiq1_22":-9.11911833075821e-14,
		"phiq1_33":-9.11911833075821e-14,
		"phiu_11":-3.647647332303284e-13,
		"phiu_22":-3.647647332303284e-13,
		"phiu_33":-3.647647332303284e-13,
		"ld_1111":-1.823823666151642e-13,
		"ld_1122":-1.823823666151642e-13,
		"ld_1133":-1.823823666151642e-13,
		"ld_2211":-1.823823666151642e-13,
		"ld_2222":-1.823823666151642e-13,
		"ld_2233":-1.823823666151642e-13,
		"ld_3311":-1.823823666151642e-13,
		"ld_3322":-1.823823666151642e-13,
		"ld_3333":-1.823823666151642e-13,
		"le_1111":1.8415856576274746e-11,
		"le_1112":{
			"Re":-1.9321839417685195e-15,
			"Im":1.4333678678452395e-14
		},
		"le_1113":{
			"Re":-4.171572625364059e-17,
			"Im":1.0003351806896554e-15
		},
		"le_1122":5.963789808238467e-12,
		"le_1123":{
			"Re":-6.730679941878192e-15,
			"Im":1.3197237358357486e-15
		},
		"le_1133":1.7908168481713514e-11,
		"le_2211":1.8415856576274746e-11,
		"le_2212":{
			"Re":-1.9321839417685195e-15,
			"Im":1.4333678678452395e-14
		},
		"le_2213":{
			"Re":-4.171572625364059e-17,
			"Im":1.0003351806896554e-15
		},
		"le_2222":5.963789808238467e-12,
		"le_2223":{
			"Re":-6.730679941878192e-15,
			"Im":1.3197237358357486e-15
		},
		"le_2233":1.7908168481713514e-11,
		"le_3311":1.8415856576274746e-11,
		"le_3312":{
			"Re":-1.9321839417685195e-15,
			"Im":1.4333678678452395e-14
		},
		"le_3313":{
			"Re":-4.171572625364059e-17,
			"Im":1.0003351806896554e-15
		},
		"le_3322":5.963789808238467e-12,
		"le_3323":{
			"Re":-6.730679941878192e-15,
			"Im":1.3197237358357486e-15
		},
		"le_3333":1.7908168481713514e-11,
		"ll_1111":-1.3678677496137315e-13,
		"ll_1122":-2.735735499227463e-13,
		"ll_1133":-2.735735499227463e-13,
		"ll_2222":-1.3678677496137315e-13,
		"ll_2233":-2.735735499227463e-13,
		"ll_3333":-1.3678677496137315e-13,
		"lq1_1111":9.11911833075821e-14,
		"lq1_1122":9.11911833075821e-14,
		"lq1_1133":9.11911833075821e-14,
		"lq1_2211":9.11911833075821e-14,
		"lq1_2222":9.11911833075821e-14,
		"lq1_2233":9.11911833075821e-14,
		"lq1_3311":9.11911833075821e-14,