{
	"eft":"SMEFT",
	"basis":"Warsaw",
	"scale":1000,
	"values":{
		"dd_1111":-2.0106170982297606e-13,
		"dd_1122":-4.0212341964595213e-13,
		"dd_1133":-4.0212341964595213e-13,
		"dd_2222":-2.0106170982297606e-13,
		"dd_2233":-4.0212341964595213e-13,
		"dd_3333":-2.0106170982297606e-13,
		"eB_11":1.23959004415033e-17,
		"eB_12":{
			"Re":1.1773365176107764e-20,
			"Im":9.509702177055555e-20
		},
		"eB_13":{
			"Re":-2.2474488250117e-19,
			"Im":-9.917593355371708e-20
		},
		"eB_21":{
			"Re":2.434390928586196e-18,
			"Im":-1.966330982441663e-17
		},
		"eB_22":1.1287154630814759e-13,
		"eB_23":{
			"Re":8.921321312617089e-15,
			"Im":-2.9523462904664523e-14
		},
		"eB_31":{
			"Re":-7.815184423929636e-16,
			"Im":3.4487023798357467e-16
		},
		"eB_32":{
			"Re":1.5003372591357827e-13,
			"Im":4.965088674918186e-13
		},
		"eB_33":1.6929515461260964e-12,
		"ed_1111":-4.3975002406909004e-13,
		"ed_1122":-4.3975002406909004e-13,
		"ed_1133":-4.3975002406909004e-13,
		"ed_1211":{
			"Re":7.282124447224011e-16,
			"Im":5.8802377351428366e-15
		},
		"ed_1222":{
			"Re":7.282124447224011e-16,
			"Im":5.8802377351428366e-15
		},
		"ed_1233":{
			"Re":7.282124447224011e-16,
			"Im":5.8802377351428366e-15
		},
		"ed_1311":{
			"Re":-1.3912294378719268e-14,
			"Im":-6.137663695597123e-15
		},
		"ed_1322":{
			"Re":-1.3912294378719268e-14,
			"Im":-6.137663695597123e-15
		},
		"ed_1333":{
			"Re":-1.3912294378719268e-14,
			"Im":-6.137663695597123e-15
		},
		"ed_2211":3.259495696321967e-11,
		"ed_2222":3.259495696321967e-11,
		"ed_2233":3.259495696321967e-11,
		"ed_2311":{
			"Re":2.6757551944798824e-12,
			"Im":-8.850534853643282e-12
		},
		"ed_2322":{
			"Re":2.6757551944798824e-12,
			"Im":-8.850534853643282e-12
		},
		"ed_2333":{
			"Re":2.6757551944798824e-12,
			"Im":-8.850534853643282e-12
		},
		"ed_3311":2.8941756432044e-11,
		"ed_3322":2.8941756432044e-11,
		"ed_3333":2.8941756432044e-11,
		"ee_1111":-4.152302533555503e-13,
		"ee_1112":{
			"Re":2.4454520175177675e-16,
			"Im":-1.895047078145147e-14
		},
		"ee_1113":{
			"Re":7.33588294610908e-15,
			"Im":9.275300971852647e-15
		},
		"ee_1122":-2.9065780718385834e-11,
		"ee_1123":{
			"Re":-2.185979872573705e-12,
			"Im":7.241454196196616e-12
		},
		"ee_1133":-2.6063634159853418e-11,
		"ee_1212":{
			"Re":-2.9034432666904314e-12,
			"Im":9.781064241758453e-12
		},
		"ee_1213":{
			"Re":-5.27617168379765e-12,
			"Im":4.265148396769709e-11
		},
		"ee_1222":{
			"Re":-3.7107752452549343e-13,
			"Im":-1.0314499058633158e-12
		},
		"ee_1223":{
			"Re":9.500587143002162e-13,
			"Im":9.003407520506156e-13
		},
		"ee_1232":{
			"Re":3.445823005939256e-13,
			"Im":-1.6002391192832348e-13
		},
		"ee_1233":{
			"Re":1.6805042664617388e-13,
			"Im":-4.4328587507907356e-13
		},
		"ee_1313":{
			"Re":1.187422629489194e-11,
			"Im":-2.8977106663478994e-12
		},
		"ee_1323":{
			"Re":5.464973370587417e-13,
			"Im":-2.3661041953998306e-13
		},
		"ee_1333":{
			"Re":1.9386899353537083e-12,
			"Im":8.349356241567723e-13
		},
		"ee_2222":{
			"Re":-2.5594899146880536e-9,
			"Im":1.26097131562294e-18
		},
		"ee_2223":{
			"Re":3.3005379804501134e-10,
			"Im":1.3333063859143511e-9
		},
		"ee_2233":{
			"Re":-2.014833997261565e-9,
			"Im":-4.5786758357634285e-18
		},
		"ee_2323":{
			"Re":6.486146509234079e-11,
			"Im":-7.456607536486479e-11
		},
		"ee_2333":{
			"Re":-7.256815880475022e-10,
			"Im":4.24546954135905e-10
		},
		"ee_3333":{
			"Re":-1.9076952258091804e-9,
			"Im":1.0283683341681818e-18
		},
		"ephi_11":3.359102622113423e-17,
		"ephi_12":{
			"Re":3.1906906042921026e-20,
			"Im":2.5766811322146924e-19
		},
		"ephi_13":{
			"Re":-6.095548852170608e-19,
			"Im":-2.68937328137548e-19
		},
		"ephi_21":{
			"Re":6.5974189971454814e-18,
			"Im":-5.3278262159549393e-17
		},
		"ephi_22":3.061289532456133e-13,
		"ephi_23":{
			"Re":2.4227513528943746e-14,
			"Im":-8.01487882723111e-14
		},
		"ephi_31":{
			"Re":-2.119181315826179e-15,
			"Im":9.349887147000353e-16
		},
		"ephi_32":{
			"Re":4.0735672604854116e-13,
			"Im":1.3476061220899646e-12
		},
		"ephi_33":4.592789359384258e-12,
		"eu_1111":8.795000481381801e-13,
		"eu_1122":8.795000481381801e-13,
		"eu_1133":8.795000481381801e-13,
		"eu_1211":{
			"Re":-1.4564248894448023e-15,
			"Im":-1.1760475470285673e-14
		},
		"eu_1222":{
			"Re":-1.4564248894448023e-15,
			"Im":-1.1760475470285673e-14
		},
		"eu_1233":{
			"Re":-1.4564248894448023e-15,
			"Im":-1.1760475470285673e-14
		},
		"eu_1311":{
			"Re":2.7824588757438536e-14,
			"Im":1.2275327391194247e-14
		},
		"eu_1322":{
			"Re":2.7824588757438536e-14,
			"Im":1.2275327391194247e-14
		},
		"eu_1333":{
			"Re":2.7824588757438536e-14,
			"Im":1.2275327391194247e-14
		},
		"eu_2211":-6.518991392643934e-11,
		"eu_2222":-6.518991392643934e-11,
		"eu_2233":-6.518991392643934e-11,
		"eu_2311":{
			"Re":-5.351510388959765e-12,
			"Im":1.7701069707286564e-11
		},
		"eu_2322":{
			"Re":-5.351510388959765e-12,
			"Im":1.7701069707286564e-11
		},
		"eu_2333":{
			"Re":-5.351510388959765e-12,
			"Im":1.7701069707286564e-11
		},
		"eu_3311":-5.7883512864088e-11,
		"eu_3322":-5.7883512864088e-11,
		"eu_3333":-5.7883512864088e-11,
		"phi":3.519532158683431e-12,
		"phiB":-1.0466227270046734e-11,
		"phiBox":-1.2559441659087258e-11,
		"phid_11":6.031851294689282e-13,
		"phid_22":6.031851294689282e-13,
		"phid_33":6.031851294689282e-13,
		"phiD":-1.8095553884067844e-12,
		"phie_11":6.596250361036358e-13,
		"phie_12":{
			"Re":-1.0923186670836004e-15,
			"Im":-8.820356602714244e-15
		},
		"phie_13":{
			"Re":2.0868441568078904e-14,
			"Im":9.206495543395683e-15
		},
		"phie_22":-4.889243544482952e-11,
		"phie_23":{
			"Re":-4.013632791719835e-12,
			"Im":1.3275802280464949e-11
		},
		"phie_33":-4.3412634648066015e-11,
		"phil1_11":9.047776941007545e-13,
		"phil1_22":9.045844514255337e-13,
		"phil1_23":{
			"Re":-2.5686663217001483e-16,
			"Im":8.500526122282301e-16
		},
		"phil1_33":8.560334839185973e-13,
		"phil3_22":-1.9324277785846703e-16,
		"phil3_23":{
			"Re":-2.5686663217001483e-16,
			"Im":8.500526122282301e-16
		},
		"phil3_33":-4.8744210284794843e-14,
		"phiq1_11":-3.015925647344641e-13,
		"phiq1_22":-3.015925647344641e-13,
		"phiq1_33":-3.015925647344641e-13,
		"phiu_11":-1.2063702589378563e-12,
		"phiu_22":-1.2063702589378563e-12,
		"phiu_33":-1.2063702589378563e-12,
		"ld_1111":-6.031851294689282e-13,
		"ld_1122":-6.031851294689282e-13,
		"ld_1133":-6.031851294689282e-13,
		"ld_2211":-6.031851294689282e-13,
		"ld_2222":-6.031851294689282e-13,
		"ld_2233":-6.031851294689282e-13,
		"ld_3311":-6.031851294689282e-13,
		"ld_3322":-6.031851294689282e-13,
		"ld_3333":-6.031851294689282e-13,
		"le_1111":-6.596250361036358e-13,
		"le_1112":{
			"Re":1.0923186670836004e-15,
			"Im":8.820356602714244e-15
		},
		"le_1113":{
			"Re":-2.0868441568078904e-14,
			"Im":-9.206495543395683e-15
		},
		"le_1122":4.889243544482952e-11,
		"le_1123":{
			"Re":4.013632791719835e-12,
			"Im":-1.3275802280464949e-11
		},
		"le_1133":4.3412634648066015e-11,
		"le_2211":-6.596250361036358e-13,
		"le_2212":{
			"Re":1.0923186670836004e-15,
			"Im":8.820356602714244e-15
		},
		"le_2213":{
			"Re":-2.0868441568078904e-14,
			"Im":-9.206495543395683e-15
		},
		"le_2222":4.889243544482952e-11,
		"le_2223":{
			"Re":4.013632791719835e-12,
			"Im":-1.3275802280464949e-11
		},
		"le_2233":4.3412634648066015e-11,
		"le_3311":-6.596250361036358e-13,
		"le_3312":{
			"Re":1.0923186670836004e-15,
			"Im":8.820356602714244e-15
		},
		"le_3313":{
			"Re":-2.0868441568078904e-14,
			"Im":-9.206495543395683e-15
		},
		"le_3322":4.889243544482952e-11,
		"le_3323":{
			"Re":4.013632791719835e-12,
			"Im":-1.3275802280464949e-11
		},
		"le_3333":4.3412634648066015e-11,
		"ll_1111":-4.523888471016961e-13,
		"ll_1122":-9.047776942033922e-13,
		"ll_1133":-9.047776942033922e-13,
		"ll_2222":-4.523888471016961e-13,
		"ll_2233":-9.047776942033922e-13,
		"ll_3333":-4.523888471016961e-13,
		"lq1_1111":3.015925647344641e-13,
		"lq1_1122":3.015925647344641e-13,