{
	"eft":"SMEFT",
	"basis":"Warsaw",
	"scale":1000,
	"values":{
		"dd_1111":-5.774660122742304e-14,
		"dd_1122":-1.1549320245484608e-13,
		"dd_1133":-1.1549320245484608e-13,
		"dd_2222":-5.774660122742304e-14,
		"dd_2233":-1.1549320245484608e-13,
		"dd_3333":-5.774660122742304e-14,
		"eB_11":1.1876320812716098e-16,
		"eB_12":{
			"Re":3.313121454616343e-20,
			"Im":2.84165034392662e-20
		},
		"eB_13":{
			"Re":0.0,
			"Im":-2.0572720154508694e-20
		},
		"eB_21":{
			"Re":6.8505755948095206e-18,
			"Im":-5.875709889222825e-18
		},
		"eB_22":1.724206062678037e-14,
		"eB_23":{
			"Re":-5.862983952516407e-17,
			"Im":4.244958640259213e-17
		},
		"eB_31":{
			"Re":-1.8201175427714235e-17,
			"Im":7.153871550714965e-17
		},
		"eB_32":{
			"Re":-9.860034142291677e-16,
			"Im":-7.138930869426486e-16
		},
		"eB_33":3.8553521749246263e-13,
		"ed_1111":7.411642389897635e-12,
		"ed_1122":7.411642389897635e-12,
		"ed_1133":7.411642389897635e-12,
		"ed_1211":{
			"Re":2.20514165108348e-15,
			"Im":1.89946845695443e-15
		},
		"ed_1222":{
			"Re":2.20514165108348e-15,
			"Im":1.89946845695443e-15
		},
		"ed_1233":{
			"Re":2.20514165108348e-15,
			"Im":1.89946845695443e-15
		},
		"ed_1311":{
			"Re":-2.0675160406139452e-16,
			"Im":-1.4144958025361898e-15
		},
		"ed_1322":{
			"Re":-2.0675160406139452e-16,
			"Im":-1.4144958025361898e-15
		},
		"ed_1333":{
			"Re":-2.0675160406139452e-16,
			"Im":-1.4144958025361898e-15
		},
		"ed_2211":5.12007249945574e-12,
		"ed_2222":5.12007249945574e-12,
		"ed_2233":5.12007249945574e-12,
		"ed_2311":{
			"Re":-1.5016478388658883e-14,
			"Im":1.1066277247112676e-14
		},
		"ed_2322":{
			"Re":-1.5016478388658883e-14,
			"Im":1.1066277247112676e-14
		},
		"ed_2333":{
			"Re":-1.5016478388658883e-14,
			"Im":1.1066277247112676e-14
		},
		"ed_3311":6.905056533350826e-12,
		"ed_3322":6.905056533350826e-12,
		"ed_3333":6.905056533350826e-12,
		"ee_1111":-2.1913565008111415e-10,
		"ee_1112":{
			"Re":2.8752933342896533e-12,
			"Im":-2.946209749541487e-12
		},
		"ee_1113":{
			"Re":-1.0620241387621271e-11,
			"Im":1.071779212699281e-11
		},
		"ee_1122":-6.498151373437586e-10,
		"ee_1123":{
			"Re":1.838754996615255e-12,
			"Im":-1.5064536389708788e-12
		},
		"ee_1133":-8.695803695461525e-10,
		"ee_1212":{
			"Re":1.3405674812914286e-10,
			"Im":-6.964443925382762e-11
		},
		"ee_1213":{
			"Re":9.912528191279283e-11,
			"Im":-1.7968212468146257e-10
		},
		"ee_1222":{
			"Re":2.278736756251191e-12,
			"Im":4.248259907143058e-13
		},
		"ee_1223":{
			"Re":3.254038003420559e-12,
			"Im":-1.0766058717598025e-12
		},
		"ee_1232":{
			"Re":-8.734956800200753e-12,
			"Im":-2.7129865043217838e-12
		},
		"ee_1233":{
			"Re":-1.2170109544690494e-11,
			"Im":3.293094200286572e-12
		},
		"ee_1313":{
			"Re":1.6848053982943474e-11,
			"Im":1.9922763092739748e-10
		},
		"ee_1323":{
			"Re":-1.9709714581880683e-12,
			"Im":2.714123699531952e-12
		},
		"ee_1333":{
			"Re":7.794275582387616e-12,
			"Im":-9.132349818016609e-12
		},
		"ee_2222":-1.340649996427619e-10,
		"ee_2223":{
			"Re":1.0565825011035312e-10,
			"Im":-7.04593041925708e-11
		},
		"ee_2233":-4.3595601022439835e-10,
		"ee_2323":{
			"Re":-4.6914005192861827e-11,
			"Im":1.1260087625034357e-10
		},
		"ee_2333":{
			"Re":-1.358744735813555e-10,
			"Im":9.055849718288791e-11
		},
		"ee_3333":-2.444214563717568e-10,
		"ephi_11":-4.7093641758324485e-18,
		"ephi_21":{
			"Re":-2.7528440680712873e-19,
			"Im":2.368333542841701e-19
		},
		"ephi_22":-6.853911002122736e-16,
		"ephi_23":{
			"Re":1.9784888272274646e-18,
			"Im":-1.4497331370030719e-18
		},
		"ephi_31":{
			"Re":5.195064088259454e-19,
			"Im":-2.942377023605633e-18
		},
		"ephi_32":{
			"Re":3.385054970489453e-17,
			"Im":2.479887669322934e-17
		},
		"ephi_33":-1.5074691464445806e-14,
		"eu_1111":-1.482328477979527e-11,
		"eu_1122":-1.482328477979527e-11,
		"eu_1133":-1.482328477979527e-11,
		"eu_1211":{
			"Re":-4.41028330216696e-15,
			"Im":-3.79893691390886e-15
		},
		"eu_1222":{
			"Re":-4.41028330216696e-15,
			"Im":-3.79893691390886e-15
		},
		"eu_1233":{
			"Re":-4.41028330216696e-15,
			"Im":-3.79893691390886e-15
		},
		"eu_1311":{
			"Re":4.1350320812278905e-16,
			"Im":2.8289916050723795e-15
		},
		"eu_1322":{
			"Re":4.1350320812278905e-16,
			"Im":2.8289916050723795e-15
		},
		"eu_1333":{
			"Re":4.1350320812278905e-16,
			"Im":2.8289916050723795e-15
		},
		"eu_2211":-1.024014499891148e-11,
		"eu_2222":-1.024014499891148e-11,
		"eu_2233":-1.024014499891148e-11,
		"eu_2311":{
			"Re":3.0032956777317766e-14,
			"Im":-2.2132554494225352e-14
		},
		"eu_2322":{
			"Re":3.0032956777317766e-14,
			"Im":-2.2132554494225352e-14
		},
		"eu_2333":{
			"Re":3.0032956777317766e-14,
			"Im":-2.2132554494225352e-14
		},
		"eu_3311":-1.3810113066701652e-11,
		"eu_3322":-1.3810113066701652e-11,
		"eu_3333":-1.3810113066701652e-11,
		"phi":-2.8219163947296388e-18,
		"phiB":4.232606882847209e-14,
		"phiBox":-1.3061926172522859e-13,
		"phid_11":1.732398036822691e-13,
		"phid_22":1.732398036822691e-13,
		"phid_33":1.732398036822691e-13,
		"phiD":-5.197194110468073e-13,
		"phie_11":-1.111746358484644e-11,
		"phie_12":{
			"Re":-3.307712476625173e-15,
			"Im":-2.84920268543165e-15
		},
		"phie_13":{
			"Re":3.101274060918709e-16,
			"Im":2.1217437038044235e-15
		},
		"phie_22":-7.680108749183608e-12,
		"phie_23":{
			"Re":2.2524717582989938e-14,
			"Im":-1.6599415870670074e-14
		},
		"phie_33":-1.0357584800026242e-11,
		"phil1_11":2.5985970454004713e-13,
		"phil1_22":2.5983018609356947e-13,
		"phil1_23":{
			"Re":1.6880962915438129e-18,
			"Im":-1.2222272816050825e-18
		},
		"phil1_33":2.4875920488790176e-13,
		"phil3_22":-2.9519429834218725e-17,
		"phil3_23":{
			"Re":1.6880962915438129e-18,
			"Im":-1.2222272816050825e-18
		},
		"phil3_33":-1.1100500635501932e-14,
		"phiq1_11":-8.661990184113455e-14,
		"phiq1_22":-8.661990184113455e-14,
		"phiq1_33":-8.661990184113455e-14,
		"phiu_11":-3.464796073645382e-13,
		"phiu_22":-3.464796073645382e-13,
		"phiu_33":-3.464796073645382e-13,
		"ld_1111":-1.732398036822691e-13,
		"ld_1122":-1.732398036822691e-13,
		"ld_1133":-1.732398036822691e-13,
		"ld_2211":-1.732398036822691e-13,
		"ld_2222":-1.732398036822691e-13,
		"ld_2233":-1.732398036822691e-13,
		"ld_3311":-1.732398036822691e-13,
		"ld_3322":-1.732398036822691e-13,
		"ld_3333":-1.732398036822691e-13,
		"le_1111":1.111746358484644e-11,
		"le_1112":{
			"Re":3.307712476625173e-15,
			"Im":2.84920268543165e-15
		},
		"le_1113":{
			"Re":-3.101274060918709e-16,
			"Im":-2.1217437038044235e-15
		},
		"le_1122":7.680108749183608e-12,
		"le_1123":{
			"Re":-2.2524717582989938e-14,
			"Im":1.6599415870670074e-14
		},
		"le_1133":1.0357584800026242e-11,
		"le_2211":1.111746358484644e-11,
		"le_2212":{
			"Re":3.307712476625173e-15,
			"Im":2.84920268543165e-15
		},
		"le_2213":{
			"Re":-3.101274060918709e-16,
			"Im":-2.1217437038044235e-15
		},
		"le_2222":7.680108749183608e-12,
		"le_2223":{
			"Re":-2.2524717582989938e-14,
			"Im":1.6599415870670074e-14
		},
		"le_2233":1.0357584800026242e-11,
		"le_3311":1.111746358484644e-11,
		"le_3312":{
			"Re":3.307712476625173e-15,
			"Im":2.84920268543165e-15
		},
		"le_3313":{
			"Re":-3.101274060918709e-16,
			"Im":-2.1217437038044235e-15
		},
		"le_3322":7.680108749183608e-12,
		"le_3323":{
			"Re":-2.2524717582989938e-14,
			"Im":1.6599415870670074e-14
		},
		"le_3333":1.0357584800026242e-11,
		"ll_1111":-1.2992985276170183e-13,
		"ll_1122":-2.5985970552340367e-13,
		"ll_1133":-2.5985970552340367e-13,
		"ll_2222":-1.2992985276170183e-13,
		"ll_2233":-2.5985970552340367e-13,
		"ll_3333":-1.2992985276170183e-13,
		"lq1_1111":8.661990184113455e-14,
		"lq1_1122":8.661990184113455e-14,
		"lq1_1133":8.661990184113455e-14,
		"lq1_2211":8.661990184113455e-14,
		"lq1_2222":8.661990184113455e-14,
		"lq1_2233":8.661990184113455e-14,
		"lq1_3311":8.661990184113455e-14,
		"lq1_3322":8.661990184113455e-14,
		"lq1_3333":8.661990184113455e-14,
		"lu_1111":3.464796073645382e-13,
		"lu_1122":3.464796073645382e-13,