{
	"eft":"SMEFT",
	"basis":"Warsaw",
	"scale":1000,
	"values":{
		"dd_1111":-1.0990236245291246e-13,
		"dd_1122":-2.198047249058249e-13,
		"dd_1133":-2.198047249058249e-13,
		"dd_2222":-1.0990236245291246e-13,
		"dd_2233":-2.198047249058249e-13,
		"dd_3333":-1.0990236245291246e-13,
		"eB_11":4.946260631942233e-16,
		"eB_12":2.94145950183428e-20,
		"eB_13":{
			"Re":1.2272162839986159e-18,
			"Im":1.8892051967806408e-18
		},
		"eB_21":{
			"Re":6.0820863202311635e-18,
			"Im":9.245425863970386e-19
		},
		"eB_22":3.631545885342628e-14,
		"eB_23":{
			"Re":2.628540616904664e-16,
			"Im":2.216506548227712e-16
		},
		"eB_31":{
			"Re":4.267470511791866e-15,
			"Im":-6.569443033885395e-15
		},
		"eB_32":{
			"Re":4.420530643948883e-15,
			"Im":-3.7275950981849795e-15
		},
		"eB_33":1.6061008518781276e-12,
		"ed_1111":2.807542353979292e-11,
		"ed_1122":2.807542353979292e-11,
		"ed_1133":2.807542353979292e-11,
		"ed_1211":{
			"Re":1.0933516135617504e-15,
			"Im":5.350103187030124e-17
		},
		"ed_1222":{
			"Re":1.0933516135617504e-15,
			"Im":5.350103187030124e-17
		},
		"ed_1233":{
			"Re":1.0933516135617504e-15,
			"Im":5.350103187030124e-17
		},
		"ed_1311":{
			"Re":7.290705388360399e-14,
			"Im":1.0833300739253199e-13
		},
		"ed_1322":{
			"Re":7.290705388360399e-14,
			"Im":1.0833300739253199e-13
		},
		"ed_1333":{
			"Re":7.290705388360399e-14,
			"Im":1.0833300739253199e-13
		},
		"ed_2211":1.011909872836276e-11,
		"ed_2222":1.011909872836276e-11,
		"ed_2233":1.011909872836276e-11,
		"ed_2311":{
			"Re":7.333011759976525e-14,
			"Im":6.018388611121734e-14
		},
		"ed_2322":{
			"Re":7.333011759976525e-14,
			"Im":6.018388611121734e-14
		},
		"ed_2333":{
			"Re":7.333011759976525e-14,
			"Im":6.018388611121734e-14
		},
		"ed_3311":2.6309187949262842e-11,
		"ed_3322":2.6309187949262842e-11,
		"ed_3333":2.6309187949262842e-11,
		"ee_1111":-3.0757480311018203e-9,
		"ee_1112":{
			"Re":1.28390406808152e-12,
			"Im":-8.685395591791202e-13
		},
		"ee_1113":{
			"Re":-1.852653370706261e-11,
			"Im":-2.7674301095790515e-11
		},
		"ee_1122":-2.8516569996598806e-9,
		"ee_1123":{
			"Re":-2.1034438621776506e-11,
			"Im":-1.7653946780694143e-11
		},
		"ee_1133":-7.57306131251108e-9,
		"ee_1212":{
			"Re":-2.327949928982519e-10,
			"Im":3.6463133161773335e-10
		},
		"ee_1213":{
			"Re":-3.7426575719870285e-12,
			"Im":-5.174788803449719e-12
		},
		"ee_1222":{
			"Re":-9.238597915860282e-13,
			"Im":4.5058621947839255e-13
		},
		"ee_1223":{
			"Re":-7.194045863676429e-12,
			"Im":-1.0985772874827432e-11
		},
		"ee_1232":{
			"Re":8.552225140110373e-13,
			"Im":1.547966659506911e-12
		},
		"ee_1233":{
			"Re":-5.738780010938618e-13,
			"Im":2.210430204943305e-14
		},
		"ee_1313":{
			"Re":-3.920582991111446e-11,
			"Im":-9.3775244317412e-10
		},
		"ee_1323":{
			"Re":8.351520250878486e-13,
			"Im":-1.8335128782948494e-12
		},
		"ee_1333":{
			"Re":-2.253567910062964e-11,
			"Im":-3.08190173880332e-11
		},
		"ee_2222":-3.089519285621383e-10,
		"ee_2223":{
			"Re":-8.444122401985428e-12,
			"Im":-3.5949021190108565e-12
		},
		"ee_2233":-2.664297742682097e-9,
		"ee_2323":{
			"Re":-3.4054311916535257e-10,
			"Im":2.3797532448487255e-10
		},
		"ee_2333":{
			"Re":-1.4537377033966537e-11,
			"Im":-1.3117009254335428e-11
		},
		"ee_3333":-2.6362672989643566e-9,
		"ephi_11":-1.5384666344821766e-17,
		"ephi_13":{
			"Re":-3.80403540428137e-20,
			"Im":-5.713130240340357e-20
		},
		"ephi_21":-1.4257049728134287e-19,
		"ephi_22":-1.1730364555670402e-15,
		"ephi_23":{
			"Re":-7.981783555357568e-18,
			"Im":-6.605555442658811e-18
		},
		"ephi_31":{
			"Re":-1.3478801544884973e-16,
			"Im":2.0252699701277055e-16
		},
		"ephi_32":{
			"Re":-1.368219646020745e-16,
			"Im":1.1327152738503759e-16
		},
		"ephi_33":-4.918542113355412e-14,
		"eu_1111":-5.615084707958584e-11,
		"eu_1122":-5.615084707958584e-11,
		"eu_1133":-5.615084707958584e-11,
		"eu_1211":{
			"Re":-2.1867032271235008e-15,
			"Im":-1.0700206374060248e-16
		},
		"eu_1222":{
			"Re":-2.1867032271235008e-15,
			"Im":-1.0700206374060248e-16
		},
		"eu_1233":{
			"Re":-2.1867032271235008e-15,
			"Im":-1.0700206374060248e-16
		},
		"eu_1311":{
			"Re":-1.4581410776720798e-13,
			"Im":-2.1666601478506397e-13
		},
		"eu_1322":{
			"Re":-1.4581410776720798e-13,
			"Im":-2.1666601478506397e-13
		},
		"eu_1333":{
			"Re":-1.4581410776720798e-13,
			"Im":-2.1666601478506397e-13
		},
		"eu_2211":-2.023819745672552e-11,
		"eu_2222":-2.023819745672552e-11,
		"eu_2233":-2.023819745672552e-11,
		"eu_2311":{
			"Re":-1.466602351995305e-13,
			"Im":-1.2036777222243469e-13
		},
		"eu_2322":{
			"Re":-1.466602351995305e-13,
			"Im":-1.2036777222243469e-13
		},
		"eu_2333":{
			"Re":-1.466602351995305e-13,
			"Im":-1.2036777222243469e-13
		},
		"eu_3311":-5.2618375898525684e-11,
		"eu_3322":-5.2618375898525684e-11,
		"eu_3333":-5.2618375898525684e-11,
		"phi":-3.3117766568303685e-18,
		"phiB":6.856470836126861e-14,
		"phiBox":-2.4823088031083557e-13,
		"phid_11":3.2970708735873735e-13,
		"phid_22":3.2970708735873735e-13,
		"phid_33":3.2970708735873735e-13,
		"phiD":-9.89121262076212e-13,
		"phie_11":-4.2113135309689394e-11,
		"phie_12":{
			"Re":-1.6400274203426256e-15,
			"Im":-8.025154780545857e-17
		},
		"phie_13":{
			"Re":-1.093605808254049e-13,
			"Im":-1.6249951108879896e-13
		},
		"phie_22":-1.5178648092544144e-11,
		"phie_23":{
			"Re":-1.0999517639964758e-13,
			"Im":-9.027582916682567e-14
		},
		"phie_33":-3.946378192389417e-11,
		"phil1_11":4.945606269426139e-13,
		"phil1_13":{
			"Re":-3.533455446438249e-20,
			"Im":-5.439483226423295e-20
		},
		"phil1_22":4.944984568199121e-13,
		"phil1_23":{
			"Re":-7.568210494016214e-18,
			"Im":-6.381863765189452e-18
		},
		"phil1_33":4.483170643857236e-13,
		"phil3_13":{
			"Re":-3.533455446438249e-20,
			"Im":-5.439483226423295e-20
		},
		"phil3_22":-6.217421819385829e-17,
		"phil3_23":{
			"Re":-7.568210494016214e-18,
			"Im":-6.381863765189452e-18
		},
		"phil3_33":-4.624356665238236e-14,
		"phiq1_11":-1.6485354367936868e-13,
		"phiq1_22":-1.6485354367936868e-13,
		"phiq1_33":-1.6485354367936868e-13,
		"phiu_11":-6.594141747174747e-13,
		"phiu_22":-6.594141747174747e-13,
		"phiu_33":-6.594141747174747e-13,
		"ld_1111":-3.2970708735873735e-13,
		"ld_1122":-3.2970708735873735e-13,
		"ld_1133":-3.2970708735873735e-13,
		"ld_2211":-3.2970708735873735e-13,
		"ld_2222":-3.2970708735873735e-13,
		"ld_2233":-3.2970708735873735e-13,
		"ld_3311":-3.2970708735873735e-13,
		"ld_3322":-3.2970708735873735e-13,
		"ld_3333":-3.2970708735873735e-13,
		"le_1111":4.2113135309689394e-11,
		"le_1112":{
			"Re":1.6400274203426256e-15,
			"Im":8.025154780545857e-17
		},
		"le_1113":{
			"Re":1.093605808254049e-13,
			"Im":1.6249951108879896e-13
		},
		"le_1122":1.5178648092544144e-11,
		"le_1123":{
			"Re":1.0999517639964758e-13,
			"Im":9.027582916682567e-14
		},
		"le_1133":3.946378192389417e-11,
		"le_2211":4.2113135309689394e-11,
		"le_2212":{
			"Re":1.6400274203426256e-15,
			"Im":8.025154780545857e-17
		},
		"le_2213":{
			"Re":1.093605808254049e-13,
			"Im":1.6249951108879896e-13
		},
		"le_2222":1.5178648092544144e-11,
		"le_2223":{
			"Re":1.0999517639964758e-13,
			"Im":9.027582916682567e-14
		},
		"le_2233":3.946378192389417e-11,
		"le_3311":4.2113135309689394e-11,
		"le_3312":{
			"Re":1.6400274203426256e-15,
			"Im":8.025154780545857e-17
		},
		"le_3313":{
			"Re":1.093605808254049e-13,
			"Im":1.6249951108879896e-13
		},
		"le_3322":1.5178648092544144e-11,
		"le_3323":{
			"Re":1.0999517639964758e-13,
			"Im":9.027582916682567e-14
		},
		"le_3333":3.946378192389417e-11,
		"ll_1111":-2.47280315519053e-13,
		"ll_1122":-4.94560631038106e-13,
		"ll_1133":-4.94560631038106e-13,
		"ll_2222":-2.47280315519053e-13,
		"ll_2233":-4.94560631038106e-13,
		"ll_3333":-2.47280315519053e-13,
		"lq1_1111":1.6485354367936868e-13,
		"lq1_1122":1.6485354367936868e-13,
		"lq1_1133":1.6485354367936868e-13,
		"lq1_2211":1.6485354367936868e-13,
		"lq1_2222":1.6485354367936868e-13,