{
	"eft":"SMEFT",
	"basis":"Warsaw",
	"scale":1000,
	"values":{
		"dd_1111":-1.1798143478029468e-13,
		"dd_1122":-2.3596286956058937e-13,
		"dd_1133":-2.3596286956058937e-13,
		"dd_2222":-1.1798143478029468e-13,
		"dd_2233":-2.3596286956058937e-13,
		"dd_3333":-1.1798143478029468e-13,
		"eB_11":1.8759118080328305e-16,
		"eB_12":-2.76291472217693e-19,
		"eB_13":{
			"Re":1.9363175685127764e-19,
			"Im":3.6463785705023226e-19
		},
		"eB_21":{
			"Re":-5.7129074274993e-17,
			"Im":-1.7228818567917821e-18
		},
		"eB_22":2.8397689188698624e-14,
		"eB_23":{
			"Re":2.5719947273054676e-19,
			"Im":-2.7763990329956526e-18
		},
		"eB_31":{
			"Re":6.733269622343221e-16,
			"Im":-1.2679764135582561e-15
		},
		"eB_32":{
			"Re":4.3254349714091016e-18,
			"Im":4.669190548647517e-17
		},
		"eB_33":7.994336923872768e-14,
		"ed_1111":1.2341014944042714e-11,
		"ed_1122":1.2341014944042714e-11,
		"ed_1133":1.2341014944042714e-11,
		"ed_1211":{
			"Re":-1.9181955420128248e-14,
			"Im":5.3560676756089e-16
		},
		"ed_1222":{
			"Re":-1.9181955420128248e-14,
			"Im":5.3560676756089e-16
		},
		"ed_1233":{
			"Re":-1.9181955420128248e-14,
			"Im":5.3560676756089e-16
		},
		"ed_1311":{
			"Re":1.3630574398239703e-14,
			"Im":2.5438888713988427e-14
		},
		"ed_1322":{
			"Re":1.3630574398239703e-14,
			"Im":2.5438888713988427e-14
		},
		"ed_1333":{
			"Re":1.3630574398239703e-14,
			"Im":2.5438888713988427e-14
		},
		"ed_2211":8.855722973186036e-12,
		"ed_2222":8.855722973186036e-12,
		"ed_2233":8.855722973186036e-12,
		"ed_2311":{
			"Re":8.319560951495162e-17,
			"Im":-9.393086285776271e-16
		},
		"ed_2322":{
			"Re":8.319560951495162e-17,
			"Im":-9.393086285776271e-16
		},
		"ed_2333":{
			"Re":8.319560951495162e-17,
			"Im":-9.393086285776271e-16
		},
		"ed_3311":8.969465497436586e-13,
		"ed_3322":8.969465497436586e-13,
		"ed_3333":8.969465497436586e-13,
		"ee_1111":-1.853224344689226e-10,
		"ee_1112":{
			"Re":1.823206034311044e-12,
			"Im":2.6510499390774573e-12
		},
		"ee_1113":{
			"Re":-6.10546269763398e-12,
			"Im":-3.737804947175098e-12
		},
		"ee_1122":-8.682930729370936e-10,
		"ee_1123":{
			"Re":-1.4929745568048017e-14,
			"Im":1.239076678664467e-13
		},
		"ee_1133":-1.1467476017807046e-10,
		"ee_1212":{
			"Re":2.0062039998100276e-10,
			"Im":-2.2840701460104715e-10
		},
		"ee_1213":{
			"Re":2.3321456393236095e-13,
			"Im":-2.938131608886923e-14
		},
		"ee_1222":{
			"Re":-1.722749044355093e-13,
			"Im":-1.350680150402743e-12
		},
		"ee_1223":{
			"Re":-9.299303376750517e-13,
			"Im":-1.7438805835809523e-12
		},
		"ee_1232":{
			"Re":-1.601341833561359e-12,
			"Im":3.3047054645202895e-12
		},
		"ee_1233":{
			"Re":1.7038412131709925e-13,
			"Im":-4.032165841368766e-15
		},
		"ee_1313":{
			"Re":-2.9512402041091445e-11,
			"Im":-4.181176754177286e-11
		},
		"ee_1323":{
			"Re":-2.7351207156648935e-13,
			"Im":1.922802471117883e-13
		},
		"ee_1333":{
			"Re":3.562846934384633e-13,
			"Im":1.6336051544737914e-13
		},
		"ee_2222":-9.130324004487068e-11,
		"ee_2223":{
			"Re":1.243731495857718e-13,
			"Im":1.7577785829901757e-13
		},
		"ee_2233":-8.331322146535308e-11,
		"ee_2323":{
			"Re":8.762116375895877e-12,
			"Im":-3.6535358984174646e-11
		},
		"ee_2333":{
			"Re":-1.3912233334088451e-14,
			"Im":-1.7265004528559424e-14
		},
		"ee_3333":4.646187457345894e-13,
		"ephi_11":-1.9301483856504343e-15,
		"ephi_12":{
			"Re":2.8388499457009757e-18,
			"Im":-8.103672916890236e-20
		},
		"ephi_13":{
			"Re":-2.009423040827611e-18,
			"Im":-3.759547018971617e-18
		},
		"ephi_21":{
			"Re":5.869920663897681e-16,
			"Im":1.6756052120206136e-17
		},
		"ephi_22":-2.9241405863339763e-13,
		"ephi_23":{
			"Re":-2.572725162320581e-18,
			"Im":2.8681906248431085e-17
		},
		"ephi_31":{
			"Re":-6.9878792585028986e-15,
			"Im":1.3074036575116241e-14
		},
		"ephi_32":{
			"Re":-4.326916691635076e-17,
			"Im":-4.823833893584887e-16
		},
		"ephi_33":-8.246026836574832e-13,
		"eu_1111":-2.4682029888085427e-11,
		"eu_1122":-2.4682029888085427e-11,
		"eu_1133":-2.4682029888085427e-11,
		"eu_1211":{
			"Re":3.8363910840256496e-14,
			"Im":-1.07121353512178e-15
		},
		"eu_1222":{
			"Re":3.8363910840256496e-14,
			"Im":-1.07121353512178e-15
		},
		"eu_1233":{
			"Re":3.8363910840256496e-14,
			"Im":-1.07121353512178e-15
		},
		"eu_1311":{
			"Re":-2.7261148796479406e-14,
			"Im":-5.0877777427976854e-14
		},
		"eu_1322":{
			"Re":-2.7261148796479406e-14,
			"Im":-5.0877777427976854e-14
		},
		"eu_1333":{
			"Re":-2.7261148796479406e-14,
			"Im":-5.0877777427976854e-14
		},
		"eu_2211":-1.7711445946372072e-11,
		"eu_2222":-1.7711445946372072e-11,
		"eu_2233":-1.7711445946372072e-11,
		"eu_2311":{
			"Re":-1.6639121902990324e-16,
			"Im":1.8786172571552542e-15
		},
		"eu_2322":{
			"Re":-1.6639121902990324e-16,
			"Im":1.8786172571552542e-15
		},
		"eu_2333":{
			"Re":-1.6639121902990324e-16,
			"Im":1.8786172571552542e-15
		},
		"eu_3311":-1.7938930994873172e-12,
		"eu_3322":-1.7938930994873172e-12,
		"eu_3333":-1.7938930994873172e-12,
		"phi":-8.801906583193948e-11,
		"phiB":2.1452453438378904e-11,
		"phiBox":-8.694722385855071e-11,
		"phid_11":3.5394430434088403e-13,
		"phid_22":3.5394430434088403e-13,
		"phid_33":3.5394430434088403e-13,
		"phiD":-1.061832913022652e-12,
		"phie_11":-1.8511522416064063e-11,
		"phie_12":{
			"Re":2.877293313019236e-14,
			"Im":-8.034101513413098e-16
		},
		"phie_13":{
			"Re":-2.044586159735953e-14,
			"Im":-3.815833307098263e-14
		},
		"phie_22":-1.3283584459779056e-11,
		"phie_23":{
			"Re":-1.247934142724285e-16,
			"Im":1.4089629428664395e-15
		},
		"phie_33":-1.3454198246154873e-12,
		"phil1_11":5.309164549580755e-13,
		"phil1_13":{
			"Re":0.0,
			"Im":-1.0498814583633466e-20
		},
		"phil1_22":5.308678379841322e-13,
		"phil1_23":{
			"Re":0.0,
			"Im":7.993930990436109e-20
		},
		"phil1_33":5.286146916380404e-13,
		"phil3_13":{
			"Re":0.0,
			"Im":-1.0498814583633466e-20
		},
		"phil3_22":-4.8618527193769394e-17,
		"phil3_23":{
			"Re":0.0,
			"Im":7.993930990436109e-20
		},
		"phil3_33":-2.30176487328557e-15,
		"phiq1_11":-1.7697215217044201e-13,
		"phiq1_22":-1.7697215217044201e-13,
		"phiq1_33":-1.7697215217044201e-13,
		"phiu_11":-7.078886086817681e-13,
		"phiu_22":-7.078886086817681e-13,
		"phiu_33":-7.078886086817681e-13,
		"ld_1111":-3.5394430434088403e-13,
		"ld_1122":-3.5394430434088403e-13,
		"ld_1133":-3.5394430434088403e-13,
		"ld_2211":-3.5394430434088403e-13,
		"ld_2222":-3.5394430434088403e-13,
		"ld_2233":-3.5394430434088403e-13,
		"ld_3311":-3.5394430434088403e-13,
		"ld_3322":-3.5394430434088403e-13,
		"ld_3333":-3.5394430434088403e-13,
		"le_1111":1.8511522416064063e-11,
		"le_1112":{
			"Re":-2.877293313019236e-14,
			"Im":8.034101513413098e-16
		},
		"le_1113":{
			"Re":2.044586159735953e-14,
			"Im":3.815833307098263e-14
		},
		"le_1122":1.3283584459779056e-11,
		"le_1123":{
			"Re":1.247934142724285e-16,
			"Im":-1.4089629428664395e-15
		},
		"le_1133":1.3454198246154873e-12,
		"le_2211":1.8511522416064063e-11,
		"le_2212":{
			"Re":-2.877293313019236e-14,
			"Im":8.034101513413098e-16
		},
		"le_2213":{
			"Re":2.044586159735953e-14,
			"Im":3.815833307098263e-14
		},
		"le_2222":1.3283584459779056e-11,
		"le_2223":{
			"Re":1.247934142724285e-16,
			"Im":-1.4089629428664395e-15
		},
		"le_2233":1.3454198246154873e-12,
		"le_3311":1.8511522416064063e-11,
		"le_3312":{
			"Re":-2.877293313019236e-14,
			"Im":8.034101513413098e-16
		},
		"le_3313":{
			"Re":2.044586159735953e-14,
			"Im":3.815833307098263e-14
		},
		"le_3322":1.3283584459779056e-11,
		"le_3323":{
			"Re":1.247934142724285e-16,
			"Im":-1.4089629428664395e-15
		},
		"le_3333":1.3454198246154873e-12,
		"ll_1111":-2.65458228255663e-13,
		"ll_1122":-5.30916456511326e-13,
		"ll_1133":-5.30916456511326e-13,
		"ll_2222":-2.65458228255663e-13,
		"ll_2233":-5.30916456511326e-13,
		"ll_3333":-2.65458228255663e-13,
		"lq1_1111":1.7697215217044201e-13,
		"lq1_1122":1.7697215217044201e-13,
		"lq1_1133":1.7697215217044201e-13,
		"lq1_2211":1.7697215217044201e-13,