{
	"eft":"SMEFT",
	"basis":"Warsaw",
	"scale":1000,
	"values":{
		"dd_1111":-5.735005831569048e-14,
		"dd_1122":-1.1470011663138095e-13,
		"dd_1133":-1.1470011663138095e-13,
		"dd_2222":-5.735005831569048e-14,
		"dd_2233":-1.1470011663138095e-13,
		"dd_3333":-5.735005831569048e-14,
		"eB_11":7.763891204776851e-17,
		"eB_12":{
			"Re":4.8441477714423066e-20,
			"Im":7.334904106305877e-20
		},
		"eB_21":{
			"Re":1.0016294589639827e-17,
			"Im":-1.5166457296913515e-17
		},
		"eB_22":2.967942501769077e-14,
		"eB_23":{
			"Re":-5.143467117332126e-18,
			"Im":9.610178783257204e-18
		},
		"eB_31":{
			"Re":-5.481196551713683e-18,
			"Im":6.143040664367155e-18
		},
		"eB_32":{
			"Re":-8.649991505584868e-17,
			"Im":-1.6161854046311962e-16
		},
		"eB_33":2.6621977988524996e-13,
		"ed_1111":5.26204225377995e-12,
		"ed_1122":5.26204225377995e-12,
		"ed_1133":5.26204225377995e-12,
		"ed_1211":{
			"Re":3.608140324938362e-15,
			"Im":5.463444306689549e-15
		},
		"ed_1222":{
			"Re":3.608140324938362e-15,
			"Im":5.463444306689549e-15
		},
		"ed_1233":{
			"Re":3.608140324938362e-15,
			"Im":5.463444306689549e-15
		},
		"ed_1311":{
			"Re":-1.1579351713286336e-16,
			"Im":-1.2886506360343868e-16
		},
		"ed_1322":{
			"Re":-1.1579351713286336e-16,
			"Im":-1.2886506360343868e-16
		},
		"ed_1333":{
			"Re":-1.1579351713286336e-16,
			"Im":-1.2886506360343868e-16
		},
		"ed_2211":1.0170343011974444e-11,
		"ed_2222":1.0170343011974444e-11,
		"ed_2233":1.0170343011974444e-11,
		"ed_2311":{
			"Re":-1.6941762850002273e-15,
			"Im":3.421907685832089e-15
		},
		"ed_2322":{
			"Re":-1.6941762850002273e-15,
			"Im":3.421907685832089e-15
		},
		"ed_2333":{
			"Re":-1.6941762850002273e-15,
			"Im":3.421907685832089e-15
		},
		"ed_3311":5.182721360773984e-12,
		"ed_3322":5.182721360773984e-12,
		"ed_3333":5.182721360773984e-12,
		"ee_1111":-4.550892529291734e-11,
		"ee_1112":{
			"Re":-1.4200494466778862e-12,
			"Im":-7.407319860001491e-13
		},
		"ee_1113":{
			"Re":1.1397804966633559e-13,
			"Im":-5.370456221034389e-13
		},
		"ee_1122":-8.284605086674388e-10,
		"ee_1123":{
			"Re":1.4038351016370842e-13,
			"Im":-2.7044615333944695e-13
		},
		"ee_1133":-4.3055922754463977e-10,
		"ee_1212":{
			"Re":-2.06041588473661e-10,
			"Im":-2.5764134512794783e-10
		},
		"ee_1213":{
			"Re":-5.714136165059889e-13,
			"Im":-6.724523185478751e-13
		},
		"ee_1222":{
			"Re":1.2568778383409666e-12,
			"Im":4.963755263635951e-13
		},
		"ee_1223":{
			"Re":2.2920823864023767e-14,
			"Im":2.3024101424645854e-14
		},
		"ee_1232":{
			"Re":6.905527742479669e-13,
			"Im":-8.077610652321102e-13
		},
		"ee_1233":{
			"Re":-2.818358067707056e-13,
			"Im":-4.316825100888128e-13
		},
		"ee_1313":{
			"Re":1.5616822104012122e-10,
			"Im":6.832308591928532e-11
		},
		"ee_1323":{
			"Re":-1.1427971554100154e-12,
			"Im":-1.719461977055457e-13
		},
		"ee_1333":{
			"Re":-1.1256489292219234e-13,
			"Im":5.45852381680443e-13
		},
		"ee_2222":-1.5646971082873608e-10,
		"ee_2223":{
			"Re":1.9482172445306987e-12,
			"Im":-5.704010120635121e-13
		},
		"ee_2233":-8.163832755294588e-10,
		"ee_2323":{
			"Re":-2.878208102832216e-10,
			"Im":1.5124157481810024e-10
		},
		"ee_2333":{
			"Re":-6.435530013643703e-13,
			"Im":1.1126325668864577e-13
		},
		"ee_3333":-4.414287126304424e-11,
		"ephi_11":-8.902066496279479e-16,
		"ephi_12":{
			"Re":-5.681959703157762e-19,
			"Im":-8.603588878058379e-19
		},
		"ephi_13":{
			"Re":1.8301071331466436e-20,
			"Im":2.0405511117521285e-20
		},
		"ephi_21":{
			"Re":-1.1748649091849233e-16,
			"Im":1.7789733109597003e-16
		},
		"ephi_22":-3.4389172107822605e-13,
		"ephi_23":{
			"Re":5.653016611390626e-17,
			"Im":-1.1176129534453027e-16
		},
		"ephi_31":{
			"Re":6.36426004370038e-17,
			"Im":-7.096088019747507e-17
		},
		"ephi_32":{
			"Re":9.507429547908519e-16,
			"Im":1.8796327781022527e-15
		},
		"ephi_33":-3.0518026164065247e-12,
		"eu_1111":-1.05240845075599e-11,
		"eu_1122":-1.05240845075599e-11,
		"eu_1133":-1.05240845075599e-11,
		"eu_1211":{
			"Re":-7.216280649876724e-15,
			"Im":-1.0926888613379097e-14
		},
		"eu_1222":{
			"Re":-7.216280649876724e-15,
			"Im":-1.0926888613379097e-14
		},
		"eu_1233":{
			"Re":-7.216280649876724e-15,
			"Im":-1.0926888613379097e-14
		},
		"eu_1311":{
			"Re":2.315870342657267e-16,
			"Im":2.5773012720687736e-16
		},
		"eu_1322":{
			"Re":2.315870342657267e-16,
			"Im":2.5773012720687736e-16
		},
		"eu_1333":{
			"Re":2.315870342657267e-16,
			"Im":2.5773012720687736e-16
		},
		"eu_2211":-2.0340686023948888e-11,
		"eu_2222":-2.0340686023948888e-11,
		"eu_2233":-2.0340686023948888e-11,
		"eu_2311":{
			"Re":3.3883525700004546e-15,
			"Im":-6.843815371664178e-15
		},
		"eu_2322":{
			"Re":3.3883525700004546e-15,
			"Im":-6.843815371664178e-15
		},
		"eu_2333":{
			"Re":3.3883525700004546e-15,
			"Im":-6.843815371664178e-15
		},
		"eu_3311":-1.0365442721547968e-11,
		"eu_3322":-1.0365442721547968e-11,
		"eu_3333":-1.0365442721547968e-11,
		"phi":-5.4587783176313944e-11,
		"phiB":1.1310018864776479e-11,
		"phiBox":-4.9694627731482466e-11,
		"phid_11":1.720501749470714e-13,
		"phid_22":1.720501749470714e-13,
		"phid_33":1.720501749470714e-13,
		"phiD":-5.161505248412142e-13,
		"phie_11":-7.89306338066992e-12,
		"phie_12":{
			"Re":-5.412210487407538e-15,
			"Im":-8.195166460034314e-15
		},
		"phie_13":{
			"Re":1.736902756992903e-16,
			"Im":1.9329759540515486e-16
		},
		"phie_22":-1.525551451796165e-11,
		"phie_23":{
			"Re":2.5412644275003497e-15,
			"Im":-5.13286152874813e-15
		},
		"phie_33":-7.774082041160978e-12,
		"phil1_11":2.580752617777588e-13,
		"phil1_22":2.5802444948569787e-13,
		"phil1_23":{
			"Re":1.4809298194851724e-19,
			"Im":-2.767005213808241e-19
		},
		"phil1_33":2.5041014467852384e-13,
		"phil3_22":-5.0812934909235287e-17,
		"phil3_23":{
			"Re":1.4809298194851724e-19,
			"Im":-2.767005213808241e-19
		},
		"phil3_33":-7.66511774208327e-15,
		"phiq1_11":-8.60250874735357e-14,
		"phiq1_22":-8.60250874735357e-14,
		"phiq1_33":-8.60250874735357e-14,
		"phiu_11":-3.441003498941428e-13,
		"phiu_22":-3.441003498941428e-13,
		"phiu_33":-3.441003498941428e-13,
		"ld_1111":-1.720501749470714e-13,
		"ld_1122":-1.720501749470714e-13,
		"ld_1133":-1.720501749470714e-13,
		"ld_2211":-1.720501749470714e-13,
		"ld_2222":-1.720501749470714e-13,
		"ld_2233":-1.720501749470714e-13,
		"ld_3311":-1.720501749470714e-13,
		"ld_3322":-1.720501749470714e-13,
		"ld_3333":-1.720501749470714e-13,
		"le_1111":7.89306338066992e-12,
		"le_1112":{
			"Re":5.412210487407538e-15,
			"Im":8.195166460034314e-15
		},
		"le_1113":{
			"Re":-1.736902756992903e-16,
			"Im":-1.9329759540515486e-16
		},
		"le_1122":1.525551451796165e-11,
		"le_1123":{
			"Re":-2.5412644275003497e-15,
			"Im":5.13286152874813e-15
		},
		"le_1133":7.774082041160978e-12,
		"le_2211":7.89306338066992e-12,
		"le_2212":{
			"Re":5.412210487407538e-15,
			"Im":8.195166460034314e-15
		},
		"le_2213":{
			"Re":-1.736902756992903e-16,
			"Im":-1.9329759540515486e-16
		},
		"le_2222":1.525551451796165e-11,
		"le_2223":{
			"Re":-2.5412644275003497e-15,
			"Im":5.13286152874813e-15
		},
		"le_2233":7.774082041160978e-12,
		"le_3311":7.89306338066992e-12,
		"le_3312":{
			"Re":5.412210487407538e-15,
			"Im":8.195166460034314e-15
		},
		"le_3313":{
			"Re":-1.736902756992903e-16,
			"Im":-1.9329759540515486e-16
		},
		"le_3322":1.525551451796165e-11,
		"le_3323":{
			"Re":-2.5412644275003497e-15,
			"Im":5.13286152874813e-15
		},
		"le_3333":7.774082041160978e-12,
		"ll_1111":-1.2903763121030355e-13,
		"ll_1122":-2.580752624206071e-13,
		"ll_1133":-2.580752624206071e-13,
		"ll_2222":-1.2903763121030355e-13,
		"ll_2233":-2.580752624206071e-13,
		"ll_3333":-1.2903763121030355e-13,
		"lq1_1111":8.60250874735357e-14,
		"lq1_1122":8.60250874735357e-14,
		"lq1_1133":8.60250874735357e-14,
		"lq1_2211":8.60250874735357e-14,
		"lq1_2222":8.60250874735357e-14,
		"lq1_2233":8.60250874735357e-14,
		"lq1_3311":8.60250874735357e-14,
		"lq1_3322":8.60250874735357e-14,