{
	"eft":"SMEFT",
	"basis":"Warsaw",
	"scale":1000,
	"values":{
		"dd_1111":-3.4004460351819803e-13,
		"dd_1122":-6.800892070363961e-13,
		"dd_1133":-6.800892070363961e-13,
		"dd_2222":-3.4004460351819803e-13,
		"dd_2233":-6.800892070363961e-13,
		"dd_3333":-3.4004460351819803e-13,
		"eB_11":1.7550048971347332e-16,
		"eB_12":{
			"Re":1.6231765304907364e-19,
			"Im":-1.9720694955185737e-19
		},
		"eB_13":{
			"Re":-7.856880689689356e-18,
			"Im":-2.155093984053435e-18
		},
		"eB_21":{
			"Re":3.356258947390437e-17,
			"Im":4.077668549833508e-17
		},
		"eB_22":2.7574796704903267e-13,
		"eB_23":{
			"Re":7.828037341551232e-16,
			"Im":-1.5233159119248327e-15
		},
		"eB_31":{
			"Re":-2.7321187874617796e-14,
			"Im":7.494033567679186e-15
		},
		"eB_32":{
			"Re":1.3164749567785959e-14,
			"Im":2.5618263707898873e-14
		},
		"eB_33":4.5178758423507436e-13,
		"ed_1111":1.0910550958226863e-11,
		"ed_1122":1.0910550958226863e-11,
		"ed_1133":1.0910550958226863e-11,
		"ed_1211":{
			"Re":1.028308461040935e-14,
			"Im":-1.2697030921206651e-14
		},
		"ed_1222":{
			"Re":1.028308461040935e-14,
			"Im":-1.2697030921206651e-14
		},
		"ed_1233":{
			"Re":1.028308461040935e-14,
			"Im":-1.2697030921206651e-14
		},
		"ed_1311":{
			"Re":-5.695169179127945e-13,
			"Im":-1.561989128070971e-13
		},
		"ed_1322":{
			"Re":-5.695169179127945e-13,
			"Im":-1.561989128070971e-13
		},
		"ed_1333":{
			"Re":-5.695169179127945e-13,
			"Im":-1.561989128070971e-13
		},
		"ed_2211":8.43038876466931e-11,
		"ed_2222":8.43038876466931e-11,
		"ed_2233":8.43038876466931e-11,
		"ed_2311":{
			"Re":2.33454944086318e-13,
			"Im":-4.632245447339106e-13
		},
		"ed_2322":{
			"Re":2.33454944086318e-13,
			"Im":-4.632245447339106e-13
		},
		"ed_2333":{
			"Re":2.33454944086318e-13,
			"Im":-4.632245447339106e-13
		},
		"ed_3311":7.606109012974381e-12,
		"ed_3322":7.606109012974381e-12,
		"ed_3333":7.606109012974381e-12,
		"ee_1111":-9.469374569350792e-12,
		"ee_1112":{
			"Re":-3.938222298513204e-13,
			"Im":3.489637287671975e-13
		},
		"ee_1113":{
			"Re":2.3409578296049223e-12,
			"Im":-2.3064530542464768e-11
		},
		"ee_1122":-2.6190734320687158e-9,
		"ee_1123":{
			"Re":-7.298157009924422e-12,
			"Im":1.4438496050098837e-11
		},
		"ee_1133":-2.4232865030215017e-10,
		"ee_1212":{
			"Re":-2.2570633231915468e-10,
			"Im":-8.607482084412302e-10
		},
		"ee_1213":{
			"Re":-1.5417737462641104e-11,
			"Im":-6.155695082516207e-12
		},
		"ee_1222":{
			"Re":-2.1026425651473922e-12,
			"Im":3.3030551235793765e-12
		},
		"ee_1223":{
			"Re":1.2746751794360244e-10,
			"Im":3.49768722294512e-11
		},
		"ee_1232":{
			"Re":1.6615200607360408e-10,
			"Im":3.7962213394306214e-11
		},
		"ee_1233":{
			"Re":2.345883038279796e-12,
			"Im":-9.992792094732701e-13
		},
		"ee_1313":{
			"Re":1.2118648892484783e-10,
			"Im":-2.5027948151500226e-12
		},
		"ee_1323":{
			"Re":4.928724748548032e-13,
			"Im":-5.715144573595576e-13
		},
		"ee_1333":{
			"Re":1.630826757164637e-12,
			"Im":2.414241274630948e-11
		},
		"ee_2222":-5.086910392414183e-9,
		"ee_2223":{
			"Re":-1.759577508709534e-12,
			"Im":3.634902278160102e-11
		},
		"ee_2233":-1.8787054136906276e-9,
		"ee_2323":{
			"Re":-1.5615214442160067e-10,
			"Im":6.456977689514299e-10
		},
		"ee_2333":{
			"Re":-1.6690924880000172e-11,
			"Im":1.513849985356858e-11
		},
		"ee_3333":1.8917219463488105e-12,
		"ephi_11":4.94814672655852e-17,
		"ephi_12":{
			"Re":4.101623647699717e-20,
			"Im":-5.0403036326323573e-20
		},
		"ephi_13":{
			"Re":-2.1910488408855245e-18,
			"Im":-6.009461782205806e-19
		},
		"ephi_21":{
			"Re":8.480900015231638e-18,
			"Im":1.042180336514309e-17
		},
		"ephi_22":7.075604272422793e-14,
		"ephi_23":{
			"Re":1.945672986531369e-16,
			"Im":-3.837946636164033e-16
		},
		"ephi_31":{
			"Re":-7.603004249432204e-15,
			"Im":2.085300673569112e-15
		},
		"ephi_32":{
			"Re":3.2644127212407473e-15,
			"Im":6.439437993904603e-15
		},
		"ephi_33":1.282186904637032e-13,
		"eu_1111":-2.1821101916453726e-11,
		"eu_1122":-2.1821101916453726e-11,
		"eu_1133":-2.1821101916453726e-11,
		"eu_1211":{
			"Re":-2.05661692208187e-14,
			"Im":2.5394061842413303e-14
		},
		"eu_1222":{
			"Re":-2.05661692208187e-14,
			"Im":2.5394061842413303e-14
		},
		"eu_1233":{
			"Re":-2.05661692208187e-14,
			"Im":2.5394061842413303e-14
		},
		"eu_1311":{
			"Re":1.139033835825589e-12,
			"Im":3.123978256141942e-13
		},
		"eu_1322":{
			"Re":1.139033835825589e-12,
			"Im":3.123978256141942e-13
		},
		"eu_1333":{
			"Re":1.139033835825589e-12,
			"Im":3.123978256141942e-13
		},
		"eu_2211":-1.686077752933862e-10,
		"eu_2222":-1.686077752933862e-10,
		"eu_2233":-1.686077752933862e-10,
		"eu_2311":{
			"Re":-4.66909888172636e-13,
			"Im":9.264490894678211e-13
		},
		"eu_2322":{
			"Re":-4.66909888172636e-13,
			"Im":9.264490894678211e-13
		},
		"eu_2333":{
			"Re":-4.66909888172636e-13,
			"Im":9.264490894678211e-13
		},
		"eu_3311":-1.5212218025948762e-11,
		"eu_3322":-1.5212218025948762e-11,
		"eu_3333":-1.5212218025948762e-11,
		"phi":4.588408149379291e-15,
		"phiB":-1.6230063024905613e-12,
		"phiBox":-9.372444061228522e-13,
		"phid_11":1.020133810554594e-12,
		"phid_22":1.020133810554594e-12,
		"phid_33":1.020133810554594e-12,
		"phiD":-3.060401431663782e-12,
		"phie_11":-1.6365826437340295e-11,
		"phie_12":{
			"Re":-1.5424626915614014e-14,
			"Im":1.904554638180997e-14
		},
		"phie_13":{
			"Re":8.542753768691919e-13,
			"Im":2.342983692106456e-13
		},
		"phie_22":-1.2645583147003957e-10,
		"phie_23":{
			"Re":-3.5018241612947673e-13,
			"Im":6.948368171008654e-13
		},
		"phie_33":-1.1409163519461574e-11,
		"phil1_11":1.5302007143787512e-12,
		"phil1_13":{
			"Re":2.2621878659026663e-19,
			"Im":6.20504199205075e-20
		},
		"phil1_22":1.5297286189670541e-12,
		"phil1_23":{
			"Re":-2.253883161434436e-17,
			"Im":4.385998601728887e-17
		},
		"phil1_33":1.5171926477271624e-12,
		"phil3_13":{
			"Re":2.2621878659026663e-19,
			"Im":6.20504199205075e-20
		},
		"phil3_22":-4.720968648369944e-16,
		"phil3_23":{
			"Re":-2.253883161434436e-17,
			"Im":4.385998601728887e-17
		},
		"phil3_33":-1.3008068104728666e-14,
		"phiq1_11":-5.10066905277297e-13,
		"phiq1_22":-5.10066905277297e-13,
		"phiq1_33":-5.10066905277297e-13,
		"phiu_11":-2.040267621109188e-12,
		"phiu_22":-2.040267621109188e-12,
		"phiu_33":-2.040267621109188e-12,
		"ld_1111":-1.020133810554594e-12,
		"ld_1122":-1.020133810554594e-12,
		"ld_1133":-1.020133810554594e-12,
		"ld_2211":-1.020133810554594e-12,
		"ld_2222":-1.020133810554594e-12,
		"ld_2233":-1.020133810554594e-12,
		"ld_3311":-1.020133810554594e-12,
		"ld_3322":-1.020133810554594e-12,
		"ld_3333":-1.020133810554594e-12,
		"le_1111":1.6365826437340295e-11,
		"le_1112":{
			"Re":1.5424626915614014e-14,
			"Im":-1.904554638180997e-14
		},
		"le_1113":{
			"Re":-8.542753768691919e-13,
			"Im":-2.342983692106456e-13
		},
		"le_1122":1.2645583147003957e-10,
		"le_1123":{
			"Re":3.5018241612947673e-13,
			"Im":-6.948368171008654e-13
		},
		"le_1133":1.1409163519461574e-11,
		"le_2211":1.6365826437340295e-11,
		"le_2212":{
			"Re":1.5424626915614014e-14,
			"Im":-1.904554638180997e-14
		},
		"le_2213":{
			"Re":-8.542753768691919e-13,
			"Im":-2.342983692106456e-13
		},
		"le_2222":1.2645583147003957e-10,
		"le_2223":{
			"Re":3.5018241612947673e-13,
			"Im":-6.948368171008654e-13
		},
		"le_2233":1.1409163519461574e-11,
		"le_3311":1.6365826437340295e-11,
		"le_3312":{
			"Re":1.5424626915614014e-14,
			"Im":-1.904554638180997e-14
		},
		"le_3313":{
			"Re":-8.542753768691919e-13,
			"Im":-2.342983692106456e-13
		},
		"le_3322":1.2645583147003957e-10,
		"le_3323":{
			"Re":3.5018241612947673e-13,
			"Im":-6.948368171008654e-13
		},
		"le_3333":1.1409163519461574e-11,
		"ll_1111":-7.651003579159455e-13,
		"ll_1122":-1.530200715831891e-12,
		"ll_1133":-1.530200715831891e-12,
		"ll_2222":-7.651003579159455e-13,
		"ll_2233":-1.530200715831891e-12,
		"ll_3333":-7.651003579159455e-13,
		"lq1_1111":5.10066905277297e-13,
		"lq1_1122":5.10066905277297e-13,