{
	"eft":"SMEFT",
	"basis":"Warsaw",
	"scale":1000,
	"values":{
		"dd_1111":-2.727874222527518e-13,
		"dd_1122":-5.455748445055036e-13,
		"dd_1133":-5.455748445055036e-13,
		"dd_2222":-2.727874222527518e-13,
		"dd_2233":-5.455748445055036e-13,
		"dd_3333":-2.727874222527518e-13,
		"eB_11":2.890278320975417e-16,
		"eB_12":{
			"Re":2.826916614746931e-20,
			"Im":-3.7102954080437963e-20
		},
		"eB_13":{
			"Re":-2.044681614936595e-20,
			"Im":-5.690002422392551e-20
		},
		"eB_21":{
			"Re":5.845244804582543e-18,
			"Im":7.671816297728306e-18
		},
		"eB_22":7.360598147152606e-15,
		"eB_23":{
			"Re":2.7011913070617765e-15,
			"Im":3.1389383063669827e-15
		},
		"eB_31":{
			"Re":-7.110090219267414e-17,
			"Im":1.9786176133896054e-16
		},
		"eB_32":{
			"Re":4.542710457370132e-14,
			"Im":-5.278888552652547e-14
		},
		"eB_33":1.0067273560344845e-12,
		"ed_1111":2.0311455089746258e-11,
		"ed_1122":2.0311455089746258e-11,
		"ed_1133":2.0311455089746258e-11,
		"ed_1211":{
			"Re":7.78631357980432e-16,
			"Im":-1.249225602666282e-15
		},
		"ed_1222":{
			"Re":7.78631357980432e-16,
			"Im":-1.249225602666282e-15
		},
		"ed_1233":{
			"Re":7.78631357980432e-16,
			"Im":-1.249225602666282e-15
		},
		"ed_1311":{
			"Re":-3.6529464500625916e-15,
			"Im":-4.289368319727988e-15
		},
		"ed_1322":{
			"Re":-3.6529464500625916e-15,
			"Im":-4.289368319727988e-15
		},
		"ed_1333":{
			"Re":-3.6529464500625916e-15,
			"Im":-4.289368319727988e-15
		},
		"ed_2211":1.0538844520805629e-12,
		"ed_2222":1.0538844520805629e-12,
		"ed_2233":1.0538844520805629e-12,
		"ed_2311":{
			"Re":9.882314433977175e-13,
			"Im":1.1480745541331565e-12
		},
		"ed_2322":{
			"Re":9.882314433977175e-13,
			"Im":1.1480745541331565e-12
		},
		"ed_2333":{
			"Re":9.882314433977175e-13,
			"Im":1.1480745541331565e-12
		},
		"ed_3311":2.0342501187443877e-11,
		"ed_3322":2.0342501187443877e-11,
		"ed_3333":2.0342501187443877e-11,
		"ee_1111":-1.0995589061705783e-10,
		"ee_1112":{
			"Re":-7.096832139040851e-12,
			"Im":3.605165394769042e-11
		},
		"ee_1113":{
			"Re":-2.0477286792696554e-10,
			"Im":-3.080827657492291e-10
		},
		"ee_1122":-1.0789238848902093e-10,
		"ee_1123":{
			"Re":-8.019151343578052e-11,
			"Im":-5.593796842203226e-11
		},
		"ee_1133":{
			"Re":-1.0896152986211077e-9,
			"Im":-1.333204474873221e-20
		},
		"ee_1212":{
			"Re":7.002553792603811e-11,
			"Im":1.4947177105003276e-11
		},
		"ee_1213":{
			"Re":3.6160943618467004e-11,
			"Im":5.116965767538769e-11
		},
		"ee_1222":{
			"Re":7.453019262831683e-14,
			"Im":-4.696931018475933e-12
		},
		"ee_1223":{
			"Re":2.8501505941144563e-12,
			"Im":-2.9552379894511937e-12
		},
		"ee_1232":{
			"Re":-3.404625968452874e-11,
			"Im":3.328198446878081e-11
		},
		"ee_1233":{
			"Re":-4.1696492587951985e-11,
			"Im":1.3053465746627397e-12
		},
		"ee_1313":{
			"Re":2.5512671609722e-10,
			"Im":-4.598273864009449e-10
		},
		"ee_1323":{
			"Re":-3.289620189652453e-11,
			"Im":-1.0646242426682015e-11
		},
		"ee_1333":{
			"Re":1.609001449863696e-10,
			"Im":3.107751728312418e-10
		},
		"ee_2222":3.816286388524307e-12,
		"ee_2223":{
			"Re":8.018486827805635e-13,
			"Im":-4.835877811429372e-13
		},
		"ee_2233":-1.1040002538629925e-10,
		"ee_2323":{
			"Re":2.025781007086278e-11,
			"Im":-6.811634400928015e-11
		},
		"ee_2333":{
			"Re":-8.865792200026975e-11,
			"Im":-1.2646576862797494e-10
		},
		"ee_3333":-1.7238098984592346e-10,
		"ephi_11":-9.306465943491756e-16,
		"ephi_12":{
			"Re":-4.8163617334769556e-20,
			"Im":7.033475735671584e-20
		},
		"ephi_13":{
			"Re":1.3162481326590804e-19,
			"Im":1.8219314784408756e-19
		},
		"ephi_21":{
			"Re":-9.958853257053827e-18,
			"Im":-1.454320667048026e-17
		},
		"ephi_22":-2.3618795883732177e-14,
		"ephi_23":{
			"Re":-8.671431068970012e-15,
			"Im":-1.0074710323661691e-14
		},
		"ephi_31":{
			"Re":4.577484008613048e-16,
			"Im":-6.336671097882349e-16
		},
		"ephi_32":{
			"Re":-1.4585781747426343e-13,
			"Im":1.694616840828941e-13
		},
		"ephi_33":-3.2403897051292928e-12,
		"eu_1111":-4.0622910179492516e-11,
		"eu_1122":-4.0622910179492516e-11,
		"eu_1133":-4.0622910179492516e-11,
		"eu_1211":{
			"Re":-1.557262715960864e-15,
			"Im":2.498451205332564e-15
		},
		"eu_1222":{
			"Re":-1.557262715960864e-15,
			"Im":2.498451205332564e-15
		},
		"eu_1233":{
			"Re":-1.557262715960864e-15,
			"Im":2.498451205332564e-15
		},
		"eu_1311":{
			"Re":7.305892900125183e-15,
			"Im":8.578736639455976e-15
		},
		"eu_1322":{
			"Re":7.305892900125183e-15,
			"Im":8.578736639455976e-15
		},
		"eu_1333":{
			"Re":7.305892900125183e-15,
			"Im":8.578736639455976e-15
		},
		"eu_2211":-2.1077689041611258e-12,
		"eu_2222":-2.1077689041611258e-12,
		"eu_2233":-2.1077689041611258e-12,
		"eu_2311":{
			"Re":-1.976462886795435e-12,
			"Im":-2.296149108266313e-12
		},
		"eu_2322":{
			"Re":-1.976462886795435e-12,
			"Im":-2.296149108266313e-12
		},
		"eu_2333":{
			"Re":-1.976462886795435e-12,
			"Im":-2.296149108266313e-12
		},
		"eu_3311":-4.0685002374887754e-11,
		"eu_3322":-4.0685002374887754e-11,
		"eu_3333":-4.0685002374887754e-11,
		"phi":-5.1466237513845144e-12,
		"phiB":1.455903651816974e-11,
		"phiBox":-1.7881229967831563e-11,
		"phid_11":8.183622667582554e-13,
		"phid_22":8.183622667582554e-13,
		"phid_33":8.183622667582554e-13,
		"phiD":-2.455086800274766e-12,
		"phie_11":-3.046718263461938e-11,
		"phie_12":{
			"Re":-1.167947036971052e-15,
			"Im":1.873838404000029e-15
		},
		"phie_13":{
			"Re":5.479419675098936e-15,
			"Im":6.434052479591621e-15
		},
		"phie_22":-1.5808266781208474e-12,
		"phie_23":{
			"Re":-1.4823471650965767e-12,
			"Im":-1.7221118311997357e-12
		},
		"phie_33":-3.051375178116579e-11,
		"phil1_11":1.2275433977442395e-12,
		"phil1_22":1.227530798357048e-12,
		"phil1_23":{
			"Re":-7.777389576929582e-17,
			"Im":-9.037770113779373e-17
		},
		"phil1_33":1.1985572604842488e-12,
		"phil3_22":-1.260178033507618e-17,
		"phil3_23":{
			"Re":-7.777389576929582e-17,
			"Im":-9.037770113779373e-17
		},
		"phil3_33":-2.898613965313419e-14,
		"phiq1_11":-4.091811333791277e-13,
		"phiq1_22":-4.091811333791277e-13,
		"phiq1_33":-4.091811333791277e-13,
		"phiu_11":-1.6367245335165107e-12,
		"phiu_22":-1.6367245335165107e-12,
		"phiu_33":-1.6367245335165107e-12,
		"ld_1111":-8.183622667582554e-13,
		"ld_1122":-8.183622667582554e-13,
		"ld_1133":-8.183622667582554e-13,
		"ld_2211":-8.183622667582554e-13,
		"ld_2222":-8.183622667582554e-13,
		"ld_2233":-8.183622667582554e-13,
		"ld_3311":-8.183622667582554e-13,
		"ld_3322":-8.183622667582554e-13,
		"ld_3333":-8.183622667582554e-13,
		"le_1111":3.046718263461938e-11,
		"le_1112":{
			"Re":1.167947036971052e-15,
			"Im":-1.873838404000029e-15
		},
		"le_1113":{
			"Re":-5.479419675098936e-15,
			"Im":-6.434052479591621e-15
		},
		"le_1122":1.5808266781208474e-12,
		"le_1123":{
			"Re":1.4823471650965767e-12,
			"Im":1.7221118311997357e-12
		},
		"le_1133":3.051375178116579e-11,
		"le_2211":3.046718263461938e-11,
		"le_2212":{
			"Re":1.167947036971052e-15,
			"Im":-1.873838404000029e-15
		},
		"le_2213":{
			"Re":-5.479419675098936e-15,
			"Im":-6.434052479591621e-15
		},
		"le_2222":1.5808266781208474e-12,
		"le_2223":{
			"Re":1.4823471650965767e-12,
			"Im":1.7221118311997357e-12
		},
		"le_2233":3.051375178116579e-11,
		"le_3311":3.046718263461938e-11,
		"le_3312":{
			"Re":1.167947036971052e-15,
			"Im":-1.873838404000029e-15
		},
		"le_3313":{
			"Re":-5.479419675098936e-15,
			"Im":-6.434052479591621e-15
		},
		"le_3322":1.5808266781208474e-12,
		"le_3323":{
			"Re":1.4823471650965767e-12,
			"Im":1.7221118311997357e-12
		},
		"le_3333":3.051375178116579e-11,
		"ll_1111":-6.137717000686915e-13,
		"ll_1122":-1.227543400137383e-12,
		"ll_1133":-1.227543400137383e-12,
		"ll_2222":-6.137717000686915e-13,
		"ll_2233":-1.227543400137383e-12,
		"ll_3333":-6.137717000686915e-13,
		"lq1_1111":4.091811333791277e-13,
		"lq1_1122":4.091811333791277e-13,
		"lq1_1133":4.091811333791277e-13,
		"lq1_2211":4.091811333791277e-13,