{
	"eft":"SMEFT",
	"basis":"Warsaw",
	"scale":1000,
	"values":{
		"dd_1111":-5.386206317948724e-13,
		"dd_1122":-1.0772412635897447e-12,
		"dd_1133":-1.0772412635897447e-12,
		"dd_2222":-5.386206317948724e-13,
		"dd_2233":-1.0772412635897447e-12,
		"dd_3333":-5.386206317948724e-13,
		"eB_11":1.761634857706773e-17,
		"eB_12":{
			"Re":-3.629104343245786e-20,
			"Im":4.2863620787644575e-20
		},
		"eB_13":{
			"Re":1.979015645122177e-18,
			"Im":4.69781568501734e-19
		},
		"eB_21":{
			"Re":-7.503936690946175e-18,
			"Im":-8.862955327637034e-18
		},
		"eB_22":4.0854082617012353e-13,
		"eB_23":{
			"Re":-4.9421282065485535e-18,
			"Im":-1.0343678584866773e-16
		},
		"eB_31":{
			"Re":6.881746125806157e-15,
			"Im":-1.6335987524809892e-15
		},
		"eB_32":{
			"Re":-8.311391135777356e-17,
			"Im":1.7395412443504926e-15
		},
		"eB_33":5.522937229509625e-13,
		"ed_1111":-1.9995528130576804e-12,
		"ed_1122":-1.9995528130576804e-12,
		"ed_1133":-1.9995528130576804e-12,
		"ed_1211":{
			"Re":-2.5517126861871577e-15,
			"Im":3.0156266652266597e-15
		},
		"ed_1222":{
			"Re":-2.5517126861871577e-15,
			"Im":3.0156266652266597e-15
		},
		"ed_1233":{
			"Re":-2.5517126861871577e-15,
			"Im":3.0156266652266597e-15
		},
		"ed_1311":{
			"Re":1.384834751407561e-13,
			"Im":3.287218424265204e-14
		},
		"ed_1322":{
			"Re":1.384834751407561e-13,
			"Im":3.287218424265204e-14
		},
		"ed_1333":{
			"Re":1.384834751407561e-13,
			"Im":3.287218424265204e-14
		},
		"ed_2211":1.3571396591797754e-10,
		"ed_2222":1.3571396591797754e-10,
		"ed_2233":1.3571396591797754e-10,
		"ed_2311":{
			"Re":-1.6290463041984936e-15,
			"Im":-3.524730070348718e-14
		},
		"ed_2322":{
			"Re":-1.6290463041984936e-15,
			"Im":-3.524730070348718e-14
		},
		"ed_2333":{
			"Re":-1.6290463041984936e-15,
			"Im":-3.524730070348718e-14
		},
		"ed_3311":7.881584578360138e-12,
		"ed_3322":7.881584578360138e-12,
		"ed_3333":7.881584578360138e-12,
		"ee_1111":-1.5729933324667969e-12,
		"ee_1112":{
			"Re":-2.2773718587780026e-15,
			"Im":-2.6179362148082066e-15
		},
		"ee_1113":{
			"Re":2.1952718460923475e-14,
			"Im":2.298544364598089e-13
		},
		"ee_1122":1.3201189899836765e-10,
		"ee_1123":{
			"Re":-2.551465759297197e-15,
			"Im":-3.498020606313835e-14
		},
		"ee_1133":5.022719816174585e-12,
		"ee_1212":{
			"Re":7.527379593535088e-11,
			"Im":5.465632059839187e-11
		},
		"ee_1213":{
			"Re":7.121406818755326e-14,
			"Im":-4.7222022815701546e-14
		},
		"ee_1222":{
			"Re":2.166480875764375e-13,
			"Im":-1.3735669133974008e-13
		},
		"ee_1223":{
			"Re":-3.091574180062621e-11,
			"Im":-7.338374452196227e-12
		},
		"ee_1232":{
			"Re":2.6052113416142578e-12,
			"Im":-2.586794230911853e-11
		},
		"ee_1233":{
			"Re":1.9592408392832063e-14,
			"Im":-6.381722592658013e-14
		},
		"ee_1313":{
			"Re":-4.324787194722828e-12,
			"Im":5.9976853808983465e-12
		},
		"ee_1323":{
			"Re":-4.4121302862377906e-14,
			"Im":-1.969208433274223e-14
		},
		"ee_1333":{
			"Re":-3.9313575628363044e-14,
			"Im":-3.018433571705614e-13
		},
		"ee_2222":-4.684141562714698e-9,
		"ee_2223":{
			"Re":3.737484132547187e-12,
			"Im":-1.1674671012117873e-12
		},
		"ee_2233":-2.0739186507407934e-9,
		"ee_2323":{
			"Re":4.633132077361089e-12,
			"Im":8.413502259922034e-10
		},
		"ee_2333":{
			"Re":-6.896792294889422e-13,
			"Im":8.032640011008529e-13
		},
		"ee_3333":-5.423661875564806e-12,
		"ephi_11":2.9935156512878507e-17,
		"ephi_12":{
			"Re":-6.190312379667301e-20,
			"Im":7.314548929247294e-20
		},
		"ephi_13":{
			"Re":3.365154074898167e-18,
			"Im":7.98803648764748e-19
		},
		"ephi_21":{
			"Re":-1.2799757519206642e-17,
			"Im":-1.5124350269137542e-17
		},
		"ephi_22":6.969426913503362e-13,
		"ephi_23":{
			"Re":-8.245833372619786e-18,
			"Im":-1.7676427818038556e-16
		},
		"ephi_31":{
			"Re":1.1697801306220804e-14,
			"Im":-2.7767662553397607e-15
		},
		"ephi_32":{
			"Re":-1.3862507748437591e-16,
			"Im":2.971702704057234e-15
		},
		"ephi_33":9.390895599840316e-13,
		"eu_1111":3.999105626115361e-12,
		"eu_1122":3.999105626115361e-12,
		"eu_1133":3.999105626115361e-12,
		"eu_1211":{
			"Re":5.103425372374315e-15,
			"Im":-6.0312533304533194e-15
		},
		"eu_1222":{
			"Re":5.103425372374315e-15,
			"Im":-6.0312533304533194e-15
		},
		"eu_1233":{
			"Re":5.103425372374315e-15,
			"Im":-6.0312533304533194e-15
		},
		"eu_1311":{
			"Re":-2.769669502815122e-13,
			"Im":-6.574436848530408e-14
		},
		"eu_1322":{
			"Re":-2.769669502815122e-13,
			"Im":-6.574436848530408e-14
		},
		"eu_1333":{
			"Re":-2.769669502815122e-13,
			"Im":-6.574436848530408e-14
		},
		"eu_2211":-2.714279318359551e-10,
		"eu_2222":-2.714279318359551e-10,
		"eu_2233":-2.714279318359551e-10,
		"eu_2311":{
			"Re":3.2580926083969873e-15,
			"Im":7.049460140697436e-14
		},
		"eu_2322":{
			"Re":3.2580926083969873e-15,
			"Im":7.049460140697436e-14
		},
		"eu_2333":{
			"Re":3.2580926083969873e-15,
			"Im":7.049460140697436e-14
		},
		"eu_3311":-1.5763169156720275e-11,
		"eu_3322":-1.5763169156720275e-11,
		"eu_3333":-1.5763169156720275e-11,
		"phi":1.7886396314283818e-12,
		"phiB":-1.611035859103722e-11,
		"phiBox":-1.1920057998677402e-11,
		"phid_11":1.6158618953846168e-12,
		"phid_22":1.6158618953846168e-12,
		"phid_33":1.6158618953846168e-12,
		"phiD":-4.847585686153851e-12,
		"phie_11":2.9993292195865208e-12,
		"phie_12":{
			"Re":3.827569029280733e-15,
			"Im":-4.523439997839985e-15
		},
		"phie_13":{
			"Re":-2.0772521271113404e-13,
			"Im":-4.930827636397804e-14
		},
		"phie_22":-2.035709488769661e-10,
		"phie_23":{
			"Re":2.443569456297746e-15,
			"Im":5.287095105523073e-14
		},
		"phie_33":-1.1822376867540198e-11,
		"phil1_11":2.4237928429310625e-12,
		"phil1_13":{
			"Re":-5.698069444661428e-20,
			"Im":-1.352615886459853e-20
		},
		"phil1_22":2.423093396965837e-12,
		"phil1_23":{
			"Re":1.4229594290850294e-19,
			"Im":2.9781977234540425e-18
		},
		"phil1_33":2.4078909577382127e-12,
		"phil3_13":{
			"Re":-5.698069444661428e-20,
			"Im":-1.352615886459853e-20
		},
		"phil3_22":-6.994461110878643e-16,
		"phil3_23":{
			"Re":1.4229594290850294e-19,
			"Im":2.9781977234540425e-18
		},
		"phil3_33":-1.5901885338712937e-14,
		"phiq1_11":-8.079309476923084e-13,
		"phiq1_22":-8.079309476923084e-13,
		"phiq1_33":-8.079309476923084e-13,
		"phiu_11":-3.2317237907692335e-12,
		"phiu_22":-3.2317237907692335e-12,
		"phiu_33":-3.2317237907692335e-12,
		"ld_1111":-1.6158618953846168e-12,
		"ld_1122":-1.6158618953846168e-12,
		"ld_1133":-1.6158618953846168e-12,
		"ld_2211":-1.6158618953846168e-12,
		"ld_2222":-1.6158618953846168e-12,
		"ld_2233":-1.6158618953846168e-12,
		"ld_3311":-1.6158618953846168e-12,
		"ld_3322":-1.6158618953846168e-12,
		"ld_3333":-1.6158618953846168e-12,
		"le_1111":-2.9993292195865208e-12,
		"le_1112":{
			"Re":-3.827569029280733e-15,
			"Im":4.523439997839985e-15
		},
		"le_1113":{
			"Re":2.0772521271113404e-13,
			"Im":4.930827636397804e-14
		},
		"le_1122":2.035709488769661e-10,
		"le_1123":{
			"Re":-2.443569456297746e-15,
			"Im":-5.287095105523073e-14
		},
		"le_1133":1.1822376867540198e-11,
		"le_2211":-2.9993292195865208e-12,
		"le_2212":{
			"Re":-3.827569029280733e-15,
			"Im":4.523439997839985e-15
		},
		"le_2213":{
			"Re":2.0772521271113404e-13,
			"Im":4.930827636397804e-14
		},
		"le_2222":2.035709488769661e-10,
		"le_2223":{
			"Re":-2.443569456297746e-15,
			"Im":-5.287095105523073e-14
		},
		"le_2233":1.1822376867540198e-11,
		"le_3311":-2.9993292195865208e-12,
		"le_3312":{
			"Re":-3.827569029280733e-15,
			"Im":4.523439997839985e-15
		},
		"le_3313":{
			"Re":2.0772521271113404e-13,
			"Im":4.930827636397804e-14
		},
		"le_3322":2.035709488769661e-10,
		"le_3323":{
			"Re":-2.443569456297746e-15,
			"Im":-5.287095105523073e-14
		},
		"le_3333":1.1822376867540198e-11,
		"ll_1111":-1.2118964215384627e-12,
		"ll_1122":-2.4237928430769253e-12,
		"ll_1133":-2.4237928430769253e-12,
		"ll_2222":-1.2118964215384627e-12,
		"ll_2233":-2.4237928430769253e-12,
		"ll_3333":-1.2118964215384627e-12,