{
	"eft":"SMEFT",
	"basis":"Warsaw",
	"scale":1000,
	"values":{
		"dd_1111":-1.7737636118585148e-13,
		"dd_1122":-3.5475272237170296e-13,
		"dd_1133":-3.5475272237170296e-13,
		"dd_2222":-1.7737636118585148e-13,
		"dd_2233":-3.5475272237170296e-13,
		"dd_3333":-1.7737636118585148e-13,
		"eB_11":2.90559854537477e-16,
		"eB_12":{
			"Re":-8.295253108224092e-19,
			"Im":-1.0412071980160306e-18
		},
		"eB_13":{
			"Re":-4.103577446949353e-18,
			"Im":-2.2077487889371887e-17
		},
		"eB_21":{
			"Re":-1.7152180888746628e-16,
			"Im":2.1529149225513348e-16
		},
		"eB_22":5.760078863582612e-14,
		"eB_23":{
			"Re":-1.3961414194347474e-15,
			"Im":-7.436283816522977e-16
		},
		"eB_31":{
			"Re":-1.4269608361658864e-14,
			"Im":7.677133181068768e-14
		},
		"eB_32":{
			"Re":-2.347951516596802e-14,
			"Im":1.2505920690984425e-14
		},
		"eB_33":5.214300000572144e-13,
		"ed_1111":1.721959111067371e-11,
		"ed_1122":1.721959111067371e-11,
		"ed_1133":1.721959111067371e-11,
		"ed_1211":{
			"Re":-5.0043203410237033e-14,
			"Im":-6.28601256403196e-14
		},
		"ed_1222":{
			"Re":-5.0043203410237033e-14,
			"Im":-6.28601256403196e-14
		},
		"ed_1233":{
			"Re":-5.0043203410237033e-14,
			"Im":-6.28601256403196e-14
		},
		"ed_1311":{
			"Re":-2.470429896422086e-13,
			"Im":-1.3325326488767736e-12
		},
		"ed_1322":{
			"Re":-2.470429896422086e-13,
			"Im":-1.3325326488767736e-12
		},
		"ed_1333":{
			"Re":-2.470429896422086e-13,
			"Im":-1.3325326488767736e-12
		},
		"ed_2211":1.652606245147651e-11,
		"ed_2222":1.652606245147651e-11,
		"ed_2233":1.652606245147651e-11,
		"ed_2311":{
			"Re":-4.0899755369881836e-13,
			"Im":-2.1788951344175986e-13
		},
		"ed_2322":{
			"Re":-4.0899755369881836e-13,
			"Im":-2.1788951344175986e-13
		},
		"ed_2333":{
			"Re":-4.0899755369881836e-13,
			"Im":-2.1788951344175986e-13
		},
		"ed_3311":8.735107437146798e-12,
		"ed_3322":8.735107437146798e-12,
		"ed_3333":8.735107437146798e-12,
		"ee_1111":-4.8362136440455e-10,
		"ee_1112":{
			"Re":4.5186331626611014e-12,
			"Im":1.6740933399170505e-12
		},
		"ee_1113":{
			"Re":5.330672456331319e-11,
			"Im":6.054887763970339e-11
		},
		"ee_1122":-1.6703639151398694e-9,
		"ee_1123":{
			"Re":4.139865503157685e-11,
			"Im":2.2041626754793983e-11
		},
		"ee_1133":-8.818552795222028e-10,
		"ee_1212":{
			"Re":-2.73717217680806e-10,
			"Im":2.5776340326252213e-10
		},
		"ee_1213":{
			"Re":4.181448599789379e-11,
			"Im":1.380044714454317e-11
		},
		"ee_1222":{
			"Re":2.1052503494816416e-12,
			"Im":2.4321168980496185e-12
		},
		"ee_1223":{
			"Re":2.3630909718546438e-11,
			"Im":1.2895760220720066e-10
		},
		"ee_1232":{
			"Re":-6.927855175940741e-11,
			"Im":-3.3236228569271514e-11
		},
		"ee_1233":{
			"Re":6.171686137837301e-13,
			"Im":9.294586509728855e-12
		},
		"ee_1313":{
			"Re":-1.1051307482411644e-10,
			"Im":1.8535103004714614e-10
		},
		"ee_1323":{
			"Re":-9.972621022425175e-13,
			"Im":-5.117759664991532e-12
		},
		"ee_1333":{
			"Re":-3.1367986199693185e-11,
			"Im":6.018671755867843e-11
		},
		"ee_2222":-4.3590085922518764e-10,
		"ee_2223":{
			"Re":1.9671464755631655e-11,
			"Im":-1.66467177683168e-11
		},
		"ee_2233":-8.471298935019175e-10,
		"ee_2323":{
			"Re":2.059364360369598e-10,
			"Im":-5.599600691314356e-11
		},
		"ee_2333":{
			"Re":1.551990954202262e-11,
			"Im":3.5442980453717436e-11
		},
		"ee_3333":-1.007650050827682e-10,
		"ephi_11":-3.2800430713128422e-15,
		"ephi_12":{
			"Re":9.093158483730714e-18,
			"Im":1.1419460656153192e-17
		},
		"ephi_13":{
			"Re":4.491568010399085e-17,
			"Im":2.420799544376901e-16
		},
		"ephi_21":{
			"Re":1.8802021673603054e-15,
			"Im":-2.3612141713033974e-15
		},
		"ephi_22":-6.518181669050189e-13,
		"ephi_23":{
			"Re":1.5346667666177194e-14,
			"Im":8.175274875745984e-15
		},
		"ephi_31":{
			"Re":1.5619629153100484e-13,
			"Im":-8.418438156873588e-13
		},
		"ephi_32":{
			"Re":2.5810531010381763e-13,
			"Im":-1.3749446374351788e-13
		},
		"ephi_33":-6.044951623239894e-12,
		"eu_1111":-3.443918222134742e-11,
		"eu_1122":-3.443918222134742e-11,
		"eu_1133":-3.443918222134742e-11,
		"eu_1211":{
			"Re":1.0008640682047407e-13,
			"Im":1.257202512806392e-13
		},
		"eu_1222":{
			"Re":1.0008640682047407e-13,
			"Im":1.257202512806392e-13
		},
		"eu_1233":{
			"Re":1.0008640682047407e-13,
			"Im":1.257202512806392e-13
		},
		"eu_1311":{
			"Re":4.940859792844172e-13,
			"Im":2.6650652977535473e-12
		},
		"eu_1322":{
			"Re":4.940859792844172e-13,
			"Im":2.6650652977535473e-12
		},
		"eu_1333":{
			"Re":4.940859792844172e-13,
			"Im":2.6650652977535473e-12
		},
		"eu_2211":-3.305212490295302e-11,
		"eu_2222":-3.305212490295302e-11,
		"eu_2233":-3.305212490295302e-11,
		"eu_2311":{
			"Re":8.179951073976367e-13,
			"Im":4.357790268835197e-13
		},
		"eu_2322":{
			"Re":8.179951073976367e-13,
			"Im":4.357790268835197e-13
		},
		"eu_2333":{
			"Re":8.179951073976367e-13,
			"Im":4.357790268835197e-13
		},
		"eu_3311":-1.7470214874293595e-11,
		"eu_3322":-1.7470214874293595e-11,
		"eu_3333":-1.7470214874293595e-11,
		"phi":-2.164477963600108e-10,
		"phiB":3.8000602684182174e-11,
		"phiBox":-1.8131332094626755e-10,
		"phid_11":5.321290835575544e-13,
		"phid_22":5.321290835575544e-13,
		"phid_33":5.321290835575544e-13,
		"phiD":-1.5963872506726633e-12,
		"phie_11":-2.5829386666010552e-11,
		"phie_12":{
			"Re":7.506480511535546e-14,
			"Im":9.429018846047929e-14
		},
		"phie_13":{
			"Re":3.7056448446331244e-13,
			"Im":1.998798973315158e-12
		},
		"phie_22":-2.4789093677214776e-11,
		"phie_23":{
			"Re":6.134963305482278e-13,
			"Im":3.2683427016263993e-13
		},
		"phie_33":-1.3102661155720206e-11,
		"phil1_11":7.981936229305029e-13,
		"phil1_13":{
			"Re":1.1815201826168572e-19,
			"Im":6.356648036986369e-19
		},
		"phil1_22":7.980950093718402e-13,
		"phil1_23":{
			"Re":4.019832173694731e-17,
			"Im":2.1410877524489646e-17
		},
		"phil1_33":7.831803819687058e-13,
		"phil3_13":{
			"Re":1.1815201826168572e-19,
			"Im":6.356648036986369e-19
		},
		"phil3_22":-9.861596449150419e-17,
		"phil3_23":{
			"Re":4.019832173694731e-17,
			"Im":2.1410877524489646e-17
		},
		"phil3_33":-1.5013243367625793e-14,
		"phiq1_11":-2.660645417787772e-13,
		"phiq1_22":-2.660645417787772e-13,
		"phiq1_33":-2.660645417787772e-13,
		"phiu_11":-1.0642581671151087e-12,
		"phiu_22":-1.0642581671151087e-12,
		"phiu_33":-1.0642581671151087e-12,
		"ld_1111":-5.321290835575544e-13,
		"ld_1122":-5.321290835575544e-13,
		"ld_1133":-5.321290835575544e-13,
		"ld_2211":-5.321290835575544e-13,
		"ld_2222":-5.321290835575544e-13,
		"ld_2233":-5.321290835575544e-13,
		"ld_3311":-5.321290835575544e-13,
		"ld_3322":-5.321290835575544e-13,
		"ld_3333":-5.321290835575544e-13,
		"le_1111":2.5829386666010552e-11,
		"le_1112":{
			"Re":-7.506480511535546e-14,
			"Im":-9.429018846047929e-14
		},
		"le_1113":{
			"Re":-3.7056448446331244e-13,
			"Im":-1.998798973315158e-12
		},
		"le_1122":2.4789093677214776e-11,
		"le_1123":{
			"Re":-6.134963305482278e-13,
			"Im":-3.2683427016263993e-13
		},
		"le_1133":1.3102661155720206e-11,
		"le_2211":2.5829386666010552e-11,
		"le_2212":{
			"Re":-7.506480511535546e-14,
			"Im":-9.429018846047929e-14
		},
		"le_2213":{
			"Re":-3.7056448446331244e-13,
			"Im":-1.998798973315158e-12
		},
		"le_2222":2.4789093677214776e-11,
		"le_2223":{
			"Re":-6.134963305482278e-13,
			"Im":-3.2683427016263993e-13
		},
		"le_2233":1.3102661155720206e-11,
		"le_3311":2.5829386666010552e-11,
		"le_3312":{
			"Re":-7.506480511535546e-14,
			"Im":-9.429018846047929e-14
		},
		"le_3313":{
			"Re":-3.7056448446331244e-13,
			"Im":-1.998798973315158e-12
		},
		"le_3322":2.4789093677214776e-11,
		"le_3323":{
			"Re":-6.134963305482278e-13,
			"Im":-3.2683427016263993e-13
		},
		"le_3333":1.3102661155720206e-11,
		"ll_1111":-3.990968126681658e-13,
		"ll_1122":-7.981936253363316e-13,
		"ll_1133":-7.981936253363316e-13,
		"ll_2222":-3.990968126681658e-13,
		"ll_2233":-7.981936253363316e-13,
		"ll_3333":-3.990968126681658e-13,
		"lq1_1111":2.660645417787772e-13,