{
	"eft":"SMEFT",
	"basis":"Warsaw",
	"scale":1000,
	"values":{
		"dd_1111":-1.1556571390898916e-13,
		"dd_1122":-2.3113142781797833e-13,
		"dd_1133":-2.3113142781797833e-13,
		"dd_2222":-1.1556571390898916e-13,
		"dd_2233":-2.3113142781797833e-13,
		"dd_3333":-1.1556571390898916e-13,
		"eB_11":1.094666071297386e-17,
		"eB_12":{
			"Re":0.0,
			"Im":1.0135138640410619e-20
		},
		"eB_13":{
			"Re":2.1072871999141704e-20,
			"Im":7.233395328490092e-20
		},
		"eB_21":{
			"Re":2.4742950402746866e-19,
			"Im":-2.0956531286614666e-18
		},
		"eB_22":7.461162025869827e-14,
		"eB_23":{
			"Re":-4.735988673763052e-15,
			"Im":8.460377829563911e-16
		},
		"eB_31":{
			"Re":7.327792258600108e-17,
			"Im":-2.515310599032929e-16
		},
		"eB_32":{
			"Re":-7.964717351949442e-14,
			"Im":-1.4228183964307207e-14
		},
		"eB_33":8.448544139267991e-13,
		"ed_1111":-1.4136553148232048e-14,
		"ed_1122":-1.4136553148232048e-14,
		"ed_1133":-1.4136553148232048e-14,
		"ed_1211":{
			"Re":1.436836384218638e-17,
			"Im":-1.2105349397463537e-16
		},
		"ed_1222":{
			"Re":1.436836384218638e-17,
			"Im":-1.2105349397463537e-16
		},
		"ed_1233":{
			"Re":1.436836384218638e-17,
			"Im":-1.2105349397463537e-16
		},
		"ed_1311":{
			"Re":2.9701782645885954e-16,
			"Im":6.876465884061916e-16
		},
		"ed_1322":{
			"Re":2.9701782645885954e-16,
			"Im":6.876465884061916e-16
		},
		"ed_1333":{
			"Re":2.9701782645885954e-16,
			"Im":6.876465884061916e-16
		},
		"ed_2211":2.1386564519028105e-11,
		"ed_2222":2.1386564519028105e-11,
		"ed_2233":2.1386564519028105e-11,
		"ed_2311":{
			"Re":-1.3869406423213911e-12,
			"Im":2.4772552998138195e-13
		},
		"ed_2322":{
			"Re":-1.3869406423213911e-12,
			"Im":2.4772552998138195e-13
		},
		"ed_2333":{
			"Re":-1.3869406423213911e-12,
			"Im":2.4772552998138195e-13
		},
		"ed_3311":1.4248402442172692e-11,
		"ed_3322":1.4248402442172692e-11,
		"ed_3333":1.4248402442172692e-11,
		"ee_1111":-2.783399069151623e-13,
		"ee_1112":{
			"Re":-2.890345255903287e-14,
			"Im":-3.6249084954177126e-13
		},
		"ee_1113":{
			"Re":-4.893802761591477e-13,
			"Im":-1.8422821294448232e-12
		},
		"ee_1122":-6.440554807508509e-11,
		"ee_1123":{
			"Re":5.0470896037774784e-12,
			"Im":-9.048584827744181e-13
		},
		"ee_1133":-3.845194375252526e-11,
		"ee_1212":{
			"Re":2.2550127838921163e-11,
			"Im":6.2069392284235965e-12
		},
		"ee_1213":{
			"Re":-3.4267238588327723e-12,
			"Im":-2.7228245226903834e-12
		},
		"ee_1222":{
			"Re":-4.026906478247257e-12,
			"Im":1.0997112652968161e-11
		},
		"ee_1223":{
			"Re":1.3165880455493638e-12,
			"Im":-2.23489560473769e-12
		},
		"ee_1232":{
			"Re":-3.104557778977323e-11,
			"Im":5.322592365209498e-11
		},
		"ee_1233":{
			"Re":9.246613679725523e-12,
			"Im":-6.893549776831514e-12
		},
		"ee_1313":{
			"Re":1.3527571183652143e-11,
			"Im":-7.323045884005929e-12
		},
		"ee_1323":{
			"Re":3.1551121702250994e-12,
			"Im":7.120977154348503e-12
		},
		"ee_1333":{
			"Re":9.375486846966628e-12,
			"Im":3.897001820925948e-11
		},
		"ee_2222":-1.3174118335370268e-9,
		"ee_2223":{
			"Re":1.3590878360686103e-10,
			"Im":-1.0373046539717487e-10
		},
		"ee_2233":-2.7764653698423843e-9,
		"ee_2323":{
			"Re":3.5383985379542233e-10,
			"Im":-3.4444336957555623e-10
		},
		"ee_2333":{
			"Re":1.4206658009243154e-10,
			"Im":5.443187762806252e-11
		},
		"ee_3333":-6.022131015802836e-10,
		"ephi_11":-1.494993041998443e-16,
		"ephi_12":{
			"Re":0.0,
			"Im":-2.3193236118477562e-20
		},
		"ephi_13":{
			"Re":-1.3251470231354056e-19,
			"Im":-4.0387411943194075e-19
		},
		"ephi_21":{
			"Re":-1.4767256732236611e-18,
			"Im":4.795693842551621e-18
		},
		"ephi_22":-1.0091008809068145e-12,
		"ephi_23":{
			"Re":6.35866388049412e-14,
			"Im":-1.1357927531695668e-14
		},
		"ephi_31":{
			"Re":-4.608441432483761e-16,
			"Im":1.4045627792493119e-15
		},
		"ephi_32":{
			"Re":1.0694107001809235e-12,
			"Im":1.9101952105857625e-13
		},
		"ephi_33":-1.1466052876719035e-11,
		"eu_1111":2.8273106296464097e-14,
		"eu_1122":2.8273106296464097e-14,
		"eu_1133":2.8273106296464097e-14,
		"eu_1211":{
			"Re":-2.873672768437276e-17,
			"Im":2.4210698794927074e-16
		},
		"eu_1222":{
			"Re":-2.873672768437276e-17,
			"Im":2.4210698794927074e-16
		},
		"eu_1233":{
			"Re":-2.873672768437276e-17,
			"Im":2.4210698794927074e-16
		},
		"eu_1311":{
			"Re":-5.940356529177191e-16,
			"Im":-1.3752931768123832e-15
		},
		"eu_1322":{
			"Re":-5.940356529177191e-16,
			"Im":-1.3752931768123832e-15
		},
		"eu_1333":{
			"Re":-5.940356529177191e-16,
			"Im":-1.3752931768123832e-15
		},
		"eu_2211":-4.277312903805621e-11,
		"eu_2222":-4.277312903805621e-11,
		"eu_2233":-4.277312903805621e-11,
		"eu_2311":{
			"Re":2.7738812846427823e-12,
			"Im":-4.954510599627639e-13
		},
		"eu_2322":{
			"Re":2.7738812846427823e-12,
			"Im":-4.954510599627639e-13
		},
		"eu_2333":{
			"Re":2.7738812846427823e-12,
			"Im":-4.954510599627639e-13
		},
		"eu_3311":-2.8496804884345383e-11,
		"eu_3322":-2.8496804884345383e-11,
		"eu_3333":-2.8496804884345383e-11,
		"phi":-2.571490508763886e-10,
		"phiB":3.024752983023752e-11,
		"phiBox":-1.7618937650363997e-10,
		"phid_11":3.4669714172696744e-13,
		"phid_22":3.4669714172696744e-13,
		"phid_33":3.4669714172696744e-13,
		"phiD":-1.0400914251809024e-12,
		"phie_11":2.1204829722349353e-14,
		"phie_12":{
			"Re":-2.15525457633056e-17,
			"Im":1.8158024096163125e-16
		},
		"phie_13":{
			"Re":-4.455267396887184e-16,
			"Im":-1.0314698826109535e-15
		},
		"phie_22":-3.2079846778542156e-11,
		"phie_23":{
			"Re":2.080410963482081e-12,
			"Im":-3.7158829497207157e-13
		},
		"phie_33":-2.137260366325907e-11,
		"phil1_11":5.200457124998131e-13,
		"phil1_22":5.199179730738865e-13,
		"phil1_23":{
			"Re":1.3636068223485945e-16,
			"Im":-2.435949433737463e-17
		},
		"phil1_33":4.957202903379837e-13,
		"phil3_22":-1.277395165646913e-16,
		"phil3_23":{
			"Re":1.3636068223485945e-16,
			"Im":-2.435949433737463e-17
		},
		"phil3_33":-2.4325422252467476e-14,
		"phiq1_11":-1.7334857086348372e-13,
		"phiq1_22":-1.7334857086348372e-13,
		"phiq1_33":-1.7334857086348372e-13,
		"phiu_11":-6.933942834539349e-13,
		"phiu_22":-6.933942834539349e-13,
		"phiu_33":-6.933942834539349e-13,
		"ld_1111":-3.4669714172696744e-13,
		"ld_1122":-3.4669714172696744e-13,
		"ld_1133":-3.4669714172696744e-13,
		"ld_2211":-3.4669714172696744e-13,
		"ld_2222":-3.4669714172696744e-13,
		"ld_2233":-3.4669714172696744e-13,
		"ld_3311":-3.4669714172696744e-13,
		"ld_3322":-3.4669714172696744e-13,
		"ld_3333":-3.4669714172696744e-13,
		"le_1111":-2.1204829722349353e-14,
		"le_1112":{
			"Re":2.15525457633056e-17,
			"Im":-1.8158024096163125e-16
		},
		"le_1113":{
			"Re":4.455267396887184e-16,
			"Im":1.0314698826109535e-15
		},
		"le_1122":3.2079846778542156e-11,
		"le_1123":{
			"Re":-2.080410963482081e-12,
			"Im":3.7158829497207157e-13
		},
		"le_1133":2.137260366325907e-11,
		"le_2211":-2.1204829722349353e-14,
		"le_2212":{
			"Re":2.15525457633056e-17,
			"Im":-1.8158024096163125e-16
		},
		"le_2213":{
			"Re":4.455267396887184e-16,
			"Im":1.0314698826109535e-15
		},
		"le_2222":3.2079846778542156e-11,
		"le_2223":{
			"Re":-2.080410963482081e-12,
			"Im":3.7158829497207157e-13
		},
		"le_2233":2.137260366325907e-11,
		"le_3311":-2.1204829722349353e-14,
		"le_3312":{
			"Re":2.15525457633056e-17,
			"Im":-1.8158024096163125e-16
		},
		"le_3313":{
			"Re":4.455267396887184e-16,
			"Im":1.0314698826109535e-15
		},
		"le_3322":3.2079846778542156e-11,
		"le_3323":{
			"Re":-2.080410963482081e-12,
			"Im":3.7158829497207157e-13
		},
		"le_3333":2.137260366325907e-11,
		"ll_1111":-2.600228562952256e-13,
		"ll_1122":-5.200457125904512e-13,
		"ll_1133":-5.200457125904512e-13,
		"ll_2222":-2.600228562952256e-13,
		"ll_2233":-5.200457125904512e-13,
		"ll_3333":-2.600228562952256e-13,
		"lq1_1111":1.7334857086348372e-13,
		"lq1_1122":1.7334857086348372e-13,
		"lq1_1133":1.7334857086348372e-13,
		"lq1_2211":1.7334857086348372e-13,
		"lq1_2222":1.7334857086348372e-13,