{
	"eft":"SMEFT",
	"basis":"Warsaw",
	"scale":1000,
	"values":{
		"dd_1111":-1.4156148489732743e-13,
		"dd_1122":-2.8312296979465485e-13,
		"dd_1133":-2.8312296979465485e-13,
		"dd_2222":-1.4156148489732743e-13,
		"dd_2233":-2.8312296979465485e-13,
		"dd_3333":-1.4156148489732743e-13,
		"eB_11":2.1727565772451797e-16,
		"eB_12":{
			"Re":-8.932062599034486e-20,
			"Im":4.7465668505507583e-20
		},
		"eB_13":{
			"Re":3.131842361414965e-18,
			"Im":-9.752754343305143e-19
		},
		"eB_21":{
			"Re":-1.8468918477768664e-17,
			"Im":-9.814525507420559e-18
		},
		"eB_22":3.1796608407641064e-14,
		"eB_23":{
			"Re":9.668821391760869e-17,
			"Im":-5.621583611257132e-18
		},
		"eB_31":{
			"Re":1.0890537470193897e-14,
			"Im":3.391381952103556e-15
		},
		"eB_32":{
			"Re":1.6260475861879292e-15,
			"Im":9.454060729084915e-17
		},
		"eB_33":1.986107542290398e-13,
		"ed_1111":1.4196012933777856e-11,
		"ed_1122":1.4196012933777856e-11,
		"ed_1133":1.4196012933777856e-11,
		"ed_1211":{
			"Re":-6.156653858730693e-15,
			"Im":3.2684835505670316e-15
		},
		"ed_1222":{
			"Re":-6.156653858730693e-15,
			"Im":3.2684835505670316e-15
		},
		"ed_1233":{
			"Re":-6.156653858730693e-15,
			"Im":3.2684835505670316e-15
		},
		"ed_1311":{
			"Re":2.164629999871025e-13,
			"Im":-6.738624118542547e-14
		},
		"ed_1322":{
			"Re":2.164629999871025e-13,
			"Im":-6.738624118542547e-14
		},
		"ed_1333":{
			"Re":2.164629999871025e-13,
			"Im":-6.738624118542547e-14
		},
		"ed_2211":9.820991250283865e-12,
		"ed_2222":9.820991250283865e-12,
		"ed_2233":9.820991250283865e-12,
		"ed_2311":{
			"Re":3.2275618664764435e-14,
			"Im":-1.9858625435927374e-15
		},
		"ed_2322":{
			"Re":3.2275618664764435e-14,
			"Im":-1.9858625435927374e-15
		},
		"ed_2333":{
			"Re":3.2275618664764435e-14,
			"Im":-1.9858625435927374e-15
		},
		"ed_3311":3.1263054336757385e-12,
		"ed_3322":3.1263054336757385e-12,
		"ed_3333":3.1263054336757385e-12,
		"ee_1111":-2.1185411563017967e-10,
		"ee_1112":{
			"Re":-8.367284779932921e-13,
			"Im":1.0392814922097116e-12
		},
		"ee_1113":{
			"Re":-6.944075795946828e-12,
			"Im":-7.344980178585952e-13
		},
		"ee_1122":-9.303666069772953e-10,
		"ee_1123":{
			"Re":-3.0003432062617297e-12,
			"Im":1.6217632149642118e-13
		},
		"ee_1133":-3.192607006781925e-10,
		"ee_1212":{
			"Re":1.4625571701467827e-11,
			"Im":3.2210209415960257e-10
		},
		"ee_1213":{
			"Re":-4.61122026992826e-12,
			"Im":7.661225617700058e-12
		},
		"ee_1222":{
			"Re":1.2991547142100871e-12,
			"Im":-1.2465851308147732e-12
		},
		"ee_1223":{
			"Re":-1.3783302310999213e-11,
			"Im":4.292546872811215e-12
		},
		"ee_1232":{
			"Re":-4.479885025721997e-12,
			"Im":9.334815263630584e-12
		},
		"ee_1233":{
			"Re":-1.5704002925666635e-13,
			"Im":8.617485065113349e-14
		},
		"ee_1313":{
			"Re":1.1956085970342706e-10,
			"Im":-1.4664599443454437e-11
		},
		"ee_1323":{
			"Re":-4.561150093752413e-13,
			"Im":-2.9143566341464793e-13
		},
		"ee_1333":{
			"Re":-1.1240627232835416e-12,
			"Im":2.8756900959975468e-12
		},
		"ee_2222":-9.603237028517487e-11,
		"ee_2223":{
			"Re":3.236064072626022e-12,
			"Im":3.6515441093595005e-12
		},
		"ee_2233":-2.233895812060462e-10,
		"ee_2323":{
			"Re":-6.624663005280437e-12,
			"Im":-8.550072343810497e-11
		},
		"ee_2333":{
			"Re":-2.175095578893847e-12,
			"Im":-1.8316479727424066e-12
		},
		"ee_3333":-6.561128765522339e-12,
		"ephi_11":-7.303983885638737e-18,
		"ephi_13":{
			"Re":-1.0329892441526513e-19,
			"Im":3.216034351181962e-20
		},
		"ephi_21":{
			"Re":6.188000989263135e-19,
			"Im":3.286029421377854e-19
		},
		"ephi_22":-1.0704059773644925e-15,
		"ephi_23":{
			"Re":-3.185919122697091e-18,
			"Im":1.9314160561273207e-19
		},
		"ephi_31":{
			"Re":-3.6560794963630634e-16,
			"Im":-1.1382621756585367e-16
		},
		"ephi_32":{
			"Re":-5.453126543775359e-17,
			"Im":-3.3035130974484475e-18
		},
		"ephi_33":-6.584976388736278e-15,
		"eu_1111":-2.8392025867555713e-11,
		"eu_1122":-2.8392025867555713e-11,
		"eu_1133":-2.8392025867555713e-11,
		"eu_1211":{
			"Re":1.2313307717461387e-14,
			"Im":-6.536967101134063e-15
		},
		"eu_1222":{
			"Re":1.2313307717461387e-14,
			"Im":-6.536967101134063e-15
		},
		"eu_1233":{
			"Re":1.2313307717461387e-14,
			"Im":-6.536967101134063e-15
		},
		"eu_1311":{
			"Re":-4.32925999974205e-13,
			"Im":1.3477248237085094e-13
		},
		"eu_1322":{
			"Re":-4.32925999974205e-13,
			"Im":1.3477248237085094e-13
		},
		"eu_1333":{
			"Re":-4.32925999974205e-13,
			"Im":1.3477248237085094e-13
		},
		"eu_2211":-1.964198250056773e-11,
		"eu_2222":-1.964198250056773e-11,
		"eu_2233":-1.964198250056773e-11,
		"eu_2311":{
			"Re":-6.455123732952887e-14,
			"Im":3.971725087185475e-15
		},
		"eu_2322":{
			"Re":-6.455123732952887e-14,
			"Im":3.971725087185475e-15
		},
		"eu_2333":{
			"Re":-6.455123732952887e-14,
			"Im":3.971725087185475e-15
		},
		"eu_3311":-6.252610867351477e-12,
		"eu_3322":-6.252610867351477e-12,
		"eu_3333":-6.252610867351477e-12,
		"phi":-3.719463354805177e-18,
		"phiB":8.43721472402083e-14,
		"phiBox":-3.196308231324751e-13,
		"phid_11":4.2468445469198226e-13,
		"phid_22":4.2468445469198226e-13,
		"phid_33":4.2468445469198226e-13,
		"phiD":-1.2740533640759466e-12,
		"phie_11":-2.12940194006668e-11,
		"phie_12":{
			"Re":9.234980788096065e-15,
			"Im":-4.90272532585056e-15
		},
		"phie_13":{
			"Re":-3.2469449998065423e-13,
			"Im":1.0107936177813837e-13
		},
		"phie_22":-1.4731486875425798e-11,
		"phie_23":{
			"Re":-4.8413427997146735e-14,
			"Im":2.9787938153890715e-15
		},
		"phie_33":-4.6894581505136035e-12,
		"phil1_11":6.370266802389361e-13,
		"phil1_13":{
			"Re":-9.017339154978318e-20,
			"Im":2.8080562001542534e-20
		},
		"phil1_22":6.369722443596023e-13,
		"phil1_23":{
			"Re":-2.7838898532244897e-18,
			"Im":1.6185912367527682e-19
		},
		"phil1_33":6.313081932890691e-13,
		"phil3_13":{
			"Re":-9.017339154978318e-20,
			"Im":2.8080562001542534e-20
		},
		"phil3_22":-5.4437678371089235e-17,
		"phil3_23":{
			"Re":-2.7838898532244897e-18,
			"Im":1.6185912367527682e-19
		},
		"phil3_33":-5.7184887489041844e-15,
		"phiq1_11":-2.1234222734599113e-13,
		"phiq1_22":-2.1234222734599113e-13,
		"phiq1_33":-2.1234222734599113e-13,
		"phiu_11":-8.493689093839645e-13,
		"phiu_22":-8.493689093839645e-13,
		"phiu_33":-8.493689093839645e-13,
		"ld_1111":-4.2468445469198226e-13,
		"ld_1122":-4.2468445469198226e-13,
		"ld_1133":-4.2468445469198226e-13,
		"ld_2211":-4.2468445469198226e-13,
		"ld_2222":-4.2468445469198226e-13,
		"ld_2233":-4.2468445469198226e-13,
		"ld_3311":-4.2468445469198226e-13,
		"ld_3322":-4.2468445469198226e-13,
		"ld_3333":-4.2468445469198226e-13,
		"le_1111":2.12940194006668e-11,
		"le_1112":{
			"Re":-9.234980788096065e-15,
			"Im":4.90272532585056e-15
		},
		"le_1113":{
			"Re":3.2469449998065423e-13,
			"Im":-1.0107936177813837e-13
		},
		"le_1122":1.4731486875425798e-11,
		"le_1123":{
			"Re":4.8413427997146735e-14,
			"Im":-2.9787938153890715e-15
		},
		"le_1133":4.6894581505136035e-12,
		"le_2211":2.12940194006668e-11,
		"le_2212":{
			"Re":-9.234980788096065e-15,
			"Im":4.90272532585056e-15
		},
		"le_2213":{
			"Re":3.2469449998065423e-13,
			"Im":-1.0107936177813837e-13
		},
		"le_2222":1.4731486875425798e-11,
		"le_2223":{
			"Re":4.8413427997146735e-14,
			"Im":-2.9787938153890715e-15
		},
		"le_2233":4.6894581505136035e-12,
		"le_3311":2.12940194006668e-11,
		"le_3312":{
			"Re":-9.234980788096065e-15,
			"Im":4.90272532585056e-15
		},
		"le_3313":{
			"Re":3.2469449998065423e-13,
			"Im":-1.0107936177813837e-13
		},
		"le_3322":1.4731486875425798e-11,
		"le_3323":{
			"Re":4.8413427997146735e-14,
			"Im":-2.9787938153890715e-15
		},
		"le_3333":4.6894581505136035e-12,
		"ll_1111":-3.1851334101898665e-13,
		"ll_1122":-6.370266820379733e-13,
		"ll_1133":-6.370266820379733e-13,
		"ll_2222":-3.1851334101898665e-13,
		"ll_2233":-6.370266820379733e-13,
		"ll_3333":-3.1851334101898665e-13,
		"lq1_1111":2.1234222734599113e-13,
		"lq1_1122":2.1234222734599113e-13,