{
	"eft":"SMEFT",
	"basis":"Warsaw",
	"scale":1000,
	"values":{
		"dd_1111":-1.1589390612759343e-13,
		"dd_1122":-2.3178781225518686e-13,
		"dd_1133":-2.3178781225518686e-13,
		"dd_2222":-1.1589390612759343e-13,
		"dd_2233":-2.3178781225518686e-13,
		"dd_3333":-1.1589390612759343e-13,
		"eB_11":4.483544232502343e-16,
		"eB_12":{
			"Re":-3.082761216639745e-20,
			"Im":-3.800491462108192e-20
		},
		"eB_13":{
			"Re":8.452007718682898e-20,
			"Im":1.5765098792047223e-19
		},
		"eB_21":{
			"Re":-6.374257341469308e-18,
			"Im":7.85831561419448e-18
		},
		"eB_22":1.7330515473409514e-14,
		"eB_23":{
			"Re":-2.0535886042321923e-14,
			"Im":-9.891849906703384e-15
		},
		"eB_31":{
			"Re":2.939065768211361e-16,
			"Im":-5.482089431811278e-16
		},
		"eB_32":{
			"Re":-3.453608932915325e-13,
			"Im":1.663555257876066e-13
		},
		"eB_33":2.1246135955111875e-12,
		"ed_1111":2.4607590507206118e-11,
		"ed_1122":2.4607590507206118e-11,
		"ed_1133":2.4607590507206118e-11,
		"ed_1211":{
			"Re":-3.5168335300417285e-16,
			"Im":4.2269493306644007e-16
		},
		"ed_1222":{
			"Re":-3.5168335300417285e-16,
			"Im":4.2269493306644007e-16
		},
		"ed_1233":{
			"Re":-3.5168335300417285e-16,
			"Im":4.2269493306644007e-16
		},
		"ed_1311":{
			"Re":5.806563132621096e-16,
			"Im":3.185186650766379e-15
		},
		"ed_1322":{
			"Re":5.806563132621096e-16,
			"Im":3.185186650766379e-15
		},
		"ed_1333":{
			"Re":5.806563132621096e-16,
			"Im":3.185186650766379e-15
		},
		"ed_2211":4.041434126215228e-12,
		"ed_2222":4.041434126215228e-12,
		"ed_2233":4.041434126215228e-12,
		"ed_2311":{
			"Re":-5.59186667655539e-12,
			"Im":-2.6978436858807243e-12
		},
		"ed_2322":{
			"Re":-5.59186667655539e-12,
			"Im":-2.6978436858807243e-12
		},
		"ed_2333":{
			"Re":-5.59186667655539e-12,
			"Im":-2.6978436858807243e-12
		},
		"ed_3311":3.375651836089804e-11,
		"ed_3322":3.375651836089804e-11,
		"ed_3333":3.375651836089804e-11,
		"ee_1111":-2.7350360074858634e-9,
		"ee_1112":{
			"Re":1.0137458415834088e-10,
			"Im":7.989633258202322e-11
		},
		"ee_1113":{
			"Re":-2.541736637870891e-10,
			"Im":-4.4247730700534683e-10
		},
		"ee_1122":-1.073850120281823e-9,
		"ee_1123":{
			"Re":1.2594985897447666e-9,
			"Im":6.183339410034407e-10
		},
		"ee_1133":-7.95464304425013e-9,
		"ee_1212":{
			"Re":-5.131212158830014e-11,
			"Im":-8.017260771798932e-12
		},
		"ee_1213":{
			"Re":-1.1209997330662976e-10,
			"Im":2.8535462757711695e-10
		},
		"ee_1222":{
			"Re":-1.4224723620290049e-11,
			"Im":8.132544007571566e-12
		},
		"ee_1223":{
			"Re":2.7592966701330276e-11,
			"Im":9.215449795912305e-11
		},
		"ee_1232":{
			"Re":4.0459864846654196e-11,
			"Im":-5.066790529589182e-11
		},
		"ee_1233":{
			"Re":-2.381819616989976e-10,
			"Im":-2.978764708533212e-10
		},
		"ee_1313":{
			"Re":2.3223897406925844e-10,
			"Im":-4.464344435143841e-10
		},
		"ee_1323":{
			"Re":-2.944079570007276e-11,
			"Im":-1.5556107455888346e-10
		},
		"ee_1333":{
			"Re":3.373295178618922e-10,
			"Im":5.262880353311893e-10
		},
		"ee_2222":-9.258022075459402e-11,
		"ee_2223":{
			"Re":2.5812515589569505e-10,
			"Im":8.196708283138049e-11
		},
		"ee_2233":-1.6807764325038593e-9,
		"ee_2323":{
			"Re":-1.417408382049854e-10,
			"Im":-9.110211406003273e-11
		},
		"ee_2333":{
			"Re":1.5476402460064673e-9,
			"Im":8.873410011290566e-10
		},
		"ee_3333":-5.247545466364918e-9,
		"ephi_11":1.5458872161542204e-17,
		"ephi_21":{
			"Re":-1.0094173398818081e-19,
			"Im":5.1136512580069447e-20
		},
		"ephi_22":5.981494355289607e-16,
		"ephi_23":{
			"Re":-7.190068843828566e-16,
			"Im":-3.467053923605023e-16
		},
		"ephi_31":{
			"Re":4.102022257023374e-18,
			"Im":-1.0677893767393815e-17
		},
		"ephi_32":{
			"Re":-1.1889592160413317e-14,
			"Im":5.733269875878639e-15
		},
		"ephi_33":7.446154069850935e-14,
		"eu_1111":-4.9215181014412235e-11,
		"eu_1122":-4.9215181014412235e-11,
		"eu_1133":-4.9215181014412235e-11,
		"eu_1211":{
			"Re":7.033667060083457e-16,
			"Im":-8.453898661328801e-16
		},
		"eu_1222":{
			"Re":7.033667060083457e-16,
			"Im":-8.453898661328801e-16
		},
		"eu_1233":{
			"Re":7.033667060083457e-16,
			"Im":-8.453898661328801e-16
		},
		"eu_1311":{
			"Re":-1.1613126265242191e-15,
			"Im":-6.370373301532758e-15
		},
		"eu_1322":{
			"Re":-1.1613126265242191e-15,
			"Im":-6.370373301532758e-15
		},
		"eu_1333":{
			"Re":-1.1613126265242191e-15,
			"Im":-6.370373301532758e-15
		},
		"eu_2211":-8.082868252430456e-12,
		"eu_2222":-8.082868252430456e-12,
		"eu_2233":-8.082868252430456e-12,
		"eu_2311":{
			"Re":1.118373335311078e-11,
			"Im":5.395687371761449e-12
		},
		"eu_2322":{
			"Re":1.118373335311078e-11,
			"Im":5.395687371761449e-12
		},
		"eu_2333":{
			"Re":1.118373335311078e-11,
			"Im":5.395687371761449e-12
		},
		"eu_3311":-6.751303672179609e-11,
		"eu_3322":-6.751303672179609e-11,
		"eu_3333":-6.751303672179609e-11,
		"phi":5.0471953346820265e-18,
		"phiB":-8.174591115805755e-14,
		"phiBox":-2.620426127945987e-13,
		"phid_11":3.4768171838278025e-13,
		"phid_22":3.4768171838278025e-13,
		"phid_33":3.4768171838278025e-13,
		"phiD":-1.0430451551483407e-12,
		"phie_11":-3.69113857608092e-11,
		"phie_12":{
			"Re":5.275250295042398e-16,
			"Im":-6.340423995996601e-16
		},
		"phie_13":{
			"Re":-8.709844698879137e-16,
			"Im":-4.777779976140279e-15
		},
		"phie_22":-6.062151189322837e-12,
		"phie_23":{
			"Re":8.387800014833086e-12,
			"Im":4.046765528821086e-12
		},
		"phie_33":-5.063477754134704e-11,
		"phil1_11":5.215225738618064e-13,
		"phil1_22":5.214929067043955e-13,
		"phil1_23":{
			"Re":5.912783209431384e-16,
			"Im":2.848105210461034e-16
		},
		"phil1_33":4.603497624924223e-13,
		"phil3_22":-2.96708697749014e-17,
		"phil3_23":{
			"Re":5.912783209431384e-16,
			"Im":2.848105210461034e-16
		},
		"phil3_33":-6.11728150817481e-14,
		"phiq1_11":-1.7384085919139012e-13,
		"phiq1_22":-1.7384085919139012e-13,
		"phiq1_33":-1.7384085919139012e-13,
		"phiu_11":-6.953634367655605e-13,
		"phiu_22":-6.953634367655605e-13,
		"phiu_33":-6.953634367655605e-13,
		"ld_1111":-3.4768171838278025e-13,
		"ld_1122":-3.4768171838278025e-13,
		"ld_1133":-3.4768171838278025e-13,
		"ld_2211":-3.4768171838278025e-13,
		"ld_2222":-3.4768171838278025e-13,
		"ld_2233":-3.4768171838278025e-13,
		"ld_3311":-3.4768171838278025e-13,
		"ld_3322":-3.4768171838278025e-13,
		"ld_3333":-3.4768171838278025e-13,
		"le_1111":3.69113857608092e-11,
		"le_1112":{
			"Re":-5.275250295042398e-16,
			"Im":6.340423995996601e-16
		},
		"le_1113":{
			"Re":8.709844698879137e-16,
			"Im":4.777779976140279e-15
		},
		"le_1122":6.062151189322837e-12,
		"le_1123":{
			"Re":-8.387800014833086e-12,
			"Im":-4.046765528821086e-12
		},
		"le_1133":5.063477754134704e-11,
		"le_2211":3.69113857608092e-11,
		"le_2212":{
			"Re":-5.275250295042398e-16,
			"Im":6.340423995996601e-16
		},
		"le_2213":{
			"Re":8.709844698879137e-16,
			"Im":4.777779976140279e-15
		},
		"le_2222":6.062151189322837e-12,
		"le_2223":{
			"Re":-8.387800014833086e-12,
			"Im":-4.046765528821086e-12
		},
		"le_2233":5.063477754134704e-11,
		"le_3311":3.69113857608092e-11,
		"le_3312":{
			"Re":-5.275250295042398e-16,
			"Im":6.340423995996601e-16
		},
		"le_3313":{
			"Re":8.709844698879137e-16,
			"Im":4.777779976140279e-15
		},
		"le_3322":6.062151189322837e-12,
		"le_3323":{
			"Re":-8.387800014833086e-12,
			"Im":-4.046765528821086e-12
		},
		"le_3333":5.063477754134704e-11,
		"ll_1111":-2.607612887870852e-13,
		"ll_1122":-5.215225775741704e-13,
		"ll_1133":-5.215225775741704e-13,
		"ll_2222":-2.607612887870852e-13,
		"ll_2233":-5.215225775741704e-13,
		"ll_3333":-2.607612887870852e-13,
		"lq1_1111":1.7384085919139012e-13,
		"lq1_1122":1.7384085919139012e-13,
		"lq1_1133":1.7384085919139012e-13,
		"lq1_2211":1.7384085919139012e-13,
		"lq1_2222":1.7384085919139012e-13,
		"lq1_2233":1.7384085919139012e-13,
		"lq1_3311":1.7384085919139012e-13,
		"lq1_3322":1.7384085919139012e-13,
		"lq1_3333":1.7384085919139012e-13,
		"lu_1111":6.953634367655605e-13,
		"lu_1122":6.953634367655605e-13,