{
	"eft":"SMEFT",
	"basis":"Warsaw",
	"scale":1000,
	"values":{
		"dd_1111":-1.4825042161765743e-13,
		"dd_1122":-2.9650084323531487e-13,
		"dd_1133":-2.9650084323531487e-13,
		"dd_2222":-1.4825042161765743e-13,
		"dd_2233":-2.9650084323531487e-13,
		"dd_3333":-1.4825042161765743e-13,
		"eB_11":1.3494212775834796e-18,
		"eB_12":{
			"Re":9.965743007634257e-20,
			"Im":2.8158610590651155e-18
		},
		"eB_13":{
			"Re":5.29131985256977e-18,
			"Im":8.397024919955459e-18
		},
		"eB_21":{
			"Re":2.06062701797776e-17,
			"Im":-5.82238511743288e-16
		},
		"eB_22":1.7092041370638557e-13,
		"eB_23":{
			"Re":-3.247268311593323e-17,
			"Im":-1.2839419460505677e-17
		},
		"eB_31":{
			"Re":1.8399814061891942e-14,
			"Im":-2.919946280042358e-14
		},
		"eB_32":{
			"Re":-5.461071816126752e-16,
			"Im":2.1592608008665827e-16
		},
		"eB_33":2.143332529994089e-12,
		"ed_1111":-8.144198495521724e-13,
		"ed_1122":-8.144198495521724e-13,
		"ed_1133":-8.144198495521724e-13,
		"ed_1211":{
			"Re":5.537128286110588e-15,
			"Im":1.5644614090657788e-13
		},
		"ed_1222":{
			"Re":5.537128286110588e-15,
			"Im":1.5644614090657788e-13
		},
		"ed_1233":{
			"Re":5.537128286110588e-15,
			"Im":1.5644614090657788e-13
		},
		"ed_1311":{
			"Re":2.939754998680717e-13,
			"Im":4.667705946165924e-13
		},
		"ed_1322":{
			"Re":2.939754998680717e-13,
			"Im":4.667705946165924e-13
		},
		"ed_1333":{
			"Re":2.939754998680717e-13,
			"Im":4.667705946165924e-13
		},
		"ed_2211":4.503655074153033e-11,
		"ed_2222":4.503655074153033e-11,
		"ed_2233":4.503655074153033e-11,
		"ed_2311":{
			"Re":-8.72180689856504e-15,
			"Im":-3.4389397253629706e-15
		},
		"ed_2322":{
			"Re":-8.72180689856504e-15,
			"Im":-3.4389397253629706e-15
		},
		"ed_2333":{
			"Re":-8.72180689856504e-15,
			"Im":-3.4389397253629706e-15
		},
		"ed_3311":3.337010043846944e-11,
		"ed_3322":3.337010043846944e-11,
		"ed_3333":3.337010043846944e-11,
		"ee_1111":-1.1292369190120912e-12,
		"ee_1112":{
			"Re":2.376616936505829e-14,
			"Im":3.697640668560411e-13
		},
		"ee_1113":{
			"Re":6.949250749606559e-13,
			"Im":1.1619615768766597e-12
		},
		"ee_1122":1.0719670326599584e-10,
		"ee_1123":{
			"Re":-7.336828586423941e-13,
			"Im":5.174807568389697e-13
		},
		"ee_1133":7.782832343537292e-11,
		"ee_1212":{
			"Re":7.668948512511122e-13,
			"Im":1.5075465728277054e-12
		},
		"ee_1213":{
			"Re":5.824905608206351e-13,
			"Im":-3.9506723618610743e-13
		},
		"ee_1222":{
			"Re":-1.8139349094004461e-12,
			"Im":-5.075131113620861e-11
		},
		"ee_1223":{
			"Re":-1.0888866201826796e-10,
			"Im":-1.727772574480064e-10
		},
		"ee_1232":{
			"Re":2.4677105452684657e-11,
			"Im":-1.6302075158588137e-11
		},
		"ee_1233":{
			"Re":-1.5000331001033792e-12,
			"Im":-4.3103603719070553e-11
		},
		"ee_1313":{
			"Re":-3.7245073084968004e-13,
			"Im":-2.8898692073094954e-13
		},
		"ee_1323":{
			"Re":-4.989781451493071e-12,
			"Im":1.9064453451212382e-12
		},
		"ee_1333":{
			"Re":-6.369191263224522e-11,
			"Im":-1.1500544507778386e-10
		},
		"ee_2222":-7.387719454487258e-9,
		"ee_2223":{
			"Re":3.764680543605029e-12,
			"Im":-1.1046764252169221e-13
		},
		"ee_2233":-1.2548551349280191e-8,
		"ee_2323":{
			"Re":2.4790629111637215e-10,
			"Im":7.374814602240291e-10
		},
		"ee_2333":{
			"Re":1.5537172905952836e-12,
			"Im":1.6523538566639594e-12
		},
		"ee_3333":-4.089068841690773e-9,
		"ephi_11":4.6559816823668993e-20,
		"ephi_12":{
			"Re":0.0,
			"Im":9.706673620362756e-20
		},
		"ephi_13":{
			"Re":1.8549630233397534e-19,
			"Im":2.9447592458080907e-19
		},
		"ephi_21":{
			"Re":7.103080812768005e-19,
			"Im":-2.0069379840202418e-17
		},
		"ephi_22":5.89188134604072e-15,
		"ephi_23":{
			"Re":-1.1380918137501675e-18,
			"Im":-4.491623893671815e-19
		},
		"ephi_31":{
			"Re":6.342231191098551e-16,
			"Im":-1.0068371148955518e-15
		},
		"ephi_32":{
			"Re":-1.8819959365784956e-17,
			"Im":7.427302945304838e-18
		},
		"ephi_33":7.516058146853e-14,
		"eu_1111":1.6288396991043447e-12,
		"eu_1122":1.6288396991043447e-12,
		"eu_1133":1.6288396991043447e-12,
		"eu_1211":{
			"Re":-1.1074256572221176e-14,
			"Im":-3.1289228181315576e-13
		},
		"eu_1222":{
			"Re":-1.1074256572221176e-14,
			"Im":-3.1289228181315576e-13
		},
		"eu_1233":{
			"Re":-1.1074256572221176e-14,
			"Im":-3.1289228181315576e-13
		},
		"eu_1311":{
			"Re":-5.879509997361434e-13,
			"Im":-9.335411892331849e-13
		},
		"eu_1322":{
			"Re":-5.879509997361434e-13,
			"Im":-9.335411892331849e-13
		},
		"eu_1333":{
			"Re":-5.879509997361434e-13,
			"Im":-9.335411892331849e-13
		},
		"eu_2211":-9.007310148306066e-11,
		"eu_2222":-9.007310148306066e-11,
		"eu_2233":-9.007310148306066e-11,
		"eu_2311":{
			"Re":1.744361379713008e-14,
			"Im":6.877879450725941e-15
		},
		"eu_2322":{
			"Re":1.744361379713008e-14,
			"Im":6.877879450725941e-15
		},
		"eu_2333":{
			"Re":1.744361379713008e-14,
			"Im":6.877879450725941e-15
		},
		"eu_3311":-6.674020087693888e-11,
		"eu_3322":-6.674020087693888e-11,
		"eu_3333":-6.674020087693888e-11,
		"phi":6.6588301628531066e-18,
		"phiB":-1.056506576901788e-13,
		"phiBox":-3.3523660280513404e-13,
		"phid_11":4.4475126485297227e-13,
		"phid_22":4.4475126485297227e-13,
		"phid_33":4.4475126485297227e-13,
		"phiD":-1.3342537945589169e-12,
		"phie_11":1.2216297743282586e-12,
		"phie_12":{
			"Re":-8.305692429165875e-15,
			"Im":-2.3466921135986663e-13
		},
		"phie_13":{
			"Re":-4.4096324980210767e-13,
			"Im":-7.001558919248888e-13
		},
		"phie_22":-6.755482611229545e-11,
		"phie_23":{
			"Re":1.3082710347847534e-14,
			"Im":5.158409588044405e-15
		},
		"phie_33":-5.0055150657704157e-11,
		"phil1_11":6.671268972682852e-13,
		"phil1_13":{
			"Re":-1.523500233470704e-19,
			"Im":-2.417708583577408e-19
		},
		"phil1_22":6.668342713997069e-13,
		"phil1_23":{
			"Re":9.349678659950656e-19,
			"Im":3.6967824835252507e-19
		},
		"phil1_33":6.054151183503222e-13,
		"phil3_13":{
			"Re":-1.523500233470704e-19,
			"Im":-2.417708583577408e-19
		},
		"phil3_22":-2.9262587975155806e-16,
		"phil3_23":{
			"Re":9.349678659950656e-19,
			"Im":3.6967824835252507e-19
		},
		"phil3_33":-6.171177892913624e-14,
		"phiq1_11":-2.2237563242648614e-13,
		"phiq1_22":-2.2237563242648614e-13,
		"phiq1_33":-2.2237563242648614e-13,
		"phiu_11":-8.895025297059445e-13,
		"phiu_22":-8.895025297059445e-13,
		"phiu_33":-8.895025297059445e-13,
		"ld_1111":-4.4475126485297227e-13,
		"ld_1122":-4.4475126485297227e-13,
		"ld_1133":-4.4475126485297227e-13,
		"ld_2211":-4.4475126485297227e-13,
		"ld_2222":-4.4475126485297227e-13,
		"ld_2233":-4.4475126485297227e-13,
		"ld_3311":-4.4475126485297227e-13,
		"ld_3322":-4.4475126485297227e-13,
		"ld_3333":-4.4475126485297227e-13,
		"le_1111":-1.2216297743282586e-12,
		"le_1112":{
			"Re":8.305692429165875e-15,
			"Im":2.3466921135986663e-13
		},
		"le_1113":{
			"Re":4.4096324980210767e-13,
			"Im":7.001558919248888e-13
		},
		"le_1122":6.755482611229545e-11,
		"le_1123":{
			"Re":-1.3082710347847534e-14,
			"Im":-5.158409588044405e-15
		},
		"le_1133":5.0055150657704157e-11,
		"le_2211":-1.2216297743282586e-12,
		"le_2212":{
			"Re":8.305692429165875e-15,
			"Im":2.3466921135986663e-13
		},
		"le_2213":{
			"Re":4.4096324980210767e-13,
			"Im":7.001558919248888e-13
		},
		"le_2222":6.755482611229545e-11,
		"le_2223":{
			"Re":-1.3082710347847534e-14,
			"Im":-5.158409588044405e-15
		},
		"le_2233":5.0055150657704157e-11,
		"le_3311":-1.2216297743282586e-12,
		"le_3312":{
			"Re":8.305692429165875e-15,
			"Im":2.3466921135986663e-13
		},
		"le_3313":{
			"Re":4.4096324980210767e-13,
			"Im":7.001558919248888e-13
		},
		"le_3322":6.755482611229545e-11,
		"le_3323":{
			"Re":-1.3082710347847534e-14,
			"Im":-5.158409588044405e-15
		},
		"le_3333":5.0055150657704157e-11,
		"ll_1111":-3.335634486397292e-13,
		"ll_1122":-6.671268972794584e-13,
		"ll_1133":-6.671268972794584e-13,
		"ll_2222":-3.335634486397292e-13,
		"ll_2233":-6.671268972794584e-13,
		"ll_3333":-3.335634486397292e-13,
		"lq1_1111":2.2237563242648614e-13,