{
	"eft":"SMEFT",
	"basis":"Warsaw",
	"scale":1000,
	"values":{
		"dd_1111":-9.395252566948392e-14,
		"dd_1122":-1.8790505133896784e-13,
		"dd_1133":-1.8790505133896784e-13,
		"dd_2222":-9.395252566948392e-14,
		"dd_2233":-1.8790505133896784e-13,
		"dd_3333":-9.395252566948392e-14,
		"eB_11":2.745689707642831e-16,
		"eB_12":{
			"Re":-4.931203296921021e-19,
			"Im":4.829390275529606e-19
		},
		"eB_13":{
			"Re":-6.5069867803633695e-18,
			"Im":-3.902901320119995e-18
		},
		"eB_21":{
			"Re":-1.0196300202596396e-16,
			"Im":-9.985780362279042e-17
		},
		"eB_22":8.59881303662202e-14,
		"eB_23":{
			"Re":-2.147673057057991e-15,
			"Im":-7.261534824376204e-15
		},
		"eB_31":{
			"Re":-2.2627123326088265e-14,
			"Im":1.3571785602271687e-14
		},
		"eB_32":{
			"Re":-3.611834833691132e-14,
			"Im":1.2212037739427212e-13
		},
		"eB_33":1.207790242359523e-14,
		"ed_1111":1.695584950122663e-11,
		"ed_1122":1.695584950122663e-11,
		"ed_1133":1.695584950122663e-11,
		"ed_1211":{
			"Re":-3.146548337622643e-14,
			"Im":3.082055728036845e-14
		},
		"ed_1222":{
			"Re":-3.146548337622643e-14,
			"Im":3.082055728036845e-14
		},
		"ed_1233":{
			"Re":-3.146548337622643e-14,
			"Im":3.082055728036845e-14
		},
		"ed_1311":{
			"Re":-4.1519473075774153e-13,
			"Im":-2.490350354711768e-13
		},
		"ed_1322":{
			"Re":-4.1519473075774153e-13,
			"Im":-2.490350354711768e-13
		},
		"ed_1333":{
			"Re":-4.1519473075774153e-13,
			"Im":-2.490350354711768e-13
		},
		"ed_2211":2.599773964897407e-11,
		"ed_2222":2.599773964897407e-11,
		"ed_2233":2.599773964897407e-11,
		"ed_2311":{
			"Re":-6.634088725211055e-13,
			"Im":-2.2430661869408056e-12
		},
		"ed_2322":{
			"Re":-6.634088725211055e-13,
			"Im":-2.2430661869408056e-12
		},
		"ed_2333":{
			"Re":-6.634088725211055e-13,
			"Im":-2.2430661869408056e-12
		},
		"ed_3311":-3.418920942814363e-13,
		"ed_3322":-3.418920942814363e-13,
		"ed_3333":-3.418920942814363e-13,
		"ee_1111":-8.098931055432381e-10,
		"ee_1112":{
			"Re":3.5009369031454105e-12,
			"Im":-3.3656761275963362e-12
		},
		"ee_1113":{
			"Re":3.9500500979769053e-11,
			"Im":2.3670071716430848e-11
		},
		"ee_1122":-4.644224032585186e-9,
		"ee_1123":{
			"Re":1.1724948824096407e-10,
			"Im":3.9643723250199367e-10
		},
		"ee_1133":1.144307344706399e-11,
		"ee_1212":{
			"Re":-1.4383706223283693e-10,
			"Im":1.0749728021749357e-9
		},
		"ee_1213":{
			"Re":1.8870418918065013e-10,
			"Im":-2.934228296188853e-11
		},
		"ee_1222":{
			"Re":1.2035874175353046e-11,
			"Im":-1.0994271027801383e-11
		},
		"ee_1223":{
			"Re":1.1035578250646281e-10,
			"Im":6.614353044990346e-11
		},
		"ee_1232":{
			"Re":-2.3346240213122613e-11,
			"Im":-5.4260576629699376e-11
		},
		"ee_1233":{
			"Re":-1.6720488715493237e-11,
			"Im":1.4671323310646933e-11
		},
		"ee_1313":{
			"Re":-3.902092628582461e-12,
			"Im":-8.279125847152449e-12
		},
		"ee_1323":{
			"Re":2.8939585761454726e-12,
			"Im":-1.1220466380477855e-11
		},
		"ee_1333":{
			"Re":6.397717647647431e-14,
			"Im":6.758155918443745e-14
		},
		"ee_2222":-1.891177072207526e-9,
		"ee_2223":{
			"Re":9.639834850913318e-11,
			"Im":3.2573372659514127e-10
		},
		"ee_2233":1.3322835996437428e-11,
		"ee_2323":{
			"Re":1.334638931940077e-11,
			"Im":-8.783908625093048e-12
		},
		"ee_2333":{
			"Re":-1.0664941572248358e-12,
			"Im":-3.673574118796682e-12
		},
		"ee_3333":-3.4388147557168226e-13,
		"ephi_11":-1.2962880871273418e-16,
		"ephi_12":{
			"Re":2.3281333931014235e-19,
			"Im":-2.2803116042617346e-19
		},
		"ephi_13":{
			"Re":3.0682381364125663e-18,
			"Im":1.8403371539080416e-18
		},
		"ephi_21":{
			"Re":4.8139267516130425e-17,
			"Im":4.715044705374031e-17
		},
		"ephi_22":-4.062470755023366e-14,
		"ephi_23":{
			"Re":1.0134003559192198e-15,
			"Im":3.426428716162349e-15
		},
		"ephi_31":{
			"Re":1.0682661233896254e-14,
			"Im":-6.407487769445668e-15
		},
		"ephi_32":{
			"Re":1.7063945321107023e-14,
			"Im":-5.769525523862222e-14
		},
		"ephi_33":-5.6987218037707655e-15,
		"eu_1111":-3.391169900245326e-11,
		"eu_1122":-3.391169900245326e-11,
		"eu_1133":-3.391169900245326e-11,
		"eu_1211":{
			"Re":6.293096675245286e-14,
			"Im":-6.16411145607369e-14
		},
		"eu_1222":{
			"Re":6.293096675245286e-14,
			"Im":-6.16411145607369e-14
		},
		"eu_1233":{
			"Re":6.293096675245286e-14,
			"Im":-6.16411145607369e-14
		},
		"eu_1311":{
			"Re":8.303894615154831e-13,
			"Im":4.980700709423536e-13
		},
		"eu_1322":{
			"Re":8.303894615154831e-13,
			"Im":4.980700709423536e-13
		},
		"eu_1333":{
			"Re":8.303894615154831e-13,
			"Im":4.980700709423536e-13
		},
		"eu_2211":-5.199547929794814e-11,
		"eu_2222":-5.199547929794814e-11,
		"eu_2233":-5.199547929794814e-11,
		"eu_2311":{
			"Re":1.326817745042211e-12,
			"Im":4.486132373881611e-12
		},
		"eu_2322":{
			"Re":1.326817745042211e-12,
			"Im":4.486132373881611e-12
		},
		"eu_2333":{
			"Re":1.326817745042211e-12,
			"Im":4.486132373881611e-12
		},
		"eu_3311":6.837841885628726e-13,
		"eu_3322":6.837841885628726e-13,
		"eu_3333":6.837841885628726e-13,
		"phi":-8.144340823265281e-15,
		"phiB":8.336169827906447e-13,
		"phiBox":-3.7575923868491873e-13,
		"phid_11":2.8185757700845177e-13,
		"phid_22":2.8185757700845177e-13,
		"phid_33":2.8185757700845177e-13,
		"phiD":-8.455727310253552e-13,
		"phie_11":-2.543377425183995e-11,
		"phie_12":{
			"Re":4.7198225064339654e-14,
			"Im":-4.6230835920552685e-14
		},
		"phie_13":{
			"Re":6.227920961366126e-13,
			"Im":3.7355255320676524e-13
		},
		"phie_22":-3.8996609473461085e-11,
		"phie_23":{
			"Re":9.951133087816576e-13,
			"Im":3.3645992804112068e-12
		},
		"phie_33":5.128381414221545e-13,
		"phil1_11":4.22786363239253e-13,
		"phil1_13":{
			"Re":1.873520436353875e-19,
			"Im":1.1237406239065684e-19
		},
		"phil1_22":4.2263914873645427e-13,
		"phil1_23":{
			"Re":6.18367533056528e-17,
			"Im":2.090773249120449e-16
		},
		"phil1_33":4.2243861319992997e-13,
		"phil3_13":{
			"Re":1.873520436353875e-19,
			"Im":1.1237406239065684e-19
		},
		"phil3_22":-1.4721677622329974e-16,
		"phil3_23":{
			"Re":6.18367533056528e-17,
			"Im":2.090773249120449e-16
		},
		"phil3_33":-3.4775231274759046e-16,
		"phiq1_11":-1.4092878850422588e-13,
		"phiq1_22":-1.4092878850422588e-13,
		"phiq1_33":-1.4092878850422588e-13,
		"phiu_11":-5.637151540169035e-13,
		"phiu_22":-5.637151540169035e-13,
		"phiu_33":-5.637151540169035e-13,
		"ld_1111":-2.8185757700845177e-13,
		"ld_1122":-2.8185757700845177e-13,
		"ld_1133":-2.8185757700845177e-13,
		"ld_2211":-2.8185757700845177e-13,
		"ld_2222":-2.8185757700845177e-13,
		"ld_2233":-2.8185757700845177e-13,
		"ld_3311":-2.8185757700845177e-13,
		"ld_3322":-2.8185757700845177e-13,
		"ld_3333":-2.8185757700845177e-13,
		"le_1111":2.543377425183995e-11,
		"le_1112":{
			"Re":-4.7198225064339654e-14,
			"Im":4.6230835920552685e-14
		},
		"le_1113":{
			"Re":-6.227920961366126e-13,
			"Im":-3.7355255320676524e-13
		},
		"le_1122":3.8996609473461085e-11,
		"le_1123":{
			"Re":-9.951133087816576e-13,
			"Im":-3.3645992804112068e-12
		},
		"le_1133":-5.128381414221545e-13,
		"le_2211":2.543377425183995e-11,
		"le_2212":{
			"Re":-4.7198225064339654e-14,
			"Im":4.6230835920552685e-14
		},
		"le_2213":{
			"Re":-6.227920961366126e-13,
			"Im":-3.7355255320676524e-13
		},
		"le_2222":3.8996609473461085e-11,
		"le_2223":{
			"Re":-9.951133087816576e-13,
			"Im":-3.3645992804112068e-12
		},
		"le_2233":-5.128381414221545e-13,
		"le_3311":2.543377425183995e-11,
		"le_3312":{
			"Re":-4.7198225064339654e-14,
			"Im":4.6230835920552685e-14
		},
		"le_3313":{
			"Re":-6.227920961366126e-13,
			"Im":-3.7355255320676524e-13
		},
		"le_3322":3.8996609473461085e-11,
		"le_3323":{
			"Re":-9.951133087816576e-13,
			"Im":-3.3645992804112068e-12
		},
		"le_3333":-5.128381414221545e-13,
		"ll_1111":-2.113931827563388e-13,
		"ll_1122":-4.227863655126776e-13,
		"ll_1133":-4.227863655126776e-13,
		"ll_2222":-2.113931827563388e-13,
		"ll_2233":-4.227863655126776e-13,
		"ll_3333":-2.113931827563388e-13,
		"lq1_1111":1.4092878850422588e-13,