{
	"eft":"SMEFT",
	"basis":"Warsaw",
	"scale":1000,
	"values":{
		"dd_1111":-7.925401086345539e-14,
		"dd_1122":-1.5850802172691078e-13,
		"dd_1133":-1.5850802172691078e-13,
		"dd_2222":-7.925401086345539e-14,
		"dd_2233":-1.5850802172691078e-13,
		"dd_3333":-7.925401086345539e-14,
		"eB_11":3.873270483948557e-17,
		"eB_12":{
			"Re":-5.0917227670509485e-20,
			"Im":3.1533533960189237e-20
		},
		"eB_13":{
			"Re":0.0,
			"Im":1.5288765722283159e-19
		},
		"eB_21":{
			"Re":-1.052820797586328e-17,
			"Im":-6.520221522962045e-18
		},
		"eB_22":9.66629191431361e-16,
		"eB_23":{
			"Re":5.838826337512486e-16,
			"Im":-1.1510082228070926e-15
		},
		"eB_31":{
			"Re":1.495357238124224e-17,
			"Im":-5.316451364950444e-16
		},
		"eB_32":{
			"Re":9.819407234446399e-15,
			"Im":1.935700398781571e-14
		},
		"eB_33":1.291999780739571e-13,
		"ed_1111":4.734045537460323e-12,
		"ed_1122":4.734045537460323e-12,
		"ed_1133":4.734045537460323e-12,
		"ed_1211":{
			"Re":-9.766985741304926e-15,
			"Im":3.3494294455379516e-15
		},
		"ed_1222":{
			"Re":-9.766985741304926e-15,
			"Im":3.3494294455379516e-15
		},
		"ed_1233":{
			"Re":-9.766985741304926e-15,
			"Im":3.3494294455379516e-15
		},
		"ed_1311":{
			"Re":-8.870346889143057e-15,
			"Im":4.5484441349738725e-14
		},
		"ed_1322":{
			"Re":-8.870346889143057e-15,
			"Im":4.5484441349738725e-14
		},
		"ed_1333":{
			"Re":-8.870346889143057e-15,
			"Im":4.5484441349738725e-14
		},
		"ed_2211":-4.105757589519889e-14,
		"ed_2222":-4.105757589519889e-14,
		"ed_2233":-4.105757589519889e-14,
		"ed_2311":{
			"Re":3.6870842026605363e-13,
			"Im":-7.326895754587613e-13
		},
		"ed_2322":{
			"Re":3.6870842026605363e-13,
			"Im":-7.326895754587613e-13
		},
		"ed_2333":{
			"Re":3.6870842026605363e-13,
			"Im":-7.326895754587613e-13
		},
		"ed_3311":4.227081625846736e-12,
		"ed_3322":4.227081625846736e-12,
		"ed_3333":4.227081625846736e-12,
		"ee_1111":2.2421879808700986e-10,
		"ee_1112":{
			"Re":-1.4608484041904155e-11,
			"Im":9.924094548224082e-12
		},
		"ee_1113":{
			"Re":1.355539909990562e-11,
			"Im":9.731835269961731e-11
		},
		"ee_1122":-4.847535183438043e-12,
		"ee_1123":{
			"Re":-1.5821123918466693e-11,
			"Im":3.1392989397507215e-11
		},
		"ee_1133":-1.8695829446052467e-10,
		"ee_1212":{
			"Re":-4.91418019795344e-12,
			"Im":1.971050933660527e-11
		},
		"ee_1213":{
			"Re":7.471011636323703e-11,
			"Im":7.406523711891725e-11
		},
		"ee_1222":{
			"Re":8.034472737672812e-13,
			"Im":-7.218983044461049e-13
		},
		"ee_1223":{
			"Re":-1.0822249444265136e-12,
			"Im":-5.5457399642807564e-12
		},
		"ee_1232":{
			"Re":5.580109207472945e-12,
			"Im":2.248766064926528e-12
		},
		"ee_1233":{
			"Re":2.503464746482859e-11,
			"Im":-1.8996405858350683e-11
		},
		"ee_1313":{
			"Re":2.7724800816789666e-10,
			"Im":-9.705646024476454e-11
		},
		"ee_1323":{
			"Re":-1.5268684798048057e-11,
			"Im":-4.104693449896503e-12
		},
		"ee_1333":{
			"Re":-1.7059586660540074e-11,
			"Im":-8.581615969670063e-11
		},
		"ee_2222":9.542265548872332e-13,
		"ee_2223":{
			"Re":2.7808116446660226e-12,
			"Im":-4.535692150864652e-12
		},
		"ee_2233":1.996932453625759e-11,
		"ee_2323":{
			"Re":-7.551266262584296e-12,
			"Im":-1.1872678928362988e-11
		},
		"ee_2333":{
			"Re":2.2990276050525873e-11,
			"Im":-4.8312238544526844e-11
		},
		"ee_3333":1.537248063622681e-10,
		"ephi_11":2.999771607906575e-17,
		"ephi_12":{
			"Re":-5.344468879702337e-20,
			"Im":2.0141004078575383e-20
		},
		"ephi_13":{
			"Re":-4.2024024491905147e-20,
			"Im":2.381271478946679e-19
		},
		"ephi_21":{
			"Re":-1.1050791857014686e-17,
			"Im":-4.164562754318208e-18
		},
		"ephi_22":5.557742108786608e-16,
		"ephi_23":{
			"Re":4.4153532824550765e-16,
			"Im":-8.762098015513687e-16
		},
		"ephi_31":{
			"Re":-1.4614137138413946e-16,
			"Im":-8.277409127114154e-16
		},
		"ephi_32":{
			"Re":7.419740256219985e-15,
			"Im":1.4724263582569972e-14
		},
		"ephi_33":9.521928567432543e-14,
		"eu_1111":-9.468091074920645e-12,
		"eu_1122":-9.468091074920645e-12,
		"eu_1133":-9.468091074920645e-12,
		"eu_1211":{
			"Re":1.9533971482609853e-14,
			"Im":-6.698858891075903e-15
		},
		"eu_1222":{
			"Re":1.9533971482609853e-14,
			"Im":-6.698858891075903e-15
		},
		"eu_1233":{
			"Re":1.9533971482609853e-14,
			"Im":-6.698858891075903e-15
		},
		"eu_1311":{
			"Re":1.7740693778286115e-14,
			"Im":-9.096888269947745e-14
		},
		"eu_1322":{
			"Re":1.7740693778286115e-14,
			"Im":-9.096888269947745e-14
		},
		"eu_1333":{
			"Re":1.7740693778286115e-14,
			"Im":-9.096888269947745e-14
		},
		"eu_2211":8.211515179039779e-14,
		"eu_2222":8.211515179039779e-14,
		"eu_2233":8.211515179039779e-14,
		"eu_2311":{
			"Re":-7.374168405321073e-13,
			"Im":1.4653791509175225e-12
		},
		"eu_2322":{
			"Re":-7.374168405321073e-13,
			"Im":1.4653791509175225e-12
		},
		"eu_2333":{
			"Re":-7.374168405321073e-13,
			"Im":1.4653791509175225e-12
		},
		"eu_3311":-8.454163251693471e-12,
		"eu_3322":-8.454163251693471e-12,
		"eu_3333":-8.454163251693471e-12,
		"phi":5.378701913200189e-15,
		"phiB":-6.481103042755743e-13,
		"phiBox":-2.960995009996583e-13,
		"phid_11":2.3776203259036616e-13,
		"phid_22":2.3776203259036616e-13,
		"phid_33":2.3776203259036616e-13,
		"phiD":-7.132860977710984e-13,
		"phie_11":-7.101068306190486e-12,
		"phie_12":{
			"Re":1.4650478611957397e-14,
			"Im":-5.02414416830693e-15
		},
		"phie_13":{
			"Re":1.3305520333714586e-14,
			"Im":-6.822666202460819e-14
		},
		"phie_22":6.158636384279844e-14,
		"phie_23":{
			"Re":-5.530626303990805e-13,
			"Im":1.0990343631881425e-12
		},
		"phie_33":-6.3406224387701054e-12,
		"phil1_11":3.566430485648433e-13,
		"phil1_22":3.566413939590755e-13,
		"phil1_23":{
			"Re":-1.681140724100257e-17,
			"Im":3.314033823379026e-17
		},
		"phil1_33":3.5292306592771516e-13,
		"phil3_22":-1.6549264736864517e-18,
		"phil3_23":{
			"Re":-1.681140724100257e-17,
			"Im":3.314033823379026e-17
		},
		"phil3_33":-3.719982957834028e-15,
		"phiq1_11":-1.1888101629518308e-13,
		"phiq1_22":-1.1888101629518308e-13,
		"phiq1_33":-1.1888101629518308e-13,
		"phiu_11":-4.755240651807323e-13,
		"phiu_22":-4.755240651807323e-13,
		"phiu_33":-4.755240651807323e-13,
		"ld_1111":-2.3776203259036616e-13,
		"ld_1122":-2.3776203259036616e-13,
		"ld_1133":-2.3776203259036616e-13,
		"ld_2211":-2.3776203259036616e-13,
		"ld_2222":-2.3776203259036616e-13,
		"ld_2233":-2.3776203259036616e-13,
		"ld_3311":-2.3776203259036616e-13,
		"ld_3322":-2.3776203259036616e-13,
		"ld_3333":-2.3776203259036616e-13,
		"le_1111":7.101068306190486e-12,
		"le_1112":{
			"Re":-1.4650478611957397e-14,
			"Im":5.02414416830693e-15
		},
		"le_1113":{
			"Re":-1.3305520333714586e-14,
			"Im":6.822666202460819e-14
		},
		"le_1122":-6.158636384279844e-14,
		"le_1123":{
			"Re":5.530626303990805e-13,
			"Im":-1.0990343631881425e-12
		},
		"le_1133":6.3406224387701054e-12,
		"le_2211":7.101068306190486e-12,
		"le_2212":{
			"Re":-1.4650478611957397e-14,
			"Im":5.02414416830693e-15
		},
		"le_2213":{
			"Re":-1.3305520333714586e-14,
			"Im":6.822666202460819e-14
		},
		"le_2222":-6.158636384279844e-14,
		"le_2223":{
			"Re":5.530626303990805e-13,
			"Im":-1.0990343631881425e-12
		},
		"le_2233":6.3406224387701054e-12,
		"le_3311":7.101068306190486e-12,
		"le_3312":{
			"Re":-1.4650478611957397e-14,
			"Im":5.02414416830693e-15
		},
		"le_3313":{
			"Re":-1.3305520333714586e-14,
			"Im":6.822666202460819e-14
		},
		"le_3322":-6.158636384279844e-14,
		"le_3323":{
			"Re":5.530626303990805e-13,
			"Im":-1.0990343631881425e-12
		},
		"le_3333":6.3406224387701054e-12,
		"ll_1111":-1.783215244427746e-13,
		"ll_1122":-3.566430488855492e-13,
		"ll_1133":-3.566430488855492e-13,
		"ll_2222":-1.783215244427746e-13,
		"ll_2233":-3.566430488855492e-13,
		"ll_3333":-1.783215244427746e-13,
		"lq1_1111":1.1888101629518308e-13,
		"lq1_1122":1.1888101629518308e-13,
		"lq1_1133":1.1888101629518308e-13,
		"lq1_2211":1.1888101629518308e-13,
		"lq1_2222":1.1888101629518308e-13,
		"lq1_2233":1.1888101629518308e-13,