{
	"eft":"SMEFT",
	"basis":"Warsaw",
	"scale":1000,
	"values":{
		"dd_1111":-3.412556367205056e-13,
		"dd_1122":-6.825112734410112e-13,
		"dd_1133":-6.825112734410112e-13,
		"dd_2222":-3.412556367205056e-13,
		"dd_2233":-6.825112734410112e-13,
		"dd_3333":-3.412556367205056e-13,
		"eB_11":3.456027820257426e-16,
		"eB_13":{
			"Re":1.2614860100765732e-19,
			"Im":6.116632302392437e-20
		},
		"eB_21":{
			"Re":1.535229785770403e-19,
			"Im":3.058176363525208e-19
		},
		"eB_22":1.398375179431547e-13,
		"eB_23":{
			"Re":-9.961036754703992e-17,
			"Im":1.9817467301055708e-16
		},
		"eB_31":{
			"Re":4.3866386220848514e-16,
			"Im":-2.1269721011918327e-16
		},
		"eB_32":{
			"Re":-1.6751907098747076e-15,
			"Im":-3.3327893404566447e-15
		},
		"eB_33":2.865644539259738e-14,
		"ed_1111":2.225494194468064e-11,
		"ed_1122":2.225494194468064e-11,
		"ed_1133":2.225494194468064e-11,
		"ed_1211":{
			"Re":1.0441788239613405e-17,
			"Im":-2.945816566762977e-17
		},
		"ed_1222":{
			"Re":1.0441788239613405e-17,
			"Im":-2.945816566762977e-17
		},
		"ed_1233":{
			"Re":1.0441788239613405e-17,
			"Im":-2.945816566762977e-17
		},
		"ed_1311":{
			"Re":9.66195911047686e-15,
			"Im":2.7439702707134066e-15
		},
		"ed_1322":{
			"Re":9.66195911047686e-15,
			"Im":2.7439702707134066e-15
		},
		"ed_1333":{
			"Re":9.66195911047686e-15,
			"Im":2.7439702707134066e-15
		},
		"ed_2211":4.4444800777651114e-11,
		"ed_2222":4.4444800777651114e-11,
		"ed_2233":4.4444800777651114e-11,
		"ed_2311":{
			"Re":-3.347659662492668e-14,
			"Im":6.603053705477337e-14
		},
		"ed_2322":{
			"Re":-3.347659662492668e-14,
			"Im":6.603053705477337e-14
		},
		"ed_2333":{
			"Re":-3.347659662492668e-14,
			"Im":6.603053705477337e-14
		},
		"ed_3311":-1.4536192885359813e-12,
		"ed_3322":-1.4536192885359813e-12,
		"ed_3333":-1.4536192885359813e-12,
		"ee_1111":-1.7710293669348734e-10,
		"ee_1112":{
			"Re":1.3217866541698925e-13,
			"Im":4.058630599336276e-14
		},
		"ee_1113":{
			"Re":-2.9446615845420552e-12,
			"Im":5.3697621522853546e-12
		},
		"ee_1122":-2.7196608692626157e-9,
		"ee_1123":{
			"Re":1.9964936734079914e-12,
			"Im":-3.9519461104927704e-12
		},
		"ee_1133":3.197716120654295e-11,
		"ee_1212":{
			"Re":2.552489174692351e-10,
			"Im":-9.125489762415054e-10
		},
		"ee_1213":{
			"Re":2.100232315207706e-12,
			"Im":1.3480910826477377e-12
		},
		"ee_1222":{
			"Re":-2.445673626925736e-15,
			"Im":-2.5048274607586894e-13
		},
		"ee_1223":{
			"Re":-1.0910897432055492e-12,
			"Im":-4.0564681243348155e-13
		},
		"ee_1232":{
			"Re":-1.1153382364277358e-11,
			"Im":1.488240619395257e-12
		},
		"ee_1233":{
			"Re":5.079370145569257e-15,
			"Im":-2.734243220062424e-14
		},
		"ee_1313":{
			"Re":7.503116839704168e-12,
			"Im":1.0439585857177897e-11
		},
		"ee_1323":{
			"Re":4.1116819391204456e-15,
			"Im":8.993964697084885e-16
		},
		"ee_1333":{
			"Re":9.374992770547447e-14,
			"Im":-1.2775381731216632e-13
		},
		"ee_2222":-9.301603945137143e-10,
		"ee_2223":{
			"Re":2.589065190159814e-12,
			"Im":-3.391236090583925e-12
		},
		"ee_2233":6.438498672467338e-11,
		"ee_2323":{
			"Re":-1.489027688462038e-11,
			"Im":1.861871881300986e-11
		},
		"ee_2333":{
			"Re":8.638097916890752e-15,
			"Im":1.2084479644299504e-13
		},
		"ee_3333":-1.4088433918375536e-12,
		"ephi_11":1.8656140441363894e-15,
		"ephi_13":{
			"Re":7.250079935818593e-19,
			"Im":2.4370205223673334e-19
		},
		"ephi_21":{
			"Re":3.4888719806807355e-19,
			"Im":7.944506038328307e-19
		},
		"ephi_22":7.426413003906338e-13,
		"ephi_23":{
			"Re":-5.331848832951381e-16,
			"Im":1.054209506332314e-15
		},
		"ephi_31":{
			"Re":2.5208546226153298e-15,
			"Im":-8.473143039460885e-16
		},
		"ephi_32":{
			"Re":-8.965820135392627e-15,
			"Im":-1.7727146207947247e-14
		},
		"ephi_33":1.5749532057763894e-13,
		"eu_1111":-4.450988388936128e-11,
		"eu_1122":-4.450988388936128e-11,
		"eu_1133":-4.450988388936128e-11,
		"eu_1211":{
			"Re":-2.088357647922681e-17,
			"Im":5.891633133525954e-17
		},
		"eu_1222":{
			"Re":-2.088357647922681e-17,
			"Im":5.891633133525954e-17
		},
		"eu_1233":{
			"Re":-2.088357647922681e-17,
			"Im":5.891633133525954e-17
		},
		"eu_1311":{
			"Re":-1.932391822095372e-14,
			"Im":-5.487940541426813e-15
		},
		"eu_1322":{
			"Re":-1.932391822095372e-14,
			"Im":-5.487940541426813e-15
		},
		"eu_1333":{
			"Re":-1.932391822095372e-14,
			"Im":-5.487940541426813e-15
		},
		"eu_2211":-8.888960155530223e-11,
		"eu_2222":-8.888960155530223e-11,
		"eu_2233":-8.888960155530223e-11,
		"eu_2311":{
			"Re":6.695319324985336e-14,
			"Im":-1.3206107410954674e-13
		},
		"eu_2322":{
			"Re":6.695319324985336e-14,
			"Im":-1.3206107410954674e-13
		},
		"eu_2333":{
			"Re":6.695319324985336e-14,
			"Im":-1.3206107410954674e-13
		},
		"eu_3311":2.9072385770719627e-12,
		"eu_3322":2.9072385770719627e-12,
		"eu_3333":2.9072385770719627e-12,
		"phi":3.591093504522811e-11,
		"phiB":-3.2300139227787657e-11,
		"phiBox":-6.870640142030976e-11,
		"phid_11":1.0237669101615168e-12,
		"phid_22":1.0237669101615168e-12,
		"phid_33":1.0237669101615168e-12,
		"phiD":-3.0713007304845504e-12,
		"phie_11":-3.338241291702094e-11,
		"phie_12":{
			"Re":-1.5662682359418333e-17,
			"Im":4.418724850144288e-17
		},
		"phie_13":{
			"Re":-1.449293866571534e-14,
			"Im":-4.115955406069997e-15
		},
		"phie_22":-6.666720116647661e-11,
		"phie_23":{
			"Re":5.021489493738998e-14,
			"Im":-9.904580558215998e-14
		},
		"phie_33":2.1804289328039713e-12,
		"phil1_11":1.5356503623806924e-12,
		"phil1_22":1.5354109551225415e-12,
		"phil1_23":{
			"Re":2.8680257939862907e-18,
			"Im":-5.705932905434465e-18
		},
		"phil1_33":1.5348252761820315e-12,
		"phil3_22":-2.394101197337612e-16,
		"phil3_23":{
			"Re":2.8680257939862907e-18,
			"Im":-5.705932905434465e-18
		},
		"phil3_33":-8.250890602438236e-16,
		"phiq1_11":-5.118834550807584e-13,
		"phiq1_22":-5.118834550807584e-13,
		"phiq1_33":-5.118834550807584e-13,
		"phiu_11":-2.0475338203230336e-12,
		"phiu_22":-2.0475338203230336e-12,
		"phiu_33":-2.0475338203230336e-12,
		"ld_1111":-1.0237669101615168e-12,
		"ld_1122":-1.0237669101615168e-12,
		"ld_1133":-1.0237669101615168e-12,
		"ld_2211":-1.0237669101615168e-12,
		"ld_2222":-1.0237669101615168e-12,
		"ld_2233":-1.0237669101615168e-12,
		"ld_3311":-1.0237669101615168e-12,
		"ld_3322":-1.0237669101615168e-12,
		"ld_3333":-1.0237669101615168e-12,
		"le_1111":3.338241291702094e-11,
		"le_1112":{
			"Re":1.5662682359418333e-17,
			"Im":-4.418724850144288e-17
		},
		"le_1113":{
			"Re":1.449293866571534e-14,
			"Im":4.115955406069997e-15
		},
		"le_1122":6.666720116647661e-11,
		"le_1123":{
			"Re":-5.021489493738998e-14,
			"Im":9.904580558215998e-14
		},
		"le_1133":-2.1804289328039713e-12,
		"le_2211":3.338241291702094e-11,
		"le_2212":{
			"Re":1.5662682359418333e-17,
			"Im":-4.418724850144288e-17
		},
		"le_2213":{
			"Re":1.449293866571534e-14,
			"Im":4.115955406069997e-15
		},
		"le_2222":6.666720116647661e-11,
		"le_2223":{
			"Re":-5.021489493738998e-14,
			"Im":9.904580558215998e-14
		},
		"le_2233":-2.1804289328039713e-12,
		"le_3311":3.338241291702094e-11,
		"le_3312":{
			"Re":1.5662682359418333e-17,
			"Im":-4.418724850144288e-17
		},
		"le_3313":{
			"Re":1.449293866571534e-14,
			"Im":4.115955406069997e-15
		},
		"le_3322":6.666720116647661e-11,
		"le_3323":{
			"Re":-5.021489493738998e-14,
			"Im":9.904580558215998e-14
		},
		"le_3333":-2.1804289328039713e-12,
		"ll_1111":-7.678251826211376e-13,
		"ll_1122":-1.5356503652422752e-12,
		"ll_1133":-1.5356503652422752e-12,
		"ll_2222":-7.678251826211376e-13,
		"ll_2233":-1.5356503652422752e-12,
		"ll_3333":-7.678251826211376e-13,
		"lq1_1111":5.118834550807584e-13,
		"lq1_1122":5.118834550807584e-13,
		"lq1_1133":5.118834550807584e-13,
		"lq1_2211":5.118834550807584e-13,
		"lq1_2222":5.118834550807584e-13,
		"lq1_2233":5.118834550807584e-13,
		"lq1_3311":5.118834550807584e-13,
		"lq1_3322":5.118834550807584e-13,
		"lq1_3333":5.118834550807584e-13,
		"lu_1111":2.0475338203230336e-12,