{
	"eft":"SMEFT",
	"basis":"Warsaw",
	"scale":1000,
	"values":{
		"dd_1111":-8.978761028603973e-14,
		"dd_1122":-1.7957522057207946e-13,
		"dd_1133":-1.7957522057207946e-13,
		"dd_2222":-8.978761028603973e-14,
		"dd_2233":-1.7957522057207946e-13,
		"dd_3333":-8.978761028603973e-14,
		"eB_11":2.3110175376378823e-16,
		"eB_12":{
			"Re":-5.791144837251079e-20,
			"Im":1.553338116981944e-19
		},
		"eB_13":{
			"Re":-2.2419610712507493e-19,
			"Im":-5.613553305982622e-19
		},
		"eB_21":{
			"Re":-1.197441024469563e-17,
			"Im":-3.21185333542686e-17
		},
		"eB_22":6.115261717313168e-14,
		"eB_23":{
			"Re":1.1983925058124969e-14,
			"Im":-1.0360327503464938e-14
		},
		"eB_31":{
			"Re":-7.796101538821122e-16,
			"Im":1.9520335178081615e-15
		},
		"eB_32":{
			"Re":2.01538860056161e-13,
			"Im":1.7423411651270041e-13
		},
		"eB_33":1.139710832002732e-13,
		"ed_1111":1.3567571055242104e-11,
		"ed_1122":1.3567571055242104e-11,
		"ed_1133":1.3567571055242104e-11,
		"ed_1211":{
			"Re":-3.519043077561185e-15,
			"Im":9.50143472198453e-15
		},
		"ed_1222":{
			"Re":-3.519043077561185e-15,
			"Im":9.50143472198453e-15
		},
		"ed_1233":{
			"Re":-3.519043077561185e-15,
			"Im":9.50143472198453e-15
		},
		"ed_1311":{
			"Re":-1.3667245230760955e-14,
			"Im":-3.428605626304552e-14
		},
		"ed_1322":{
			"Re":-1.3667245230760955e-14,
			"Im":-3.428605626304552e-14
		},
		"ed_1333":{
			"Re":-1.3667245230760955e-14,
			"Im":-3.428605626304552e-14
		},
		"ed_2211":1.7441004527399012e-11,
		"ed_2222":1.7441004527399012e-11,
		"ed_2233":1.7441004527399012e-11,
		"ed_2311":{
			"Re":3.521200825318605e-12,
			"Im":-3.0441436969798825e-12
		},
		"ed_2322":{
			"Re":3.521200825318605e-12,
			"Im":-3.0441436969798825e-12
		},
		"ed_2333":{
			"Re":3.521200825318605e-12,
			"Im":-3.0441436969798825e-12
		},
		"ed_3311":1.463938130107905e-12,
		"ed_3322":1.463938130107905e-12,
		"ed_3333":1.463938130107905e-12,
		"ee_1111":-6.91233975420628e-10,
		"ee_1112":{
			"Re":9.27530501446174e-13,
			"Im":-4.573035371214857e-13
		},
		"ee_1113":{
			"Re":1.5756861136473459e-12,
			"Im":3.704395369704254e-12
		},
		"ee_1122":-2.7972591751991136e-9,
		"ee_1123":{
			"Re":-5.560468671754783e-10,
			"Im":4.807084405499082e-10
		},
		"ee_1133":-2.742776925968842e-10,
		"ee_1212":{
			"Re":1.6005237322064334e-11,
			"Im":-4.99414254641824e-10
		},
		"ee_1213":{
			"Re":-1.780274248298232e-10,
			"Im":-2.1818742553239335e-10
		},
		"ee_1222":{
			"Re":-5.701273018776105e-13,
			"Im":-2.4241638794699878e-12
		},
		"ee_1223":{
			"Re":1.8424499207598165e-12,
			"Im":6.678481373900343e-12
		},
		"ee_1232":{
			"Re":2.565418038234558e-12,
			"Im":5.329111568570542e-13
		},
		"ee_1233":{
			"Re":6.121252373797466e-13,
			"Im":1.2255656965442197e-12
		},
		"ee_1313":{
			"Re":-1.5934198165123688e-11,
			"Im":-4.5973991756134805e-12
		},
		"ee_1323":{
			"Re":1.7127230245518924e-12,
			"Im":9.38701251208088e-13
		},
		"ee_1333":{
			"Re":3.128278997762508e-13,
			"Im":6.160361343118262e-13
		},
		"ee_2222":-1.1685485847777352e-9,
		"ee_2223":{
			"Re":-4.4738752623649856e-10,
			"Im":3.851204829115414e-10
		},
		"ee_2233":-4.0090000642000767e-10,
		"ee_2323":{
			"Re":-1.2807369141790512e-11,
			"Im":1.0250790803624444e-10
		},
		"ee_2333":{
			"Re":-6.018155021591608e-11,
			"Im":5.3681386055507833e-11
		},
		"ee_3333":-1.6876487820166966e-11,
		"ephi_11":1.5593928511211906e-15,
		"ephi_12":{
			"Re":-3.8955034844190913e-19,
			"Im":1.0496707291311995e-18
		},
		"ephi_13":{
			"Re":-1.5115813091315648e-18,
			"Im":-3.789792679132039e-18
		},
		"ephi_21":{
			"Re":-8.054770469934602e-17,
			"Im":-2.1704143862034204e-16
		},
		"ephi_22":4.1148247296114584e-13,
		"ephi_23":{
			"Re":8.060861392644788e-14,
			"Im":-6.968765033985439e-14
		},
		"ephi_31":{
			"Re":-5.2558513482211275e-15,
			"Im":1.3177319100148871e-14
		},
		"ephi_32":{
			"Re":1.3555119564275565e-12,
			"Im":1.1718653708226586e-12
		},
		"ephi_33":7.696610049090123e-13,
		"eu_1111":-2.7135142110484207e-11,
		"eu_1122":-2.7135142110484207e-11,
		"eu_1133":-2.7135142110484207e-11,
		"eu_1211":{
			"Re":7.03808615512237e-15,
			"Im":-1.900286944396906e-14
		},
		"eu_1222":{
			"Re":7.03808615512237e-15,
			"Im":-1.900286944396906e-14
		},
		"eu_1233":{
			"Re":7.03808615512237e-15,
			"Im":-1.900286944396906e-14
		},
		"eu_1311":{
			"Re":2.733449046152191e-14,
			"Im":6.857211252609104e-14
		},
		"eu_1322":{
			"Re":2.733449046152191e-14,
			"Im":6.857211252609104e-14
		},
		"eu_1333":{
			"Re":2.733449046152191e-14,
			"Im":6.857211252609104e-14
		},
		"eu_2211":-3.4882009054798024e-11,
		"eu_2222":-3.4882009054798024e-11,
		"eu_2233":-3.4882009054798024e-11,
		"eu_2311":{
			"Re":-7.04240165063721e-12,
			"Im":6.088287393959765e-12
		},
		"eu_2322":{
			"Re":-7.04240165063721e-12,
			"Im":6.088287393959765e-12
		},
		"eu_2333":{
			"Re":-7.04240165063721e-12,
			"Im":6.088287393959765e-12
		},
		"eu_3311":-2.92787626021581e-12,
		"eu_3322":-2.92787626021581e-12,
		"eu_3333":-2.92787626021581e-12,
		"phi":2.4938983739296244e-11,
		"phiB":-1.1744813551069248e-11,
		"phiBox":-3.4342007190852503e-11,
		"phid_11":2.6936283085811914e-13,
		"phid_22":2.6936283085811914e-13,
		"phid_33":2.6936283085811914e-13,
		"phiD":-8.080884925743575e-13,
		"phie_11":-2.0351356582863148e-11,
		"phie_12":{
			"Re":5.278564616341779e-15,
			"Im":-1.425215208297679e-14
		},
		"phie_13":{
			"Re":2.0500867846141424e-14,
			"Im":5.142908439456825e-14
		},
		"phie_22":-2.6161506791098516e-11,
		"phie_23":{
			"Re":-5.281801237977908e-12,
			"Im":4.566215545469824e-12
		},
		"phie_33":-2.195907195161858e-12,
		"phil1_11":4.0404424437366176e-13,
		"phil1_13":{
			"Re":0.0,
			"Im":1.616279115712754e-20
		},
		"phil1_22":4.0393954938169303e-13,
		"phil1_23":{
			"Re":-3.4504647484279333e-16,
			"Im":2.9829913537916717e-16
		},
		"phil1_33":4.0076274041147175e-13,
		"phil3_13":{
			"Re":0.0,
			"Im":1.616279115712754e-20
		},
		"phil3_22":-1.0469690548572144e-16,
		"phil3_23":{
			"Re":-3.4504647484279333e-16,
			"Im":2.9829913537916717e-16
		},
		"phil3_33":-3.281505875706962e-15,
		"phiq1_11":-1.3468141542905957e-13,
		"phiq1_22":-1.3468141542905957e-13,
		"phiq1_33":-1.3468141542905957e-13,
		"phiu_11":-5.387256617162383e-13,
		"phiu_22":-5.387256617162383e-13,
		"phiu_33":-5.387256617162383e-13,
		"ld_1111":-2.6936283085811914e-13,
		"ld_1122":-2.6936283085811914e-13,
		"ld_1133":-2.6936283085811914e-13,
		"ld_2211":-2.6936283085811914e-13,
		"ld_2222":-2.6936283085811914e-13,
		"ld_2233":-2.6936283085811914e-13,
		"ld_3311":-2.6936283085811914e-13,
		"ld_3322":-2.6936283085811914e-13,
		"ld_3333":-2.6936283085811914e-13,
		"le_1111":2.0351356582863148e-11,
		"le_1112":{
			"Re":-5.278564616341779e-15,
			"Im":1.425215208297679e-14
		},
		"le_1113":{
			"Re":-2.0500867846141424e-14,
			"Im":-5.142908439456825e-14
		},
		"le_1122":2.6161506791098516e-11,
		"le_1123":{
			"Re":5.281801237977908e-12,
			"Im":-4.566215545469824e-12
		},
		"le_1133":2.195907195161858e-12,
		"le_2211":2.0351356582863148e-11,
		"le_2212":{
			"Re":-5.278564616341779e-15,
			"Im":1.425215208297679e-14
		},
		"le_2213":{
			"Re":-2.0500867846141424e-14,
			"Im":-5.142908439456825e-14
		},
		"le_2222":2.6161506791098516e-11,
		"le_2223":{
			"Re":5.281801237977908e-12,
			"Im":-4.566215545469824e-12
		},
		"le_2233":2.195907195161858e-12,
		"le_3311":2.0351356582863148e-11,
		"le_3312":{
			"Re":-5.278564616341779e-15,
			"Im":1.425215208297679e-14
		},
		"le_3313":{
			"Re":-2.0500867846141424e-14,
			"Im":-5.142908439456825e-14
		},
		"le_3322":2.6161506791098516e-11,
		"le_3323":{
			"Re":5.281801237977908e-12,
			"Im":-4.566215545469824e-12
		},
		"le_3333":2.195907195161858e-12,
		"ll_1111":-2.0202212314358938e-13,
		"ll_1122":-4.0404424628717876e-13,
		"ll_1133":-4.0404424628717876e-13,
		"ll_2222":-2.0202212314358938e-13,
		"ll_2233":-4.0404424628717876e-13,
		"ll_3333":-2.0202212314358938e-13,
		"lq1_1111":1.3468141542905957e-13,
		"lq1_1122":1.3468141542905957e-13,