{
	"eft":"SMEFT",
	"basis":"Warsaw",
	"scale":1000,
	"values":{
		"dd_1111":-1.2362918395741365e-13,
		"dd_1122":-2.472583679148273e-13,
		"dd_1133":-2.472583679148273e-13,
		"dd_2222":-1.2362918395741365e-13,
		"dd_2233":-2.472583679148273e-13,
		"dd_3333":-1.2362918395741365e-13,
		"eB_11":4.1147300214486287e-16,
		"eB_12":-1.7943007555255537e-20,
		"eB_13":{
			"Re":4.0858687799178584e-20,
			"Im":2.879544040416077e-20
		},
		"eB_21":{
			"Re":-3.710094282364407e-18,
			"Im":1.8513596677773653e-18
		},
		"eB_22":4.1129928373651826e-15,
		"eB_23":{
			"Re":-2.5545586466753227e-16,
			"Im":9.61482343802067e-17
		},
		"eB_31":{
			"Re":1.4208028984540918e-16,
			"Im":-1.0013205854655953e-16
		},
		"eB_32":{
			"Re":-4.2961119591489744e-15,
			"Im":-1.6169665163469892e-15
		},
		"eB_33":6.408502352946665e-13,
		"ed_1111":2.5117661343245872e-11,
		"ed_1122":2.5117661343245872e-11,
		"ed_1133":2.5117661343245872e-11,
		"ed_1211":{
			"Re":-1.0995889117005715e-15,
			"Im":-4.726861534838505e-16
		},
		"ed_1222":{
			"Re":-1.0995889117005715e-15,
			"Im":-4.726861534838505e-16
		},
		"ed_1233":{
			"Re":-1.0995889117005715e-15,
			"Im":-4.726861534838505e-16
		},
		"ed_1311":{
			"Re":2.8283722910828727e-15,
			"Im":2.1645819156934717e-18
		},
		"ed_1322":{
			"Re":2.8283722910828727e-15,
			"Im":2.1645819156934717e-18
		},
		"ed_1333":{
			"Re":2.8283722910828727e-15,
			"Im":2.1645819156934717e-18
		},
		"ed_2211":5.106014804661708e-13,
		"ed_2222":5.106014804661708e-13,
		"ed_2233":5.106014804661708e-13,
		"ed_2311":{
			"Re":-7.758391891029972e-14,
			"Im":2.910242391456704e-14
		},
		"ed_2322":{
			"Re":-7.758391891029972e-14,
			"Im":2.910242391456704e-14
		},
		"ed_2333":{
			"Re":-7.758391891029972e-14,
			"Im":2.910242391456704e-14
		},
		"ed_3311":1.0852248730149136e-11,
		"ed_3322":1.0852248730149136e-11,
		"ed_3333":1.0852248730149136e-11,
		"ee_1111":-1.513067136869039e-9,
		"ee_1112":{
			"Re":2.622496002366934e-12,
			"Im":-1.200878286388736e-11
		},
		"ee_1113":{
			"Re":-4.001470342663658e-11,
			"Im":2.890996279560875e-10
		},
		"ee_1122":-1.7782509958072837e-10,
		"ee_1123":{
			"Re":1.2346422873699285e-11,
			"Im":-5.70738590747113e-12
		},
		"ee_1133":{
			"Re":-2.1910790437672933e-9,
			"Im":1.0641709592194607e-20
		},
		"ee_1212":{
			"Re":2.3687597139926134e-11,
			"Im":-4.6479790151260714e-11
		},
		"ee_1213":{
			"Re":-2.2940982157638335e-11,
			"Im":-4.42131534946308e-11
		},
		"ee_1222":{
			"Re":5.884791493381249e-13,
			"Im":1.6834150361393544e-13
		},
		"ee_1223":{
			"Re":4.3144679338712046e-13,
			"Im":-3.7080410832324474e-13
		},
		"ee_1232":{
			"Re":-1.3473290209223221e-11,
			"Im":-4.701674924679386e-12
		},
		"ee_1233":{
			"Re":-1.1033323743628642e-11,
			"Im":7.900818579373373e-12
		},
		"ee_1313":{
			"Re":4.5906049404841106e-10,
			"Im":1.2269985774921493e-10
		},
		"ee_1323":{
			"Re":-3.602336054990516e-13,
			"Im":5.4854128135792895e-12
		},
		"ee_1333":{
			"Re":1.604222071736306e-11,
			"Im":-1.290536757355143e-10
		},
		"ee_2222":-1.024468372959554e-12,
		"ee_2223":{
			"Re":1.954835662841806e-12,
			"Im":-2.182580343310975e-12
		},
		"ee_2233":-7.660335081883371e-11,
		"ee_2323":{
			"Re":4.823136206494269e-12,
			"Im":2.27270650576667e-11
		},
		"ee_2333":{
			"Re":-8.031903522382437e-12,
			"Im":1.3775890640453426e-11
		},
		"ee_3333":-2.8826576740717187e-10,
		"ephi_11":-3.3422851983528996e-16,
		"ephi_12":1.432047092771971e-20,
		"ephi_13":-3.552436136669032e-20,
		"ephi_21":{
			"Re":2.9610663361641685e-18,
			"Im":-1.335234060622661e-18
		},
		"ephi_22":-3.345122520248515e-15,
		"ephi_23":{
			"Re":2.0723866315641472e-16,
			"Im":-7.781575652932729e-17
		},
		"ephi_31":{
			"Re":-1.2361443005170248e-16,
			"Im":2.4407927954240613e-17
		},
		"ephi_32":{
			"Re":3.487738377270845e-15,
			"Im":1.3096082581995764e-15
		},
		"ephi_33":-5.205464833616079e-13,
		"eu_1111":-5.0235322686491744e-11,
		"eu_1122":-5.0235322686491744e-11,
		"eu_1133":-5.0235322686491744e-11,
		"eu_1211":{
			"Re":2.199177823401143e-15,
			"Im":9.45372306967701e-16
		},
		"eu_1222":{
			"Re":2.199177823401143e-15,
			"Im":9.45372306967701e-16
		},
		"eu_1233":{
			"Re":2.199177823401143e-15,
			"Im":9.45372306967701e-16
		},
		"eu_1311":{
			"Re":-5.6567445821657455e-15,
			"Im":-4.329163831386943e-18
		},
		"eu_1322":{
			"Re":-5.6567445821657455e-15,
			"Im":-4.329163831386943e-18
		},
		"eu_1333":{
			"Re":-5.6567445821657455e-15,
			"Im":-4.329163831386943e-18
		},
		"eu_2211":-1.0212029609323415e-12,
		"eu_2222":-1.0212029609323415e-12,
		"eu_2233":-1.0212029609323415e-12,
		"eu_2311":{
			"Re":1.5516783782059943e-13,
			"Im":-5.820484782913408e-14
		},
		"eu_2322":{
			"Re":1.5516783782059943e-13,
			"Im":-5.820484782913408e-14
		},
		"eu_2333":{
			"Re":1.5516783782059943e-13,
			"Im":-5.820484782913408e-14
		},
		"eu_3311":-2.1704497460298273e-11,
		"eu_3322":-2.1704497460298273e-11,
		"eu_3333":-2.1704497460298273e-11,
		"phi":-5.635320454656057e-14,
		"phiB":1.9074909010605414e-12,
		"phiBox":-9.32186272803292e-13,
		"phid_11":3.708875518722409e-13,
		"phid_22":3.708875518722409e-13,
		"phid_33":3.708875518722409e-13,
		"phiD":-1.1126626556167227e-12,
		"phie_11":-3.767649201486879e-11,
		"phie_12":{
			"Re":1.6493833675508638e-15,
			"Im":7.090292302256936e-16
		},
		"phie_13":{
			"Re":-4.242558436624637e-15,
			"Im":-3.2468728710158526e-18
		},
		"phie_22":-7.659022206992568e-13,
		"phie_23":{
			"Re":1.1637587836544962e-13,
			"Im":-4.365363587185058e-14
		},
		"phie_33":-1.627837309522371e-11,
		"phil1_11":5.563313244013747e-13,
		"phil1_22":5.563242861208219e-13,
		"phil1_23":{
			"Re":7.355198330591089e-18,
			"Im":-2.768342523366842e-18
		},
		"phil1_33":5.378796841675594e-13,
		"phil3_22":-7.041687539519895e-18,
		"phil3_23":{
			"Re":7.355198330591089e-18,
			"Im":-2.768342523366842e-18
		},
		"phil3_33":-1.8451643640801975e-14,
		"phiq1_11":-1.8544377593612046e-13,
		"phiq1_22":-1.8544377593612046e-13,
		"phiq1_33":-1.8544377593612046e-13,
		"phiu_11":-7.417751037444818e-13,
		"phiu_22":-7.417751037444818e-13,
		"phiu_33":-7.417751037444818e-13,
		"ld_1111":-3.708875518722409e-13,
		"ld_1122":-3.708875518722409e-13,
		"ld_1133":-3.708875518722409e-13,
		"ld_2211":-3.708875518722409e-13,
		"ld_2222":-3.708875518722409e-13,
		"ld_2233":-3.708875518722409e-13,
		"ld_3311":-3.708875518722409e-13,
		"ld_3322":-3.708875518722409e-13,
		"ld_3333":-3.708875518722409e-13,
		"le_1111":3.767649201486879e-11,
		"le_1112":{
			"Re":-1.6493833675508638e-15,
			"Im":-7.090292302256936e-16
		},
		"le_1113":{
			"Re":4.242558436624637e-15,
			"Im":3.2468728710158526e-18
		},
		"le_1122":7.659022206992568e-13,
		"le_1123":{
			"Re":-1.1637587836544962e-13,
			"Im":4.365363587185058e-14
		},
		"le_1133":1.627837309522371e-11,
		"le_2211":3.767649201486879e-11,
		"le_2212":{
			"Re":-1.6493833675508638e-15,
			"Im":-7.090292302256936e-16
		},
		"le_2213":{
			"Re":4.242558436624637e-15,
			"Im":3.2468728710158526e-18
		},
		"le_2222":7.659022206992568e-13,
		"le_2223":{
			"Re":-1.1637587836544962e-13,
			"Im":4.365363587185058e-14
		},
		"le_2233":1.627837309522371e-11,
		"le_3311":3.767649201486879e-11,
		"le_3312":{
			"Re":-1.6493833675508638e-15,
			"Im":-7.090292302256936e-16
		},
		"le_3313":{
			"Re":4.242558436624637e-15,
			"Im":3.2468728710158526e-18
		},
		"le_3322":7.659022206992568e-13,
		"le_3323":{
			"Re":-1.1637587836544962e-13,
			"Im":4.365363587185058e-14
		},
		"le_3333":1.627837309522371e-11,
		"ll_1111":-2.781656639041807e-13,
		"ll_1122":-5.563313278083614e-13,
		"ll_1133":-5.563313278083614e-13,
		"ll_2222":-2.781656639041807e-13,
		"ll_2233":-5.563313278083614e-13,
		"ll_3333":-2.781656639041807e-13,
		"lq1_1111":1.8544377593612046e-13,
		"lq1_1122":1.8544377593612046e-13,
		"lq1_1133":1.8544377593612046e-13,
		"lq1_2211":1.8544377593612046e-13,
		"lq1_2222":1.8544377593612046e-13,
		"lq1_2233":1.8544377593612046e-13,
		"lq1_3311":1.8544377593612046e-13,
		"lq1_3322":1.8544377593612046e-13,