{
	"eft":"SMEFT",
	"basis":"Warsaw",
	"scale":1000,
	"values":{
		"dd_1111":-2.497589937375751e-14,
		"dd_1122":-4.995179874751502e-14,
		"dd_1133":-4.995179874751502e-14,
		"dd_2222":-2.497589937375751e-14,
		"dd_2233":-4.995179874751502e-14,
		"dd_3333":-2.497589937375751e-14,
		"eB_11":7.316118499266829e-17,
		"eB_12":-3.8617965682824104e-20,
		"eB_13":{
			"Re":2.458420800101739e-20,
			"Im":-2.3781582530015915e-20
		},
		"eB_21":{
			"Re":-7.985076818095978e-18,
			"Im":5.861117207951463e-19
		},
		"eB_22":1.1324977652787794e-14,
		"eB_23":{
			"Re":1.4350256948365387e-15,
			"Im":3.5041376369208146e-15
		},
		"eB_31":{
			"Re":8.548809534882111e-17,
			"Im":8.269707914885392e-17
		},
		"eB_32":{
			"Re":2.4133448873044615e-14,
			"Im":-5.893060090075443e-14
		},
		"eB_33":2.396079544249778e-13,
		"ed_1111":4.659448755780599e-12,
		"ed_1122":4.659448755780599e-12,
		"ed_1133":4.659448755780599e-12,
		"ed_1211":{
			"Re":-2.6008143311364707e-15,
			"Im":-1.935891981188107e-16
		},
		"ed_1222":{
			"Re":-2.6008143311364707e-15,
			"Im":-1.935891981188107e-16
		},
		"ed_1233":{
			"Re":-2.6008143311364707e-15,
			"Im":-1.935891981188107e-16
		},
		"ed_1311":{
			"Re":1.5844129841158616e-15,
			"Im":-1.6514204680264746e-15
		},
		"ed_1322":{
			"Re":1.5844129841158616e-15,
			"Im":-1.6514204680264746e-15
		},
		"ed_1333":{
			"Re":1.5844129841158616e-15,
			"Im":-1.6514204680264746e-15
		},
		"ed_2211":3.452142769353595e-12,
		"ed_2222":3.452142769353595e-12,
		"ed_2233":3.452142769353595e-12,
		"ed_2311":{
			"Re":4.553928190855069e-13,
			"Im":1.1120061711358727e-12
		},
		"ed_2322":{
			"Re":4.553928190855069e-13,
			"Im":1.1120061711358727e-12
		},
		"ed_2333":{
			"Re":4.553928190855069e-13,
			"Im":1.1120061711358727e-12
		},
		"ed_3311":4.3796098103957834e-12,
		"ed_3322":4.3796098103957834e-12,
		"ed_3333":4.3796098103957834e-12,
		"ee_1111":-1.9797111510808753e-10,
		"ee_1112":{
			"Re":-3.934145364988817e-11,
			"Im":-3.918472084868234e-12
		},
		"ee_1113":{
			"Re":-1.607127228379637e-11,
			"Im":-5.5969865906105115e-11
		},
		"ee_1122":-6.149073355584508e-10,
		"ee_1123":{
			"Re":-7.665691031930336e-11,
			"Im":-1.8673524963946894e-10
		},
		"ee_1133":-7.706560625189774e-10,
		"ee_1212":{
			"Re":-1.1298991670498706e-11,
			"Im":-7.514253792748427e-11
		},
		"ee_1213":{
			"Re":-1.4727880230098606e-10,
			"Im":-2.771711101741256e-10
		},
		"ee_1222":{
			"Re":3.733814020162645e-12,
			"Im":1.342424101224909e-11
		},
		"ee_1223":{
			"Re":3.1468559694597316e-11,
			"Im":4.784722313964148e-11
		},
		"ee_1232":{
			"Re":2.0091132129444892e-11,
			"Im":2.4018748564548434e-12
		},
		"ee_1233":{
			"Re":8.196820993202862e-11,
			"Im":-1.765531009652528e-11
		},
		"ee_1313":{
			"Re":1.3813865622895512e-10,
			"Im":-4.748061756744848e-11
		},
		"ee_1323":{
			"Re":-2.4246507703308377e-11,
			"Im":1.1039099190471637e-11
		},
		"ee_1333":{
			"Re":1.9625841225433126e-12,
			"Im":3.9024575934624313e-11
		},
		"ee_2222":{
			"Re":-2.0537316999353154e-10,
			"Im":1.2223137243977418e-18
		},
		"ee_2223":{
			"Re":4.2356285915553065e-11,
			"Im":-1.8249508243467543e-10
		},
		"ee_2233":{
			"Re":-1.9129464585686898e-10,
			"Im":-4.889387369273598e-18
		},
		"ee_2323":{
			"Re":2.8389411102515577e-11,
			"Im":3.070450128196246e-11
		},
		"ee_2333":{
			"Re":-1.084437242067526e-10,
			"Im":2.0976308397406624e-11
		},
		"ee_3333":{
			"Re":-2.72782310356739e-10,
			"Im":1.222434402294295e-18
		},
		"ephi_11":-1.1591608043984259e-15,
		"ephi_12":{
			"Re":6.225115772263256e-19,
			"Im":4.615279803429618e-20
		},
		"ephi_13":{
			"Re":-3.8407956237782917e-19,
			"Im":3.9186150260302907e-19
		},
		"ephi_21":{
			"Re":1.2871738107372245e-16,
			"Im":-9.543063136331392e-18
		},
		"ephi_22":-1.7948917082762804e-13,
		"ephi_23":{
			"Re":-2.2706438160176685e-14,
			"Im":-5.544599311962819e-14
		},
		"ephi_31":{
			"Re":-1.3356324286074447e-15,
			"Im":-1.362691381310759e-15
		},
		"ephi_32":{
			"Re":-3.8187814228896637e-13,
			"Im":9.324938020272133e-13
		},
		"ephi_33":-3.79615149222319e-12,
		"eu_1111":-9.318897511561198e-12,
		"eu_1122":-9.318897511561198e-12,
		"eu_1133":-9.318897511561198e-12,
		"eu_1211":{
			"Re":5.201628662272941e-15,
			"Im":3.871783962376214e-16
		},
		"eu_1222":{
			"Re":5.201628662272941e-15,
			"Im":3.871783962376214e-16
		},
		"eu_1233":{
			"Re":5.201628662272941e-15,
			"Im":3.871783962376214e-16
		},
		"eu_1311":{
			"Re":-3.168825968231723e-15,
			"Im":3.302840936052949e-15
		},
		"eu_1322":{
			"Re":-3.168825968231723e-15,
			"Im":3.302840936052949e-15
		},
		"eu_1333":{
			"Re":-3.168825968231723e-15,
			"Im":3.302840936052949e-15
		},
		"eu_2211":-6.90428553870719e-12,
		"eu_2222":-6.90428553870719e-12,
		"eu_2233":-6.90428553870719e-12,
		"eu_2311":{
			"Re":-9.107856381710138e-13,
			"Im":-2.2240123422717453e-12
		},
		"eu_2322":{
			"Re":-9.107856381710138e-13,
			"Im":-2.2240123422717453e-12
		},
		"eu_2333":{
			"Re":-9.107856381710138e-13,
			"Im":-2.2240123422717453e-12
		},
		"eu_3311":-8.759219620791567e-12,
		"eu_3322":-8.759219620791567e-12,
		"eu_3333":-8.759219620791567e-12,
		"phi":-7.682155441917055e-11,
		"phiB":7.282000788444543e-12,
		"phiBox":-4.723726660366006e-11,
		"phid_11":7.492769812127252e-14,
		"phid_22":7.492769812127252e-14,
		"phid_33":7.492769812127252e-14,
		"phiD":-2.2478309436381756e-13,
		"phie_11":-6.989173133670892e-12,
		"phie_12":{
			"Re":3.901221496704428e-15,
			"Im":2.9038379717820185e-16
		},
		"phie_13":{
			"Re":-2.376619476173906e-15,
			"Im":2.4771307020393584e-15
		},
		"phie_22":-5.1782141540303915e-12,
		"phie_23":{
			"Re":-6.830892286282605e-13,
			"Im":-1.6680092567038094e-12
		},
		"phie_33":-6.569414715593674e-12,
		"phil1_11":1.123915465761359e-13,
		"phil1_22":1.1237215814886732e-13,
		"phil1_23":{
			"Re":-4.13178950060666e-17,
			"Im":-1.0089268191507377e-16
		},
		"phil1_33":1.0549264889794648e-13,
		"phil3_22":-1.9389033041463677e-17,
		"phil3_23":{
			"Re":-4.13178950060666e-17,
			"Im":-1.0089268191507377e-16
		},
		"phil3_33":-6.89889828396231e-15,
		"phiq1_11":-3.746384906063626e-14,
		"phiq1_22":-3.746384906063626e-14,
		"phiq1_33":-3.746384906063626e-14,
		"phiu_11":-1.4985539624254504e-13,
		"phiu_22":-1.4985539624254504e-13,
		"phiu_33":-1.4985539624254504e-13,
		"ld_1111":-7.492769812127252e-14,
		"ld_1122":-7.492769812127252e-14,
		"ld_1133":-7.492769812127252e-14,
		"ld_2211":-7.492769812127252e-14,
		"ld_2222":-7.492769812127252e-14,
		"ld_2233":-7.492769812127252e-14,
		"ld_3311":-7.492769812127252e-14,
		"ld_3322":-7.492769812127252e-14,
		"ld_3333":-7.492769812127252e-14,
		"le_1111":6.989173133670892e-12,
		"le_1112":{
			"Re":-3.901221496704428e-15,
			"Im":-2.9038379717820185e-16
		},
		"le_1113":{
			"Re":2.376619476173906e-15,
			"Im":-2.4771307020393584e-15
		},
		"le_1122":5.1782141540303915e-12,
		"le_1123":{
			"Re":6.830892286282605e-13,
			"Im":1.6680092567038094e-12
		},
		"le_1133":6.569414715593674e-12,
		"le_2211":6.989173133670892e-12,
		"le_2212":{
			"Re":-3.901221496704428e-15,
			"Im":-2.9038379717820185e-16
		},
		"le_2213":{
			"Re":2.376619476173906e-15,
			"Im":-2.4771307020393584e-15
		},
		"le_2222":5.1782141540303915e-12,
		"le_2223":{
			"Re":6.830892286282605e-13,
			"Im":1.6680092567038094e-12
		},
		"le_2233":6.569414715593674e-12,
		"le_3311":6.989173133670892e-12,
		"le_3312":{
			"Re":-3.901221496704428e-15,
			"Im":-2.9038379717820185e-16
		},
		"le_3313":{
			"Re":2.376619476173906e-15,
			"Im":-2.4771307020393584e-15
		},
		"le_3322":5.1782141540303915e-12,
		"le_3323":{
			"Re":6.830892286282605e-13,
			"Im":1.6680092567038094e-12
		},
		"le_3333":6.569414715593674e-12,
		"ll_1111":-5.619577359095439e-14,
		"ll_1122":-1.1239154718190878e-13,
		"ll_1133":-1.1239154718190878e-13,
		"ll_2222":-5.619577359095439e-14,
		"ll_2233":-1.1239154718190878e-13,
		"ll_3333":-5.619577359095439e-14,
		"lq1_1111":3.746384906063626e-14,
		"lq1_1122":3.746384906063626e-14,
		"lq1_1133":3.746384906063626e-14,