{
	"eft":"SMEFT",
	"basis":"Warsaw",
	"scale":1000,
	"values":{
		"dd_1111":-2.4142943281679013e-13,
		"dd_1122":-4.828588656335803e-13,
		"dd_1133":-4.828588656335803e-13,
		"dd_2222":-2.4142943281679013e-13,
		"dd_2233":-4.828588656335803e-13,
		"dd_3333":-2.4142943281679013e-13,
		"eB_11":8.074923232975444e-16,
		"eB_12":{
			"Re":1.8789214003488232e-18,
			"Im":-1.5631060257024836e-18
		},
		"eB_13":{
			"Re":-3.1014686883164616e-16,
			"Im":1.1911357059099578e-16
		},
		"eB_21":{
			"Re":3.885065267335742e-16,
			"Im":3.2320505415992998e-16
		},
		"eB_22":2.396938978138901e-14,
		"eB_23":{
			"Re":-8.153063012277496e-17,
			"Im":-3.940995140331982e-17
		},
		"eB_31":{
			"Re":-1.0784917331370175e-12,
			"Im":-4.1420054205529883e-13
		},
		"eB_32":{
			"Re":-1.3711359320846324e-15,
			"Im":6.627742281573057e-16
		},
		"eB_33":6.232188604460433e-13,
		"ed_1111":5.367912285960501e-11,
		"ed_1122":5.367912285960501e-11,
		"ed_1133":5.367912285960501e-11,
		"ed_1211":{
			"Re":1.2570364268249393e-13,
			"Im":-1.0506577832004701e-13
		},
		"ed_1222":{
			"Re":1.2570364268249393e-13,
			"Im":-1.0506577832004701e-13
		},
		"ed_1233":{
			"Re":1.2570364268249393e-13,
			"Im":-1.0506577832004701e-13
		},
		"ed_1311":{
			"Re":-2.0842413259639063e-11,
			"Im":8.005204038220945e-12
		},
		"ed_1322":{
			"Re":-2.0842413259639063e-11,
			"Im":8.005204038220945e-12
		},
		"ed_1333":{
			"Re":-2.0842413259639063e-11,
			"Im":8.005204038220945e-12
		},
		"ed_2211":8.73856173549759e-12,
		"ed_2222":8.73856173549759e-12,
		"ed_2233":8.73856173549759e-12,
		"ed_2311":{
			"Re":-1.6993613995239084e-14,
			"Im":-8.731914643113773e-15
		},
		"ed_2322":{
			"Re":-1.6993613995239084e-14,
			"Im":-8.731914643113773e-15
		},
		"ed_2333":{
			"Re":-1.6993613995239084e-14,
			"Im":-8.731914643113773e-15
		},
		"ed_3311":1.1458231423474428e-11,
		"ed_3322":1.1458231423474428e-11,
		"ed_3333":1.1458231423474428e-11,
		"ee_1111":-2.070852211037583e-9,
		"ee_1112":{
			"Re":-1.8621253268111576e-11,
			"Im":3.3420232386297795e-12
		},
		"ee_1113":{
			"Re":1.719846868565607e-9,
			"Im":-5.705016323122164e-10
		},
		"ee_1122":-1.6862840456775774e-9,
		"ee_1123":{
			"Re":6.606925332807642e-12,
			"Im":-4.490742999870612e-12
		},
		"ee_1133":-2.0752616456407084e-9,
		"ee_1212":{
			"Re":-6.110243384200922e-10,
			"Im":-5.11236721605154e-10
		},
		"ee_1213":{
			"Re":-2.7213156808071795e-11,
			"Im":-1.5491969515117012e-11
		},
		"ee_1222":{
			"Re":-2.2458350931292234e-12,
			"Im":-9.301614605776155e-13
		},
		"ee_1223":{
			"Re":6.496305137638281e-10,
			"Im":-2.4970840589993817e-10
		},
		"ee_1232":{
			"Re":2.881769164209454e-10,
			"Im":5.630136105394962e-10
		},
		"ee_1233":{
			"Re":1.6838082092820397e-11,
			"Im":1.909186487290777e-11
		},
		"ee_1313":{
			"Re":-2.6572122777797383e-11,
			"Im":1.318028712654228e-10
		},
		"ee_1323":{
			"Re":1.9405816861435906e-12,
			"Im":2.3881952924798668e-12
		},
		"ee_1333":{
			"Re":2.7202040223778606e-10,
			"Im":-1.9506919342744757e-10
		},
		"ee_2222":6.562693501324492e-11,
		"ee_2223":{
			"Re":7.85948783554245e-12,
			"Im":-4.409050741907324e-12
		},
		"ee_2233":-3.6990302251884204e-10,
		"ee_2323":{
			"Re":-4.83370583044159e-11,
			"Im":1.9412634454208422e-10
		},
		"ee_2333":{
			"Re":-5.413563442830211e-12,
			"Im":6.222952142333347e-12
		},
		"ee_3333":-5.3408140068859036e-11,
		"ephi_11":-6.524149502551628e-15,
		"ephi_12":{
			"Re":-1.4962388239522123e-17,
			"Im":1.2489155705542772e-17
		},
		"ephi_13":{
			"Re":2.477503551522658e-15,
			"Im":-9.51546396138671e-16
		},
		"ephi_21":{
			"Re":-3.093789342314823e-15,
			"Im":-2.5823963503764442e-15
		},
		"ephi_22":-2.3358850399964693e-13,
		"ephi_23":{
			"Re":4.843343545938527e-16,
			"Im":2.432075543193712e-16
		},
		"ephi_31":{
			"Re":8.615800947586907e-12,
			"Im":3.3091110227288096e-12
		},
		"ephi_32":{
			"Re":8.146063687897606e-15,
			"Im":-4.090514966116261e-15
		},
		"ephi_33":-5.233240872169147e-12,
		"eu_1111":-1.0735824571921003e-10,
		"eu_1122":-1.0735824571921003e-10,
		"eu_1133":-1.0735824571921003e-10,
		"eu_1211":{
			"Re":-2.5140728536498786e-13,
			"Im":2.1013155664009401e-13
		},
		"eu_1222":{
			"Re":-2.5140728536498786e-13,
			"Im":2.1013155664009401e-13
		},
		"eu_1233":{
			"Re":-2.5140728536498786e-13,
			"Im":2.1013155664009401e-13
		},
		"eu_1311":{
			"Re":4.1684826519278125e-11,
			"Im":-1.601040807644189e-11
		},
		"eu_1322":{
			"Re":4.1684826519278125e-11,
			"Im":-1.601040807644189e-11
		},
		"eu_1333":{
			"Re":4.1684826519278125e-11,
			"Im":-1.601040807644189e-11
		},
		"eu_2211":-1.747712347099518e-11,
		"eu_2222":-1.747712347099518e-11,
		"eu_2233":-1.747712347099518e-11,
		"eu_2311":{
			"Re":3.398722799047817e-14,
			"Im":1.7463829286227546e-14
		},
		"eu_2322":{
			"Re":3.398722799047817e-14,
			"Im":1.7463829286227546e-14
		},
		"eu_2333":{
			"Re":3.398722799047817e-14,
			"Im":1.7463829286227546e-14
		},
		"eu_3311":-2.2916462846948856e-11,
		"eu_3322":-2.2916462846948856e-11,
		"eu_3333":-2.2916462846948856e-11,
		"phi":-9.08089841920912e-11,
		"phiB":3.493912432163601e-11,
		"phiBox":-1.129056931522966e-10,
		"phid_11":7.242882984503703e-13,
		"phid_22":7.242882984503703e-13,
		"phid_33":7.242882984503703e-13,
		"phiD":-2.172864895351111e-12,
		"phie_11":-8.051868428940753e-11,
		"phie_12":{
			"Re":-1.8855546402374097e-13,
			"Im":1.5759866748007053e-13
		},
		"phie_13":{
			"Re":3.126361988945859e-11,
			"Im":-1.2007806057331417e-11
		},
		"phie_22":-1.3107842603246382e-11,
		"phie_23":{
			"Re":2.549042099285857e-14,
			"Im":1.3097871964670685e-14
		},
		"phie_33":-1.7187347135211642e-11,
		"phil1_11":1.0864324409895382e-12,
		"phil1_13":{
			"Re":8.929885930931668e-18,
			"Im":-3.4295706489332658e-18
		},
		"phil1_22":1.0863914106594391e-12,
		"phil1_23":{
			"Re":2.347465991244833e-18,
			"Im":1.1347087652406338e-18
		},
		"phil1_33":1.0684884543837537e-12,
		"phil3_13":{
			"Re":8.929885930931668e-18,
			"Im":-3.4295706489332658e-18
		},
		"phil3_22":-4.103701611637804e-17,
		"phil3_23":{
			"Re":2.347465991244833e-18,
			"Im":1.1347087652406338e-18
		},
		"phil3_33":-1.7943993291801818e-14,
		"phiq1_11":-3.6214414922518514e-13,
		"phiq1_22":-3.6214414922518514e-13,
		"phiq1_33":-3.6214414922518514e-13,
		"phiu_11":-1.4485765969007406e-12,
		"phiu_22":-1.4485765969007406e-12,
		"phiu_33":-1.4485765969007406e-12,
		"ld_1111":-7.242882984503703e-13,
		"ld_1122":-7.242882984503703e-13,
		"ld_1133":-7.242882984503703e-13,
		"ld_2211":-7.242882984503703e-13,
		"ld_2222":-7.242882984503703e-13,
		"ld_2233":-7.242882984503703e-13,
		"ld_3311":-7.242882984503703e-13,
		"ld_3322":-7.242882984503703e-13,
		"ld_3333":-7.242882984503703e-13,
		"le_1111":8.051868428940753e-11,
		"le_1112":{
			"Re":1.8855546402374097e-13,
			"Im":-1.5759866748007053e-13
		},
		"le_1113":{
			"Re":-3.126361988945859e-11,
			"Im":1.2007806057331417e-11
		},
		"le_1122":1.3107842603246382e-11,
		"le_1123":{
			"Re":-2.549042099285857e-14,
			"Im":-1.3097871964670685e-14
		},
		"le_1133":1.7187347135211642e-11,
		"le_2211":8.051868428940753e-11,
		"le_2212":{
			"Re":1.8855546402374097e-13,
			"Im":-1.5759866748007053e-13
		},
		"le_2213":{
			"Re":-3.126361988945859e-11,
			"Im":1.2007806057331417e-11
		},
		"le_2222":1.3107842603246382e-11,
		"le_2223":{
			"Re":-2.549042099285857e-14,
			"Im":-1.3097871964670685e-14
		},
		"le_2233":1.7187347135211642e-11,
		"le_3311":8.051868428940753e-11,
		"le_3312":{
			"Re":1.8855546402374097e-13,
			"Im":-1.5759866748007053e-13
		},
		"le_3313":{
			"Re":-3.126361988945859e-11,
			"Im":1.2007806057331417e-11
		},
		"le_3322":1.3107842603246382e-11,
		"le_3323":{
			"Re":-2.549042099285857e-14,
			"Im":-1.3097871964670685e-14
		},
		"le_3333":1.7187347135211642e-11,
		"ll_1111":-5.432162238377777e-13,
		"ll_1122":-1.0864324476755555e-12,
		"ll_1133":-1.0864324476755555e-12,
		"ll_2222":-5.432162238377777e-13,
		"ll_2233":-1.0864324476755555e-12,
		"ll_3333":-5.432162238377777e-13,