{
	"eft":"SMEFT",
	"basis":"Warsaw",
	"scale":1000,
	"values":{
		"dd_1111":-2.3117945154938236e-13,
		"dd_1122":-4.623589030987647e-13,
		"dd_1133":-4.623589030987647e-13,
		"dd_2222":-2.3117945154938236e-13,
		"dd_2233":-4.623589030987647e-13,
		"dd_3333":-2.3117945154938236e-13,
		"eB_11":8.648875903131077e-16,
		"eB_12":{
			"Re":-4.013209390726809e-18,
			"Im":3.2037884261724955e-18
		},
		"eB_13":{
			"Re":-4.6515511098992964e-17,
			"Im":-3.5598883375588347e-17
		},
		"eB_21":{
			"Re":-8.2981546814910825e-16,
			"Im":-6.624506557913612e-16
		},
		"eB_22":2.4516157852247574e-14,
		"eB_23":{
			"Re":2.4489731130036915e-17,
			"Im":9.829041041933537e-17
		},
		"eB_31":{
			"Re":-1.6175109028793273e-13,
			"Im":1.237900662164075e-13
		},
		"eB_32":{
			"Re":4.1185441923997883e-16,
			"Im":-1.6529924189516216e-15
		},
		"eB_33":4.3159250592598195e-13,
		"ed_1111":5.838312763638958e-11,
		"ed_1122":5.838312763638958e-11,
		"ed_1133":5.838312763638958e-11,
		"ed_1211":{
			"Re":-2.6598652212269114e-13,
			"Im":2.079155738239588e-13
		},
		"ed_1222":{
			"Re":-2.6598652212269114e-13,
			"Im":2.079155738239588e-13
		},
		"ed_1233":{
			"Re":-2.6598652212269114e-13,
			"Im":2.079155738239588e-13
		},
		"ed_1311":{
			"Re":-3.0336079511585336e-12,
			"Im":-2.3715392321204238e-12
		},
		"ed_1322":{
			"Re":-3.0336079511585336e-12,
			"Im":-2.3715392321204238e-12
		},
		"ed_1333":{
			"Re":-3.0336079511585336e-12,
			"Im":-2.3715392321204238e-12
		},
		"ed_2211":9.63544172008286e-12,
		"ed_2222":9.63544172008286e-12,
		"ed_2233":9.63544172008286e-12,
		"ed_2311":{
			"Re":8.259915851806883e-15,
			"Im":3.3140591071541094e-14
		},
		"ed_2322":{
			"Re":8.259915851806883e-15,
			"Im":3.3140591071541094e-14
		},
		"ed_2333":{
			"Re":8.259915851806883e-15,
			"Im":3.3140591071541094e-14
		},
		"ed_3311":1.0022280585498265e-11,
		"ed_3322":1.0022280585498265e-11,
		"ed_3333":1.0022280585498265e-11,
		"ee_1111":-2.3332706903554297e-9,
		"ee_1112":{
			"Re":1.5296518756413448e-11,
			"Im":-2.334345131489249e-11
		},
		"ee_1113":{
			"Re":3.014313894125186e-10,
			"Im":1.0519551102140446e-10
		},
		"ee_1122":-2.0401155620185124e-9,
		"ee_1123":{
			"Re":-1.3790155776190717e-12,
			"Im":-5.5009080833143885e-12
		},
		"ee_1133":-2.104462070898203e-9,
		"ee_1212":{
			"Re":-4.4420714183726325e-10,
			"Im":9.242490492158494e-10
		},
		"ee_1213":{
			"Re":2.422603896009565e-10,
			"Im":-1.3167813603620873e-10
		},
		"ee_1222":{
			"Re":1.8992711375014023e-11,
			"Im":-1.4676557433487025e-11
		},
		"ee_1223":{
			"Re":1.0265217477901271e-10,
			"Im":8.26444483462526e-11
		},
		"ee_1232":{
			"Re":-5.5310436514801005e-11,
			"Im":-1.2784532793180622e-10
		},
		"ee_1233":{
			"Re":1.5460421470800785e-12,
			"Im":2.9212673818656536e-11
		},
		"ee_1313":{
			"Re":1.019524112090414e-9,
			"Im":1.3248196247250332e-10
		},
		"ee_1323":{
			"Re":-1.023347985139539e-11,
			"Im":-6.8119651431039945e-12
		},
		"ee_1333":{
			"Re":2.6049710343870642e-12,
			"Im":1.7704365235563757e-10
		},
		"ee_2222":1.0157615985164903e-10,
		"ee_2223":{
			"Re":-5.98449145776146e-11,
			"Im":-4.484334600240557e-11
		},
		"ee_2233":{
			"Re":-3.3123142233564354e-10,
			"Im":2.1367089003171222e-20
		},
		"ee_2323":{
			"Re":-7.955839614606864e-11,
			"Im":-2.621913690225238e-10
		},
		"ee_2333":{
			"Re":5.955695509960802e-11,
			"Im":4.367136203050875e-11
		},
		"ee_3333":9.479663206828419e-11,
		"ephi_11":-1.0373798227484178e-15,
		"ephi_12":{
			"Re":4.6716241733609104e-18,
			"Im":-3.674098540432975e-18
		},
		"ephi_13":{
			"Re":5.35029362728565e-17,
			"Im":4.1570033252102086e-17
		},
		"ephi_21":{
			"Re":9.659582999909941e-16,
			"Im":7.596985424739783e-16
		},
		"ephi_22":-3.671737257722462e-14,
		"ephi_23":{
			"Re":-2.955315768274821e-17,
			"Im":-1.185845400918575e-16
		},
		"ephi_31":{
			"Re":1.861439344510947e-13,
			"Im":-1.4462664673563735e-13
		},
		"ephi_32":{
			"Re":-4.972494570430326e-16,
			"Im":1.995255653841261e-15
		},
		"ephi_33":-6.405287561128055e-13,
		"eu_1111":-1.1676625527277916e-10,
		"eu_1122":-1.1676625527277916e-10,
		"eu_1133":-1.1676625527277916e-10,
		"eu_1211":{
			"Re":5.319730442453823e-13,
			"Im":-4.158311476479176e-13
		},
		"eu_1222":{
			"Re":5.319730442453823e-13,
			"Im":-4.158311476479176e-13
		},
		"eu_1233":{
			"Re":5.319730442453823e-13,
			"Im":-4.158311476479176e-13
		},
		"eu_1311":{
			"Re":6.067215902317067e-12,
			"Im":4.7430784642408476e-12
		},
		"eu_1322":{
			"Re":6.067215902317067e-12,
			"Im":4.7430784642408476e-12
		},
		"eu_1333":{
			"Re":6.067215902317067e-12,
			"Im":4.7430784642408476e-12
		},
		"eu_2211":-1.927088344016572e-11,
		"eu_2222":-1.927088344016572e-11,
		"eu_2233":-1.927088344016572e-11,
		"eu_2311":{
			"Re":-1.6519831703613766e-14,
			"Im":-6.628118214308219e-14
		},
		"eu_2322":{
			"Re":-1.6519831703613766e-14,
			"Im":-6.628118214308219e-14
		},
		"eu_2333":{
			"Re":-1.6519831703613766e-14,
			"Im":-6.628118214308219e-14
		},
		"eu_3311":-2.004456117099653e-11,
		"eu_3322":-2.004456117099653e-11,
		"eu_3333":-2.004456117099653e-11,
		"phi":-2.771064893140962e-13,
		"phiB":4.923311548780923e-12,
		"phiBox":-2.8501375314989085e-12,
		"phid_11":6.93538354648147e-13,
		"phid_22":6.93538354648147e-13,
		"phid_33":6.93538354648147e-13,
		"phiD":-2.080615063944441e-12,
		"phie_11":-8.757469145458434e-11,
		"phie_12":{
			"Re":3.989797831840366e-13,
			"Im":-3.1187336073593807e-13
		},
		"phie_13":{
			"Re":4.5504119267377975e-12,
			"Im":3.557308848180634e-12
		},
		"phie_22":-1.4453162580124297e-11,
		"phie_23":{
			"Re":-1.2389873777710373e-14,
			"Im":-4.971088660731123e-14
		},
		"phie_33":-1.5033420878247405e-11,
		"phil1_11":1.0403075248109719e-12,
		"phil1_13":{
			"Re":1.33929518520617e-18,
			"Im":1.0249788076535535e-18
		},
		"phil1_22":1.0402655588567567e-12,
		"phil1_23":{
			"Re":-7.051191788401438e-19,
			"Im":-2.830021004099037e-18
		},
		"phil1_33":1.0278809295013248e-12,
		"phil3_13":{
			"Re":1.33929518520617e-18,
			"Im":1.0249788076535535e-18
		},
		"phil3_22":-4.197311546393701e-17,
		"phil3_23":{
			"Re":-7.051191788401438e-19,
			"Im":-2.830021004099037e-18
		},
		"phil3_33":-1.2426602470895936e-14,
		"phiq1_11":-3.467691773240735e-13,
		"phiq1_22":-3.467691773240735e-13,
		"phiq1_33":-3.467691773240735e-13,
		"phiu_11":-1.387076709296294e-12,
		"phiu_22":-1.387076709296294e-12,
		"phiu_33":-1.387076709296294e-12,
		"ld_1111":-6.93538354648147e-13,
		"ld_1122":-6.93538354648147e-13,
		"ld_1133":-6.93538354648147e-13,
		"ld_2211":-6.93538354648147e-13,
		"ld_2222":-6.93538354648147e-13,
		"ld_2233":-6.93538354648147e-13,
		"ld_3311":-6.93538354648147e-13,
		"ld_3322":-6.93538354648147e-13,
		"ld_3333":-6.93538354648147e-13,
		"le_1111":8.757469145458434e-11,
		"le_1112":{
			"Re":-3.989797831840366e-13,
			"Im":3.1187336073593807e-13
		},
		"le_1113":{
			"Re":-4.5504119267377975e-12,
			"Im":-3.557308848180634e-12
		},
		"le_1122":1.4453162580124297e-11,
		"le_1123":{
			"Re":1.2389873777710373e-14,
			"Im":4.971088660731123e-14
		},
		"le_1133":1.5033420878247405e-11,
		"le_2211":8.757469145458434e-11,
		"le_2212":{
			"Re":-3.989797831840366e-13,
			"Im":3.1187336073593807e-13
		},
		"le_2213":{
			"Re":-4.5504119267377975e-12,
			"Im":-3.557308848180634e-12
		},
		"le_2222":1.4453162580124297e-11,
		"le_2223":{
			"Re":1.2389873777710373e-14,
			"Im":4.971088660731123e-14
		},
		"le_2233":1.5033420878247405e-11,
		"le_3311":8.757469145458434e-11,
		"le_3312":{
			"Re":-3.989797831840366e-13,
			"Im":3.1187336073593807e-13
		},
		"le_3313":{
			"Re":-4.5504119267377975e-12,
			"Im":-3.557308848180634e-12
		},
		"le_3322":1.4453162580124297e-11,
		"le_3323":{
			"Re":1.2389873777710373e-14,
			"Im":4.971088660731123e-14
		},
		"le_3333":1.5033420878247405e-11,
		"ll_1111":-5.201537659861103e-13,
		"ll_1122":-1.0403075319722206e-12,
		"ll_1133":-1.0403075319722206e-12,
		"ll_2222":-5.201537659861103e-13,
		"ll_2233":-1.0403075319722206e-12,
		"ll_3333":-5.201537659861103e-13,