{
	"eft":"SMEFT",
	"basis":"Warsaw",
	"scale":1000,
	"values":{
		"dd_1111":-3.32129244888585e-14,
		"dd_1122":-6.6425848977717e-14,
		"dd_1133":-6.6425848977717e-14,
		"dd_2222":-3.32129244888585e-14,
		"dd_2233":-6.6425848977717e-14,
		"dd_3333":-3.32129244888585e-14,
		"eB_11":1.2476726541226926e-16,
		"eB_12":{
			"Re":-2.0661264933776488e-20,
			"Im":-3.1927041054976534e-20
		},
		"eB_13":{
			"Re":-2.0089990828750178e-19,
			"Im":1.5098328376695165e-19
		},
		"eB_21":{
			"Re":-4.2721511798489915e-18,
			"Im":6.601587393089813e-18
		},
		"eB_22":2.1481782674975648e-14,
		"eB_23":{
			"Re":6.090744746154175e-17,
			"Im":1.2734506361063972e-16
		},
		"eB_31":{
			"Re":-6.986009276581498e-16,
			"Im":-5.250229479921962e-16
		},
		"eB_32":{
			"Re":1.0243069337291924e-15,
			"Im":-2.1416171103694315e-15
		},
		"eB_33":3.479965358800365e-13,
		"ed_1111":7.35290189495186e-12,
		"ed_1122":7.35290189495186e-12,
		"ed_1133":7.35290189495186e-12,
		"ed_1211":{
			"Re":-1.2500488349822164e-15,
			"Im":-1.925933467597735e-15
		},
		"ed_1222":{
			"Re":-1.2500488349822164e-15,
			"Im":-1.925933467597735e-15
		},
		"ed_1233":{
			"Re":-1.2500488349822164e-15,
			"Im":-1.925933467597735e-15
		},
		"ed_1311":{
			"Re":-1.21293668645374e-14,
			"Im":9.116556412093734e-15
		},
		"ed_1322":{
			"Re":-1.21293668645374e-14,
			"Im":9.116556412093734e-15
		},
		"ed_1333":{
			"Re":-1.21293668645374e-14,
			"Im":9.116556412093734e-15
		},
		"ed_2211":6.092676987267542e-12,
		"ed_2222":6.092676987267542e-12,
		"ed_2233":6.092676987267542e-12,
		"ed_2311":{
			"Re":1.7792072441053393e-14,
			"Im":3.721693498917155e-14
		},
		"ed_2322":{
			"Re":1.7792072441053393e-14,
			"Im":3.721693498917155e-14
		},
		"ed_2333":{
			"Re":1.7792072441053393e-14,
			"Im":3.721693498917155e-14
		},
		"ed_3311":5.8621334673147855e-12,
		"ed_3322":5.8621334673147855e-12,
		"ed_3333":5.8621334673147855e-12,
		"ee_1111":-5.692594590983096e-10,
		"ee_1112":{
			"Re":1.4473113933674282e-13,
			"Im":1.7613790231399424e-13
		},
		"ee_1113":{
			"Re":1.643676653154092e-12,
			"Im":-1.7370026060925296e-12
		},
		"ee_1122":-1.4365113193031443e-9,
		"ee_1123":{
			"Re":-4.132194565883966e-12,
			"Im":-8.641485273350477e-12
		},
		"ee_1133":-1.382968098022735e-9,
		"ee_1212":{
			"Re":1.140402252813189e-11,
			"Im":-2.389295489532595e-10
		},
		"ee_1213":{
			"Re":1.181819052527955e-10,
			"Im":1.6681418655001713e-11
		},
		"ee_1222":{
			"Re":4.549566587019136e-13,
			"Im":4.998986958356591e-13
		},
		"ee_1223":{
			"Re":2.265877926288957e-12,
			"Im":-1.65631659612827e-12
		},
		"ee_1232":{
			"Re":-3.5054179693509233e-13,
			"Im":9.348182296195008e-13
		},
		"ee_1233":{
			"Re":-2.2029195551335702e-13,
			"Im":1.2017867834746245e-13
		},
		"ee_1313":{
			"Re":5.950883062038474e-11,
			"Im":-2.219961852078451e-10
		},
		"ee_1323":{
			"Re":1.9217493885263478e-13,
			"Im":1.7290156340078979e-13
		},
		"ee_1333":{
			"Re":1.7307130821848647e-12,
			"Im":-8.878580318696371e-13
		},
		"ee_2222":-4.0294948979033814e-10,
		"ee_2223":{
			"Re":-1.2362736806298069e-11,
			"Im":8.905386908385243e-11
		},
		"ee_2233":-1.1006300022580667e-9,
		"ee_2323":{
			"Re":1.8186996735350443e-10,
			"Im":3.9541494548946144e-11
		},
		"ee_2333":{
			"Re":7.96682473513105e-12,
			"Im":-9.908554475023638e-11
		},
		"ee_3333":-3.7416894054072253e-10,
		"ephi_11":1.603465191453339e-16,
		"ephi_12":{
			"Re":-2.654464051226357e-20,
			"Im":-4.0934281862250384e-20
		},
		"ephi_13":{
			"Re":-2.578496600213104e-19,
			"Im":1.9379645816838547e-19
		},
		"ephi_21":{
			"Re":-5.488653972895517e-18,
			"Im":8.464010198985332e-18
		},
		"ephi_22":2.7617957739354095e-14,
		"ephi_23":{
			"Re":7.81964324534732e-17,
			"Im":1.6354553812476973e-16
		},
		"ephi_31":{
			"Re":-8.962250270291994e-16,
			"Im":-6.735911207657639e-16
		},
		"ephi_32":{
			"Re":1.3144634072028093e-15,
			"Im":-2.749161952309661e-15
		},
		"ephi_33":4.4763487900974557e-13,
		"eu_1111":-1.470580378990372e-11,
		"eu_1122":-1.470580378990372e-11,
		"eu_1133":-1.470580378990372e-11,
		"eu_1211":{
			"Re":2.5000976699644328e-15,
			"Im":3.85186693519547e-15
		},
		"eu_1222":{
			"Re":2.5000976699644328e-15,
			"Im":3.85186693519547e-15
		},
		"eu_1233":{
			"Re":2.5000976699644328e-15,
			"Im":3.85186693519547e-15
		},
		"eu_1311":{
			"Re":2.42587337290748e-14,
			"Im":-1.823311282418747e-14
		},
		"eu_1322":{
			"Re":2.42587337290748e-14,
			"Im":-1.823311282418747e-14
		},
		"eu_1333":{
			"Re":2.42587337290748e-14,
			"Im":-1.823311282418747e-14
		},
		"eu_2211":-1.2185353974535084e-11,
		"eu_2222":-1.2185353974535084e-11,
		"eu_2233":-1.2185353974535084e-11,
		"eu_2311":{
			"Re":-3.5584144882106786e-14,
			"Im":-7.44338699783431e-14
		},
		"eu_2322":{
			"Re":-3.5584144882106786e-14,
			"Im":-7.44338699783431e-14
		},
		"eu_2333":{
			"Re":-3.5584144882106786e-14,
			"Im":-7.44338699783431e-14
		},
		"eu_3311":-1.1724266934629571e-11,
		"eu_3322":-1.1724266934629571e-11,
		"eu_3333":-1.1724266934629571e-11,
		"phi":6.485755220625768e-14,
		"phiB":-8.322756670481556e-13,
		"phiBox":-5.381917542250253e-13,
		"phid_11":9.96387734665755e-14,
		"phid_22":9.96387734665755e-14,
		"phid_33":9.96387734665755e-14,
		"phiD":-2.989163203997265e-13,
		"phie_11":-1.1029352842427792e-11,
		"phie_12":{
			"Re":1.875073252473325e-15,
			"Im":2.888900201396609e-15
		},
		"phie_13":{
			"Re":1.8194050296806125e-14,
			"Im":-1.3674834618140627e-14
		},
		"phie_22":-9.139015480901307e-12,
		"phie_23":{
			"Re":-2.668810866157979e-14,
			"Im":-5.582540248375667e-14
		},
		"phie_33":-8.793200200972175e-12,
		"phil1_11":1.4945815916679325e-13,
		"phil1_22":1.4942138211456855e-13,
		"phil1_23":{
			"Re":-1.7536741874088353e-18,
			"Im":-3.6665754395458454e-18
		},
		"phil1_33":1.3943848990148295e-13,
		"phil3_22":-3.677808529468625e-17,
		"phil3_23":{
			"Re":-1.7536741874088353e-18,
			"Im":-3.6665754395458454e-18
		},
		"phil3_33":-1.0019670298380305e-14,
		"phiq1_11":-4.981938673328775e-14,
		"phiq1_22":-4.981938673328775e-14,
		"phiq1_33":-4.981938673328775e-14,
		"phiu_11":-1.99277546933151e-13,
		"phiu_22":-1.99277546933151e-13,
		"phiu_33":-1.99277546933151e-13,
		"ld_1111":-9.96387734665755e-14,
		"ld_1122":-9.96387734665755e-14,
		"ld_1133":-9.96387734665755e-14,
		"ld_2211":-9.96387734665755e-14,
		"ld_2222":-9.96387734665755e-14,
		"ld_2233":-9.96387734665755e-14,
		"ld_3311":-9.96387734665755e-14,
		"ld_3322":-9.96387734665755e-14,
		"ld_3333":-9.96387734665755e-14,
		"le_1111":1.1029352842427792e-11,
		"le_1112":{
			"Re":-1.875073252473325e-15,
			"Im":-2.888900201396609e-15
		},
		"le_1113":{
			"Re":-1.8194050296806125e-14,
			"Im":1.3674834618140627e-14
		},
		"le_1122":9.139015480901307e-12,
		"le_1123":{
			"Re":2.668810866157979e-14,
			"Im":5.582540248375667e-14
		},
		"le_1133":8.793200200972175e-12,
		"le_2211":1.1029352842427792e-11,
		"le_2212":{
			"Re":-1.875073252473325e-15,
			"Im":-2.888900201396609e-15
		},
		"le_2213":{
			"Re":-1.8194050296806125e-14,
			"Im":1.3674834618140627e-14
		},
		"le_2222":9.139015480901307e-12,
		"le_2223":{
			"Re":2.668810866157979e-14,
			"Im":5.582540248375667e-14
		},
		"le_2233":8.793200200972175e-12,
		"le_3311":1.1029352842427792e-11,
		"le_3312":{
			"Re":-1.875073252473325e-15,
			"Im":-2.888900201396609e-15
		},
		"le_3313":{
			"Re":-1.8194050296806125e-14,
			"Im":1.3674834618140627e-14
		},
		"le_3322":9.139015480901307e-12,
		"le_3323":{
			"Re":2.668810866157979e-14,
			"Im":5.582540248375667e-14
		},
		"le_3333":8.793200200972175e-12,
		"ll_1111":-7.472908009993163e-14,
		"ll_1122":-1.4945816019986325e-13,
		"ll_1133":-1.4945816019986325e-13,
		"ll_2222":-7.472908009993163e-14,
		"ll_2233":-1.4945816019986325e-13,
		"ll_3333":-7.472908009993163e-14,
		"lq1_1111":4.981938673328775e-14,
		"lq1_1122":4.981938673328775e-14,
		"lq1_1133":4.981938673328775e-14,
		"lq1_2211":4.981938673328775e-14,
		"lq1_2222":4.981938673328775e-14,
		"lq1_2233":4.981938673328775e-14,
		"lq1_3311":4.981938673328775e-14,