{
	"eft":"SMEFT",
	"basis":"Warsaw",
	"scale":1000,
	"values":{
		"dd_1111":-1.1187061920016046e-13,
		"dd_1122":-2.2374123840032091e-13,
		"dd_1133":-2.2374123840032091e-13,
		"dd_2222":-1.1187061920016046e-13,
		"dd_2233":-2.2374123840032091e-13,
		"dd_3333":-1.1187061920016046e-13,
		"eB_11":2.186271283621587e-16,
		"eB_12":1.6107099638723746e-19,
		"eB_13":{
			"Re":1.4295704327480627e-19,
			"Im":4.179863491154483e-19
		},
		"eB_21":{
			"Re":3.330481698292635e-17,
			"Im":-1.178822655870539e-18
		},
		"eB_22":3.223175353696981e-14,
		"eB_23":{
			"Re":-3.9145865474247027e-17,
			"Im":1.0757590850503452e-17
		},
		"eB_31":{
			"Re":4.971128354330856e-16,
			"Im":-1.453488225701965e-15
		},
		"eB_32":{
			"Re":-6.583329806658499e-16,
			"Im":-1.8091506634473868e-16
		},
		"eB_33":1.7072987964311518e-12,
		"ed_1111":1.3154439201655227e-11,
		"ed_1122":1.3154439201655227e-11,
		"ed_1133":1.3154439201655227e-11,
		"ed_1211":{
			"Re":1.0249940372227538e-14,
			"Im":3.6673073831673364e-16
		},
		"ed_1222":{
			"Re":1.0249940372227538e-14,
			"Im":3.6673073831673364e-16
		},
		"ed_1233":{
			"Re":1.0249940372227538e-14,
			"Im":3.6673073831673364e-16
		},
		"ed_1311":{
			"Re":1.3825674944745764e-14,
			"Im":1.7778860329396025e-14
		},
		"ed_1322":{
			"Re":1.3825674944745764e-14,
			"Im":1.7778860329396025e-14
		},
		"ed_1333":{
			"Re":1.3825674944745764e-14,
			"Im":1.7778860329396025e-14
		},
		"ed_2211":9.160186594233033e-12,
		"ed_2222":9.160186594233033e-12,
		"ed_2233":9.160186594233033e-12,
		"ed_2311":{
			"Re":-1.2181464775431875e-14,
			"Im":3.323179172774157e-15
		},
		"ed_2322":{
			"Re":-1.2181464775431875e-14,
			"Im":3.323179172774157e-15
		},
		"ed_2333":{
			"Re":-1.2181464775431875e-14,
			"Im":3.323179172774157e-15
		},
		"ed_3311":3.0740300286983845e-11,
		"ed_3322":3.0740300286983845e-11,
		"ed_3333":3.0740300286983845e-11,
		"ee_1111":-4.3439621852204604e-10,
		"ee_1112":{
			"Re":1.1071889221993548e-13,
			"Im":-1.2088679581847192e-12
		},
		"ee_1113":{
			"Re":-4.049124115554984e-11,
			"Im":7.840479184561127e-11
		},
		"ee_1122":-1.1175900539697091e-9,
		"ee_1123":{
			"Re":1.0072182478036249e-12,
			"Im":-2.2089011068188192e-13
		},
		"ee_1133":-3.6020278553831222e-9,
		"ee_1212":{
			"Re":1.0377453772190935e-10,
			"Im":2.3197366063171307e-10
		},
		"ee_1213":{
			"Re":-3.069928963806101e-13,
			"Im":-4.568585004051083e-13
		},
		"ee_1222":{
			"Re":-1.221343594462366e-12,
			"Im":1.1567707458472065e-12
		},
		"ee_1223":{
			"Re":-8.929759406623225e-13,
			"Im":-1.9287170656004436e-12
		},
		"ee_1232":{
			"Re":4.118771977666746e-11,
			"Im":-4.8912073080446413e-11
		},
		"ee_1233":{
			"Re":-2.8143807413314424e-12,
			"Im":2.4310733953862447e-14
		},
		"ee_1313":{
			"Re":5.007285359836033e-10,
			"Im":6.644859066130705e-10
		},
		"ee_1323":{
			"Re":-3.296890333875792e-13,
			"Im":4.064328816306606e-12
		},
		"ee_1333":{
			"Re":9.277728572850691e-11,
			"Im":-1.9242167694373724e-10
		},
		"ee_2222":-2.1372915155907543e-10,
		"ee_2223":{
			"Re":6.147039385679492e-13,
			"Im":-2.0701664669577796e-13
		},
		"ee_2233":-2.555095783471265e-9,
		"ee_2323":{
			"Re":5.755066185101991e-10,
			"Im":-1.3179011675274158e-10
		},
		"ee_2333":{
			"Re":1.968399568008928e-12,
			"Im":-8.200163525769423e-13
		},
		"ee_3333":-2.2130432041638967e-9,
		"ephi_11":-1.6632477130869665e-15,
		"ephi_12":{
			"Re":-1.2307870820213086e-18,
			"Im":-4.389595856538115e-20
		},
		"ephi_13":{
			"Re":-1.4916421327613258e-18,
			"Im":-2.4487702687681664e-18
		},
		"ephi_21":{
			"Re":-2.544911907065212e-16,
			"Im":9.076415330232719e-18
		},
		"ephi_22":-2.44749843021511e-13,
		"ephi_23":{
			"Re":3.014391314583922e-16,
			"Im":-8.241202981217424e-17
		},
		"ephi_31":{
			"Re":-5.1872660480529086e-15,
			"Im":8.516105426704021e-15
		},
		"ephi_32":{
			"Re":5.069818028254964e-15,
			"Im":1.3860647641688877e-15
		},
		"ephi_33":-1.3094185630823014e-11,
		"eu_1111":-2.6308878403310454e-11,
		"eu_1122":-2.6308878403310454e-11,
		"eu_1133":-2.6308878403310454e-11,
		"eu_1211":{
			"Re":-2.0499880744455077e-14,
			"Im":-7.334614766334673e-16
		},
		"eu_1222":{
			"Re":-2.0499880744455077e-14,
			"Im":-7.334614766334673e-16
		},
		"eu_1233":{
			"Re":-2.0499880744455077e-14,
			"Im":-7.334614766334673e-16
		},
		"eu_1311":{
			"Re":-2.7651349889491528e-14,
			"Im":-3.555772065879205e-14
		},
		"eu_1322":{
			"Re":-2.7651349889491528e-14,
			"Im":-3.555772065879205e-14
		},
		"eu_1333":{
			"Re":-2.7651349889491528e-14,
			"Im":-3.555772065879205e-14
		},
		"eu_2211":-1.8320373188466065e-11,
		"eu_2222":-1.8320373188466065e-11,
		"eu_2233":-1.8320373188466065e-11,
		"eu_2311":{
			"Re":2.436292955086375e-14,
			"Im":-6.646358345548314e-15
		},
		"eu_2322":{
			"Re":2.436292955086375e-14,
			"Im":-6.646358345548314e-15
		},
		"eu_2333":{
			"Re":2.436292955086375e-14,
			"Im":-6.646358345548314e-15
		},
		"eu_3311":-6.148060057396769e-11,
		"eu_3322":-6.148060057396769e-11,
		"eu_3333":-6.148060057396769e-11,
		"phi":-4.13500143216049e-11,
		"phiB":1.6095761077350916e-11,
		"phiBox":-5.171463524537764e-11,
		"phid_11":3.3561185760048133e-13,
		"phid_22":3.3561185760048133e-13,
		"phid_33":3.3561185760048133e-13,
		"phiD":-1.006835572801444e-12,
		"phie_11":-1.9731658802482844e-11,
		"phie_12":{
			"Re":-1.5374910558341285e-14,
			"Im":-5.500961074750997e-16
		},
		"phie_13":{
			"Re":-2.0738512417118343e-14,
			"Im":-2.6668290494094695e-14
		},
		"phie_22":-1.3740279891349562e-11,
		"phie_23":{
			"Re":1.8272197163147797e-14,
			"Im":-4.9847687591612336e-15
		},
		"phie_33":-4.611045043047576e-11,
		"phil1_11":5.034177845904946e-13,
		"phil1_13":{
			"Re":0.0,
			"Im":-1.2034847981371991e-20
		},
		"phil1_22":5.033626037280958e-13,
		"phil1_23":{
			"Re":1.127105086275674e-18,
			"Im":-3.097373175119031e-19
		},
		"phil1_33":4.542604837344715e-13,
		"phil3_13":{
			"Re":0.0,
			"Im":-1.2034847981371991e-20
		},
		"phil3_22":-5.518267262618248e-17,
		"phil3_23":{
			"Re":1.127105086275674e-18,
			"Im":-3.097373175119031e-19
		},
		"phil3_33":-4.9157302666250516e-14,
		"phiq1_11":-1.6780592880024067e-13,
		"phiq1_22":-1.6780592880024067e-13,
		"phiq1_33":-1.6780592880024067e-13,
		"phiu_11":-6.712237152009627e-13,
		"phiu_22":-6.712237152009627e-13,
		"phiu_33":-6.712237152009627e-13,
		"ld_1111":-3.3561185760048133e-13,
		"ld_1122":-3.3561185760048133e-13,
		"ld_1133":-3.3561185760048133e-13,
		"ld_2211":-3.3561185760048133e-13,
		"ld_2222":-3.3561185760048133e-13,
		"ld_2233":-3.3561185760048133e-13,
		"ld_3311":-3.3561185760048133e-13,
		"ld_3322":-3.3561185760048133e-13,
		"ld_3333":-3.3561185760048133e-13,
		"le_1111":1.9731658802482844e-11,
		"le_1112":{
			"Re":1.5374910558341285e-14,
			"Im":5.500961074750997e-16
		},
		"le_1113":{
			"Re":2.0738512417118343e-14,
			"Im":2.6668290494094695e-14
		},
		"le_1122":1.3740279891349562e-11,
		"le_1123":{
			"Re":-1.8272197163147797e-14,
			"Im":4.9847687591612336e-15
		},
		"le_1133":4.611045043047576e-11,
		"le_2211":1.9731658802482844e-11,
		"le_2212":{
			"Re":1.5374910558341285e-14,
			"Im":5.500961074750997e-16
		},
		"le_2213":{
			"Re":2.0738512417118343e-14,
			"Im":2.6668290494094695e-14
		},
		"le_2222":1.3740279891349562e-11,
		"le_2223":{
			"Re":-1.8272197163147797e-14,
			"Im":4.9847687591612336e-15
		},
		"le_2233":4.611045043047576e-11,
		"le_3311":1.9731658802482844e-11,
		"le_3312":{
			"Re":1.5374910558341285e-14,
			"Im":5.500961074750997e-16
		},
		"le_3313":{
			"Re":2.0738512417118343e-14,
			"Im":2.6668290494094695e-14
		},
		"le_3322":1.3740279891349562e-11,
		"le_3323":{
			"Re":-1.8272197163147797e-14,
			"Im":4.9847687591612336e-15
		},
		"le_3333":4.611045043047576e-11,
		"ll_1111":-2.51708893200361e-13,
		"ll_1122":-5.03417786400722e-13,
		"ll_1133":-5.03417786400722e-13,
		"ll_2222":-2.51708893200361e-13,
		"ll_2233":-5.03417786400722e-13,
		"ll_3333":-2.51708893200361e-13,
		"lq1_1111":1.6780592880024067e-13,
		"lq1_1122":1.6780592880024067e-13,