{
	"eft":"SMEFT",
	"basis":"Warsaw",
	"scale":1000,
	"values":{
		"dd_1111":-8.834217012930784e-14,
		"dd_1122":-1.7668434025861568e-13,
		"dd_1133":-1.7668434025861568e-13,
		"dd_2222":-8.834217012930784e-14,
		"dd_2233":-1.7668434025861568e-13,
		"dd_3333":-8.834217012930784e-14,
		"eB_11":5.318751711281262e-17,
		"eB_12":{
			"Re":4.187178100714469e-19,
			"Im":2.954338666915083e-19
		},
		"eB_13":{
			"Re":-3.1109844727133137e-18,
			"Im":-8.741828870759821e-18
		},
		"eB_21":{
			"Re":8.65787158750471e-17,
			"Im":-6.108716703449075e-17
		},
		"eB_22":7.301968795940963e-14,
		"eB_23":{
			"Re":4.914942646747381e-16,
			"Im":3.7828557715895974e-16
		},
		"eB_31":{
			"Re":-1.0818007121523405e-14,
			"Im":3.0398469619020017e-14
		},
		"eB_32":{
			"Re":8.26567200197317e-15,
			"Im":-6.361792453351057e-15
		},
		"eB_33":1.0560553150700164e-12,
		"ed_1111":2.7918825290648664e-12,
		"ed_1122":2.7918825290648664e-12,
		"ed_1133":2.7918825290648664e-12,
		"ed_1211":{
			"Re":2.6263311481648208e-14,
			"Im":1.856001278973062e-14
		},
		"ed_1222":{
			"Re":2.6263311481648208e-14,
			"Im":1.856001278973062e-14
		},
		"ed_1233":{
			"Re":2.6263311481648208e-14,
			"Im":1.856001278973062e-14
		},
		"ed_1311":{
			"Re":-1.9494909103108055e-13,
			"Im":-5.487264935362854e-13
		},
		"ed_1322":{
			"Re":-1.9494909103108055e-13,
			"Im":-5.487264935362854e-13
		},
		"ed_1333":{
			"Re":-1.9494909103108055e-13,
			"Im":-5.487264935362854e-13
		},
		"ed_2211":2.1610404451246354e-11,
		"ed_2222":2.1610404451246354e-11,
		"ed_2233":2.1610404451246354e-11,
		"ed_2311":{
			"Re":1.496151474498961e-13,
			"Im":1.1515231811479523e-13
		},
		"ed_2322":{
			"Re":1.496151474498961e-13,
			"Im":1.1515231811479523e-13
		},
		"ed_2333":{
			"Re":1.496151474498961e-13,
			"Im":1.1515231811479523e-13
		},
		"ed_3311":1.8498047539932136e-11,
		"ed_3322":1.8498047539932136e-11,
		"ed_3333":1.8498047539932136e-11,
		"ee_1111":-2.8704786903591672e-11,
		"ee_1112":{
			"Re":-1.0699215278806097e-12,
			"Im":-1.720068249526452e-12
		},
		"ee_1113":{
			"Re":-2.46515840736778e-13,
			"Im":3.441543292083784e-11
		},
		"ee_1122":-7.47547650539694e-10,
		"ee_1123":{
			"Re":-5.586097515354699e-12,
			"Im":-4.2276664958377e-12
		},
		"ee_1133":-6.33116593042617e-10,
		"ee_1212":{
			"Re":-8.709394233318093e-11,
			"Im":1.384090686659535e-10
		},
		"ee_1213":{
			"Re":-3.4818605235614906e-11,
			"Im":1.2513991994870657e-11
		},
		"ee_1222":{
			"Re":-1.2054182237068296e-11,
			"Im":-9.474651809213392e-12
		},
		"ee_1223":{
			"Re":4.7249430632038275e-11,
			"Im":1.3204028874746222e-10
		},
		"ee_1232":{
			"Re":1.156630121374102e-10,
			"Im":1.7156599576875733e-11
		},
		"ee_1233":{
			"Re":1.3608981516644992e-11,
			"Im":1.5998960347242457e-11
		},
		"ee_1313":{
			"Re":1.3350796142023103e-10,
			"Im":4.4164510963341396e-11
		},
		"ee_1323":{
			"Re":-3.391034522924483e-12,
			"Im":6.824231792522823e-12
		},
		"ee_1333":{
			"Re":3.248285640241778e-11,
			"Im":1.5247619877811887e-11
		},
		"ee_2222":-1.5525446060132227e-9,
		"ee_2223":{
			"Re":1.6101679278605432e-10,
			"Im":1.2798944268601181e-10
		},
		"ee_2233":-4.522977618586803e-9,
		"ee_2323":{
			"Re":-2.1791996570047134e-10,
			"Im":-9.275651226566717e-10
		},
		"ee_2333":{
			"Re":-1.9945290304895808e-10,
			"Im":-1.5766604620958512e-10
		},
		"ee_3333":-1.1514256291223384e-9,
		"ephi_11":2.8812239274175235e-17,
		"ephi_12":{
			"Re":2.2750072258243003e-19,
			"Im":1.6069594900734063e-19
		},
		"ephi_13":{
			"Re":-1.6910014933554511e-18,
			"Im":-4.7572864954178496e-18
		},
		"ephi_21":{
			"Re":4.704038045910672e-17,
			"Im":-3.322714110922808e-17
		},
		"ephi_22":3.966131007904541e-14,
		"ephi_23":{
			"Re":2.679851450389176e-16,
			"Im":2.0625719268508182e-16
		},
		"ephi_31":{
			"Re":-5.873859807803689e-15,
			"Im":1.652492301605447e-14
		},
		"ephi_32":{
			"Re":4.501981563963875e-15,
			"Im":-3.4649908374291845e-15
		},
		"ephi_33":5.739674042026492e-13,
		"eu_1111":-5.583765058129733e-12,
		"eu_1122":-5.583765058129733e-12,
		"eu_1133":-5.583765058129733e-12,
		"eu_1211":{
			"Re":-5.2526622963296416e-14,
			"Im":-3.712002557946124e-14
		},
		"eu_1222":{
			"Re":-5.2526622963296416e-14,
			"Im":-3.712002557946124e-14
		},
		"eu_1233":{
			"Re":-5.2526622963296416e-14,
			"Im":-3.712002557946124e-14
		},
		"eu_1311":{
			"Re":3.898981820621611e-13,
			"Im":1.0974529870725708e-12
		},
		"eu_1322":{
			"Re":3.898981820621611e-13,
			"Im":1.0974529870725708e-12
		},
		"eu_1333":{
			"Re":3.898981820621611e-13,
			"Im":1.0974529870725708e-12
		},
		"eu_2211":-4.322080890249271e-11,
		"eu_2222":-4.322080890249271e-11,
		"eu_2233":-4.322080890249271e-11,
		"eu_2311":{
			"Re":-2.992302948997922e-13,
			"Im":-2.3030463622959047e-13
		},
		"eu_2322":{
			"Re":-2.992302948997922e-13,
			"Im":-2.3030463622959047e-13
		},
		"eu_2333":{
			"Re":-2.992302948997922e-13,
			"Im":-2.3030463622959047e-13
		},
		"eu_3311":-3.699609507986427e-11,
		"eu_3322":-3.699609507986427e-11,
		"eu_3333":-3.699609507986427e-11,
		"phi":1.2101074008982616e-14,
		"phiB":-9.129821406931115e-13,
		"phiBox":-4.084435963135422e-13,
		"phid_11":2.650265103879235e-13,
		"phid_22":2.650265103879235e-13,
		"phid_33":2.650265103879235e-13,
		"phiD":-7.950795311637705e-13,
		"phie_11":-4.187823793597298e-12,
		"phie_12":{
			"Re":-3.939496722247232e-14,
			"Im":-2.784001918459592e-14
		},
		"phie_13":{
			"Re":2.924236365466208e-13,
			"Im":8.23089740304428e-13
		},
		"phie_22":-3.2415606676869494e-11,
		"phie_23":{
			"Re":-2.2442272117484222e-13,
			"Im":-1.7272847717219163e-13
		},
		"phie_33":-2.7747071309898202e-11,
		"phil1_11":3.975397651414939e-13,
		"phil1_13":{
			"Re":8.957284198574136e-20,
			"Im":2.516986063334558e-19
		},
		"phil1_22":3.9741475154778037e-13,
		"phil1_23":{
			"Re":-1.415132042372791e-17,
			"Im":-1.0891765782036044e-17
		},
		"phil1_33":3.6713335349765293e-13,
		"phil3_13":{
			"Re":8.957284198574136e-20,
			"Im":2.516986063334558e-19
		},
		"phil3_22":-1.250140341048574e-16,
		"phil3_23":{
			"Re":-1.415132042372791e-17,
			"Im":-1.0891765782036044e-17
		},
		"phil3_33":-3.040641208423228e-14,
		"phiq1_11":-1.3251325519396175e-13,
		"phiq1_22":-1.3251325519396175e-13,
		"phiq1_33":-1.3251325519396175e-13,
		"phiu_11":-5.30053020775847e-13,
		"phiu_22":-5.30053020775847e-13,
		"phiu_33":-5.30053020775847e-13,
		"ld_1111":-2.650265103879235e-13,
		"ld_1122":-2.650265103879235e-13,
		"ld_1133":-2.650265103879235e-13,
		"ld_2211":-2.650265103879235e-13,
		"ld_2222":-2.650265103879235e-13,
		"ld_2233":-2.650265103879235e-13,
		"ld_3311":-2.650265103879235e-13,
		"ld_3322":-2.650265103879235e-13,
		"ld_3333":-2.650265103879235e-13,
		"le_1111":4.187823793597298e-12,
		"le_1112":{
			"Re":3.939496722247232e-14,
			"Im":2.784001918459592e-14
		},
		"le_1113":{
			"Re":-2.924236365466208e-13,
			"Im":-8.23089740304428e-13
		},
		"le_1122":3.2415606676869494e-11,
		"le_1123":{
			"Re":2.2442272117484222e-13,
			"Im":1.7272847717219163e-13
		},
		"le_1133":2.7747071309898202e-11,
		"le_2211":4.187823793597298e-12,
		"le_2212":{
			"Re":3.939496722247232e-14,
			"Im":2.784001918459592e-14
		},
		"le_2213":{
			"Re":-2.924236365466208e-13,
			"Im":-8.23089740304428e-13
		},
		"le_2222":3.2415606676869494e-11,
		"le_2223":{
			"Re":2.2442272117484222e-13,
			"Im":1.7272847717219163e-13
		},
		"le_2233":2.7747071309898202e-11,
		"le_3311":4.187823793597298e-12,
		"le_3312":{
			"Re":3.939496722247232e-14,
			"Im":2.784001918459592e-14
		},
		"le_3313":{
			"Re":-2.924236365466208e-13,
			"Im":-8.23089740304428e-13
		},
		"le_3322":3.2415606676869494e-11,
		"le_3323":{
			"Re":2.2442272117484222e-13,
			"Im":1.7272847717219163e-13
		},
		"le_3333":2.7747071309898202e-11,
		"ll_1111":-1.9876988279094262e-13,
		"ll_1122":-3.9753976558188524e-13,
		"ll_1133":-3.9753976558188524e-13,
		"ll_2222":-1.9876988279094262e-13,
		"ll_2233":-3.9753976558188524e-13,
		"ll_3333":-1.9876988279094262e-13,
		"lq1_1111":1.3251325519396175e-13,