{
	"eft":"SMEFT",
	"basis":"Warsaw",
	"scale":1000,
	"values":{
		"dd_1111":-1.2014899123104258e-13,
		"dd_1122":-2.4029798246208515e-13,
		"dd_1133":-2.4029798246208515e-13,
		"dd_2222":-1.2014899123104258e-13,
		"dd_2233":-2.4029798246208515e-13,
		"dd_3333":-1.2014899123104258e-13,
		"eB_11":1.19975642116295e-16,
		"eB_12":{
			"Re":6.507798653130053e-20,
			"Im":-1.6912538739331135e-20
		},
		"eB_13":{
			"Re":3.4407002849628785e-19,
			"Im":6.916884491476519e-20
		},
		"eB_21":{
			"Re":1.3456242772792974e-17,
			"Im":3.4970231765121884e-18
		},
		"eB_22":2.961337988553566e-15,
		"eB_23":{
			"Re":4.178422752211594e-16,
			"Im":1.0565952705873536e-15
		},
		"eB_31":{
			"Re":1.1964547078980674e-15,
			"Im":-2.4052484460742626e-16
		},
		"eB_32":{
			"Re":7.027034583652562e-15,
			"Im":-1.7769220463418407e-14
		},
		"eB_33":6.318389140225714e-13,
		"ed_1111":8.742051836050792e-12,
		"ed_1122":8.742051836050792e-12,
		"ed_1133":8.742051836050792e-12,
		"ed_1211":{
			"Re":5.128402111076508e-15,
			"Im":-1.3377854434921169e-15
		},
		"ed_1222":{
			"Re":5.128402111076508e-15,
			"Im":-1.3377854434921169e-15
		},
		"ed_1233":{
			"Re":5.128402111076508e-15,
			"Im":-1.3377854434921169e-15
		},
		"ed_1311":{
			"Re":2.7171295355926962e-14,
			"Im":5.465289500413648e-15
		},
		"ed_1322":{
			"Re":2.7171295355926962e-14,
			"Im":5.465289500413648e-15
		},
		"ed_1333":{
			"Re":2.7171295355926962e-14,
			"Im":5.465289500413648e-15
		},
		"ed_2211":4.081810172690382e-13,
		"ed_2222":4.081810172690382e-13,
		"ed_2233":4.081810172690382e-13,
		"ed_2311":{
			"Re":1.58865740606708e-13,
			"Im":4.0325349640202124e-13
		},
		"ed_2322":{
			"Re":1.58865740606708e-13,
			"Im":4.0325349640202124e-13
		},
		"ed_2333":{
			"Re":1.58865740606708e-13,
			"Im":4.0325349640202124e-13
		},
		"ed_3311":1.361428303304988e-11,
		"ed_3322":1.361428303304988e-11,
		"ed_3333":1.361428303304988e-11,
		"ee_1111":1.1748474604278011e-11,
		"ee_1112":{
			"Re":3.0535113609181564e-13,
			"Im":8.094821516083322e-13
		},
		"ee_1113":{
			"Re":-1.4112399023123615e-11,
			"Im":-6.530555871044541e-12
		},
		"ee_1122":-4.2305095451939426e-11,
		"ee_1123":{
			"Re":-9.694416458109261e-12,
			"Im":-2.445228588135142e-11
		},
		"ee_1133":-8.430536419920211e-10,
		"ee_1212":{
			"Re":1.5844364986849324e-11,
			"Im":2.836533600249827e-11
		},
		"ee_1213":{
			"Re":2.348798562965882e-11,
			"Im":8.099138448043695e-11
		},
		"ee_1222":{
			"Re":8.287711664709696e-14,
			"Im":2.697199732523488e-14
		},
		"ee_1223":{
			"Re":1.2304855483202832e-13,
			"Im":7.728661456333101e-14
		},
		"ee_1232":{
			"Re":-1.3081235684943888e-12,
			"Im":-8.780294501556942e-13
		},
		"ee_1233":{
			"Re":-3.30454277428657e-12,
			"Im":-2.8298561359727916e-12
		},
		"ee_1313":{
			"Re":-2.599384426283753e-10,
			"Im":-3.095050646273934e-10
		},
		"ee_1323":{
			"Re":-1.3639131686444182e-12,
			"Im":-8.493998270084886e-14
		},
		"ee_1333":{
			"Re":1.5510532178132065e-11,
			"Im":7.34918213192474e-12
		},
		"ee_2222":1.708351771697558e-12,
		"ee_2223":{
			"Re":8.608777342996456e-12,
			"Im":3.0420830446402073e-13
		},
		"ee_2233":{
			"Re":-4.109580362099761e-11,
			"Im":2.852189434019947e-20
		},
		"ee_2323":{
			"Re":-4.466746240442524e-11,
			"Im":8.208432395465651e-12
		},
		"ee_2333":{
			"Re":-1.2393850289270145e-10,
			"Im":1.0536363268564934e-11
		},
		"ee_3333":{
			"Re":-7.79357220822516e-11,
			"Im":-1.3374539537114988e-20
		},
		"ephi_11":3.1006578705414055e-16,
		"ephi_12":{
			"Re":1.6807680004858856e-19,
			"Im":-4.3802481945435313e-20
		},
		"ephi_13":{
			"Re":8.90229428699984e-19,
			"Im":1.7903753379526787e-19
		},
		"ephi_21":{
			"Re":3.475338631046248e-17,
			"Im":9.057077356256026e-18
		},
		"ephi_22":7.650562026736966e-15,
		"ephi_23":{
			"Re":1.0774790855529515e-15,
			"Im":2.7323524120201733e-15
		},
		"ephi_31":{
			"Re":3.0949433523642847e-15,
			"Im":-6.224362607008242e-16
		},
		"ephi_32":{
			"Re":1.8116317295494705e-14,
			"Im":-4.5940747959978166e-14
		},
		"ephi_33":1.6336163169537011e-12,
		"eu_1111":-1.7484103672101584e-11,
		"eu_1122":-1.7484103672101584e-11,
		"eu_1133":-1.7484103672101584e-11,
		"eu_1211":{
			"Re":-1.0256804222153016e-14,
			"Im":2.6755708869842337e-15
		},
		"eu_1222":{
			"Re":-1.0256804222153016e-14,
			"Im":2.6755708869842337e-15
		},
		"eu_1233":{
			"Re":-1.0256804222153016e-14,
			"Im":2.6755708869842337e-15
		},
		"eu_1311":{
			"Re":-5.4342590711853925e-14,
			"Im":-1.0930579000827296e-14
		},
		"eu_1322":{
			"Re":-5.4342590711853925e-14,
			"Im":-1.0930579000827296e-14
		},
		"eu_1333":{
			"Re":-5.4342590711853925e-14,
			"Im":-1.0930579000827296e-14
		},
		"eu_2211":-8.163620345380764e-13,
		"eu_2222":-8.163620345380764e-13,
		"eu_2233":-8.163620345380764e-13,
		"eu_2311":{
			"Re":-3.17731481213416e-13,
			"Im":-8.065069928040425e-13
		},
		"eu_2322":{
			"Re":-3.17731481213416e-13,
			"Im":-8.065069928040425e-13
		},
		"eu_2333":{
			"Re":-3.17731481213416e-13,
			"Im":-8.065069928040425e-13
		},
		"eu_3311":-2.722856606609976e-11,
		"eu_3322":-2.722856606609976e-11,
		"eu_3333":-2.722856606609976e-11,
		"phi":1.0771302092844531e-12,
		"phiB":-5.003936103687535e-12,
		"phiBox":-4.9015067769442375e-12,
		"phid_11":3.6044697369312765e-13,
		"phid_22":3.6044697369312765e-13,
		"phid_33":3.6044697369312765e-13,
		"phiD":-1.081340921079383e-12,
		"phie_11":-1.3113077754076199e-11,
		"phie_12":{
			"Re":-7.692603166614758e-15,
			"Im":2.00667816523818e-15
		},
		"phie_13":{
			"Re":-4.075694303389035e-14,
			"Im":-8.197934250620433e-15
		},
		"phie_22":-6.122715259035561e-13,
		"phie_23":{
			"Re":-2.3829861091006133e-13,
			"Im":-6.04880244603032e-13
		},
		"phie_33":-2.042142454957482e-11,
		"phil1_11":5.406704595462961e-13,
		"phil1_22":5.406653905535187e-13,
		"phil1_23":{
			"Re":-1.203069974203513e-17,
			"Im":-3.042195872249353e-17
		},
		"phil1_33":5.224782748497304e-13,
		"phil3_22":-5.069986172809147e-18,
		"phil3_23":{
			"Re":-1.203069974203513e-17,
			"Im":-3.042195872249353e-17
		},
		"phil3_33":-1.8192185689961067e-14,
		"phiq1_11":-1.8022348684656383e-13,
		"phiq1_22":-1.8022348684656383e-13,
		"phiq1_33":-1.8022348684656383e-13,
		"phiu_11":-7.208939473862553e-13,
		"phiu_22":-7.208939473862553e-13,
		"phiu_33":-7.208939473862553e-13,
		"ld_1111":-3.6044697369312765e-13,
		"ld_1122":-3.6044697369312765e-13,
		"ld_1133":-3.6044697369312765e-13,
		"ld_2211":-3.6044697369312765e-13,
		"ld_2222":-3.6044697369312765e-13,
		"ld_2233":-3.6044697369312765e-13,
		"ld_3311":-3.6044697369312765e-13,
		"ld_3322":-3.6044697369312765e-13,
		"ld_3333":-3.6044697369312765e-13,
		"le_1111":1.3113077754076199e-11,
		"le_1112":{
			"Re":7.692603166614758e-15,
			"Im":-2.00667816523818e-15
		},
		"le_1113":{
			"Re":4.075694303389035e-14,
			"Im":8.197934250620433e-15
		},
		"le_1122":6.122715259035561e-13,
		"le_1123":{
			"Re":2.3829861091006133e-13,
			"Im":6.04880244603032e-13
		},
		"le_1133":2.042142454957482e-11,
		"le_2211":1.3113077754076199e-11,
		"le_2212":{
			"Re":7.692603166614758e-15,
			"Im":-2.00667816523818e-15
		},
		"le_2213":{
			"Re":4.075694303389035e-14,
			"Im":8.197934250620433e-15
		},
		"le_2222":6.122715259035561e-13,
		"le_2223":{
			"Re":2.3829861091006133e-13,
			"Im":6.04880244603032e-13
		},
		"le_2233":2.042142454957482e-11,
		"le_3311":1.3113077754076199e-11,
		"le_3312":{
			"Re":7.692603166614758e-15,
			"Im":-2.00667816523818e-15
		},
		"le_3313":{
			"Re":4.075694303389035e-14,
			"Im":8.197934250620433e-15
		},
		"le_3322":6.122715259035561e-13,
		"le_3323":{
			"Re":2.3829861091006133e-13,
			"Im":6.04880244603032e-13
		},
		"le_3333":2.042142454957482e-11,
		"ll_1111":-2.7033523026984576e-13,
		"ll_1122":-5.406704605396915e-13,
		"ll_1133":-5.406704605396915e-13,
		"ll_2222":-2.7033523026984576e-13,
		"ll_2233":-5.406704605396915e-13,
		"ll_3333":-2.7033523026984576e-13,
		"lq1_1111":1.8022348684656383e-13,
		"lq1_1122":1.8022348684656383e-13,
		"lq1_1133":1.8022348684656383e-13,