{
	"eft":"SMEFT",
	"basis":"Warsaw",
	"scale":1000,
	"values":{
		"dd_1111":-1.0391257134130655e-13,
		"dd_1122":-2.078251426826131e-13,
		"dd_1133":-2.078251426826131e-13,
		"dd_2222":-1.0391257134130655e-13,
		"dd_2233":-2.078251426826131e-13,
		"dd_3333":-1.0391257134130655e-13,
		"eB_11":5.357838049901104e-17,
		"eB_12":{
			"Re":5.463616771373802e-20,
			"Im":-2.826795918692543e-20
		},
		"eB_13":{
			"Re":-7.52016466196428e-19,
			"Im":-7.023850573734552e-19
		},
		"eB_21":{
			"Re":1.1297177065819116e-17,
			"Im":5.844995240098969e-18
		},
		"eB_22":2.892767111220903e-14,
		"eB_23":{
			"Re":8.598118994215051e-17,
			"Im":2.0757303820877963e-16
		},
		"eB_31":{
			"Re":-2.6150305661025938e-15,
			"Im":2.4424443835589435e-15
		},
		"eB_32":{
			"Re":1.4459829248902499e-15,
			"Im":-3.490845720086385e-15
		},
		"eB_33":2.7179930444044645e-13,
		"ed_1111":3.5364284416792957e-12,
		"ed_1122":3.5364284416792957e-12,
		"ed_1133":3.5364284416792957e-12,
		"ed_1211":{
			"Re":4.249458002585106e-15,
			"Im":-2.2088068275890796e-15
		},
		"ed_1222":{
			"Re":4.249458002585106e-15,
			"Im":-2.2088068275890796e-15
		},
		"ed_1233":{
			"Re":4.249458002585106e-15,
			"Im":-2.2088068275890796e-15
		},
		"ed_1311":{
			"Re":-5.845508494230269e-14,
			"Im":-5.4597811370845744e-14
		},
		"ed_1322":{
			"Re":-5.845508494230269e-14,
			"Im":-5.4597811370845744e-14
		},
		"ed_1333":{
			"Re":-5.845508494230269e-14,
			"Im":-5.4597811370845744e-14
		},
		"ed_2211":1.0252614255196113e-11,
		"ed_2222":1.0252614255196113e-11,
		"ed_2233":1.0252614255196113e-11,
		"ed_2311":{
			"Re":3.251901365328104e-14,
			"Im":7.79585882700157e-14
		},
		"ed_2322":{
			"Re":3.251901365328104e-14,
			"Im":7.79585882700157e-14
		},
		"ed_2333":{
			"Re":3.251901365328104e-14,
			"Im":7.79585882700157e-14
		},
		"ed_3311":5.447400561198185e-12,
		"ed_3322":5.447400561198185e-12,
		"ed_3333":5.447400561198185e-12,
		"ee_1111":4.85937093016264e-12,
		"ee_1112":{
			"Re":-1.1584687546696125e-13,
			"Im":-5.535962064913228e-13
		},
		"ee_1113":{
			"Re":7.605169044187463e-12,
			"Im":1.2298432063887442e-11
		},
		"ee_1122":-3.1186845252031764e-10,
		"ee_1123":{
			"Re":-1.0683274937737468e-12,
			"Im":-2.2483887626421607e-12
		},
		"ee_1133":-1.6707463311025496e-10,
		"ee_1212":{
			"Re":-1.3461493500812232e-10,
			"Im":-8.815181569857362e-11
		},
		"ee_1213":{
			"Re":-1.1449052623380078e-11,
			"Im":7.573096992330551e-13
		},
		"ee_1222":{
			"Re":5.187228674913056e-13,
			"Im":-1.1933531201009608e-12
		},
		"ee_1223":{
			"Re":4.801035240352529e-12,
			"Im":4.377754729312049e-12
		},
		"ee_1232":{
			"Re":-2.8274012407427118e-11,
			"Im":1.5023135393602133e-11
		},
		"ee_1233":{
			"Re":-1.1073211763258704e-12,
			"Im":2.1458010582008817e-12
		},
		"ee_1313":{
			"Re":3.991925073412385e-11,
			"Im":-8.020687286911555e-11
		},
		"ee_1323":{
			"Re":7.983629307360517e-13,
			"Im":4.398292176383155e-13
		},
		"ee_1333":{
			"Re":-7.543178017108896e-12,
			"Im":-1.2209301432513463e-11
		},
		"ee_2222":-9.64416512048265e-12,
		"ee_2223":{
			"Re":2.1406810889637344e-11,
			"Im":-2.456452060835843e-11
		},
		"ee_2233":-4.671230976635608e-10,
		"ee_2323":{
			"Re":2.767958172625918e-11,
			"Im":2.336501271464527e-10
		},
		"ee_2333":{
			"Re":-9.903213689545503e-12,
			"Im":1.1016478186249677e-11
		},
		"ee_3333":3.5964935124325506e-12,
		"ephi_11":-2.3616833578486203e-16,
		"ephi_12":{
			"Re":-2.41144141075326e-19,
			"Im":1.2519476011413782e-19
		},
		"ephi_13":{
			"Re":3.3172187396281204e-18,
			"Im":3.0983163512158177e-18
		},
		"ephi_21":{
			"Re":-4.9861647635824675e-17,
			"Im":-2.5886662544339822e-17
		},
		"ephi_22":-1.2763156059636903e-13,
		"ephi_23":{
			"Re":-3.8098334806891743e-16,
			"Im":-9.149793251996907e-16
		},
		"ephi_31":{
			"Re":1.1536694432453131e-14,
			"Im":-1.0775391001831687e-14
		},
		"ephi_32":{
			"Re":-6.408008865207812e-15,
			"Im":1.5389648139855634e-14
		},
		"ephi_33":-1.198230840883265e-12,
		"eu_1111":-7.0728568833585915e-12,
		"eu_1122":-7.0728568833585915e-12,
		"eu_1133":-7.0728568833585915e-12,
		"eu_1211":{
			"Re":-8.498916005170211e-15,
			"Im":4.417613655178159e-15
		},
		"eu_1222":{
			"Re":-8.498916005170211e-15,
			"Im":4.417613655178159e-15
		},
		"eu_1233":{
			"Re":-8.498916005170211e-15,
			"Im":4.417613655178159e-15
		},
		"eu_1311":{
			"Re":1.1691016988460539e-13,
			"Im":1.0919562274169149e-13
		},
		"eu_1322":{
			"Re":1.1691016988460539e-13,
			"Im":1.0919562274169149e-13
		},
		"eu_1333":{
			"Re":1.1691016988460539e-13,
			"Im":1.0919562274169149e-13
		},
		"eu_2211":-2.0505228510392226e-11,
		"eu_2222":-2.0505228510392226e-11,
		"eu_2233":-2.0505228510392226e-11,
		"eu_2311":{
			"Re":-6.503802730656208e-14,
			"Im":-1.559171765400314e-13
		},
		"eu_2322":{
			"Re":-6.503802730656208e-14,
			"Im":-1.559171765400314e-13
		},
		"eu_2333":{
			"Re":-6.503802730656208e-14,
			"Im":-1.559171765400314e-13
		},
		"eu_3311":-1.089480112239637e-11,
		"eu_3322":-1.089480112239637e-11,
		"eu_3333":-1.089480112239637e-11,
		"phi":-4.787500045575709e-12,
		"phiB":7.468337324514465e-12,
		"phiBox":-1.2161792720990643e-11,
		"phid_11":3.117377140239196e-13,
		"phid_22":3.117377140239196e-13,
		"phid_33":3.117377140239196e-13,
		"phiD":-9.352131420717588e-13,
		"phie_11":-5.30464266251894e-12,
		"phie_12":{
			"Re":-6.3741870038776656e-15,
			"Im":3.313210241383644e-15
		},
		"phie_13":{
			"Re":8.768262741345414e-14,
			"Im":8.189671705626867e-14
		},
		"phie_22":-1.5378921382794182e-11,
		"phie_23":{
			"Re":-4.8778520479922006e-14,
			"Im":-1.1693788240502347e-13
		},
		"phie_33":-8.171100841797276e-12,
		"phil1_11":4.676065705922517e-13,
		"phil1_13":{
			"Re":2.165239096758943e-20,
			"Im":2.022338147589223e-20
		},
		"phil1_22":4.675570451482173e-13,
		"phil1_23":{
			"Re":-2.4756084795618117e-18,
			"Im":-5.9765347963177355e-18
		},
		"phil1_33":4.5978080515308e-13,
		"phil3_13":{
			"Re":2.165239096758943e-20,
			"Im":2.022338147589223e-20
		},
		"phil3_22":-4.952588766205182e-17,
		"phil3_23":{
			"Re":-2.4756084795618117e-18,
			"Im":-5.9765347963177355e-18
		},
		"phil3_33":-7.825765882799401e-15,
		"phiq1_11":-1.558688570119598e-13,
		"phiq1_22":-1.558688570119598e-13,
		"phiq1_33":-1.558688570119598e-13,
		"phiu_11":-6.234754280478392e-13,
		"phiu_22":-6.234754280478392e-13,
		"phiu_33":-6.234754280478392e-13,
		"ld_1111":-3.117377140239196e-13,
		"ld_1122":-3.117377140239196e-13,
		"ld_1133":-3.117377140239196e-13,
		"ld_2211":-3.117377140239196e-13,
		"ld_2222":-3.117377140239196e-13,
		"ld_2233":-3.117377140239196e-13,
		"ld_3311":-3.117377140239196e-13,
		"ld_3322":-3.117377140239196e-13,
		"ld_3333":-3.117377140239196e-13,
		"le_1111":5.30464266251894e-12,
		"le_1112":{
			"Re":6.3741870038776656e-15,
			"Im":-3.313210241383644e-15
		},
		"le_1113":{
			"Re":-8.768262741345414e-14,
			"Im":-8.189671705626867e-14
		},
		"le_1122":1.5378921382794182e-11,
		"le_1123":{
			"Re":4.8778520479922006e-14,
			"Im":1.1693788240502347e-13
		},
		"le_1133":8.171100841797276e-12,
		"le_2211":5.30464266251894e-12,
		"le_2212":{
			"Re":6.3741870038776656e-15,
			"Im":-3.313210241383644e-15
		},
		"le_2213":{
			"Re":-8.768262741345414e-14,
			"Im":-8.189671705626867e-14
		},
		"le_2222":1.5378921382794182e-11,
		"le_2223":{
			"Re":4.8778520479922006e-14,
			"Im":1.1693788240502347e-13
		},
		"le_2233":8.171100841797276e-12,
		"le_3311":5.30464266251894e-12,
		"le_3312":{
			"Re":6.3741870038776656e-15,
			"Im":-3.313210241383644e-15
		},
		"le_3313":{
			"Re":-8.768262741345414e-14,
			"Im":-8.189671705626867e-14
		},
		"le_3322":1.5378921382794182e-11,
		"le_3323":{
			"Re":4.8778520479922006e-14,
			"Im":1.1693788240502347e-13
		},
		"le_3333":8.171100841797276e-12,
		"ll_1111":-2.338032855179397e-13,
		"ll_1122":-4.676065710358794e-13,
		"ll_1133":-4.676065710358794e-13,
		"ll_2222":-2.338032855179397e-13,
		"ll_2233":-4.676065710358794e-13,
		"ll_3333":-2.338032855179397e-13,
		"lq1_1111":1.558688570119598e-13,