{
	"eft":"SMEFT",
	"basis":"Warsaw",
	"scale":1000,
	"values":{
		"dd_1111":-1.622937781521272e-13,
		"dd_1122":-3.245875563042544e-13,
		"dd_1133":-3.245875563042544e-13,
		"dd_2222":-1.622937781521272e-13,
		"dd_2233":-3.245875563042544e-13,
		"dd_3333":-1.622937781521272e-13,
		"eB_11":5.080178084467982e-16,
		"eB_12":{
			"Re":-5.959123357561188e-19,
			"Im":2.285249560265954e-18
		},
		"eB_13":{
			"Re":2.144274834322164e-19,
			"Im":8.283655380946342e-19
		},
		"eB_21":{
			"Re":-1.2321741173383877e-16,
			"Im":-4.725234217958916e-16
		},
		"eB_22":6.0514372037609765e-15,
		"eB_23":{
			"Re":-8.345009139069787e-19,
			"Im":2.0216030874087945e-18
		},
		"eB_31":{
			"Re":7.456411509495237e-16,
			"Im":-2.88052363132387e-15
		},
		"eB_32":{
			"Re":-1.403416343884781e-17,
			"Im":-3.399817503416211e-17
		},
		"eB_33":1.3248295855132425e-13,
		"ed_1111":3.7188397271162906e-11,
		"ed_1122":3.7188397271162906e-11,
		"ed_1133":3.7188397271162906e-11,
		"ed_1211":{
			"Re":-4.491142530503347e-14,
			"Im":1.7196662486766877e-13
		},
		"ed_1222":{
			"Re":-4.491142530503347e-14,
			"Im":1.7196662486766877e-13
		},
		"ed_1233":{
			"Re":-4.491142530503347e-14,
			"Im":1.7196662486766877e-13
		},
		"ed_1311":{
			"Re":1.6283338333932444e-14,
			"Im":6.179996140490145e-14
		},
		"ed_1322":{
			"Re":1.6283338333932444e-14,
			"Im":6.179996140490145e-14
		},
		"ed_1333":{
			"Re":1.6283338333932444e-14,
			"Im":6.179996140490145e-14
		},
		"ed_2211":1.2326793130565877e-12,
		"ed_2222":1.2326793130565877e-12,
		"ed_2233":1.2326793130565877e-12,
		"ed_2311":{
			"Re":-3.0235806956711105e-16,
			"Im":7.789988479420991e-16
		},
		"ed_2322":{
			"Re":-3.0235806956711105e-16,
			"Im":7.789988479420991e-16
		},
		"ed_2333":{
			"Re":-3.0235806956711105e-16,
			"Im":7.789988479420991e-16
		},
		"ed_3311":1.8984598380640753e-12,
		"ed_3322":1.8984598380640753e-12,
		"ed_3333":1.8984598380640753e-12,
		"ee_1111":{
			"Re":-5.240344275270732e-10,
			"Im":-2.2020576574471118e-20
		},
		"ee_1112":{
			"Re":1.3652022824965171e-11,
			"Im":-3.446796173818002e-11
		},
		"ee_1113":{
			"Re":-1.7882874877979408e-11,
			"Im":3.440907756839221e-11
		},
		"ee_1122":-3.135749364661319e-10,
		"ee_1123":{
			"Re":-3.6140289400736483e-14,
			"Im":-5.028535292933973e-14
		},
		"ee_1133":{
			"Re":-4.4092345204003116e-10,
			"Im":5.104862718192947e-20
		},
		"ee_1212":{
			"Re":-9.186981148744684e-12,
			"Im":1.3236035825544238e-10
		},
		"ee_1213":{
			"Re":-2.7771224540480253e-10,
			"Im":-6.132179424613608e-12
		},
		"ee_1222":{
			"Re":3.0118554418128326e-13,
			"Im":-1.2183950763851242e-12
		},
		"ee_1223":{
			"Re":-5.795248192158918e-13,
			"Im":-6.432691526044998e-13
		},
		"ee_1232":{
			"Re":2.0220062218292305e-12,
			"Im":-4.912670726661798e-13
		},
		"ee_1233":{
			"Re":1.7559312607705607e-12,
			"Im":2.1685939692265144e-12
		},
		"ee_1313":{
			"Re":4.581670674688659e-12,
			"Im":1.7243990109771765e-10
		},
		"ee_1323":{
			"Re":-6.604016085311519e-14,
			"Im":2.801691121402096e-13
		},
		"ee_1333":{
			"Re":2.366896247530121e-12,
			"Im":-1.6156669467200911e-12
		},
		"ee_2222":-1.6277963052334525e-12,
		"ee_2223":{
			"Re":5.703137586675139e-13,
			"Im":1.186900554078282e-11
		},
		"ee_2233":4.771150623024278e-12,
		"ee_2323":{
			"Re":7.347384327573091e-12,
			"Im":-7.101851771908704e-13
		},
		"ee_2333":{
			"Re":-7.473155572269023e-13,
			"Im":-1.545231409388884e-11
		},
		"ee_3333":-4.362617737614598e-12,
		"ephi_11":-7.231189939179741e-17,
		"ephi_12":{
			"Re":8.502641715355349e-20,
			"Im":-3.256984151696887e-19
		},
		"ephi_13":{
			"Re":-3.064101269597106e-20,
			"Im":-1.1682814253249661e-19
		},
		"ephi_21":{
			"Re":1.758125650613453e-17,
			"Im":6.7345981007803e-17
		},
		"ephi_22":-8.636545793545545e-16,
		"ephi_23":{
			"Re":1.18058100268161e-19,
			"Im":-2.9943021937799833e-19
		},
		"ephi_31":{
			"Re":-1.0698800319223461e-16,
			"Im":4.079462340210908e-16
		},
		"ephi_32":{
			"Re":1.9936532317025987e-18,
			"Im":5.055558524012051e-18
		},
		"ephi_33":-1.8829716708428894e-14,
		"eu_1111":-7.437679454232581e-11,
		"eu_1122":-7.437679454232581e-11,
		"eu_1133":-7.437679454232581e-11,
		"eu_1211":{
			"Re":8.982285061006694e-14,
			"Im":-3.4393324973533753e-13
		},
		"eu_1222":{
			"Re":8.982285061006694e-14,
			"Im":-3.4393324973533753e-13
		},
		"eu_1233":{
			"Re":8.982285061006694e-14,
			"Im":-3.4393324973533753e-13
		},
		"eu_1311":{
			"Re":-3.256667666786489e-14,
			"Im":-1.235999228098029e-13
		},
		"eu_1322":{
			"Re":-3.256667666786489e-14,
			"Im":-1.235999228098029e-13
		},
		"eu_1333":{
			"Re":-3.256667666786489e-14,
			"Im":-1.235999228098029e-13
		},
		"eu_2211":-2.4653586261131754e-12,
		"eu_2222":-2.4653586261131754e-12,
		"eu_2233":-2.4653586261131754e-12,
		"eu_2311":{
			"Re":6.047161391342221e-16,
			"Im":-1.5579976958841982e-15
		},
		"eu_2322":{
			"Re":6.047161391342221e-16,
			"Im":-1.5579976958841982e-15
		},
		"eu_2333":{
			"Re":6.047161391342221e-16,
			"Im":-1.5579976958841982e-15
		},
		"eu_3311":-3.7969196761281505e-12,
		"eu_3322":-3.7969196761281505e-12,
		"eu_3333":-3.7969196761281505e-12,
		"phi":-2.709386694392336e-16,
		"phiB":3.8598211285895427e-13,
		"phiBox":-3.855605220265608e-13,
		"phid_11":4.868813344563816e-13,
		"phid_22":4.868813344563816e-13,
		"phid_33":4.868813344563816e-13,
		"phiD":-1.4606440033691446e-12,
		"phie_11":-5.578259590674436e-11,
		"phie_12":{
			"Re":6.736713795755023e-14,
			"Im":-2.5794993730150315e-13
		},
		"phie_13":{
			"Re":-2.4425007500898597e-14,
			"Im":-9.269994210735228e-14
		},
		"phie_22":-1.8490189695848806e-12,
		"phie_23":{
			"Re":4.535371043506224e-16,
			"Im":-1.168498271913805e-15
		},
		"phie_33":-2.84768975709611e-12,
		"phil1_11":7.303219974781969e-13,
		"phil1_13":{
			"Re":0.0,
			"Im":-2.3850667240865363e-20
		},
		"phil1_22":7.303116412653742e-13,
		"phil1_23":{
			"Re":2.402731969701751e-20,
			"Im":-5.820689093586285e-20
		},
		"phil1_33":7.265074936996541e-13,
		"phil3_13":{
			"Re":0.0,
			"Im":-2.3850667240865363e-20
		},
		"phil3_22":-1.0360419198106016e-17,
		"phil3_23":{
			"Re":2.402731969701751e-20,
			"Im":-5.820689093586285e-20
		},
		"phil3_33":-3.8145079849181455e-15,
		"phiq1_11":-2.434406672281908e-13,
		"phiq1_22":-2.434406672281908e-13,
		"phiq1_33":-2.434406672281908e-13,
		"phiu_11":-9.737626689127631e-13,
		"phiu_22":-9.737626689127631e-13,
		"phiu_33":-9.737626689127631e-13,
		"ld_1111":-4.868813344563816e-13,
		"ld_1122":-4.868813344563816e-13,
		"ld_1133":-4.868813344563816e-13,
		"ld_2211":-4.868813344563816e-13,
		"ld_2222":-4.868813344563816e-13,
		"ld_2233":-4.868813344563816e-13,
		"ld_3311":-4.868813344563816e-13,
		"ld_3322":-4.868813344563816e-13,
		"ld_3333":-4.868813344563816e-13,
		"le_1111":5.578259590674436e-11,
		"le_1112":{
			"Re":-6.736713795755023e-14,
			"Im":2.5794993730150315e-13
		},
		"le_1113":{
			"Re":2.4425007500898597e-14,
			"Im":9.269994210735228e-14
		},
		"le_1122":1.8490189695848806e-12,
		"le_1123":{
			"Re":-4.535371043506224e-16,
			"Im":1.168498271913805e-15
		},
		"le_1133":2.84768975709611e-12,
		"le_2211":5.578259590674436e-11,
		"le_2212":{
			"Re":-6.736713795755023e-14,
			"Im":2.5794993730150315e-13
		},
		"le_2213":{
			"Re":2.4425007500898597e-14,
			"Im":9.269994210735228e-14
		},
		"le_2222":1.8490189695848806e-12,
		"le_2223":{
			"Re":-4.535371043506224e-16,
			"Im":1.168498271913805e-15
		},
		"le_2233":2.84768975709611e-12,
		"le_3311":5.578259590674436e-11,
		"le_3312":{
			"Re":-6.736713795755023e-14,
			"Im":2.5794993730150315e-13
		},
		"le_3313":{
			"Re":2.4425007500898597e-14,
			"Im":9.269994210735228e-14
		},
		"le_3322":1.8490189695848806e-12,
		"le_3323":{
			"Re":-4.535371043506224e-16,
			"Im":1.168498271913805e-15
		},
		"le_3333":2.84768975709611e-12,
		"ll_1111":-3.6516100084228615e-13,
		"ll_1122":-7.303220016845723e-13,
		"ll_1133":-7.303220016845723e-13,
		"ll_2222":-3.6516100084228615e-13,
		"ll_2233":-7.303220016845723e-13,
		"ll_3333":-3.6516100084228615e-13,