{
	"eft":"SMEFT",
	"basis":"Warsaw",
	"scale":1000,
	"values":{
		"dd_1111":-2.628314973724414e-13,
		"dd_1122":-5.256629947448828e-13,
		"dd_1133":-5.256629947448828e-13,
		"dd_2222":-2.628314973724414e-13,
		"dd_2233":-5.256629947448828e-13,
		"dd_3333":-2.628314973724414e-13,
		"eB_11":5.480180998525303e-16,
		"eB_12":{
			"Re":-1.0712759132670072e-19,
			"Im":-5.295739234786464e-19
		},
		"eB_13":{
			"Re":-3.595120644225354e-17,
			"Im":9.862282635598808e-17
		},
		"eB_21":{
			"Re":-2.2150883169429744e-17,
			"Im":1.0950054942221787e-16
		},
		"eB_22":2.8857002545483034e-14,
		"eB_23":{
			"Re":-1.194656588405515e-15,
			"Im":-4.097458606109193e-15
		},
		"eB_31":{
			"Re":-1.250152196936082e-13,
			"Im":-3.429468861775861e-13
		},
		"eB_32":{
			"Re":-2.009105746389756e-14,
			"Im":6.890873671165645e-14
		},
		"eB_33":2.5661705935210458e-12,
		"ed_1111":3.942488754009641e-11,
		"ed_1122":3.942488754009641e-11,
		"ed_1133":3.942488754009641e-11,
		"ed_1211":{
			"Re":1.3475395487409498e-14,
			"Im":-1.986003198681971e-14
		},
		"ed_1222":{
			"Re":1.3475395487409498e-14,
			"Im":-1.986003198681971e-14
		},
		"ed_1233":{
			"Re":1.3475395487409498e-14,
			"Im":-1.986003198681971e-14
		},
		"ed_1311":{
			"Re":-2.3592894079190134e-12,
			"Im":6.469765681518157e-12
		},
		"ed_1322":{
			"Re":-2.3592894079190134e-12,
			"Im":6.469765681518157e-12
		},
		"ed_1333":{
			"Re":-2.3592894079190134e-12,
			"Im":6.469765681518157e-12
		},
		"ed_2211":9.785522699848714e-12,
		"ed_2222":9.785522699848714e-12,
		"ed_2233":9.785522699848714e-12,
		"ed_2311":{
			"Re":-4.008674163026967e-13,
			"Im":-1.3935938656436986e-12
		},
		"ed_2322":{
			"Re":-4.008674163026967e-13,
			"Im":-1.3935938656436986e-12
		},
		"ed_2333":{
			"Re":-4.008674163026967e-13,
			"Im":-1.3935938656436986e-12
		},
		"ed_3311":5.1867274138726726e-11,
		"ed_3322":5.1867274138726726e-11,
		"ed_3333":5.1867274138726726e-11,
		"ee_1111":-1.80401183820964e-9,
		"ee_1112":{
			"Re":6.307009341902478e-11,
			"Im":6.845899434263172e-11
		},
		"ee_1113":{
			"Re":1.5269483597496188e-9,
			"Im":-2.5785365678805514e-9
		},
		"ee_1122":-1.2764057720304903e-9,
		"ee_1123":{
			"Re":6.934374012457867e-12,
			"Im":-7.167620376432968e-11
		},
		"ee_1133":-9.98448105477163e-10,
		"ee_1212":{
			"Re":-3.8383761278910743e-10,
			"Im":9.647259397192443e-13
		},
		"ee_1213":{
			"Re":-8.539732041640849e-11,
			"Im":-2.3845629694884325e-11
		},
		"ee_1222":{
			"Re":-3.296189651397729e-11,
			"Im":3.421291725582646e-11
		},
		"ee_1223":{
			"Re":6.954043268002648e-11,
			"Im":-2.104787738782092e-10
		},
		"ee_1232":{
			"Re":-6.223576295148329e-10,
			"Im":-8.783353584026097e-10
		},
		"ee_1233":{
			"Re":-5.792479056450595e-11,
			"Im":-2.0874358540512302e-10
		},
		"ee_1313":{
			"Re":5.919078426133724e-10,
			"Im":1.1563114590323447e-9
		},
		"ee_1323":{
			"Re":1.0774656292626529e-10,
			"Im":4.5956167642578476e-11
		},
		"ee_1333":{
			"Re":-1.2637877071645278e-9,
			"Im":1.8713009161254743e-9
		},
		"ee_2222":3.45748329911248e-11,
		"ee_2223":{
			"Re":5.6516812126319615e-11,
			"Im":5.781804816710244e-11
		},
		"ee_2233":-1.6994955594874353e-9,
		"ee_2323":{
			"Re":-2.6600238254868426e-10,
			"Im":-5.657445382631195e-10
		},
		"ee_2333":{
			"Re":-2.5137107189689582e-11,
			"Im":1.3114234411587183e-10
		},
		"ee_3333":-2.4685684558275737e-9,
		"ephi_11":1.933286080058622e-16,
		"ephi_12":{
			"Re":3.678557233705322e-20,
			"Im":-1.1824383741946001e-19
		},
		"ephi_13":{
			"Re":-1.1556903398919939e-17,
			"Im":3.169527273603507e-17
		},
		"ephi_21":{
			"Re":7.606236974577343e-18,
			"Im":2.4449173363553522e-17
		},
		"ephi_22":1.0840914998592605e-14,
		"ephi_23":{
			"Re":-3.9961233899322216e-16,
			"Im":-1.3840101572802207e-15
		},
		"ephi_31":{
			"Re":-4.011401784097872e-14,
			"Im":-1.1001425702234184e-13
		},
		"ephi_32":{
			"Re":-6.708687663045599e-15,
			"Im":2.3235142564119202e-14
		},
		"ephi_33":8.854466041648456e-13,
		"eu_1111":-7.884977508019282e-11,
		"eu_1122":-7.884977508019282e-11,
		"eu_1133":-7.884977508019282e-11,
		"eu_1211":{
			"Re":-2.6950790974818996e-14,
			"Im":3.972006397363942e-14
		},
		"eu_1222":{
			"Re":-2.6950790974818996e-14,
			"Im":3.972006397363942e-14
		},
		"eu_1233":{
			"Re":-2.6950790974818996e-14,
			"Im":3.972006397363942e-14
		},
		"eu_1311":{
			"Re":4.718578815838027e-12,
			"Im":-1.2939531363036313e-11
		},
		"eu_1322":{
			"Re":4.718578815838027e-12,
			"Im":-1.2939531363036313e-11
		},
		"eu_1333":{
			"Re":4.718578815838027e-12,
			"Im":-1.2939531363036313e-11
		},
		"eu_2211":-1.957104539969743e-11,
		"eu_2222":-1.957104539969743e-11,
		"eu_2233":-1.957104539969743e-11,
		"eu_2311":{
			"Re":8.017348326053934e-13,
			"Im":2.7871877312873973e-12
		},
		"eu_2322":{
			"Re":8.017348326053934e-13,
			"Im":2.7871877312873973e-12
		},
		"eu_2333":{
			"Re":8.017348326053934e-13,
			"Im":2.7871877312873973e-12
		},
		"eu_3311":-1.0373454827745345e-10,
		"eu_3322":-1.0373454827745345e-10,
		"eu_3333":-1.0373454827745345e-10,
		"phi":6.739272904118359e-15,
		"phiB":-1.5538111064925477e-12,
		"phiBox":-7.95500720663448e-13,
		"phid_11":7.884944921173242e-13,
		"phid_22":7.884944921173242e-13,
		"phid_33":7.884944921173242e-13,
		"phiD":-2.3654834763519723e-12,
		"phie_11":-5.913733131014462e-11,
		"phie_12":{
			"Re":-2.0213093231114752e-14,
			"Im":2.979004798022936e-14
		},
		"phie_13":{
			"Re":3.5389341118785173e-12,
			"Im":-9.704648522277225e-12
		},
		"phie_22":-1.4678284049773056e-11,
		"phie_23":{
			"Re":6.013011244540453e-13,
			"Im":2.090390798465549e-12
		},
		"phie_33":-7.780091120809009e-11,
		"phil1_11":1.1827417336384094e-12,
		"phil1_13":{
			"Re":1.035123049341398e-18,
			"Im":-2.8395920708879114e-18
		},
		"phil1_22":1.1826923332770992e-12,
		"phil1_23":{
			"Re":3.43970812966296e-17,
			"Im":1.179758418877706e-16
		},
		"phil1_33":1.1088554185565764e-12,
		"phil3_13":{
			"Re":1.035123049341398e-18,
			"Im":-2.8395920708879114e-18
		},
		"phil3_22":-4.940489888686375e-17,
		"phil3_23":{
			"Re":3.43970812966296e-17,
			"Im":1.179758418877706e-16
		},
		"phil3_33":-7.388631961940968e-14,
		"phiq1_11":-3.942472460586621e-13,
		"phiq1_22":-3.942472460586621e-13,
		"phiq1_33":-3.942472460586621e-13,
		"phiu_11":-1.5769889842346483e-12,
		"phiu_22":-1.5769889842346483e-12,
		"phiu_33":-1.5769889842346483e-12,
		"ld_1111":-7.884944921173242e-13,
		"ld_1122":-7.884944921173242e-13,
		"ld_1133":-7.884944921173242e-13,
		"ld_2211":-7.884944921173242e-13,
		"ld_2222":-7.884944921173242e-13,
		"ld_2233":-7.884944921173242e-13,
		"ld_3311":-7.884944921173242e-13,
		"ld_3322":-7.884944921173242e-13,
		"ld_3333":-7.884944921173242e-13,
		"le_1111":5.913733131014462e-11,
		"le_1112":{
			"Re":2.0213093231114752e-14,
			"Im":-2.979004798022936e-14
		},
		"le_1113":{
			"Re":-3.5389341118785173e-12,
			"Im":9.704648522277225e-12
		},
		"le_1122":1.4678284049773056e-11,
		"le_1123":{
			"Re":-6.013011244540453e-13,
			"Im":-2.090390798465549e-12
		},
		"le_1133":7.780091120809009e-11,
		"le_2211":5.913733131014462e-11,
		"le_2212":{
			"Re":2.0213093231114752e-14,
			"Im":-2.979004798022936e-14
		},
		"le_2213":{
			"Re":-3.5389341118785173e-12,
			"Im":9.704648522277225e-12
		},
		"le_2222":1.4678284049773056e-11,
		"le_2223":{
			"Re":-6.013011244540453e-13,
			"Im":-2.090390798465549e-12
		},
		"le_2233":7.780091120809009e-11,
		"le_3311":5.913733131014462e-11,
		"le_3312":{
			"Re":2.0213093231114752e-14,
			"Im":-2.979004798022936e-14
		},
		"le_3313":{
			"Re":-3.5389341118785173e-12,
			"Im":9.704648522277225e-12
		},
		"le_3322":1.4678284049773056e-11,
		"le_3323":{
			"Re":-6.013011244540453e-13,
			"Im":-2.090390798465549e-12
		},
		"le_3333":7.780091120809009e-11,
		"ll_1111":-5.913708690879931e-13,
		"ll_1122":-1.1827417381759862e-12,
		"ll_1133":-1.1827417381759862e-12,
		"ll_2222":-5.913708690879931e-13,
		"ll_2233":-1.1827417381759862e-12,
		"ll_3333":-5.913708690879931e-13,
		"lq1_1111":3.942472460586621e-13,