{
	"eft":"SMEFT",
	"basis":"Warsaw",
	"scale":1000,
	"values":{
		"dd_1111":-6.159444232895794e-14,
		"dd_1122":-1.2318888465791588e-13,
		"dd_1133":-1.2318888465791588e-13,
		"dd_2222":-6.159444232895794e-14,
		"dd_2233":-1.2318888465791588e-13,
		"dd_3333":-6.159444232895794e-14,
		"eB_11":3.0655834612402155e-17,
		"eB_12":{
			"Re":-5.1859869463696486e-20,
			"Im":-1.830507677349405e-20
		},
		"eB_13":{
			"Re":-2.4567302041887105e-17,
			"Im":-9.049040432972912e-18
		},
		"eB_21":{
			"Re":-1.0723118997131322e-17,
			"Im":3.784959710151393e-18
		},
		"eB_22":3.946040991551283e-14,
		"eB_23":{
			"Re":1.459654710474163e-18,
			"Im":1.259243490979546e-18
		},
		"eB_31":{
			"Re":-8.54293072745408e-14,
			"Im":3.146675423984837e-14
		},
		"eB_32":{
			"Re":2.4547645700197776e-17,
			"Im":-2.117724338847501e-17
		},
		"eB_33":7.652788295331212e-13,
		"ed_1111":1.6311562773216605e-12,
		"ed_1122":1.6311562773216605e-12,
		"ed_1133":1.6311562773216605e-12,
		"ed_1211":{
			"Re":-1.8122540136871803e-15,
			"Im":-4.47315361784853e-16
		},
		"ed_1222":{
			"Re":-1.8122540136871803e-15,
			"Im":-4.47315361784853e-16
		},
		"ed_1233":{
			"Re":-1.8122540136871803e-15,
			"Im":-4.47315361784853e-16
		},
		"ed_1311":{
			"Re":-1.5239048814182802e-12,
			"Im":-5.612970255396856e-13
		},
		"ed_1322":{
			"Re":-1.5239048814182802e-12,
			"Im":-5.612970255396856e-13
		},
		"ed_1333":{
			"Re":-1.5239048814182802e-12,
			"Im":-5.612970255396856e-13
		},
		"ed_2211":1.1645946274780629e-11,
		"ed_2222":1.1645946274780629e-11,
		"ed_2233":1.1645946274780629e-11,
		"ed_2311":{
			"Re":6.087452243891136e-16,
			"Im":3.4550399634989076e-16
		},
		"ed_2322":{
			"Re":6.087452243891136e-16,
			"Im":3.4550399634989076e-16
		},
		"ed_2333":{
			"Re":6.087452243891136e-16,
			"Im":3.4550399634989076e-16
		},
		"ed_3311":1.3379637600602645e-11,
		"ed_3322":1.3379637600602645e-11,
		"ed_3333":1.3379637600602645e-11,
		"ee_1111":-1.5960824406770845e-11,
		"ee_1112":{
			"Re":9.076773876264355e-13,
			"Im":3.997188268739838e-13
		},
		"ee_1113":{
			"Re":6.58858487497558e-11,
			"Im":1.9959774032759202e-11
		},
		"ee_1122":-3.3331735770176797e-10,
		"ee_1123":{
			"Re":2.1391257649246263e-12,
			"Im":-5.769881525068457e-13
		},
		"ee_1133":-3.6882052043838185e-10,
		"ee_1212":{
			"Re":-4.20593858248786e-11,
			"Im":-5.1337203635684425e-11
		},
		"ee_1213":{
			"Re":-2.0029579863171954e-14,
			"Im":8.553181825025819e-14
		},
		"ee_1222":{
			"Re":-5.445469444849595e-12,
			"Im":-2.791539129557956e-12
		},
		"ee_1223":{
			"Re":2.895365635917087e-10,
			"Im":1.0665319893864249e-10
		},
		"ee_1232":{
			"Re":-1.2745170407953084e-10,
			"Im":-1.092941395217224e-10
		},
		"ee_1233":{
			"Re":7.612844426953622e-13,
			"Im":5.00045020240049e-13
		},
		"ee_1313":{
			"Re":-8.116005440584192e-11,
			"Im":-4.99213081955185e-11
		},
		"ee_1323":{
			"Re":-7.409173978147294e-12,
			"Im":-6.089538562493773e-13
		},
		"ee_1333":{
			"Re":1.5581850275713725e-10,
			"Im":6.165439806273143e-11
		},
		"ee_2222":-6.276620081689917e-10,
		"ee_2223":{
			"Re":-1.0189575186060909e-12,
			"Im":-4.6301193259227e-13
		},
		"ee_2233":-2.5656424868735716e-9,
		"ee_2323":{
			"Re":5.057544675130287e-10,
			"Im":-2.0038102777124197e-10
		},
		"ee_2333":{
			"Re":-9.0817837453009e-13,
			"Im":7.105318894200826e-13
		},
		"ee_3333":-8.687394358466089e-10,
		"ephi_11":8.848994640980031e-17,
		"ephi_12":{
			"Re":-1.0041883407919673e-19,
			"Im":-2.941634150698672e-20
		},
		"ephi_13":{
			"Re":-6.843925419492669e-17,
			"Im":-2.5208280667968763e-17
		},
		"ephi_21":{
			"Re":-2.0763684192725956e-17,
			"Im":6.082439578425478e-18
		},
		"ephi_22":1.1105657747922039e-13,
		"ephi_23":{
			"Re":5.173516505608558e-18,
			"Im":3.2989278856343537e-18
		},
		"ephi_31":{
			"Re":-2.3793758780779536e-13,
			"Im":8.763972583812047e-14
		},
		"ephi_32":{
			"Re":8.699089248462639e-17,
			"Im":-5.546709729930231e-17
		},
		"ephi_33":2.142584627299666e-12,
		"eu_1111":-3.262312554643321e-12,
		"eu_1122":-3.262312554643321e-12,
		"eu_1133":-3.262312554643321e-12,
		"eu_1211":{
			"Re":3.624508027374361e-15,
			"Im":8.94630723569706e-16
		},
		"eu_1222":{
			"Re":3.624508027374361e-15,
			"Im":8.94630723569706e-16
		},
		"eu_1233":{
			"Re":3.624508027374361e-15,
			"Im":8.94630723569706e-16
		},
		"eu_1311":{
			"Re":3.0478097628365603e-12,
			"Im":1.1225940510793712e-12
		},
		"eu_1322":{
			"Re":3.0478097628365603e-12,
			"Im":1.1225940510793712e-12
		},
		"eu_1333":{
			"Re":3.0478097628365603e-12,
			"Im":1.1225940510793712e-12
		},
		"eu_2211":-2.3291892549561258e-11,
		"eu_2222":-2.3291892549561258e-11,
		"eu_2233":-2.3291892549561258e-11,
		"eu_2311":{
			"Re":-1.2174904487782271e-15,
			"Im":-6.910079926997815e-16
		},
		"eu_2322":{
			"Re":-1.2174904487782271e-15,
			"Im":-6.910079926997815e-16
		},
		"eu_2333":{
			"Re":-1.2174904487782271e-15,
			"Im":-6.910079926997815e-16
		},
		"eu_3311":-2.675927520120529e-11,
		"eu_3322":-2.675927520120529e-11,
		"eu_3333":-2.675927520120529e-11,
		"phi":1.1633565581128354e-12,
		"phiB":-3.2885736042979566e-12,
		"phiBox":-4.040352344999746e-12,
		"phid_11":1.847833269868738e-13,
		"phid_22":1.847833269868738e-13,
		"phid_33":1.847833269868738e-13,
		"phiD":-5.543499809606213e-13,
		"phie_11":-2.4467344159824927e-12,
		"phie_12":{
			"Re":2.718381020530761e-15,
			"Im":6.709730426772716e-16
		},
		"phie_13":{
			"Re":2.2858573221274204e-12,
			"Im":8.419455383095284e-13
		},
		"phie_22":-1.7468919412170947e-11,
		"phie_23":{
			"Re":-9.131178365836703e-16,
			"Im":-5.182559945248361e-16
		},
		"phie_33":-2.006945640090397e-11,
		"phil1_11":2.7717499022648107e-13,
		"phil1_13":{
			"Re":7.073526348701648e-19,
			"Im":2.6054397761694034e-19
		},
		"phil1_22":2.7710743191947825e-13,
		"phil1_23":{
			"Re":-4.202702452610324e-20,
			"Im":-3.625669598431293e-20
		},
		"phil1_33":2.5514074367707365e-13,
		"phil3_13":{
			"Re":7.073526348701648e-19,
			"Im":2.6054397761694034e-19
		},
		"phil3_22":-6.755856083241286e-17,
		"phil3_23":{
			"Re":-4.202702452610324e-20,
			"Im":-3.625669598431293e-20
		},
		"phil3_33":-2.203424680323704e-14,
		"phiq1_11":-9.23916634934369e-14,
		"phiq1_22":-9.23916634934369e-14,
		"phiq1_33":-9.23916634934369e-14,
		"phiu_11":-3.695666539737476e-13,
		"phiu_22":-3.695666539737476e-13,
		"phiu_33":-3.695666539737476e-13,
		"ld_1111":-1.847833269868738e-13,
		"ld_1122":-1.847833269868738e-13,
		"ld_1133":-1.847833269868738e-13,
		"ld_2211":-1.847833269868738e-13,
		"ld_2222":-1.847833269868738e-13,
		"ld_2233":-1.847833269868738e-13,
		"ld_3311":-1.847833269868738e-13,
		"ld_3322":-1.847833269868738e-13,
		"ld_3333":-1.847833269868738e-13,
		"le_1111":2.4467344159824927e-12,
		"le_1112":{
			"Re":-2.718381020530761e-15,
			"Im":-6.709730426772716e-16
		},
		"le_1113":{
			"Re":-2.2858573221274204e-12,
			"Im":-8.419455383095284e-13
		},
		"le_1122":1.7468919412170947e-11,
		"le_1123":{
			"Re":9.131178365836703e-16,
			"Im":5.182559945248361e-16
		},
		"le_1133":2.006945640090397e-11,
		"le_2211":2.4467344159824927e-12,
		"le_2212":{
			"Re":-2.718381020530761e-15,
			"Im":-6.709730426772716e-16
		},
		"le_2213":{
			"Re":-2.2858573221274204e-12,
			"Im":-8.419455383095284e-13
		},
		"le_2222":1.7468919412170947e-11,
		"le_2223":{
			"Re":9.131178365836703e-16,
			"Im":5.182559945248361e-16
		},
		"le_2233":2.006945640090397e-11,
		"le_3311":2.4467344159824927e-12,
		"le_3312":{
			"Re":-2.718381020530761e-15,
			"Im":-6.709730426772716e-16
		},
		"le_3313":{
			"Re":-2.2858573221274204e-12,
			"Im":-8.419455383095284e-13
		},
		"le_3322":1.7468919412170947e-11,
		"le_3323":{
			"Re":9.131178365836703e-16,
			"Im":5.182559945248361e-16
		},
		"le_3333":2.006945640090397e-11,
		"ll_1111":-1.3858749524015533e-13,
		"ll_1122":-2.7717499048031066e-13,
		"ll_1133":-2.7717499048031066e-13,
		"ll_2222":-1.3858749524015533e-13,
		"ll_2233":-2.7717499048031066e-13,
		"ll_3333":-1.3858749524015533e-13,
		"lq1_1111":9.23916634934369e-14,