{
	"eft":"SMEFT",
	"basis":"Warsaw",
	"scale":1000,
	"values":{
		"dd_1111":-3.377723320139328e-13,
		"dd_1122":-6.755446640278656e-13,
		"dd_1133":-6.755446640278656e-13,
		"dd_2222":-3.377723320139328e-13,
		"dd_2233":-6.755446640278656e-13,
		"dd_3333":-3.377723320139328e-13,
		"eB_11":1.1507734284436502e-17,
		"eB_12":-1.742192805895166e-19,
		"eB_13":{
			"Re":1.515497112166734e-19,
			"Im":3.728480900784842e-20
		},
		"eB_21":{
			"Re":-3.6023501344595635e-17,
			"Im":1.5288605165925814e-18
		},
		"eB_22":3.228544045854271e-13,
		"eB_23":{
			"Re":7.858436473837003e-15,
			"Im":1.6074937498827638e-15
		},
		"eB_31":{
			"Re":5.269926190846244e-16,
			"Im":-1.296526334057066e-16
		},
		"eB_32":{
			"Re":1.321587310567416e-13,
			"Im":-2.7033918881120666e-14
		},
		"eB_33":2.7286572777546292e-12,
		"ed_1111":-1.004000255240647e-12,
		"ed_1122":-1.004000255240647e-12,
		"ed_1133":-1.004000255240647e-12,
		"ed_1211":{
			"Re":-6.236523271368757e-15,
			"Im":-4.913540908789175e-16
		},
		"ed_1222":{
			"Re":-6.236523271368757e-15,
			"Im":-4.913540908789175e-16
		},
		"ed_1233":{
			"Re":-6.236523271368757e-15,
			"Im":-4.913540908789175e-16
		},
		"ed_1311":{
			"Re":1.1212372115585852e-14,
			"Im":3.8448914542600285e-15
		},
		"ed_1322":{
			"Re":1.1212372115585852e-14,
			"Im":3.8448914542600285e-15
		},
		"ed_1333":{
			"Re":1.1212372115585852e-14,
			"Im":3.8448914542600285e-15
		},
		"ed_2211":9.275545825858942e-11,
		"ed_2222":9.275545825858942e-11,
		"ed_2233":9.275545825858942e-11,
		"ed_2311":{
			"Re":1.0172579114515228e-12,
			"Im":1.9232333619139748e-13
		},
		"ed_2322":{
			"Re":1.0172579114515228e-12,
			"Im":1.9232333619139748e-13
		},
		"ed_2333":{
			"Re":1.0172579114515228e-12,
			"Im":1.9232333619139748e-13
		},
		"ed_3311":5.2926654890616524e-11,
		"ed_3322":5.2926654890616524e-11,
		"ed_3333":5.2926654890616524e-11,
		"ee_1111":3.3215770197486055e-13,
		"ee_1112":{
			"Re":6.510497619642608e-14,
			"Im":-3.533459351971219e-15
		},
		"ee_1113":{
			"Re":3.608260874241135e-14,
			"Im":3.329414898448061e-14
		},
		"ee_1122":4.52186682684478e-11,
		"ee_1123":{
			"Re":-1.4737034977194353e-13,
			"Im":-4.513146552516779e-14
		},
		"ee_1133":2.873364466738448e-11,
		"ee_1212":{
			"Re":-6.898519192437483e-11,
			"Im":-1.4424187683206754e-12
		},
		"ee_1213":{
			"Re":-3.5903331714949546e-11,
			"Im":-8.742592234057815e-12
		},
		"ee_1222":{
			"Re":-8.628238674541854e-13,
			"Im":-1.0697236080222512e-13
		},
		"ee_1223":{
			"Re":-4.452172226562002e-12,
			"Im":-1.2993921536776468e-12
		},
		"ee_1232":{
			"Re":-1.520623513228801e-12,
			"Im":1.4706605780676688e-12
		},
		"ee_1233":{
			"Re":2.1961887228874897e-13,
			"Im":6.531804967162026e-13
		},
		"ee_1313":{
			"Re":5.229543341217152e-11,
			"Im":2.5768901283330515e-11
		},
		"ee_1323":{
			"Re":2.3408043308349675e-12,
			"Im":1.3070047622272805e-12
		},
		"ee_1333":{
			"Re":1.1655545042706552e-13,
			"Im":-1.0280142624225506e-12
		},
		"ee_2222":-9.1783326400105e-9,
		"ee_2223":{
			"Re":1.4997476469752333e-9,
			"Im":3.4181211692449597e-10
		},
		"ee_2233":-1.2965311990587256e-8,
		"ee_2323":{
			"Re":-2.8092613384386623e-9,
			"Im":-1.3118069770937435e-9
		},
		"ee_2333":{
			"Re":-1.8001928728180781e-9,
			"Im":-3.9535942127263895e-10
		},
		"ee_3333":-1.3229389716950903e-9,
		"ephi_11":-7.868025532331242e-17,
		"ephi_12":{
			"Re":6.448313856268955e-19,
			"Im":4.0761594852223293e-20
		},
		"ephi_13":{
			"Re":-9.028235657310782e-19,
			"Im":-2.8631262844956646e-19
		},
		"ephi_21":{
			"Re":1.3333252926972375e-16,
			"Im":-8.428320421729438e-18
		},
		"ephi_22":-1.6701278540050298e-12,
		"ephi_23":{
			"Re":-2.4887840757808105e-14,
			"Im":-4.898363214236471e-15
		},
		"ephi_31":{
			"Re":-3.1397505829716884e-15,
			"Im":9.956877433340465e-16
		},
		"ephi_32":{
			"Re":-4.186269991596914e-13,
			"Im":8.239372874142714e-14
		},
		"ephi_33":-1.5617948700003718e-11,
		"eu_1111":2.008000510481294e-12,
		"eu_1122":2.008000510481294e-12,
		"eu_1133":2.008000510481294e-12,
		"eu_1211":{
			"Re":1.2473046542737515e-14,
			"Im":9.82708181757835e-16
		},
		"eu_1222":{
			"Re":1.2473046542737515e-14,
			"Im":9.82708181757835e-16
		},
		"eu_1233":{
			"Re":1.2473046542737515e-14,
			"Im":9.82708181757835e-16
		},
		"eu_1311":{
			"Re":-2.2424744231171705e-14,
			"Im":-7.689782908520057e-15
		},
		"eu_1322":{
			"Re":-2.2424744231171705e-14,
			"Im":-7.689782908520057e-15
		},
		"eu_1333":{
			"Re":-2.2424744231171705e-14,
			"Im":-7.689782908520057e-15
		},
		"eu_2211":-1.8551091651717883e-10,
		"eu_2222":-1.8551091651717883e-10,
		"eu_2233":-1.8551091651717883e-10,
		"eu_2311":{
			"Re":-2.0345158229030456e-12,
			"Im":-3.8464667238279497e-13
		},
		"eu_2322":{
			"Re":-2.0345158229030456e-12,
			"Im":-3.8464667238279497e-13
		},
		"eu_2333":{
			"Re":-2.0345158229030456e-12,
			"Im":-3.8464667238279497e-13
		},
		"eu_3311":-1.0585330978123305e-10,
		"eu_3322":-1.0585330978123305e-10,
		"eu_3333":-1.0585330978123305e-10,
		"phi":-4.2761892880545326e-11,
		"phiB":3.40024822629002e-11,
		"phiBox":-7.682495093591494e-11,
		"phid_11":1.0133169960417984e-12,
		"phid_22":1.0133169960417984e-12,
		"phid_33":1.0133169960417984e-12,
		"phiD":-3.0399509881253953e-12,
		"phie_11":1.50600038286097e-12,
		"phie_12":{
			"Re":9.354784907053123e-15,
			"Im":7.370311363183758e-16
		},
		"phie_13":{
			"Re":-1.681855817337879e-14,
			"Im":-5.767337181390044e-15
		},
		"phie_22":-1.3913318738788407e-10,
		"phie_23":{
			"Re":-1.5258868671772737e-12,
			"Im":-2.884850042870938e-13
		},
		"phie_33":-7.93899823359248e-11,
		"phil1_11":1.519975493967414e-12,
		"phil1_22":1.519422748184515e-12,
		"phil1_23":{
			"Re":-2.262635814161017e-16,
			"Im":-4.6283671588285196e-17
		},
		"phil1_33":1.4414107859076653e-12,
		"phil3_22":-5.527458781826375e-16,
		"phil3_23":{
			"Re":-2.262635814161017e-16,
			"Im":-4.6283671588285196e-17
		},
		"phil3_33":-7.856470815503237e-14,
		"phiq1_11":-5.066584980208992e-13,
		"phiq1_22":-5.066584980208992e-13,
		"phiq1_33":-5.066584980208992e-13,
		"phiu_11":-2.026633992083597e-12,
		"phiu_22":-2.026633992083597e-12,
		"phiu_33":-2.026633992083597e-12,
		"ld_1111":-1.0133169960417984e-12,
		"ld_1122":-1.0133169960417984e-12,
		"ld_1133":-1.0133169960417984e-12,
		"ld_2211":-1.0133169960417984e-12,
		"ld_2222":-1.0133169960417984e-12,
		"ld_2233":-1.0133169960417984e-12,
		"ld_3311":-1.0133169960417984e-12,
		"ld_3322":-1.0133169960417984e-12,
		"ld_3333":-1.0133169960417984e-12,
		"le_1111":-1.50600038286097e-12,
		"le_1112":{
			"Re":-9.354784907053123e-15,
			"Im":-7.370311363183758e-16
		},
		"le_1113":{
			"Re":1.681855817337879e-14,
			"Im":5.767337181390044e-15
		},
		"le_1122":1.3913318738788407e-10,
		"le_1123":{
			"Re":1.5258868671772737e-12,
			"Im":2.884850042870938e-13
		},
		"le_1133":7.93899823359248e-11,
		"le_2211":-1.50600038286097e-12,
		"le_2212":{
			"Re":-9.354784907053123e-15,
			"Im":-7.370311363183758e-16
		},
		"le_2213":{
			"Re":1.681855817337879e-14,
			"Im":5.767337181390044e-15
		},
		"le_2222":1.3913318738788407e-10,
		"le_2223":{
			"Re":1.5258868671772737e-12,
			"Im":2.884850042870938e-13
		},
		"le_2233":7.93899823359248e-11,
		"le_3311":-1.50600038286097e-12,
		"le_3312":{
			"Re":-9.354784907053123e-15,
			"Im":-7.370311363183758e-16
		},
		"le_3313":{
			"Re":1.681855817337879e-14,
			"Im":5.767337181390044e-15
		},
		"le_3322":1.3913318738788407e-10,
		"le_3323":{
			"Re":1.5258868671772737e-12,
			"Im":2.884850042870938e-13
		},
		"le_3333":7.93899823359248e-11,
		"ll_1111":-7.599877470313488e-13,
		"ll_1122":-1.5199754940626977e-12,
		"ll_1133":-1.5199754940626977e-12,
		"ll_2222":-7.599877470313488e-13,
		"ll_2233":-1.5199754940626977e-12,
		"ll_3333":-7.599877470313488e-13,
		"lq1_1111":5.066584980208992e-13,
		"lq1_1122":5.066584980208992e-13,
		"lq1_1133":5.066584980208992e-13,
		"lq1_2211":5.066584980208992e-13,
		"lq1_2222":5.066584980208992e-13,
		"lq1_2233":5.066584980208992e-13,
		"lq1_3311":5.066584980208992e-13,