{
	"eft":"SMEFT",
	"basis":"Warsaw",
	"scale":1000,
	"values":{
		"dd_1111":-7.96202716524321e-13,
		"dd_1122":-1.592405433048642e-12,
		"dd_1133":-1.592405433048642e-12,
		"dd_2222":-7.96202716524321e-13,
		"dd_2233":-1.592405433048642e-12,
		"dd_3333":-7.96202716524321e-13,
		"eB_11":1.1349851970681474e-15,
		"eB_12":{
			"Re":2.621604766506283e-18,
			"Im":-4.4773485082636225e-18
		},
		"eB_13":{
			"Re":3.583051433462982e-17,
			"Im":-4.1156346631401073e-16
		},
		"eB_21":{
			"Re":5.420719366517689e-16,
			"Im":9.257859948789325e-16
		},
		"eB_22":6.22369189261797e-14,
		"eB_23":{
			"Re":5.036017843054344e-16,
			"Im":-2.395649159956413e-16
		},
		"eB_31":{
			"Re":1.245955300129822e-13,
			"Im":1.4311535620300524e-12
		},
		"eB_32":{
			"Re":8.469289405506886e-15,
			"Im":4.028866990158392e-15
		},
		"eB_33":1.7935812131618568e-12,
		"ed_1111":8.351586551238462e-11,
		"ed_1122":8.351586551238462e-11,
		"ed_1133":8.351586551238462e-11,
		"ed_1211":{
			"Re":1.871303091248368e-13,
			"Im":-3.1883407707626084e-13
		},
		"ed_1222":{
			"Re":1.871303091248368e-13,
			"Im":-3.1883407707626084e-13
		},
		"ed_1233":{
			"Re":1.871303091248368e-13,
			"Im":-3.1883407707626084e-13
		},
		"ed_1311":{
			"Re":2.568250121852792e-12,
			"Im":-2.9492677506330437e-11
		},
		"ed_1322":{
			"Re":2.568250121852792e-12,
			"Im":-2.9492677506330437e-11
		},
		"ed_1333":{
			"Re":2.568250121852792e-12,
			"Im":-2.9492677506330437e-11
		},
		"ed_2211":2.361952465394142e-11,
		"ed_2222":2.361952465394142e-11,
		"ed_2233":2.361952465394142e-11,
		"ed_2311":{
			"Re":1.7485569142598585e-13,
			"Im":-8.341485336304786e-14
		},
		"ed_2322":{
			"Re":1.7485569142598585e-13,
			"Im":-8.341485336304786e-14
		},
		"ed_2333":{
			"Re":1.7485569142598585e-13,
			"Im":-8.341485336304786e-14
		},
		"ed_3311":3.9133576277678426e-11,
		"ed_3322":3.9133576277678426e-11,
		"ed_3333":3.9133576277678426e-11,
		"ee_1111":-1.1065828484366218e-9,
		"ee_1112":{
			"Re":4.790695433798501e-12,
			"Im":-1.5822321101332855e-11
		},
		"ee_1113":{
			"Re":-2.864683070115738e-10,
			"Im":-1.1352371328494798e-9
		},
		"ee_1122":-2.099713332098588e-9,
		"ee_1123":{
			"Re":3.746869676349813e-11,
			"Im":-1.96584840288942e-11
		},
		"ee_1133":1.0323081483598604e-9,
		"ee_1212":{
			"Re":9.140452282159041e-10,
			"Im":7.213203845874876e-10
		},
		"ee_1213":{
			"Re":-1.2266562841338753e-11,
			"Im":-4.3962800207838083e-13
		},
		"ee_1222":{
			"Re":-9.495483948981361e-12,
			"Im":2.970327688913843e-11
		},
		"ee_1223":{
			"Re":-6.387715477212982e-11,
			"Im":7.32459386451583e-10
		},
		"ee_1232":{
			"Re":-1.0808848249659456e-9,
			"Im":1.3180150330290086e-9
		},
		"ee_1233":{
			"Re":5.166446084157876e-14,
			"Im":-1.3022066502361486e-11
		},
		"ee_1313":{
			"Re":7.014641501090946e-10,
			"Im":-1.6826079832775013e-10
		},
		"ee_1323":{
			"Re":8.4665869456634e-12,
			"Im":7.992514661485777e-12
		},
		"ee_1333":{
			"Re":2.4631251782282207e-10,
			"Im":1.5914761902404305e-9
		},
		"ee_2222":2.390640388957328e-10,
		"ee_2223":{
			"Re":-1.412071460511383e-11,
			"Im":5.730352068869765e-12
		},
		"ee_2233":-9.97585223884641e-10,
		"ee_2323":{
			"Re":2.7875343884166508e-11,
			"Im":-1.6766095779161572e-10
		},
		"ee_2333":{
			"Re":-8.694513694514094e-12,
			"Im":6.190560182043429e-12
		},
		"ee_3333":-7.593075908883619e-10,
		"ephi_11":-1.6985428593769763e-15,
		"ephi_12":{
			"Re":-3.6828752880580875e-18,
			"Im":6.278995138588923e-18
		},
		"ephi_13":{
			"Re":-5.0466889449291564e-17,
			"Im":5.795788274696462e-16
		},
		"ephi_21":{
			"Re":-7.615130695388313e-16,
			"Im":-1.2983162610323364e-15
		},
		"ephi_22":-1.0787258601049744e-13,
		"ephi_23":{
			"Re":-7.101480245816664e-16,
			"Im":3.385159679120985e-16
		},
		"ephi_31":{
			"Re":-1.7556467527510973e-13,
			"Im":-2.016244261435246e-12
		},
		"ephi_32":{
			"Re":-1.1947826998787734e-14,
			"Im":-5.695329180615187e-15
		},
		"ephi_33":-2.87142384755918e-12,
		"eu_1111":-1.6703173102476924e-10,
		"eu_1122":-1.6703173102476924e-10,
		"eu_1133":-1.6703173102476924e-10,
		"eu_1211":{
			"Re":-3.742606182496736e-13,
			"Im":6.376681541525217e-13
		},
		"eu_1222":{
			"Re":-3.742606182496736e-13,
			"Im":6.376681541525217e-13
		},
		"eu_1233":{
			"Re":-3.742606182496736e-13,
			"Im":6.376681541525217e-13
		},
		"eu_1311":{
			"Re":-5.136500243705584e-12,
			"Im":5.898535501266087e-11
		},
		"eu_1322":{
			"Re":-5.136500243705584e-12,
			"Im":5.898535501266087e-11
		},
		"eu_1333":{
			"Re":-5.136500243705584e-12,
			"Im":5.898535501266087e-11
		},
		"eu_2211":-4.723904930788284e-11,
		"eu_2222":-4.723904930788284e-11,
		"eu_2233":-4.723904930788284e-11,
		"eu_2311":{
			"Re":-3.497113828519717e-13,
			"Im":1.6682970672609572e-13
		},
		"eu_2322":{
			"Re":-3.497113828519717e-13,
			"Im":1.6682970672609572e-13
		},
		"eu_2333":{
			"Re":-3.497113828519717e-13,
			"Im":1.6682970672609572e-13
		},
		"eu_3311":-7.826715255535685e-11,
		"eu_3322":-7.826715255535685e-11,
		"eu_3333":-7.826715255535685e-11,
		"phi":-1.429380084215133e-12,
		"phiB":1.9400247910835484e-11,
		"phiBox":-1.2296028801485955e-11,
		"phid_11":2.3886081495729628e-12,
		"phid_22":2.3886081495729628e-12,
		"phid_33":2.3886081495729628e-12,
		"phiD":-7.1658244487188875e-12,
		"phie_11":-1.252737982685769e-10,
		"phie_12":{
			"Re":-2.806954636872551e-13,
			"Im":4.782511156143912e-13
		},
		"phie_13":{
			"Re":-3.852375182779187e-12,
			"Im":4.423901625949563e-11
		},
		"phie_22":-3.542928698091212e-11,
		"phie_23":{
			"Re":-2.622835371389785e-13,
			"Im":1.2512228004457167e-13
		},
		"phie_33":-5.870036441651761e-11,
		"phil1_11":3.582912214961793e-12,
		"phil1_13":{
			"Re":-1.0316480287554946e-18,
			"Im":1.1849917496726166e-17
		},
		"phil1_22":3.5828056710650837e-12,
		"phil1_23":{
			"Re":-1.4499925488212166e-17,
			"Im":6.897659102454299e-18
		},
		"phil1_33":3.5312706401586002e-12,
		"phil3_13":{
			"Re":-1.0316480287554946e-18,
			"Im":1.1849917496726166e-17
		},
		"phil3_22":-1.0655329436005968e-16,
		"phil3_23":{
			"Re":-1.4499925488212166e-17,
			"Im":6.897659102454299e-18
		},
		"phil3_33":-5.164158420084351e-14,
		"phiq1_11":-1.1943040747864814e-12,
		"phiq1_22":-1.1943040747864814e-12,
		"phiq1_33":-1.1943040747864814e-12,
		"phiu_11":-4.7772162991459255e-12,
		"phiu_22":-4.7772162991459255e-12,
		"phiu_33":-4.7772162991459255e-12,
		"ld_1111":-2.3886081495729628e-12,
		"ld_1122":-2.3886081495729628e-12,
		"ld_1133":-2.3886081495729628e-12,
		"ld_2211":-2.3886081495729628e-12,
		"ld_2222":-2.3886081495729628e-12,
		"ld_2233":-2.3886081495729628e-12,
		"ld_3311":-2.3886081495729628e-12,
		"ld_3322":-2.3886081495729628e-12,
		"ld_3333":-2.3886081495729628e-12,
		"le_1111":1.252737982685769e-10,
		"le_1112":{
			"Re":2.806954636872551e-13,
			"Im":-4.782511156143912e-13
		},
		"le_1113":{
			"Re":3.852375182779187e-12,
			"Im":-4.423901625949563e-11
		},
		"le_1122":3.542928698091212e-11,
		"le_1123":{
			"Re":2.622835371389785e-13,
			"Im":-1.2512228004457167e-13
		},
		"le_1133":5.870036441651761e-11,
		"le_2211":1.252737982685769e-10,
		"le_2212":{
			"Re":2.806954636872551e-13,
			"Im":-4.782511156143912e-13
		},
		"le_2213":{
			"Re":3.852375182779187e-12,
			"Im":-4.423901625949563e-11
		},
		"le_2222":3.542928698091212e-11,
		"le_2223":{
			"Re":2.622835371389785e-13,
			"Im":-1.2512228004457167e-13
		},
		"le_2233":5.870036441651761e-11,
		"le_3311":1.252737982685769e-10,
		"le_3312":{
			"Re":2.806954636872551e-13,
			"Im":-4.782511156143912e-13
		},
		"le_3313":{
			"Re":3.852375182779187e-12,
			"Im":-4.423901625949563e-11
		},
		"le_3322":3.542928698091212e-11,
		"le_3323":{
			"Re":2.622835371389785e-13,
			"Im":-1.2512228004457167e-13
		},
		"le_3333":5.870036441651761e-11,
		"ll_1111":-1.7914561121797219e-12,
		"ll_1122":-3.5829122243594437e-12,
		"ll_1133":-3.5829122243594437e-12,
		"ll_2222":-1.7914561121797219e-12,
		"ll_2233":-3.5829122243594437e-12,
		"ll_3333":-1.7914561121797219e-12,
		"lq1_1111":1.1943040747864814e-12,