{
	"eft":"SMEFT",
	"basis":"Warsaw",
	"scale":1000,
	"values":{
		"dd_1111":-1.2127223530439303e-13,
		"dd_1122":-2.4254447060878606e-13,
		"dd_1133":-2.4254447060878606e-13,
		"dd_2222":-1.2127223530439303e-13,
		"dd_2233":-2.4254447060878606e-13,
		"dd_3333":-1.2127223530439303e-13,
		"eB_11":1.7131883854839915e-16,
		"eB_13":-1.213627300202069e-19,
		"eB_21":{
			"Re":-1.879387124123278e-20,
			"Im":-8.575243155107778e-20
		},
		"eB_22":3.603323716021815e-15,
		"eB_23":{
			"Re":7.925623503388368e-18,
			"Im":6.7618243433770445e-18
		},
		"eB_31":{
			"Re":-4.2202167486264023e-16,
			"Im":2.922421012762777e-17
		},
		"eB_32":{
			"Re":1.3328864444327006e-16,
			"Im":-1.1371652972247773e-16
		},
		"eB_33":6.451865929058476e-13,
		"ed_1111":1.067507820607403e-11,
		"ed_1122":1.067507820607403e-11,
		"ed_1133":1.067507820607403e-11,
		"ed_1211":{
			"Re":-1.4443507930010678e-17,
			"Im":-1.2082300366950131e-17
		},
		"ed_1222":{
			"Re":-1.4443507930010678e-17,
			"Im":-1.2082300366950131e-17
		},
		"ed_1233":{
			"Re":-1.4443507930010678e-17,
			"Im":-1.2082300366950131e-17
		},
		"ed_1311":{
			"Re":-7.95024884912209e-15,
			"Im":-4.712904145342807e-16
		},
		"ed_1322":{
			"Re":-7.95024884912209e-15,
			"Im":-4.712904145342807e-16
		},
		"ed_1333":{
			"Re":-7.95024884912209e-15,
			"Im":-4.712904145342807e-16
		},
		"ed_2211":4.5064431745786937e-13,
		"ed_2222":4.5064431745786937e-13,
		"ed_2233":4.5064431745786937e-13,
		"ed_2311":{
			"Re":2.5450225448492093e-15,
			"Im":2.1655805478616283e-15
		},
		"ed_2322":{
			"Re":2.5450225448492093e-15,
			"Im":2.1655805478616283e-15
		},
		"ed_2333":{
			"Re":2.5450225448492093e-15,
			"Im":2.1655805478616283e-15
		},
		"ed_3311":1.1604080335622994e-11,
		"ed_3322":1.1604080335622994e-11,
		"ed_3333":1.1604080335622994e-11,
		"ee_1111":-1.8961307143360795e-10,
		"ee_1112":{
			"Re":5.2863824260575203e-14,
			"Im":2.4413719925490667e-13
		},
		"ee_1113":{
			"Re":-6.076918533158456e-13,
			"Im":3.273692975449467e-12
		},
		"ee_1122":-6.566999281796903e-11,
		"ee_1123":{
			"Re":-2.1036146156305015e-13,
			"Im":-1.797510744548135e-13
		},
		"ee_1133":-9.99623789061741e-10,
		"ee_1212":{
			"Re":2.6170798543528464e-11,
			"Im":-1.1709476182681189e-11
		},
		"ee_1213":{
			"Re":1.57318884722752e-13,
			"Im":-5.778652112078666e-14
		},
		"ee_1222":{
			"Re":-5.509394476992096e-15,
			"Im":-2.6003784661354733e-14
		},
		"ee_1223":{
			"Re":4.726006838595895e-14,
			"Im":2.9985113489673855e-15
		},
		"ee_1232":{
			"Re":-2.629598742350907e-13,
			"Im":-2.567553239595377e-13
		},
		"ee_1233":{
			"Re":-3.572319111832201e-16,
			"Im":-2.5223941101147698e-15
		},
		"ee_1313":{
			"Re":2.4985506041535563e-10,
			"Im":1.519484002460212e-10
		},
		"ee_1323":{
			"Re":1.8540211650928155e-13,
			"Im":-1.964436182207938e-13
		},
		"ee_1333":{
			"Re":1.3603772144723596e-12,
			"Im":-3.647893823396056e-12
		},
		"ee_2222":2.8807176403001353e-13,
		"ee_2223":{
			"Re":2.701830029481441e-15,
			"Im":-1.1561127642305612e-14
		},
		"ee_2233":-7.120641492235699e-11,
		"ee_2323":{
			"Re":1.756211168539114e-11,
			"Im":2.54678189276081e-11
		},
		"ee_2333":{
			"Re":-1.1854167281642486e-13,
			"Im":-5.550741974231224e-14
		},
		"ee_3333":-2.2683831910754672e-10,
		"ephi_11":9.856846298854633e-18,
		"ephi_22":2.0966731340407178e-16,
		"ephi_23":{
			"Re":4.598710417977205e-19,
			"Im":3.916135863134821e-19
		},
		"ephi_31":{
			"Re":-2.400801402180619e-17,
			"Im":1.4927459168817158e-18
		},
		"ephi_32":{
			"Re":7.655791017619774e-18,
			"Im":-6.5193380837297046e-18
		},
		"ephi_33":3.746259912105263e-14,
		"eu_1111":-2.135015641214806e-11,
		"eu_1122":-2.135015641214806e-11,
		"eu_1133":-2.135015641214806e-11,
		"eu_1211":{
			"Re":2.8887015860021355e-17,
			"Im":2.4164600733900262e-17
		},
		"eu_1222":{
			"Re":2.8887015860021355e-17,
			"Im":2.4164600733900262e-17
		},
		"eu_1233":{
			"Re":2.8887015860021355e-17,
			"Im":2.4164600733900262e-17
		},
		"eu_1311":{
			"Re":1.590049769824418e-14,
			"Im":9.425808290685614e-16
		},
		"eu_1322":{
			"Re":1.590049769824418e-14,
			"Im":9.425808290685614e-16
		},
		"eu_1333":{
			"Re":1.590049769824418e-14,
			"Im":9.425808290685614e-16
		},
		"eu_2211":-9.012886349157387e-13,
		"eu_2222":-9.012886349157387e-13,
		"eu_2233":-9.012886349157387e-13,
		"eu_2311":{
			"Re":-5.0900450896984185e-15,
			"Im":-4.331161095723257e-15
		},
		"eu_2322":{
			"Re":-5.0900450896984185e-15,
			"Im":-4.331161095723257e-15
		},
		"eu_2333":{
			"Re":-5.0900450896984185e-15,
			"Im":-4.331161095723257e-15
		},
		"eu_3311":-2.3208160671245988e-11,
		"eu_3322":-2.3208160671245988e-11,
		"eu_3333":-2.3208160671245988e-11,
		"phi":1.73942510331373e-17,
		"phiB":-1.2726776979209742e-13,
		"phiBox":-2.7583052310946457e-13,
		"phid_11":3.6381670591317904e-13,
		"phid_22":3.6381670591317904e-13,
		"phid_33":3.6381670591317904e-13,
		"phiD":-1.0914501177395371e-12,
		"phie_11":-1.6012617309111068e-11,
		"phie_12":{
			"Re":2.1665261895014682e-17,
			"Im":1.8123450550419278e-17
		},
		"phie_13":{
			"Re":1.1925373273682984e-14,
			"Im":7.069356218013138e-16
		},
		"phie_22":-6.759664761868033e-13,
		"phie_23":{
			"Re":-3.817533817273814e-15,
			"Im":-3.2483708217924425e-15
		},
		"phie_33":-1.740612050343449e-11,
		"phil1_11":5.457250574512527e-13,
		"phil1_22":5.45718889765976e-13,
		"phil1_23":{
			"Re":-2.2819806011063517e-19,
			"Im":-1.9468943955107535e-19
		},
		"phil1_33":5.271485609011784e-13,
		"phil3_22":-6.169103792610001e-18,
		"phil3_23":{
			"Re":-2.2819806011063517e-19,
			"Im":-1.9468943955107535e-19
		},
		"phil3_33":-1.8576497968590125e-14,
		"phiq1_11":-1.8190835295658952e-13,
		"phiq1_22":-1.8190835295658952e-13,
		"phiq1_33":-1.8190835295658952e-13,
		"phiu_11":-7.276334118263581e-13,
		"phiu_22":-7.276334118263581e-13,
		"phiu_33":-7.276334118263581e-13,
		"ld_1111":-3.6381670591317904e-13,
		"ld_1122":-3.6381670591317904e-13,
		"ld_1133":-3.6381670591317904e-13,
		"ld_2211":-3.6381670591317904e-13,
		"ld_2222":-3.6381670591317904e-13,
		"ld_2233":-3.6381670591317904e-13,
		"ld_3311":-3.6381670591317904e-13,
		"ld_3322":-3.6381670591317904e-13,
		"ld_3333":-3.6381670591317904e-13,
		"le_1111":1.6012617309111068e-11,
		"le_1112":{
			"Re":-2.1665261895014682e-17,
			"Im":-1.8123450550419278e-17
		},
		"le_1113":{
			"Re":-1.1925373273682984e-14,
			"Im":-7.069356218013138e-16
		},
		"le_1122":6.759664761868033e-13,
		"le_1123":{
			"Re":3.817533817273814e-15,
			"Im":3.2483708217924425e-15
		},
		"le_1133":1.740612050343449e-11,
		"le_2211":1.6012617309111068e-11,
		"le_2212":{
			"Re":-2.1665261895014682e-17,
			"Im":-1.8123450550419278e-17
		},
		"le_2213":{
			"Re":-1.1925373273682984e-14,
			"Im":-7.069356218013138e-16
		},
		"le_2222":6.759664761868033e-13,
		"le_2223":{
			"Re":3.817533817273814e-15,
			"Im":3.2483708217924425e-15
		},
		"le_2233":1.740612050343449e-11,
		"le_3311":1.6012617309111068e-11,
		"le_3312":{
			"Re":-2.1665261895014682e-17,
			"Im":-1.8123450550419278e-17
		},
		"le_3313":{
			"Re":-1.1925373273682984e-14,
			"Im":-7.069356218013138e-16
		},
		"le_3322":6.759664761868033e-13,
		"le_3323":{
			"Re":3.817533817273814e-15,
			"Im":3.2483708217924425e-15
		},
		"le_3333":1.740612050343449e-11,
		"ll_1111":-2.728625294348843e-13,
		"ll_1122":-5.457250588697686e-13,
		"ll_1133":-5.457250588697686e-13,
		"ll_2222":-2.728625294348843e-13,
		"ll_2233":-5.457250588697686e-13,
		"ll_3333":-2.728625294348843e-13,
		"lq1_1111":1.8190835295658952e-13,
		"lq1_1122":1.8190835295658952e-13,
		"lq1_1133":1.8190835295658952e-13,
		"lq1_2211":1.8190835295658952e-13,
		"lq1_2222":1.8190835295658952e-13,
		"lq1_2233":1.8190835295658952e-13,
		"lq1_3311":1.8190835295658952e-13,
		"lq1_3322":1.8190835295658952e-13,
		"lq1_3333":1.8190835295658952e-13,
		"lu_1111":7.276334118263581e-13,
		"lu_1122":7.276334118263581e-13,
		"lu_1133":7.276334118263581e-13,
		"lu_2211":7.276334118263581e-13,
		"lu_2222":7.276334118263581e-13,
		"lu_2233":7.276334118263581e-13,