{
	"eft":"SMEFT",
	"basis":"Warsaw",
	"scale":1000,
	"values":{
		"dd_1111":-1.059899417800966e-13,
		"dd_1122":-2.119798835601932e-13,
		"dd_1133":-2.119798835601932e-13,
		"dd_2222":-1.059899417800966e-13,
		"dd_2233":-2.119798835601932e-13,
		"dd_3333":-1.059899417800966e-13,
		"eB_11":3.989038644239215e-16,
		"eB_13":{
			"Re":-1.743977597699532e-18,
			"Im":-2.663725714066173e-19
		},
		"eB_21":{
			"Re":1.1261996264029816e-18,
			"Im":-8.038644551601414e-19
		},
		"eB_22":6.011378469305104e-14,
		"eB_23":{
			"Re":5.140762970114503e-17,
			"Im":-3.579297353034617e-17
		},
		"eB_31":{
			"Re":-6.064434662779325e-15,
			"Im":9.262728244805503e-16
		},
		"eB_32":{
			"Re":8.645443824044676e-16,
			"Im":6.019459441158279e-16
		},
		"eB_33":2.796575221040641e-13,
		"ed_1111":2.5515479053830572e-11,
		"ed_1122":2.5515479053830572e-11,
		"ed_1133":2.5515479053830572e-11,
		"ed_1211":{
			"Re":3.595604151861562e-16,
			"Im":2.5789891196061493e-16
		},
		"ed_1222":{
			"Re":3.595604151861562e-16,
			"Im":2.5789891196061493e-16
		},
		"ed_1233":{
			"Re":3.595604151861562e-16,
			"Im":2.5789891196061493e-16
		},
		"ed_1311":{
			"Re":-1.1466907638298328e-13,
			"Im":-1.7508458177483763e-14
		},
		"ed_1322":{
			"Re":-1.1466907638298328e-13,
			"Im":-1.7508458177483763e-14
		},
		"ed_1333":{
			"Re":-1.1466907638298328e-13,
			"Im":-1.7508458177483763e-14
		},
		"ed_2211":1.8349765541814416e-11,
		"ed_2222":1.8349765541814416e-11,
		"ed_2233":1.8349765541814416e-11,
		"ed_2311":{
			"Re":1.6766674728255265e-14,
			"Im":-1.1654719657406861e-14
		},
		"ed_2322":{
			"Re":1.6766674728255265e-14,
			"Im":-1.1654719657406861e-14
		},
		"ed_2333":{
			"Re":1.6766674728255265e-14,
			"Im":-1.1654719657406861e-14
		},
		"ed_3311":4.577265862936782e-12,
		"ed_3322":4.577265862936782e-12,
		"ed_3333":4.577265862936782e-12,
		"ee_1111":-1.3881096729637603e-9,
		"ee_1112":{
			"Re":6.372921139472696e-14,
			"Im":-3.982966438518008e-15
		},
		"ee_1113":{
			"Re":6.297395338964937e-12,
			"Im":3.710037663566099e-12
		},
		"ee_1122":-4.25881507002689e-9,
		"ee_1123":{
			"Re":-3.764031099238256e-12,
			"Im":2.6181895040671286e-12
		},
		"ee_1133":-1.118571611780244e-9,
		"ee_1212":{
			"Re":9.345524131539086e-10,
			"Im":6.173596243554901e-10
		},
		"ee_1213":{
			"Re":2.2468304556748482e-11,
			"Im":-2.037778348591941e-15
		},
		"ee_1222":{
			"Re":5.000826228948364e-14,
			"Im":-1.7224536078645332e-14
		},
		"ee_1223":{
			"Re":1.8886810298267033e-11,
			"Im":2.8832081910616414e-12
		},
		"ee_1232":{
			"Re":-1.2017056442275367e-11,
			"Im":-7.701956630774484e-12
		},
		"ee_1233":{
			"Re":-2.8688133639865496e-13,
			"Im":7.058146918068489e-15
		},
		"ee_1313":{
			"Re":-2.5417503632274773e-10,
			"Im":1.6588928762536503e-10
		},
		"ee_1323":{
			"Re":4.931478671301533e-16,
			"Im":1.5366397376423198e-14
		},
		"ee_1333":{
			"Re":8.165874267102336e-12,
			"Im":-1.4017637330882233e-12
		},
		"ee_2222":-7.339815154594168e-10,
		"ee_2223":{
			"Re":1.0796361099359328e-11,
			"Im":-7.038338478648343e-12
		},
		"ee_2233":-8.09972334035555e-10,
		"ee_2323":{
			"Re":-8.697274769840103e-11,
			"Im":2.0086615721683723e-10
		},
		"ee_2333":{
			"Re":-4.391319821610311e-12,
			"Im":2.8970657743059465e-12
		},
		"ee_3333":-4.744226548575001e-11,
		"ephi_11":1.317829166952201e-16,
		"ephi_13":{
			"Re":-5.78375045352609e-19,
			"Im":-8.831895850972178e-20
		},
		"ephi_21":{
			"Re":3.738958253269812e-19,
			"Im":-2.67805429009309e-19
		},
		"ephi_22":1.980491816742322e-14,
		"ephi_23":{
			"Re":1.735901712365844e-17,
			"Im":-1.2072151191970562e-17
		},
		"ephi_31":{
			"Re":-2.007652966460966e-15,
			"Im":3.0657225779315546e-16
		},
		"ephi_32":{
			"Re":2.914277979743701e-16,
			"Im":2.026700718279527e-16
		},
		"ephi_33":9.181740978104839e-14,
		"eu_1111":-5.1030958107661144e-11,
		"eu_1122":-5.1030958107661144e-11,
		"eu_1133":-5.1030958107661144e-11,
		"eu_1211":{
			"Re":-7.191208303723124e-16,
			"Im":-5.157978239212299e-16
		},
		"eu_1222":{
			"Re":-7.191208303723124e-16,
			"Im":-5.157978239212299e-16
		},
		"eu_1233":{
			"Re":-7.191208303723124e-16,
			"Im":-5.157978239212299e-16
		},
		"eu_1311":{
			"Re":2.2933815276596656e-13,
			"Im":3.5016916354967527e-14
		},
		"eu_1322":{
			"Re":2.2933815276596656e-13,
			"Im":3.5016916354967527e-14
		},
		"eu_1333":{
			"Re":2.2933815276596656e-13,
			"Im":3.5016916354967527e-14
		},
		"eu_2211":-3.669953108362883e-11,
		"eu_2222":-3.669953108362883e-11,
		"eu_2233":-3.669953108362883e-11,
		"eu_2311":{
			"Re":-3.353334945651053e-14,
			"Im":2.3309439314813723e-14
		},
		"eu_2322":{
			"Re":-3.353334945651053e-14,
			"Im":2.3309439314813723e-14
		},
		"eu_2333":{
			"Re":-3.353334945651053e-14,
			"Im":2.3309439314813723e-14
		},
		"eu_3311":-9.154531725873564e-12,
		"eu_3322":-9.154531725873564e-12,
		"eu_3333":-9.154531725873564e-12,
		"phi":2.972428162742434e-15,
		"phiB":-6.455885595732985e-13,
		"phiBox":-3.2586188477509906e-13,
		"phid_11":3.1796982534028976e-13,
		"phid_22":3.1796982534028976e-13,
		"phid_33":3.1796982534028976e-13,
		"phiD":-9.539094760208693e-13,
		"phie_11":-3.8273218580745857e-11,
		"phie_12":{
			"Re":-5.393406227792333e-16,
			"Im":-3.8684836794092164e-16
		},
		"phie_13":{
			"Re":1.7200361457447488e-13,
			"Im":2.6262687266225636e-14
		},
		"phie_22":-2.7524648312721605e-11,
		"phie_23":{
			"Re":-2.5150012092382715e-14,
			"Im":1.7482079486110166e-14
		},
		"phie_33":-6.86589879440518e-12,
		"phil1_11":4.769547347075202e-13,
		"phil1_13":5.0213374947888693e-20,
		"phil1_22":4.768518196477327e-13,
		"phil1_23":{
			"Re":-1.4801512294486213e-18,
			"Im":1.030567137301486e-18
		},
		"phil1_33":4.689027148462998e-13,
		"phil3_13":5.0213374947888693e-20,
		"phil3_22":-1.0291836270194197e-16,
		"phil3_23":{
			"Re":-1.4801512294486213e-18,
			"Im":1.030567137301486e-18
		},
		"phil3_33":-8.052023164134811e-15,
		"phiq1_11":-1.5898491267014488e-13,
		"phiq1_22":-1.5898491267014488e-13,
		"phiq1_33":-1.5898491267014488e-13,
		"phiu_11":-6.359396506805795e-13,
		"phiu_22":-6.359396506805795e-13,
		"phiu_33":-6.359396506805795e-13,
		"ld_1111":-3.1796982534028976e-13,
		"ld_1122":-3.1796982534028976e-13,
		"ld_1133":-3.1796982534028976e-13,
		"ld_2211":-3.1796982534028976e-13,
		"ld_2222":-3.1796982534028976e-13,
		"ld_2233":-3.1796982534028976e-13,
		"ld_3311":-3.1796982534028976e-13,
		"ld_3322":-3.1796982534028976e-13,
		"ld_3333":-3.1796982534028976e-13,
		"le_1111":3.8273218580745857e-11,
		"le_1112":{
			"Re":5.393406227792333e-16,
			"Im":3.8684836794092164e-16
		},
		"le_1113":{
			"Re":-1.7200361457447488e-13,
			"Im":-2.6262687266225636e-14
		},
		"le_1122":2.7524648312721605e-11,
		"le_1123":{
			"Re":2.5150012092382715e-14,
			"Im":-1.7482079486110166e-14
		},
		"le_1133":6.86589879440518e-12,
		"le_2211":3.8273218580745857e-11,
		"le_2212":{
			"Re":5.393406227792333e-16,
			"Im":3.8684836794092164e-16
		},
		"le_2213":{
			"Re":-1.7200361457447488e-13,
			"Im":-2.6262687266225636e-14
		},
		"le_2222":2.7524648312721605e-11,
		"le_2223":{
			"Re":2.5150012092382715e-14,
			"Im":-1.7482079486110166e-14
		},
		"le_2233":6.86589879440518e-12,
		"le_3311":3.8273218580745857e-11,
		"le_3312":{
			"Re":5.393406227792333e-16,
			"Im":3.8684836794092164e-16
		},
		"le_3313":{
			"Re":-1.7200361457447488e-13,
			"Im":-2.6262687266225636e-14
		},
		"le_3322":2.7524648312721605e-11,
		"le_3323":{
			"Re":2.5150012092382715e-14,
			"Im":-1.7482079486110166e-14
		},
		"le_3333":6.86589879440518e-12,
		"ll_1111":-2.3847736900521733e-13,
		"ll_1122":-4.769547380104347e-13,
		"ll_1133":-4.769547380104347e-13,
		"ll_2222":-2.3847736900521733e-13,
		"ll_2233":-4.769547380104347e-13,
		"ll_3333":-2.3847736900521733e-13,
		"lq1_1111":1.5898491267014488e-13,
		"lq1_1122":1.5898491267014488e-13,
		"lq1_1133":1.5898491267014488e-13,
		"lq1_2211":1.5898491267014488e-13,
		"lq1_2222":1.5898491267014488e-13,
		"lq1_2233":1.5898491267014488e-13,
		"lq1_3311":1.5898491267014488e-13,