{
	"eft":"SMEFT",
	"basis":"Warsaw",
	"scale":1000,
	"values":{
		"dd_1111":-2.947825033730748e-13,
		"dd_1122":-5.895650067461496e-13,
		"dd_1133":-5.895650067461496e-13,
		"dd_2222":-2.947825033730748e-13,
		"dd_2233":-5.895650067461496e-13,
		"dd_3333":-2.947825033730748e-13,
		"eB_11":7.160191447386737e-16,
		"eB_12":{
			"Re":-4.840055818849828e-18,
			"Im":3.337681622911093e-17
		},
		"eB_13":{
			"Re":6.433758569843949e-17,
			"Im":-4.830495930424029e-16
		},
		"eB_21":{
			"Re":-1.000783361682336e-15,
			"Im":-6.901358909526157e-15
		},
		"eB_22":2.495846295744611e-14,
		"eB_23":{
			"Re":-4.724681940348967e-15,
			"Im":3.8355890725595447e-17
		},
		"eB_31":{
			"Re":2.237248261352806e-13,
			"Im":1.6797364253715057e-12
		},
		"eB_32":{
			"Re":-7.945702328472739e-14,
			"Im":-6.450476330402454e-16
		},
		"eB_33":1.56214725932815e-12,
		"ed_1111":4.368838423716471e-11,
		"ed_1122":4.368838423716471e-11,
		"ed_1133":4.368838423716471e-11,
		"ed_1211":{
			"Re":-3.0700637765475893e-13,
			"Im":2.1164908726714883e-12
		},
		"ed_1222":{
			"Re":-3.0700637765475893e-13,
			"Im":2.1164908726714883e-12
		},
		"ed_1233":{
			"Re":-3.0700637765475893e-13,
			"Im":2.1164908726714883e-12
		},
		"ed_1311":{
			"Re":4.079768042395712e-12,
			"Im":-3.06307392730392e-11
		},
		"ed_1322":{
			"Re":4.079768042395712e-12,
			"Im":-3.06307392730392e-11
		},
		"ed_1333":{
			"Re":4.079768042395712e-12,
			"Im":-3.06307392730392e-11
		},
		"ed_2211":5.964631473994688e-12,
		"ed_2222":5.964631473994688e-12,
		"ed_2233":5.964631473994688e-12,
		"ed_2311":{
			"Re":-1.447196291691659e-12,
			"Im":1.1757332780517039e-14
		},
		"ed_2322":{
			"Re":-1.447196291691659e-12,
			"Im":1.1757332780517039e-14
		},
		"ed_2333":{
			"Re":-1.447196291691659e-12,
			"Im":1.1757332780517039e-14
		},
		"ed_3311":2.6771503475437483e-11,
		"ed_3322":2.6771503475437483e-11,
		"ed_3333":2.6771503475437483e-11,
		"ee_1111":-1.93167651559963e-9,
		"ee_1112":{
			"Re":9.930048714421043e-12,
			"Im":-1.6787715836582054e-10
		},
		"ee_1113":{
			"Re":-9.863636769327665e-11,
			"Im":2.413558831157733e-9
		},
		"ee_1122":-9.955746167207388e-10,
		"ee_1123":{
			"Re":1.9484792429368295e-10,
			"Im":-2.964872000143167e-12
		},
		"ee_1133":-3.769587761061477e-9,
		"ee_1212":{
			"Re":-1.4509979475356145e-10,
			"Im":1.9096458869802744e-10
		},
		"ee_1213":{
			"Re":-1.2696579521962019e-10,
			"Im":-1.3201904114351597e-11
		},
		"ee_1222":{
			"Re":3.1035004947323926e-11,
			"Im":-3.596450669078549e-11
		},
		"ee_1223":{
			"Re":-8.97401846397483e-11,
			"Im":6.842572143193297e-10
		},
		"ee_1232":{
			"Re":-3.5282002918640366e-10,
			"Im":-1.5657348989850281e-10
		},
		"ee_1233":{
			"Re":7.438388093547774e-12,
			"Im":-1.925728062531381e-10
		},
		"ee_1313":{
			"Re":7.770120794286418e-10,
			"Im":2.7447613661913203e-10
		},
		"ee_1323":{
			"Re":2.3108638843681655e-11,
			"Im":-6.350310964936787e-11
		},
		"ee_1333":{
			"Re":-4.3473459649206746e-10,
			"Im":1.578980222617273e-9
		},
		"ee_2222":-3.2754234303439806e-11,
		"ee_2223":{
			"Re":2.946983677831381e-11,
			"Im":-1.7217003981384975e-11
		},
		"ee_2233":-6.190010266047101e-10,
		"ee_2323":{
			"Re":6.173498719422611e-11,
			"Im":1.2062928033412045e-10
		},
		"ee_2333":{
			"Re":8.110205251160526e-11,
			"Im":1.612361514589985e-11
		},
		"ee_3333":-8.302192966697479e-10,
		"ephi_11":-4.145837893088914e-17,
		"ephi_12":{
			"Re":2.8006284522075835e-19,
			"Im":-1.9309090736731094e-18
		},
		"ephi_13":{
			"Re":-3.684361933034792e-18,
			"Im":2.766213719097782e-17
		},
		"ephi_21":{
			"Re":5.791096459112395e-17,
			"Im":3.992704127593508e-16
		},
		"ephi_22":-1.4543806108888235e-15,
		"ephi_23":{
			"Re":2.7033152663178947e-16,
			"Im":-2.1957587061300103e-18
		},
		"ephi_31":{
			"Re":-1.2943333633863725e-14,
			"Im":-9.717837352750781e-14
		},
		"ephi_32":{
			"Re":4.592815850453668e-15,
			"Im":3.730479307574058e-17
		},
		"ephi_33":-8.957715479539937e-14,
		"eu_1111":-8.737676847432942e-11,
		"eu_1122":-8.737676847432942e-11,
		"eu_1133":-8.737676847432942e-11,
		"eu_1211":{
			"Re":6.140127553095179e-13,
			"Im":-4.2329817453429766e-12
		},
		"eu_1222":{
			"Re":6.140127553095179e-13,
			"Im":-4.2329817453429766e-12
		},
		"eu_1233":{
			"Re":6.140127553095179e-13,
			"Im":-4.2329817453429766e-12
		},
		"eu_1311":{
			"Re":-8.159536084791424e-12,
			"Im":6.12614785460784e-11
		},
		"eu_1322":{
			"Re":-8.159536084791424e-12,
			"Im":6.12614785460784e-11
		},
		"eu_1333":{
			"Re":-8.159536084791424e-12,
			"Im":6.12614785460784e-11
		},
		"eu_2211":-1.1929262947989376e-11,
		"eu_2222":-1.1929262947989376e-11,
		"eu_2233":-1.1929262947989376e-11,
		"eu_2311":{
			"Re":2.894392583383318e-12,
			"Im":-2.3514665561034078e-14
		},
		"eu_2322":{
			"Re":2.894392583383318e-12,
			"Im":-2.3514665561034078e-14
		},
		"eu_2333":{
			"Re":2.894392583383318e-12,
			"Im":-2.3514665561034078e-14
		},
		"eu_3311":-5.3543006950874966e-11,
		"eu_3322":-5.3543006950874966e-11,
		"eu_3333":-5.3543006950874966e-11,
		"phi":-4.764241484194593e-17,
		"phiB":3.2191508235416287e-13,
		"phiBox":-6.710727440849031e-13,
		"phid_11":8.843475101192242e-13,
		"phid_22":8.843475101192242e-13,
		"phid_33":8.843475101192242e-13,
		"phiD":-2.6530425303576727e-12,
		"phie_11":-6.553257635574706e-11,
		"phie_12":{
			"Re":4.605095664821382e-13,
			"Im":-3.1747363090072312e-12
		},
		"phie_13":{
			"Re":-6.119652063593568e-12,
			"Im":4.594610890955879e-11
		},
		"phie_22":-8.94694721099202e-12,
		"phie_23":{
			"Re":2.170794437537489e-12,
			"Im":-1.7635999170775567e-14
		},
		"phie_33":-4.0157255213156216e-11,
		"phil1_11":1.3265212592502148e-12,
		"phil1_12":{
			"Re":0.0,
			"Im":-5.714308782991652e-20
		},
		"phil1_13":{
			"Re":-1.8524362458434864e-18,
			"Im":1.3908177700137055e-17
		},
		"phil1_22":1.3264785348108142e-12,
		"phil1_23":{
			"Re":1.36035133761583e-16,
			"Im":-1.1043597836377632e-18
		},
		"phil1_33":1.2815432298187886e-12,
		"phil3_12":{
			"Re":0.0,
			"Im":-5.714308782991652e-20
		},
		"phil3_13":{
			"Re":-1.8524362458434864e-18,
			"Im":1.3908177700137055e-17
		},
		"phil3_22":-4.273036802213444e-17,
		"phil3_23":{
			"Re":1.36035133761583e-16,
			"Im":-1.1043597836377632e-18
		},
		"phil3_33":-4.497803536004781e-14,
		"phiq1_11":-4.421737550596121e-13,
		"phiq1_22":-4.421737550596121e-13,
		"phiq1_33":-4.421737550596121e-13,
		"phiu_11":-1.7686950202384484e-12,
		"phiu_22":-1.7686950202384484e-12,
		"phiu_33":-1.7686950202384484e-12,
		"ld_1111":-8.843475101192242e-13,
		"ld_1122":-8.843475101192242e-13,
		"ld_1133":-8.843475101192242e-13,
		"ld_2211":-8.843475101192242e-13,
		"ld_2222":-8.843475101192242e-13,
		"ld_2233":-8.843475101192242e-13,
		"ld_3311":-8.843475101192242e-13,
		"ld_3322":-8.843475101192242e-13,
		"ld_3333":-8.843475101192242e-13,
		"le_1111":6.553257635574706e-11,
		"le_1112":{
			"Re":-4.605095664821382e-13,
			"Im":3.1747363090072312e-12
		},
		"le_1113":{
			"Re":6.119652063593568e-12,
			"Im":-4.594610890955879e-11
		},
		"le_1122":8.94694721099202e-12,
		"le_1123":{
			"Re":-2.170794437537489e-12,
			"Im":1.7635999170775567e-14
		},
		"le_1133":4.0157255213156216e-11,
		"le_2211":6.553257635574706e-11,
		"le_2212":{
			"Re":-4.605095664821382e-13,
			"Im":3.1747363090072312e-12
		},
		"le_2213":{
			"Re":6.119652063593568e-12,
			"Im":-4.594610890955879e-11
		},
		"le_2222":8.94694721099202e-12,
		"le_2223":{
			"Re":-2.170794437537489e-12,
			"Im":1.7635999170775567e-14
		},
		"le_2233":4.0157255213156216e-11,
		"le_3311":6.553257635574706e-11,
		"le_3312":{
			"Re":-4.605095664821382e-13,
			"Im":3.1747363090072312e-12
		},
		"le_3313":{
			"Re":6.119652063593568e-12,
			"Im":-4.594610890955879e-11
		},
		"le_3322":8.94694721099202e-12,
		"le_3323":{
			"Re":-2.170794437537489e-12,
			"Im":1.7635999170775567e-14
		},
		"le_3333":4.0157255213156216e-11,
		"ll_1111":-6.632606325894182e-13,
		"ll_1122":-1.3265212651788363e-12,
		"ll_1133":-1.3265212651788363e-12,
		"ll_2222":-6.632606325894182e-13,