{
	"eft":"SMEFT",
	"basis":"Warsaw",
	"scale":1000,
	"values":{
		"dd_1111":-2.1056063782685503e-14,
		"dd_1122":-4.2112127565371005e-14,
		"dd_1133":-4.2112127565371005e-14,
		"dd_2222":-2.1056063782685503e-14,
		"dd_2233":-4.2112127565371005e-14,
		"dd_3333":-2.1056063782685503e-14,
		"eB_11":8.412360539830778e-17,
		"eB_12":{
			"Re":-1.2618108758335086e-20,
			"Im":-5.244340597425556e-20
		},
		"eB_13":{
			"Re":-8.410527286788159e-19,
			"Im":-2.152192667493433e-18
		},
		"eB_21":{
			"Re":-2.6090594352361613e-18,
			"Im":1.0843777446653184e-17
		},
		"eB_22":1.3752714169866214e-14,
		"eB_23":{
			"Re":1.6350206273047604e-17,
			"Im":-4.421298009285069e-18
		},
		"eB_31":{
			"Re":-2.9246415365386226e-15,
			"Im":7.483944650976673e-15
		},
		"eB_32":{
			"Re":2.749685030547673e-16,
			"Im":7.435488426688457e-17
		},
		"eB_33":2.454839763055974e-13,
		"ed_1111":5.188105204406208e-12,
		"ed_1122":5.188105204406208e-12,
		"ed_1133":5.188105204406208e-12,
		"ed_1211":{
			"Re":-7.965152423643629e-16,
			"Im":-3.306565271473815e-15
		},
		"ed_1222":{
			"Re":-7.965152423643629e-16,
			"Im":-3.306565271473815e-15
		},
		"ed_1233":{
			"Re":-7.965152423643629e-16,
			"Im":-3.306565271473815e-15
		},
		"ed_1311":{
			"Re":-5.3011078841918315e-14,
			"Im":-1.3566573320421978e-13
		},
		"ed_1322":{
			"Re":-5.3011078841918315e-14,
			"Im":-1.3566573320421978e-13
		},
		"ed_1333":{
			"Re":-5.3011078841918315e-14,
			"Im":-1.3566573320421978e-13
		},
		"ed_2211":4.077685772442715e-12,
		"ed_2222":4.077685772442715e-12,
		"ed_2233":4.077685772442715e-12,
		"ed_2311":{
			"Re":4.99084396046398e-15,
			"Im":-1.3479898627145259e-15
		},
		"ed_2322":{
			"Re":4.99084396046398e-15,
			"Im":-1.3479898627145259e-15
		},
		"ed_2333":{
			"Re":4.99084396046398e-15,
			"Im":-1.3479898627145259e-15
		},
		"ed_3311":4.335215764955666e-12,
		"ed_3322":4.335215764955666e-12,
		"ed_3333":4.335215764955666e-12,
		"ee_1111":-3.826393374788734e-10,
		"ee_1112":{
			"Re":-2.220696523687529e-14,
			"Im":-1.7463578757611102e-12
		},
		"ee_1113":{
			"Re":-8.466853883846789e-11,
			"Im":-9.595101247341346e-11
		},
		"ee_1122":-1.0072783008882172e-9,
		"ee_1123":{
			"Re":1.2873181521726747e-13,
			"Im":-5.312717058934543e-13
		},
		"ee_1133":{
			"Re":-9.689339249009463e-10,
			"Im":-2.167949024049064e-20
		},
		"ee_1212":{
			"Re":2.3003383113958142e-11,
			"Im":2.1155487271820963e-10
		},
		"ee_1213":{
			"Re":4.148687726693316e-13,
			"Im":-8.910090911205745e-12
		},
		"ee_1222":{
			"Re":-1.973020364598882e-12,
			"Im":6.857416790325039e-13
		},
		"ee_1223":{
			"Re":1.0272890816188822e-11,
			"Im":2.6073943504457565e-11
		},
		"ee_1232":{
			"Re":-1.1524687247230553e-10,
			"Im":-6.896996558310243e-11
		},
		"ee_1233":{
			"Re":4.493782241134885e-12,
			"Im":4.296278586856332e-12
		},
		"ee_1313":{
			"Re":4.6099017184249844e-11,
			"Im":-2.0641265215197833e-10
		},
		"ee_1323":{
			"Re":2.0341853110655153e-12,
			"Im":6.573371419702593e-13
		},
		"ee_1333":{
			"Re":9.713612492881893e-11,
			"Im":1.2917171008120044e-10
		},
		"ee_2222":-2.2032714597602918e-10,
		"ee_2223":{
			"Re":-8.26596201830928e-12,
			"Im":-8.663868030080679e-13
		},
		"ee_2233":-8.431642099183481e-10,
		"ee_2323":{
			"Re":-1.659922509857028e-10,
			"Im":-5.624573075795235e-11
		},
		"ee_2333":{
			"Re":6.206368477700635e-12,
			"Im":1.5442981430955545e-12
		},
		"ee_3333":-2.741497574886694e-10,
		"ephi_11":-1.508142566496485e-17,
		"ephi_13":{
			"Re":1.500445876065431e-19,
			"Im":3.8398153939745274e-19
		},
		"ephi_21":{
			"Re":4.6748743382930915e-19,
			"Im":-1.9413607245638675e-18
		},
		"ephi_22":-2.4664192482702545e-15,
		"ephi_23":{
			"Re":-2.9197156060008874e-18,
			"Im":7.888699132243823e-19
		},
		"ephi_31":{
			"Re":5.234776380736419e-16,
			"Im":-1.33963979474703e-15
		},
		"ephi_32":{
			"Re":-4.92631557323817e-17,
			"Im":-1.3310312536990169e-17
		},
		"ephi_33":-4.387761877130764e-14,
		"eu_1111":-1.0376210408812416e-11,
		"eu_1122":-1.0376210408812416e-11,
		"eu_1133":-1.0376210408812416e-11,
		"eu_1211":{
			"Re":1.5930304847287258e-15,
			"Im":6.61313054294763e-15
		},
		"eu_1222":{
			"Re":1.5930304847287258e-15,
			"Im":6.61313054294763e-15
		},
		"eu_1233":{
			"Re":1.5930304847287258e-15,
			"Im":6.61313054294763e-15
		},
		"eu_1311":{
			"Re":1.0602215768383663e-13,
			"Im":2.7133146640843955e-13
		},
		"eu_1322":{
			"Re":1.0602215768383663e-13,
			"Im":2.7133146640843955e-13
		},
		"eu_1333":{
			"Re":1.0602215768383663e-13,
			"Im":2.7133146640843955e-13
		},
		"eu_2211":-8.15537154488543e-12,
		"eu_2222":-8.15537154488543e-12,
		"eu_2233":-8.15537154488543e-12,
		"eu_2311":{
			"Re":-9.98168792092796e-15,
			"Im":2.6959797254290517e-15
		},
		"eu_2322":{
			"Re":-9.98168792092796e-15,
			"Im":2.6959797254290517e-15
		},
		"eu_2333":{
			"Re":-9.98168792092796e-15,
			"Im":2.6959797254290517e-15
		},
		"eu_3311":-8.670431529911332e-12,
		"eu_3322":-8.670431529911332e-12,
		"eu_3333":-8.670431529911332e-12,
		"phi":-1.0206640464794669e-16,
		"phiB":7.14421744872891e-14,
		"phiBox":-5.2762804304024217e-14,
		"phid_11":6.31681913480565e-14,
		"phid_22":6.31681913480565e-14,
		"phid_33":6.31681913480565e-14,
		"phiD":-1.895045740441695e-13,
		"phie_11":-7.782157806609305e-12,
		"phie_12":{
			"Re":1.1947728635465468e-15,
			"Im":4.9598479072106974e-15
		},
		"phie_13":{
			"Re":7.951661826287677e-14,
			"Im":2.0349859980632775e-13
		},
		"phie_22":-6.116528658664067e-12,
		"phie_23":{
			"Re":-7.486265940696115e-15,
			"Im":2.0219847940718654e-15
		},
		"phie_33":-6.502823647433504e-12,
		"phil1_11":9.475228632554329e-14,
		"phil1_13":{
			"Re":2.421596244802799e-20,
			"Im":6.196688392987189e-20
		},
		"phil1_22":9.472874156021943e-14,
		"phil1_23":{
			"Re":-4.707623762752679e-19,
			"Im":1.272999693284117e-19
		},
		"phil1_33":8.768420371517102e-14,
		"phil3_13":{
			"Re":2.421596244802799e-20,
			"Im":6.196688392987189e-20
		},
		"phil3_22":-2.3545461865322318e-17,
		"phil3_23":{
			"Re":-4.707623762752679e-19,
			"Im":1.272999693284117e-19
		},
		"phil3_33":-7.06808330691374e-15,
		"phiq1_11":-3.158409567402825e-14,
		"phiq1_22":-3.158409567402825e-14,
		"phiq1_33":-3.158409567402825e-14,
		"phiu_11":-1.26336382696113e-13,
		"phiu_22":-1.26336382696113e-13,
		"phiu_33":-1.26336382696113e-13,
		"ld_1111":-6.31681913480565e-14,
		"ld_1122":-6.31681913480565e-14,
		"ld_1133":-6.31681913480565e-14,
		"ld_2211":-6.31681913480565e-14,
		"ld_2222":-6.31681913480565e-14,
		"ld_2233":-6.31681913480565e-14,
		"ld_3311":-6.31681913480565e-14,
		"ld_3322":-6.31681913480565e-14,
		"ld_3333":-6.31681913480565e-14,
		"le_1111":7.782157806609305e-12,
		"le_1112":{
			"Re":-1.1947728635465468e-15,
			"Im":-4.9598479072106974e-15
		},
		"le_1113":{
			"Re":-7.951661826287677e-14,
			"Im":-2.0349859980632775e-13
		},
		"le_1122":6.116528658664067e-12,
		"le_1123":{
			"Re":7.486265940696115e-15,
			"Im":-2.0219847940718654e-15
		},
		"le_1133":6.502823647433504e-12,
		"le_2211":7.782157806609305e-12,
		"le_2212":{
			"Re":-1.1947728635465468e-15,
			"Im":-4.9598479072106974e-15
		},
		"le_2213":{
			"Re":-7.951661826287677e-14,
			"Im":-2.0349859980632775e-13
		},
		"le_2222":6.116528658664067e-12,
		"le_2223":{
			"Re":7.486265940696115e-15,
			"Im":-2.0219847940718654e-15
		},
		"le_2233":6.502823647433504e-12,
		"le_3311":7.782157806609305e-12,
		"le_3312":{
			"Re":-1.1947728635465468e-15,
			"Im":-4.9598479072106974e-15
		},
		"le_3313":{
			"Re":-7.951661826287677e-14,
			"Im":-2.0349859980632775e-13
		},
		"le_3322":6.116528658664067e-12,
		"le_3323":{
			"Re":7.486265940696115e-15,
			"Im":-2.0219847940718654e-15
		},
		"le_3333":6.502823647433504e-12,
		"ll_1111":-4.7376143511042373e-14,
		"ll_1122":-9.475228702208475e-14,
		"ll_1133":-9.475228702208475e-14,
		"ll_2222":-4.7376143511042373e-14,
		"ll_2233":-9.475228702208475e-14,
		"ll_3333":-4.7376143511042373e-14,
		"lq1_1111":3.158409567402825e-14,
		"lq1_1122":3.158409567402825e-14,
		"lq1_1133":3.158409567402825e-14,