{
	"eft":"SMEFT",
	"basis":"Warsaw",
	"scale":1000,
	"values":{
		"dd_1111":-1.4157961278472244e-12,
		"dd_1122":-2.831592255694449e-12,
		"dd_1133":-2.831592255694449e-12,
		"dd_2222":-1.4157961278472244e-12,
		"dd_2233":-2.831592255694449e-12,
		"dd_3333":-1.4157961278472244e-12,
		"eB_11":9.057452476835251e-17,
		"eB_12":{
			"Re":-1.3951031416748946e-18,
			"Im":-2.2124605453218844e-18
		},
		"eB_13":{
			"Re":-2.261598036814237e-16,
			"Im":3.5005884028305554e-16
		},
		"eB_21":{
			"Re":-2.884669235799765e-16,
			"Im":4.574727616804435e-16
		},
		"eB_22":1.1037182091335525e-12,
		"eB_23":{
			"Re":-1.0923909567387199e-15,
			"Im":-2.03876116173779e-15
		},
		"eB_31":{
			"Re":-7.864386300501613e-13,
			"Im":-1.2172799512018987e-12
		},
		"eB_32":{
			"Re":-1.8371212026857884e-14,
			"Im":3.4286729804341714e-14
		},
		"eB_33":7.165643288597159e-12,
		"ed_1111":-2.883835541265941e-12,
		"ed_1122":-2.883835541265941e-12,
		"ed_1133":-2.883835541265941e-12,
		"ed_1211":{
			"Re":-4.955959270525911e-14,
			"Im":-6.912005565168118e-14
		},
		"ed_1222":{
			"Re":-4.955959270525911e-14,
			"Im":-6.912005565168118e-14
		},
		"ed_1233":{
			"Re":-4.955959270525911e-14,
			"Im":-6.912005565168118e-14
		},
		"ed_1311":{
			"Re":-1.4017638129293014e-11,
			"Im":2.1697375326103274e-11
		},
		"ed_1322":{
			"Re":-1.4017638129293014e-11,
			"Im":2.1697375326103274e-11
		},
		"ed_1333":{
			"Re":-1.4017638129293014e-11,
			"Im":2.1697375326103274e-11
		},
		"ed_2211":3.232035742955466e-10,
		"ed_2222":3.232035742955466e-10,
		"ed_2233":3.232035742955466e-10,
		"ed_2311":{
			"Re":-1.4397659337314702e-13,
			"Im":-2.7477983228963463e-13
		},
		"ed_2322":{
			"Re":-1.4397659337314702e-13,
			"Im":-2.7477983228963463e-13
		},
		"ed_2333":{
			"Re":-1.4397659337314702e-13,
			"Im":-2.7477983228963463e-13
		},
		"ed_3311":1.192264353397389e-10,
		"ed_3322":1.192264353397389e-10,
		"ed_3333":1.192264353397389e-10,
		"ee_1111":-5.517677803497702e-12,
		"ee_1112":{
			"Re":-1.5109227527132426e-11,
			"Im":-2.7141461672987674e-11
		},
		"ee_1113":{
			"Re":6.3891847823267446e-12,
			"Im":-9.69398990957869e-12
		},
		"ee_1122":3.2096817380476374e-10,
		"ee_1123":{
			"Re":-1.2936975375077642e-10,
			"Im":-2.3814123938068534e-10
		},
		"ee_1133":-4.865180758126276e-10,
		"ee_1212":{
			"Re":4.6287829102336145e-11,
			"Im":-7.321997197377077e-11
		},
		"ee_1213":{
			"Re":1.520575357999131e-10,
			"Im":9.985858871385145e-12
		},
		"ee_1222":{
			"Re":8.729089786747643e-10,
			"Im":1.597203997238155e-9
		},
		"ee_1223":{
			"Re":1.5036543229976201e-9,
			"Im":-2.3220812580382247e-9
		},
		"ee_1232":{
			"Re":-7.593300094851745e-10,
			"Im":1.4489987413933857e-12
		},
		"ee_1233":{
			"Re":-6.40662542255751e-10,
			"Im":-1.1714695125299203e-9
		},
		"ee_1313":{
			"Re":8.300723239135298e-11,
			"Im":1.8498356268138744e-10
		},
		"ee_1323":{
			"Re":6.673929363952077e-10,
			"Im":4.9032430564485606e-11
		},
		"ee_1333":{
			"Re":1.0667898569371797e-9,
			"Im":-1.6495482249224851e-9
		},
		"ee_2222":-3.280042786639072e-8,
		"ee_2223":{
			"Re":4.2921467903183945e-9,
			"Im":7.873215856847782e-9
		},
		"ee_2233":-1.2722789313160314e-8,
		"ee_2323":{
			"Re":1.0169032598252475e-9,
			"Im":-1.5783489904062324e-9
		},
		"ee_2333":{
			"Re":-1.58339267280344e-9,
			"Im":-2.902960252265192e-9
		},
		"ee_3333":-4.677559530676509e-9,
		"ephi_11":1.321428102593483e-15,
		"ephi_12":{
			"Re":-1.4296132784210726e-17,
			"Im":-2.1114915933134017e-17
		},
		"ephi_13":{
			"Re":-3.30088739736949e-15,
			"Im":5.109295653858332e-15
		},
		"ephi_21":{
			"Re":-2.9560256040539637e-15,
			"Im":4.365952116884994e-15
		},
		"ephi_22":1.6137443131166827e-11,
		"ephi_23":{
			"Re":-9.710001737353695e-15,
			"Im":-1.832836893684613e-14
		},
		"ephi_31":{
			"Re":-1.1477905392463992e-11,
			"Im":-1.7766135315421205e-11
		},
		"ephi_32":{
			"Re":-1.6328654736385643e-13,
			"Im":3.082160418846771e-13
		},
		"ephi_33":1.0458489599790711e-10,
		"eu_1111":5.767671082531882e-12,
		"eu_1122":5.767671082531882e-12,
		"eu_1133":5.767671082531882e-12,
		"eu_1211":{
			"Re":9.911918541051822e-14,
			"Im":1.3824011130336237e-13
		},
		"eu_1222":{
			"Re":9.911918541051822e-14,
			"Im":1.3824011130336237e-13
		},
		"eu_1233":{
			"Re":9.911918541051822e-14,
			"Im":1.3824011130336237e-13
		},
		"eu_1311":{
			"Re":2.8035276258586028e-11,
			"Im":-4.339475065220655e-11
		},
		"eu_1322":{
			"Re":2.8035276258586028e-11,
			"Im":-4.339475065220655e-11
		},
		"eu_1333":{
			"Re":2.8035276258586028e-11,
			"Im":-4.339475065220655e-11
		},
		"eu_2211":-6.464071485910932e-10,
		"eu_2222":-6.464071485910932e-10,
		"eu_2233":-6.464071485910932e-10,
		"eu_2311":{
			"Re":2.8795318674629404e-13,
			"Im":5.495596645792693e-13
		},
		"eu_2322":{
			"Re":2.8795318674629404e-13,
			"Im":5.495596645792693e-13
		},
		"eu_2333":{
			"Re":2.8795318674629404e-13,
			"Im":5.495596645792693e-13
		},
		"eu_3311":-2.384528706794778e-10,
		"eu_3322":-2.384528706794778e-10,
		"eu_3333":-2.384528706794778e-10,
		"phi":3.853992239337888e-9,
		"phiB":-3.9632033792239165e-10,
		"phiBox":-2.468540657850625e-9,
		"phid_11":4.2473883835416734e-12,
		"phid_22":4.2473883835416734e-12,
		"phid_33":4.2473883835416734e-12,
		"phiD":-1.274216515062502e-11,
		"phie_11":4.325753311898911e-12,
		"phie_12":{
			"Re":7.433938905789029e-14,
			"Im":1.0368008347752662e-13
		},
		"phie_13":{
			"Re":2.1026457193939523e-11,
			"Im":-3.2546062989154915e-11
		},
		"phie_22":-4.8480536144332e-10,
		"phie_23":{
			"Re":2.159648900597464e-13,
			"Im":4.121697484344778e-13
		},
		"phie_33":-1.7883965300960837e-10,
		"phil1_11":6.371082574562555e-12,
		"phil1_13":{
			"Re":6.511693175059224e-18,
			"Im":-1.0079049079611275e-17
		},
		"phil1_22":6.3691929443144225e-12,
		"phil1_23":{
			"Re":3.145260396278406e-17,
			"Im":5.87009138067956e-17
		},
		"phil1_33":6.164766201944082e-12,
		"phil3_13":{
			"Re":6.511693175059224e-18,
			"Im":-1.0079049079611275e-17
		},
		"phil3_22":-1.889630998087463e-15,
		"phil3_23":{
			"Re":3.145260396278406e-17,
			"Im":5.87009138067956e-17
		},
		"phil3_33":-2.0631637336842807e-13,
		"phiq1_11":-2.1236941917708367e-12,
		"phiq1_22":-2.1236941917708367e-12,
		"phiq1_33":-2.1236941917708367e-12,
		"phiu_11":-8.494776767083347e-12,
		"phiu_22":-8.494776767083347e-12,
		"phiu_33":-8.494776767083347e-12,
		"ld_1111":-4.2473883835416734e-12,
		"ld_1122":-4.2473883835416734e-12,
		"ld_1133":-4.2473883835416734e-12,
		"ld_2211":-4.2473883835416734e-12,
		"ld_2222":-4.2473883835416734e-12,
		"ld_2233":-4.2473883835416734e-12,
		"ld_3311":-4.2473883835416734e-12,
		"ld_3322":-4.2473883835416734e-12,
		"ld_3333":-4.2473883835416734e-12,
		"le_1111":-4.325753311898911e-12,
		"le_1112":{
			"Re":-7.433938905789029e-14,
			"Im":-1.0368008347752662e-13
		},
		"le_1113":{
			"Re":-2.1026457193939523e-11,
			"Im":3.2546062989154915e-11
		},
		"le_1122":4.8480536144332e-10,
		"le_1123":{
			"Re":-2.159648900597464e-13,
			"Im":-4.121697484344778e-13
		},
		"le_1133":1.7883965300960837e-10,
		"le_2211":-4.325753311898911e-12,
		"le_2212":{
			"Re":-7.433938905789029e-14,
			"Im":-1.0368008347752662e-13
		},
		"le_2213":{
			"Re":-2.1026457193939523e-11,
			"Im":3.2546062989154915e-11
		},
		"le_2222":4.8480536144332e-10,
		"le_2223":{
			"Re":-2.159648900597464e-13,
			"Im":-4.121697484344778e-13
		},
		"le_2233":1.7883965300960837e-10,
		"le_3311":-4.325753311898911e-12,
		"le_3312":{
			"Re":-7.433938905789029e-14,
			"Im":-1.0368008347752662e-13
		},
		"le_3313":{
			"Re":-2.1026457193939523e-11,
			"Im":3.2546062989154915e-11
		},
		"le_3322":4.8480536144332e-10,
		"le_3323":{
			"Re":-2.159648900597464e-13,
			"Im":-4.121697484344778e-13
		},
		"le_3333":1.7883965300960837e-10,
		"ll_1111":-3.185541287656255e-12,
		"ll_1122":-6.37108257531251e-12,
		"ll_1133":-6.37108257531251e-12,
		"ll_2222":-3.185541287656255e-12,
		"ll_2233":-6.37108257531251e-12,
		"ll_3333":-3.185541287656255e-12,
		"lq1_1111":2.1236941917708367e-12,