{
	"eft":"SMEFT",
	"basis":"Warsaw",
	"scale":1000,
	"values":{
		"dd_1111":-4.866299206550018e-14,
		"dd_1122":-9.732598413100037e-14,
		"dd_1133":-9.732598413100037e-14,
		"dd_2222":-4.866299206550018e-14,
		"dd_2233":-9.732598413100037e-14,
		"dd_3333":-4.866299206550018e-14,
		"eB_11":6.660773593196874e-17,
		"eB_12":{
			"Re":1.9797894976907157e-19,
			"Im":-2.8937958640634445e-20
		},
		"eB_13":{
			"Re":-1.9345280098758754e-18,
			"Im":4.2306515864163194e-18
		},
		"eB_21":{
			"Re":4.093631278395304e-17,
			"Im":5.9835317220536565e-18
		},
		"eB_22":2.61080332472031e-14,
		"eB_23":{
			"Re":2.102184522508911e-16,
			"Im":-3.3439192284241123e-16
		},
		"eB_31":{
			"Re":-6.727046686083552e-15,
			"Im":-1.4711490652545313e-14
		},
		"eB_32":{
			"Re":3.5353347942284764e-15,
			"Im":5.623613850618659e-15
		},
		"eB_33":2.7689085757008285e-13,
		"ed_1111":4.2527028704554425e-12,
		"ed_1122":4.2527028704554425e-12,
		"ed_1133":4.2527028704554425e-12,
		"ed_1211":{
			"Re":1.3554674556607381e-14,
			"Im":-1.911073343862131e-15
		},
		"ed_1222":{
			"Re":1.3554674556607381e-14,
			"Im":-1.911073343862131e-15
		},
		"ed_1233":{
			"Re":1.3554674556607381e-14,
			"Im":-1.911073343862131e-15
		},
		"ed_1311":{
			"Re":-1.3224764902491786e-13,
			"Im":2.892248847339626e-13
		},
		"ed_1322":{
			"Re":-1.3224764902491786e-13,
			"Im":2.892248847339626e-13
		},
		"ed_1333":{
			"Re":-1.3224764902491786e-13,
			"Im":2.892248847339626e-13
		},
		"ed_2211":8.335725168688305e-12,
		"ed_2222":8.335725168688305e-12,
		"ed_2233":8.335725168688305e-12,
		"ed_2311":{
			"Re":6.976168216454423e-14,
			"Im":-1.1057759848918711e-13
		},
		"ed_2322":{
			"Re":6.976168216454423e-14,
			"Im":-1.1057759848918711e-13
		},
		"ed_2333":{
			"Re":6.976168216454423e-14,
			"Im":-1.1057759848918711e-13
		},
		"ed_3311":5.1427362852901145e-12,
		"ed_3322":5.1427362852901145e-12,
		"ed_3333":5.1427362852901145e-12,
		"ee_1111":-7.463712207997613e-11,
		"ee_1112":{
			"Re":2.3017556170311306e-12,
			"Im":-1.5435505280004576e-12
		},
		"ee_1113":{
			"Re":-4.6298509197624496e-11,
			"Im":-6.997973611530004e-11
		},
		"ee_1122":-6.850981179184543e-10,
		"ee_1123":{
			"Re":-6.700169722833747e-12,
			"Im":6.396541395652811e-12
		},
		"ee_1133":{
			"Re":-3.763891156123066e-10,
			"Im":-3.696170294840254e-20
		},
		"ee_1212":{
			"Re":1.923430831949848e-10,
			"Im":7.709482515280739e-11
		},
		"ee_1213":{
			"Re":1.2359425237575016e-11,
			"Im":1.0061424026304668e-11
		},
		"ee_1222":{
			"Re":2.9588618185532544e-12,
			"Im":6.0251009684683436e-12
		},
		"ee_1223":{
			"Re":2.0875017038912753e-11,
			"Im":-4.458962731264042e-11
		},
		"ee_1232":{
			"Re":-1.413954150891757e-10,
			"Im":4.4333768943014256e-11
		},
		"ee_1233":{
			"Re":-1.1976123169942575e-11,
			"Im":5.70792866551089e-14
		},
		"ee_1313":{
			"Re":2.4790725260638427e-11,
			"Im":-1.2220716125445117e-10
		},
		"ee_1323":{
			"Re":2.4086525546127477e-12,
			"Im":-4.297701786824249e-12
		},
		"ee_1333":{
			"Re":5.5100817903886514e-11,
			"Im":5.0849905072997294e-11
		},
		"ee_2222":{
			"Re":-2.4409684663717936e-10,
			"Im":1.4031693538264846e-20
		},
		"ee_2223":{
			"Re":1.9768628372585454e-11,
			"Im":2.696721148245279e-11
		},
		"ee_2233":{
			"Re":-8.220384987319829e-10,
			"Im":-4.5477953061845744e-20
		},
		"ee_2323":{
			"Re":-4.6798285932510504e-11,
			"Im":-2.4761008771174455e-10
		},
		"ee_2333":{
			"Re":-1.5982115762350156e-11,
			"Im":-6.3527010075783294e-12
		},
		"ee_3333":{
			"Re":-1.0445037714038288e-10,
			"Im":1.7831248121470052e-20
		},
		"ephi_11":-3.251130065909973e-17,
		"ephi_12":{
			"Re":-9.6871874992725e-20,
			"Im":1.3799187923308578e-20
		},
		"ephi_13":{
			"Re":9.4441102321509e-19,
			"Im":-2.065401078623759e-18
		},
		"ephi_21":{
			"Re":-2.0030383130885538e-17,
			"Im":-2.8532848328362778e-18
		},
		"ephi_22":-1.2756621720516036e-14,
		"ephi_23":{
			"Re":-1.0290209979014959e-16,
			"Im":1.632695426404028e-16
		},
		"ephi_31":{
			"Re":3.2880089670211596e-15,
			"Im":7.190785464290849e-15
		},
		"ephi_32":{
			"Re":-1.7326196408357796e-15,
			"Im":-2.7490680687756144e-15
		},
		"ephi_33":-1.3501896740828134e-13,
		"eu_1111":-8.505405740910885e-12,
		"eu_1122":-8.505405740910885e-12,
		"eu_1133":-8.505405740910885e-12,
		"eu_1211":{
			"Re":-2.7109349113214762e-14,
			"Im":3.822146687724262e-15
		},
		"eu_1222":{
			"Re":-2.7109349113214762e-14,
			"Im":3.822146687724262e-15
		},
		"eu_1233":{
			"Re":-2.7109349113214762e-14,
			"Im":3.822146687724262e-15
		},
		"eu_1311":{
			"Re":2.644952980498357e-13,
			"Im":-5.784497694679252e-13
		},
		"eu_1322":{
			"Re":2.644952980498357e-13,
			"Im":-5.784497694679252e-13
		},
		"eu_1333":{
			"Re":2.644952980498357e-13,
			"Im":-5.784497694679252e-13
		},
		"eu_2211":-1.667145033737661e-11,
		"eu_2222":-1.667145033737661e-11,
		"eu_2233":-1.667145033737661e-11,
		"eu_2311":{
			"Re":-1.3952336432908846e-13,
			"Im":2.2115519697837422e-13
		},
		"eu_2322":{
			"Re":-1.3952336432908846e-13,
			"Im":2.2115519697837422e-13
		},
		"eu_2333":{
			"Re":-1.3952336432908846e-13,
			"Im":2.2115519697837422e-13
		},
		"eu_3311":-1.0285472570580229e-11,
		"eu_3322":-1.0285472570580229e-11,
		"eu_3333":-1.0285472570580229e-11,
		"phi":-4.040677244482249e-15,
		"phiB":4.256240829818953e-13,
		"phiBox":-1.9221754918456702e-13,
		"phid_11":1.4598897619650053e-13,
		"phid_22":1.4598897619650053e-13,
		"phid_33":1.4598897619650053e-13,
		"phiD":-4.379669285895016e-13,
		"phie_11":-6.3790543056831654e-12,
		"phie_12":{
			"Re":-2.0332011834911018e-14,
			"Im":2.8666100157931052e-15
		},
		"phie_13":{
			"Re":1.9837147353737619e-13,
			"Im":-4.338373271009424e-13
		},
		"phie_22":-1.2503587753032464e-11,
		"phie_23":{
			"Re":-1.0464252324681671e-13,
			"Im":1.658663977337808e-13
		},
		"phie_33":-7.714104427935168e-12,
		"phil1_11":2.1898346374324031e-13,
		"phil1_13":{
			"Re":5.569978676057825e-20,
			"Im":-1.218107931333654e-19
		},
		"phil1_22":2.1893876579425062e-13,
		"phil1_23":{
			"Re":-6.052702728385344e-18,
			"Im":9.627960257849797e-18
		},
		"phil1_33":2.1101110016051583e-13,
		"phil3_13":{
			"Re":5.569978676057825e-20,
			"Im":-1.218107931333654e-19
		},
		"phil3_22":-4.469850050017922e-17,
		"phil3_23":{
			"Re":-6.052702728385344e-18,
			"Im":9.627960257849797e-18
		},
		"phil3_33":-7.972364134234957e-15,
		"phiq1_11":-7.299448809825027e-14,
		"phiq1_22":-7.299448809825027e-14,
		"phiq1_33":-7.299448809825027e-14,
		"phiu_11":-2.9197795239300106e-13,
		"phiu_22":-2.9197795239300106e-13,
		"phiu_33":-2.9197795239300106e-13,
		"ld_1111":-1.4598897619650053e-13,
		"ld_1122":-1.4598897619650053e-13,
		"ld_1133":-1.4598897619650053e-13,
		"ld_2211":-1.4598897619650053e-13,
		"ld_2222":-1.4598897619650053e-13,
		"ld_2233":-1.4598897619650053e-13,
		"ld_3311":-1.4598897619650053e-13,
		"ld_3322":-1.4598897619650053e-13,
		"ld_3333":-1.4598897619650053e-13,
		"le_1111":6.3790543056831654e-12,
		"le_1112":{
			"Re":2.0332011834911018e-14,
			"Im":-2.8666100157931052e-15
		},
		"le_1113":{
			"Re":-1.9837147353737619e-13,
			"Im":4.338373271009424e-13
		},
		"le_1122":1.2503587753032464e-11,
		"le_1123":{
			"Re":1.0464252324681671e-13,
			"Im":-1.658663977337808e-13
		},
		"le_1133":7.714104427935168e-12,
		"le_2211":6.3790543056831654e-12,
		"le_2212":{
			"Re":2.0332011834911018e-14,
			"Im":-2.8666100157931052e-15
		},
		"le_2213":{
			"Re":-1.9837147353737619e-13,
			"Im":4.338373271009424e-13
		},
		"le_2222":1.2503587753032464e-11,
		"le_2223":{
			"Re":1.0464252324681671e-13,
			"Im":-1.658663977337808e-13
		},
		"le_2233":7.714104427935168e-12,
		"le_3311":6.3790543056831654e-12,
		"le_3312":{
			"Re":2.0332011834911018e-14,
			"Im":-2.8666100157931052e-15
		},
		"le_3313":{
			"Re":-1.9837147353737619e-13,
			"Im":4.338373271009424e-13
		},
		"le_3322":1.2503587753032464e-11,
		"le_3323":{
			"Re":1.0464252324681671e-13,
			"Im":-1.658663977337808e-13
		},
		"le_3333":7.714104427935168e-12,
		"ll_1111":-1.094917321473754e-13,