{
	"eft":"SMEFT",
	"basis":"Warsaw",
	"scale":1000,
	"values":{
		"dd_1111":-2.052166490127874e-13,
		"dd_1122":-4.104332980255748e-13,
		"dd_1133":-4.104332980255748e-13,
		"dd_2222":-2.052166490127874e-13,
		"dd_2233":-4.104332980255748e-13,
		"dd_3333":-2.052166490127874e-13,
		"eB_11":2.9180885456296693e-16,
		"eB_13":{
			"Re":-6.883618978674842e-19,
			"Im":3.370621007452367e-19
		},
		"eB_21":{
			"Re":-2.2656647845075853e-19,
			"Im":-2.4670413252055475e-19
		},
		"eB_22":4.938230491256368e-14,
		"eB_23":{
			"Re":1.8975075741694984e-17,
			"Im":-2.4969801177388932e-17
		},
		"eB_31":{
			"Re":-2.393680835964125e-15,
			"Im":-1.1720856334192415e-15
		},
		"eB_32":{
			"Re":3.19112070203389e-16,
			"Im":4.199279652293936e-16
		},
		"eB_33":7.934003567059636e-14,
		"ed_1111":1.785131039936819e-11,
		"ed_1122":1.785131039936819e-11,
		"ed_1133":1.785131039936819e-11,
		"ed_1211":{
			"Re":-9.175653503126923e-17,
			"Im":8.468389315875419e-17
		},
		"ed_1222":{
			"Re":-9.175653503126923e-17,
			"Im":8.468389315875419e-17
		},
		"ed_1233":{
			"Re":-9.175653503126923e-17,
			"Im":8.468389315875419e-17
		},
		"ed_1311":{
			"Re":-4.378128037745995e-14,
			"Im":2.0620834928595276e-14
		},
		"ed_1322":{
			"Re":-4.378128037745995e-14,
			"Im":2.0620834928595276e-14
		},
		"ed_1333":{
			"Re":-4.378128037745995e-14,
			"Im":2.0620834928595276e-14
		},
		"ed_2211":1.4441476421897246e-11,
		"ed_2222":1.4441476421897246e-11,
		"ed_2233":1.4441476421897246e-11,
		"ed_2311":{
			"Re":6.00593253787649e-15,
			"Im":-7.923644564766792e-15
		},
		"ed_2322":{
			"Re":6.00593253787649e-15,
			"Im":-7.923644564766792e-15
		},
		"ed_2333":{
			"Re":6.00593253787649e-15,
			"Im":-7.923644564766792e-15
		},
		"ed_3311":2.882396624102293e-13,
		"ed_3322":2.882396624102293e-13,
		"ed_3333":2.882396624102293e-13,
		"ee_1111":-3.541033052253011e-10,
		"ee_1112":{
			"Re":4.93880507930179e-13,
			"Im":-1.4423626795482565e-13
		},
		"ee_1113":{
			"Re":-4.202354600177194e-12,
			"Im":6.2757785842994675e-12
		},
		"ee_1122":-1.2641715334240583e-9,
		"ee_1123":{
			"Re":-5.175309216270469e-13,
			"Im":6.729695022706067e-13
		},
		"ee_1133":-7.287186628861603e-11,
		"ee_1212":{
			"Re":-2.9876488583469483e-10,
			"Im":1.816366417465859e-10
		},
		"ee_1213":{
			"Re":-9.337965560037738e-14,
			"Im":4.2272539380150696e-13
		},
		"ee_1222":{
			"Re":-3.9762580750991416e-13,
			"Im":1.0658345797903524e-13
		},
		"ee_1223":{
			"Re":3.046619583458586e-12,
			"Im":-1.466667019839527e-12
		},
		"ee_1232":{
			"Re":9.086248182186734e-12,
			"Im":2.294335083826247e-12
		},
		"ee_1233":{
			"Re":1.2108907996934653e-14,
			"Im":-5.4458824510940795e-15
		},
		"ee_1313":{
			"Re":6.035030457560511e-12,
			"Im":3.412136118820345e-11
		},
		"ee_1323":{
			"Re":-3.684428382826472e-15,
			"Im":3.906811232670073e-14
		},
		"ee_1333":{
			"Re":7.127639886673422e-13,
			"Im":-8.418967670427311e-13
		},
		"ee_2222":-2.251286051658813e-10,
		"ee_2223":{
			"Re":-1.638073708850102e-13,
			"Im":2.833688520557139e-13
		},
		"ee_2233":-5.974182901594845e-11,
		"ee_2323":{
			"Re":1.0389257896997757e-11,
			"Im":-2.670063673839961e-11
		},
		"ee_2333":{
			"Re":9.48810246442497e-15,
			"Im":1.7074396260302292e-14
		},
		"ee_3333":3.747025179613649e-13,
		"ephi_11":-1.9492573078144894e-17,
		"ephi_13":{
			"Re":4.468396871489206e-20,
			"Im":-2.1288143996974323e-20
		},
		"ephi_21":{
			"Re":1.8144734844527894e-20,
			"Im":1.7477014819746695e-20
		},
		"ephi_22":-3.3068185170632427e-15,
		"ephi_23":{
			"Re":-1.2570852118660156e-18,
			"Im":1.6572684781041206e-18
		},
		"ephi_31":{
			"Re":1.5678897763015578e-16,
			"Im":7.471535957607785e-17
		},
		"ephi_32":{
			"Re":-2.1327832380603457e-17,
			"Im":-2.8116929868573844e-17
		},
		"ephi_33":-5.322455115603049e-15,
		"eu_1111":-3.570262079873638e-11,
		"eu_1122":-3.570262079873638e-11,
		"eu_1133":-3.570262079873638e-11,
		"eu_1211":{
			"Re":1.8351307006253846e-16,
			"Im":-1.6936778631750838e-16
		},
		"eu_1222":{
			"Re":1.8351307006253846e-16,
			"Im":-1.6936778631750838e-16
		},
		"eu_1233":{
			"Re":1.8351307006253846e-16,
			"Im":-1.6936778631750838e-16
		},
		"eu_1311":{
			"Re":8.75625607549199e-14,
			"Im":-4.124166985719055e-14
		},
		"eu_1322":{
			"Re":8.75625607549199e-14,
			"Im":-4.124166985719055e-14
		},
		"eu_1333":{
			"Re":8.75625607549199e-14,
			"Im":-4.124166985719055e-14
		},
		"eu_2211":-2.8882952843794493e-11,
		"eu_2222":-2.8882952843794493e-11,
		"eu_2233":-2.8882952843794493e-11,
		"eu_2311":{
			"Re":-1.201186507575298e-14,
			"Im":1.5847289129533585e-14
		},
		"eu_2322":{
			"Re":-1.201186507575298e-14,
			"Im":1.5847289129533585e-14
		},
		"eu_2333":{
			"Re":-1.201186507575298e-14,
			"Im":1.5847289129533585e-14
		},
		"eu_3311":-5.764793248204586e-13,
		"eu_3322":-5.764793248204586e-13,
		"eu_3333":-5.764793248204586e-13,
		"phi":-4.78314140753803e-17,
		"phiB":2.531949671292043e-13,
		"phiBox":-4.686794670352577e-13,
		"phid_11":6.156499470383621e-13,
		"phid_22":6.156499470383621e-13,
		"phid_33":6.156499470383621e-13,
		"phiD":-1.8469498411150865e-12,
		"phie_11":-2.6776965599052248e-11,
		"phie_12":{
			"Re":1.3763480254691765e-16,
			"Im":-1.2702583973813563e-16
		},
		"phie_13":{
			"Re":6.567192056618964e-14,
			"Im":-3.093125239289264e-14
		},
		"phie_22":-2.1662214632845873e-11,
		"phie_23":{
			"Re":-9.008898806814738e-15,
			"Im":1.1885466847150192e-14
		},
		"phie_33":-4.3235949361534495e-13,
		"phil1_11":9.234749181413727e-13,
		"phil1_13":1.981962046017937e-20,
		"phil1_22":9.233903751243453e-13,
		"phil1_23":{
			"Re":-5.463387798898054e-19,
			"Im":7.189415681419092e-19
		},
		"phil1_33":9.211905271314111e-13,
		"phil3_13":1.981962046017937e-20,
		"phil3_22":-8.45454331980637e-17,
		"phil3_23":{
			"Re":-5.463387798898054e-19,
			"Im":7.189415681419092e-19
		},
		"phil3_33":-2.284393426132127e-15,
		"phiq1_11":-3.0782497351918104e-13,
		"phiq1_22":-3.0782497351918104e-13,
		"phiq1_33":-3.0782497351918104e-13,
		"phiu_11":-1.2312998940767242e-12,
		"phiu_22":-1.2312998940767242e-12,
		"phiu_33":-1.2312998940767242e-12,
		"ld_1111":-6.156499470383621e-13,
		"ld_1122":-6.156499470383621e-13,
		"ld_1133":-6.156499470383621e-13,
		"ld_2211":-6.156499470383621e-13,
		"ld_2222":-6.156499470383621e-13,
		"ld_2233":-6.156499470383621e-13,
		"ld_3311":-6.156499470383621e-13,
		"ld_3322":-6.156499470383621e-13,
		"ld_3333":-6.156499470383621e-13,
		"le_1111":2.6776965599052248e-11,
		"le_1112":{
			"Re":-1.3763480254691765e-16,
			"Im":1.2702583973813563e-16
		},
		"le_1113":{
			"Re":-6.567192056618964e-14,
			"Im":3.093125239289264e-14
		},
		"le_1122":2.1662214632845873e-11,
		"le_1123":{
			"Re":9.008898806814738e-15,
			"Im":-1.1885466847150192e-14
		},
		"le_1133":4.3235949361534495e-13,
		"le_2211":2.6776965599052248e-11,
		"le_2212":{
			"Re":-1.3763480254691765e-16,
			"Im":1.2702583973813563e-16
		},
		"le_2213":{
			"Re":-6.567192056618964e-14,
			"Im":3.093125239289264e-14
		},
		"le_2222":2.1662214632845873e-11,
		"le_2223":{
			"Re":9.008898806814738e-15,
			"Im":-1.1885466847150192e-14
		},
		"le_2233":4.3235949361534495e-13,
		"le_3311":2.6776965599052248e-11,
		"le_3312":{
			"Re":-1.3763480254691765e-16,
			"Im":1.2702583973813563e-16
		},
		"le_3313":{
			"Re":-6.567192056618964e-14,
			"Im":3.093125239289264e-14
		},
		"le_3322":2.1662214632845873e-11,
		"le_3323":{
			"Re":9.008898806814738e-15,
			"Im":-1.1885466847150192e-14
		},
		"le_3333":4.3235949361534495e-13,
		"ll_1111":-4.617374602787716e-13,
		"ll_1122":-9.234749205575432e-13,
		"ll_1133":-9.234749205575432e-13,
		"ll_2222":-4.617374602787716e-13,
		"ll_2233":-9.234749205575432e-13,
		"ll_3333":-4.617374602787716e-13,
		"lq1_1111":3.0782497351918104e-13,
		"lq1_1122":3.0782497351918104e-13,
		"lq1_1133":3.0782497351918104e-13,
		"lq1_2211":3.0782497351918104e-13,
		"lq1_2222":3.0782497351918104e-13,
		"lq1_2233":3.0782497351918104e-13,
		"lq1_3311":3.0782497351918104e-13,
		"lq1_3322":3.0782497351918104e-13,