{
	"eft":"SMEFT",
	"basis":"Warsaw",
	"scale":1000,
	"values":{
		"dd_1111":-1.0033044624265765e-13,
		"dd_1122":-2.006608924853153e-13,
		"dd_1133":-2.006608924853153e-13,
		"dd_2222":-1.0033044624265765e-13,
		"dd_2233":-2.006608924853153e-13,
		"dd_3333":-1.0033044624265765e-13,
		"eB_11":2.9026834991714854e-16,
		"eB_12":{
			"Re":6.165845114640195e-20,
			"Im":2.1095391195771043e-20
		},
		"eB_13":{
			"Re":1.709178038715861e-17,
			"Im":3.274288079561892e-17
		},
		"eB_21":{
			"Re":1.2749181894576875e-17,
			"Im":-4.3619159173095104e-18
		},
		"eB_22":8.239247893027004e-14,
		"eB_23":{
			"Re":-1.292387032479939e-18,
			"Im":1.0271731518671284e-17
		},
		"eB_31":{
			"Re":5.943424133728661e-14,
			"Im":-1.1385872245040812e-13
		},
		"eB_32":{
			"Re":-2.173463268621221e-17,
			"Im":-1.7274415944985645e-16
		},
		"eB_33":8.669382240352435e-13,
		"ed_1111":1.8917743323046306e-11,
		"ed_1122":1.8917743323046306e-11,
		"ed_1133":1.8917743323046306e-11,
		"ed_1211":{
			"Re":1.8081426343500147e-15,
			"Im":9.941112854983454e-16
		},
		"ed_1222":{
			"Re":1.8081426343500147e-15,
			"Im":9.941112854983454e-16
		},
		"ed_1233":{
			"Re":1.8081426343500147e-15,
			"Im":9.941112854983454e-16
		},
		"ed_1311":{
			"Re":1.1966366421023046e-12,
			"Im":2.2987350550776437e-12
		},
		"ed_1322":{
			"Re":1.1966366421023046e-12,
			"Im":2.2987350550776437e-12
		},
		"ed_1333":{
			"Re":1.1966366421023046e-12,
			"Im":2.2987350550776437e-12
		},
		"ed_2211":2.672024539094889e-11,
		"ed_2222":2.672024539094889e-11,
		"ed_2233":2.672024539094889e-11,
		"ed_2311":{
			"Re":-1.4053019250551668e-15,
			"Im":2.282741083460933e-15
		},
		"ed_2322":{
			"Re":-1.4053019250551668e-15,
			"Im":2.282741083460933e-15
		},
		"ed_2333":{
			"Re":-1.4053019250551668e-15,
			"Im":2.282741083460933e-15
		},
		"ed_3311":1.6036328798411617e-11,
		"ed_3322":1.6036328798411617e-11,
		"ed_3333":1.6036328798411617e-11,
		"ee_1111":-1.009824163288042e-9,
		"ee_1112":{
			"Re":2.4601458034263862e-11,
			"Im":-1.0905027214373624e-12
		},
		"ee_1113":{
			"Re":7.173252406627842e-10,
			"Im":-1.0239596941116312e-10
		},
		"ee_1122":-4.660353487072955e-9,
		"ee_1123":{
			"Re":3.461849558555901e-11,
			"Im":1.1674648004201681e-11
		},
		"ee_1133":-1.5059995698780404e-9,
		"ee_1212":{
			"Re":-1.1535657873803908e-9,
			"Im":-1.7471305883793839e-10
		},
		"ee_1213":{
			"Re":7.1499786498568265e-12,
			"Im":1.2399603530754747e-11
		},
		"ee_1222":{
			"Re":-4.416666621243362e-11,
			"Im":-8.43536389578285e-12
		},
		"ee_1223":{
			"Re":-2.8499035836334956e-10,
			"Im":-5.467750961014983e-10
		},
		"ee_1232":{
			"Re":-1.6788244423728215e-9,
			"Im":2.6213261789193837e-10
		},
		"ee_1233":{
			"Re":1.490387881163962e-11,
			"Im":1.4063274042942811e-11
		},
		"ee_1313":{
			"Re":-4.743492311115448e-10,
			"Im":-5.854419210387455e-11
		},
		"ee_1323":{
			"Re":-1.847777123644335e-11,
			"Im":-1.9671464723708167e-12
		},
		"ee_1333":{
			"Re":-8.72000914024222e-10,
			"Im":-1.6805919504693368e-10
		},
		"ee_2222":-1.1950432671865215e-9,
		"ee_2223":{
			"Re":-1.5502454262247153e-11,
			"Im":-2.0480799006136616e-11
		},
		"ee_2233":-3.975665098034722e-9,
		"ee_2323":{
			"Re":8.625653353135866e-10,
			"Im":-6.934099033570513e-11
		},
		"ee_2333":{
			"Re":-5.80973031780451e-12,
			"Im":8.436685334024029e-12
		},
		"ee_3333":-8.52645042366606e-10,
		"ephi_11":1.4540469507420799e-15,
		"ephi_12":{
			"Re":1.8437559264284595e-19,
			"Im":8.307264070368047e-20
		},
		"ephi_13":{
			"Re":8.814460359863698e-17,
			"Im":1.6919630292293167e-16
		},
		"ephi_21":{
			"Re":3.812350602924968e-17,
			"Im":-1.7177007015769346e-17
		},
		"ephi_22":4.1852233158849267e-13,
		"ephi_23":{
			"Re":-1.7318364836397356e-17,
			"Im":3.981423691243126e-17
		},
		"ephi_31":{
			"Re":3.064754224325932e-13,
			"Im":-5.882892209234983e-13
		},
		"ephi_32":{
			"Re":-2.9123771636246153e-16,
			"Im":-6.694721063469709e-16
		},
		"ephi_33":4.319759047562217e-12,
		"eu_1111":-3.783548664609261e-11,
		"eu_1122":-3.783548664609261e-11,
		"eu_1133":-3.783548664609261e-11,
		"eu_1211":{
			"Re":-3.616285268700029e-15,
			"Im":-1.9882225709966908e-15
		},
		"eu_1222":{
			"Re":-3.616285268700029e-15,
			"Im":-1.9882225709966908e-15
		},
		"eu_1233":{
			"Re":-3.616285268700029e-15,
			"Im":-1.9882225709966908e-15
		},
		"eu_1311":{
			"Re":-2.3932732842046092e-12,
			"Im":-4.597470110155287e-12
		},
		"eu_1322":{
			"Re":-2.3932732842046092e-12,
			"Im":-4.597470110155287e-12
		},
		"eu_1333":{
			"Re":-2.3932732842046092e-12,
			"Im":-4.597470110155287e-12
		},
		"eu_2211":-5.344049078189778e-11,
		"eu_2222":-5.344049078189778e-11,
		"eu_2233":-5.344049078189778e-11,
		"eu_2311":{
			"Re":2.8106038501103337e-15,
			"Im":-4.565482166921866e-15
		},
		"eu_2322":{
			"Re":2.8106038501103337e-15,
			"Im":-4.565482166921866e-15
		},
		"eu_2333":{
			"Re":2.8106038501103337e-15,
			"Im":-4.565482166921866e-15
		},
		"eu_3311":-3.2072657596823234e-11,
		"eu_3322":-3.2072657596823234e-11,
		"eu_3333":-3.2072657596823234e-11,
		"phi":9.29056127325269e-12,
		"phiB":-9.100070300258967e-12,
		"phiBox":-1.856763994523621e-11,
		"phid_11":3.009913387279729e-13,
		"phid_22":3.009913387279729e-13,
		"phid_33":3.009913387279729e-13,
		"phiD":-9.029740161839188e-13,
		"phie_11":-2.8376614984569454e-11,
		"phie_12":{
			"Re":-2.7122139515250346e-15,
			"Im":-1.4911669282475272e-15
		},
		"phie_13":{
			"Re":-1.7949549631534539e-12,
			"Im":-3.4481025826164603e-12
		},
		"phie_22":-4.008036808642332e-11,
		"phie_23":{
			"Re":2.1079528875827465e-15,
			"Im":-3.424111625191425e-15
		},
		"phie_33":-2.4054493197617422e-11,
		"phil1_11":4.514870056885443e-13,
		"phil1_13":{
			"Re":-4.921141064194016e-19,
			"Im":-9.427475171889747e-19
		},
		"phil1_22":4.5134594728413045e-13,
		"phil1_23":{
			"Re":3.721097950186548e-20,
			"Im":-2.9574824056882413e-19
		},
		"phil1_33":4.2652573900366326e-13,
		"phil3_13":{
			"Re":-4.921141064194016e-19,
			"Im":-9.427475171889747e-19
		},
		"phil3_22":-1.4106080782895502e-16,
		"phil3_23":{
			"Re":3.721097950186548e-20,
			"Im":-2.9574824056882413e-19
		},
		"phil3_33":-2.4961269088296116e-14,
		"phiq1_11":-1.5049566936398646e-13,
		"phiq1_22":-1.5049566936398646e-13,
		"phiq1_33":-1.5049566936398646e-13,
		"phiu_11":-6.019826774559458e-13,
		"phiu_22":-6.019826774559458e-13,
		"phiu_33":-6.019826774559458e-13,
		"ld_1111":-3.009913387279729e-13,
		"ld_1122":-3.009913387279729e-13,
		"ld_1133":-3.009913387279729e-13,
		"ld_2211":-3.009913387279729e-13,
		"ld_2222":-3.009913387279729e-13,
		"ld_2233":-3.009913387279729e-13,
		"ld_3311":-3.009913387279729e-13,
		"ld_3322":-3.009913387279729e-13,
		"ld_3333":-3.009913387279729e-13,
		"le_1111":2.8376614984569454e-11,
		"le_1112":{
			"Re":2.7122139515250346e-15,
			"Im":1.4911669282475272e-15
		},
		"le_1113":{
			"Re":1.7949549631534539e-12,
			"Im":3.4481025826164603e-12
		},
		"le_1122":4.008036808642332e-11,
		"le_1123":{
			"Re":-2.1079528875827465e-15,
			"Im":3.424111625191425e-15
		},
		"le_1133":2.4054493197617422e-11,
		"le_2211":2.8376614984569454e-11,
		"le_2212":{
			"Re":2.7122139515250346e-15,
			"Im":1.4911669282475272e-15
		},
		"le_2213":{
			"Re":1.7949549631534539e-12,
			"Im":3.4481025826164603e-12
		},
		"le_2222":4.008036808642332e-11,
		"le_2223":{
			"Re":-2.1079528875827465e-15,
			"Im":3.424111625191425e-15
		},
		"le_2233":2.4054493197617422e-11,
		"le_3311":2.8376614984569454e-11,
		"le_3312":{
			"Re":2.7122139515250346e-15,
			"Im":1.4911669282475272e-15
		},
		"le_3313":{
			"Re":1.7949549631534539e-12,
			"Im":3.4481025826164603e-12
		},
		"le_3322":4.008036808642332e-11,
		"le_3323":{
			"Re":-2.1079528875827465e-15,
			"Im":3.424111625191425e-15
		},
		"le_3333":2.4054493197617422e-11,
		"ll_1111":-2.257435040459797e-13,
		"ll_1122":-4.514870080919594e-13,
		"ll_1133":-4.514870080919594e-13,
		"ll_2222":-2.257435040459797e-13,
		"ll_2233":-4.514870080919594e-13,
		"ll_3333":-2.257435040459797e-13,
		"lq1_1111":1.5049566936398646e-13,