{
	"eft":"SMEFT",
	"basis":"Warsaw",
	"scale":1000,
	"values":{
		"dd_1111":-3.501760832666767e-13,
		"dd_1122":-7.003521665333534e-13,
		"dd_1133":-7.003521665333534e-13,
		"dd_2222":-3.501760832666767e-13,
		"dd_2233":-7.003521665333534e-13,
		"dd_3333":-3.501760832666767e-13,
		"eB_11":5.978525431664875e-16,
		"eB_12":{
			"Re":8.083143995744581e-20,
			"Im":9.824236840281584e-20
		},
		"eB_13":{
			"Re":1.0233903029750378e-16,
			"Im":1.0133234196478945e-16
		},
		"eB_21":{
			"Re":1.6713600676915254e-17,
			"Im":-2.0313676409865924e-17
		},
		"eB_22":4.177635403854155e-15,
		"eB_23":{
			"Re":3.9857136555836276e-17,
			"Im":-7.34625394583796e-19
		},
		"eB_31":{
			"Re":3.558694581341356e-13,
			"Im":-3.5236884228472253e-13
		},
		"eB_32":{
			"Re":6.70294734622016e-16,
			"Im":1.235451355667008e-17
		},
		"eB_33":7.24196837077648e-13,
		"ed_1111":3.8920388675275624e-11,
		"ed_1122":3.8920388675275624e-11,
		"ed_1133":3.8920388675275624e-11,
		"ed_1211":{
			"Re":5.5415679231346084e-15,
			"Im":6.7380174868147905e-15
		},
		"ed_1222":{
			"Re":5.5415679231346084e-15,
			"Im":6.7380174868147905e-15
		},
		"ed_1233":{
			"Re":5.5415679231346084e-15,
			"Im":6.7380174868147905e-15
		},
		"ed_1311":{
			"Re":7.019920368617507e-12,
			"Im":6.950887605707064e-12
		},
		"ed_1322":{
			"Re":7.019920368617507e-12,
			"Im":6.950887605707064e-12
		},
		"ed_1333":{
			"Re":7.019920368617507e-12,
			"Im":6.950887605707064e-12
		},
		"ed_2211":-7.133013297020303e-13,
		"ed_2222":-7.133013297020303e-13,
		"ed_2233":-7.133013297020303e-13,
		"ed_2311":{
			"Re":1.3234015218996639e-14,
			"Im":-2.429556519305972e-16
		},
		"ed_2322":{
			"Re":1.3234015218996639e-14,
			"Im":-2.429556519305972e-16
		},
		"ed_2333":{
			"Re":1.3234015218996639e-14,
			"Im":-2.429556519305972e-16
		},
		"ed_3311":1.2196674954819458e-11,
		"ed_3322":1.2196674954819458e-11,
		"ed_3333":1.2196674954819458e-11,
		"ee_1111":{
			"Re":-8.252972401562032e-10,
			"Im":-9.639976752742336e-20
		},
		"ee_1112":{
			"Re":-2.4641500118393034e-13,
			"Im":-5.794438645009741e-14
		},
		"ee_1113":{
			"Re":-6.29917134252044e-11,
			"Im":4.3598929929306766e-11
		},
		"ee_1122":-2.4397464759495006e-11,
		"ee_1123":{
			"Re":-1.0016717351413691e-12,
			"Im":-9.440803149192758e-14
		},
		"ee_1133":{
			"Re":-7.659123555138001e-10,
			"Im":3.903869498226895e-19
		},
		"ee_1212":{
			"Re":3.50491180782937e-11,
			"Im":2.4646671745704024e-11
		},
		"ee_1213":{
			"Re":4.248792711723131e-13,
			"Im":2.1992693173619656e-13
		},
		"ee_1222":{
			"Re":1.909593302009576e-14,
			"Im":-1.543786605109916e-14
		},
		"ee_1223":{
			"Re":-3.812083685216622e-12,
			"Im":-3.775025042307549e-12
		},
		"ee_1232":{
			"Re":3.435048339257537e-11,
			"Im":-8.529954110853003e-12
		},
		"ee_1233":{
			"Re":7.439987470231989e-14,
			"Im":-4.798406650367292e-13
		},
		"ee_1313":{
			"Re":1.0293127299933708e-10,
			"Im":-2.842363999962173e-10
		},
		"ee_1323":{
			"Re":-2.9730609082134643e-13,
			"Im":-3.270069324171353e-13
		},
		"ee_1333":{
			"Re":-2.7844595064498587e-10,
			"Im":-3.8431020801360785e-10
		},
		"ee_2222":8.001650540975666e-14,
		"ee_2223":{
			"Re":1.3607831795715534e-14,
			"Im":4.6366740663235766e-15
		},
		"ee_2233":-9.88489181660121e-12,
		"ee_2323":{
			"Re":-2.348286031066009e-13,
			"Im":-6.779829518080043e-12
		},
		"ee_2333":{
			"Re":-4.665097720947046e-13,
			"Im":-8.350046264422239e-14
		},
		"ee_3333":{
			"Re":-1.9100053545456332e-10,
			"Im":-9.879410643394345e-20
		},
		"ephi_11":9.421629509924797e-17,
		"ephi_12":{
			"Re":1.2730808409333827e-20,
			"Im":1.547763314823587e-20
		},
		"ephi_13":{
			"Re":1.6184513955372026e-17,
			"Im":1.602534446277596e-17
		},
		"ephi_21":{
			"Re":2.6323277284206504e-18,
			"Im":-3.200284047752065e-18
		},
		"ephi_22":6.588634594911015e-16,
		"ephi_23":{
			"Re":6.307245400113112e-18,
			"Im":-1.159217866131061e-19
		},
		"ephi_31":{
			"Re":5.6070199143477715e-14,
			"Im":-5.551876720063949e-14
		},
		"ephi_32":{
			"Re":1.0567912534630357e-16,
			"Im":1.9422715789466557e-18
		},
		"ephi_33":1.1459859462666325e-13,
		"eu_1111":-7.784077735055125e-11,
		"eu_1122":-7.784077735055125e-11,
		"eu_1133":-7.784077735055125e-11,
		"eu_1211":{
			"Re":-1.1083135846269217e-14,
			"Im":-1.3476034973629581e-14
		},
		"eu_1222":{
			"Re":-1.1083135846269217e-14,
			"Im":-1.3476034973629581e-14
		},
		"eu_1233":{
			"Re":-1.1083135846269217e-14,
			"Im":-1.3476034973629581e-14
		},
		"eu_1311":{
			"Re":-1.4039840737235014e-11,
			"Im":-1.3901775211414129e-11
		},
		"eu_1322":{
			"Re":-1.4039840737235014e-11,
			"Im":-1.3901775211414129e-11
		},
		"eu_1333":{
			"Re":-1.4039840737235014e-11,
			"Im":-1.3901775211414129e-11
		},
		"eu_2211":1.4266026594040606e-12,
		"eu_2222":1.4266026594040606e-12,
		"eu_2233":1.4266026594040606e-12,
		"eu_2311":{
			"Re":-2.6468030437993278e-14,
			"Im":4.859113038611944e-16
		},
		"eu_2322":{
			"Re":-2.6468030437993278e-14,
			"Im":4.859113038611944e-16
		},
		"eu_2333":{
			"Re":-2.6468030437993278e-14,
			"Im":4.859113038611944e-16
		},
		"eu_3311":-2.4393349909638917e-11,
		"eu_3322":-2.4393349909638917e-11,
		"eu_3333":-2.4393349909638917e-11,
		"phi":9.668406963755257e-16,
		"phiB":-9.848835767459587e-13,
		"phiBox":-8.494522448178443e-13,
		"phid_11":1.05052824980003e-12,
		"phid_22":1.05052824980003e-12,
		"phid_33":1.05052824980003e-12,
		"phiD":-3.15158474940009e-12,
		"phie_11":-5.838058301291342e-11,
		"phie_12":{
			"Re":-8.312351884701908e-15,
			"Im":-1.0107026230222184e-14
		},
		"phie_13":{
			"Re":-1.0529880552926258e-11,
			"Im":-1.0426331408560594e-11
		},
		"phie_22":1.069951994553046e-12,
		"phie_23":{
			"Re":-1.985102282849495e-14,
			"Im":3.6443347789589576e-16
		},
		"phie_33":-1.829501243222918e-11,
		"phil1_11":1.5757923697498403e-12,
		"phil1_13":{
			"Re":-2.9465906597139897e-18,
			"Im":-2.9176056436375634e-18
		},
		"phil1_22":1.5757852223406e-12,
		"phil1_23":{
			"Re":-1.1475843180941006e-18,
			"Im":2.115165953572786e-20
		},
		"phil1_33":1.5549409788081352e-12,
		"phil3_13":{
			"Re":-2.9465906597139897e-18,
			"Im":-2.9176056436375634e-18
		},
		"phil3_22":-7.15235944510473e-18,
		"phil3_23":{
			"Re":-1.1475843180941006e-18,
			"Im":2.115165953572786e-20
		},
		"phil3_33":-2.0851395891909902e-14,
		"phiq1_11":-5.25264124900015e-13,
		"phiq1_22":-5.25264124900015e-13,
		"phiq1_33":-5.25264124900015e-13,
		"phiu_11":-2.10105649960006e-12,
		"phiu_22":-2.10105649960006e-12,
		"phiu_33":-2.10105649960006e-12,
		"ld_1111":-1.05052824980003e-12,
		"ld_1122":-1.05052824980003e-12,
		"ld_1133":-1.05052824980003e-12,
		"ld_2211":-1.05052824980003e-12,
		"ld_2222":-1.05052824980003e-12,
		"ld_2233":-1.05052824980003e-12,
		"ld_3311":-1.05052824980003e-12,
		"ld_3322":-1.05052824980003e-12,
		"ld_3333":-1.05052824980003e-12,
		"le_1111":5.838058301291342e-11,
		"le_1112":{
			"Re":8.312351884701908e-15,
			"Im":1.0107026230222184e-14
		},
		"le_1113":{
			"Re":1.0529880552926258e-11,
			"Im":1.0426331408560594e-11
		},
		"le_1122":-1.069951994553046e-12,
		"le_1123":{
			"Re":1.985102282849495e-14,
			"Im":-3.6443347789589576e-16
		},
		"le_1133":1.829501243222918e-11,
		"le_2211":5.838058301291342e-11,
		"le_2212":{
			"Re":8.312351884701908e-15,
			"Im":1.0107026230222184e-14
		},
		"le_2213":{
			"Re":1.0529880552926258e-11,
			"Im":1.0426331408560594e-11
		},
		"le_2222":-1.069951994553046e-12,
		"le_2223":{
			"Re":1.985102282849495e-14,
			"Im":-3.6443347789589576e-16
		},
		"le_2233":1.829501243222918e-11,
		"le_3311":5.838058301291342e-11,
		"le_3312":{
			"Re":8.312351884701908e-15,
			"Im":1.0107026230222184e-14
		},
		"le_3313":{
			"Re":1.0529880552926258e-11,
			"Im":1.0426331408560594e-11
		},
		"le_3322":-1.069951994553046e-12,
		"le_3323":{
			"Re":1.985102282849495e-14,
			"Im":-3.6443347789589576e-16
		},
		"le_3333":1.829501243222918e-11,
		"ll_1111":-7.878961873500225e-13,
		"ll_1122":-1.575792374700045e-12,
		"ll_1133":-1.575792374700045e-12,
		"ll_2222":-7.878961873500225e-13,